config,area,period,output,metric,value
G1_C1,de_lu,2024,point,rmse,2873.8141041938316
G1_C1,de_lu,2024,point,r2,0.9030808726273345
G1_C1,de_lu,2024,point,mae,1904.8187834335672
G1_C1,de_lu,2024,point,smape,3.6147949839074767
G1_C1,de_lu,2024,quantile,wis,1146.505598521489
G1_C1,de_lu,2024,quantile,lqs,573.2527992607445
G1_C1,de_lu,2024,quantile,mae_median,1882.4469611665459
G1_C1,de_lu,2024,quantile,cov50,50.74567395264117
G1_C1,de_lu,2024,quantile,cov95,95.76787340619308
G1_C1,de_lu,2024,ensemble,wis,1146.505598521489
G1_C1,de_lu,2024,ensemble,lqs,573.2527992607445
G1_C1,de_lu,2024,ensemble,mae_median,1882.4469611665459
G1_C1,de_lu,2024,ensemble,cov50,50.74567395264117
G1_C1,de_lu,2024,ensemble,cov95,95.76787340619308
G1_C1,de_lu,2024,ensemble,crps,1387.64585895735
G1_C1,de_lu,2024,ensemble,energy_score,15793.53381095821
G1_C1,de_lu,2025,point,rmse,2808.9041421597703
G1_C1,de_lu,2025,point,r2,0.9078763265449008
G1_C1,de_lu,2025,point,mae,1910.5442411109275
G1_C1,de_lu,2025,point,smape,3.5727984375759245
G1_C1,de_lu,2025,quantile,wis,1145.1845382287465
G1_C1,de_lu,2025,quantile,lqs,572.5922691143733
G1_C1,de_lu,2025,quantile,mae_median,1877.5307415998502
G1_C1,de_lu,2025,quantile,cov50,52.94235159817352
G1_C1,de_lu,2025,quantile,cov95,95.86187214611871
G1_C1,de_lu,2025,ensemble,wis,1145.1845382287465
G1_C1,de_lu,2025,ensemble,lqs,572.5922691143733
G1_C1,de_lu,2025,ensemble,mae_median,1877.5307415998502
G1_C1,de_lu,2025,ensemble,cov50,52.94235159817352
G1_C1,de_lu,2025,ensemble,cov95,95.86187214611871
G1_C1,de_lu,2025,ensemble,crps,1391.1350609072592
G1_C1,de_lu,2025,ensemble,energy_score,15960.287168704612
G1_C1,de_lu,2026H1,point,rmse,3514.4544670499736
G1_C1,de_lu,2026H1,point,r2,0.8707648238440386
G1_C1,de_lu,2026H1,point,mae,2314.1445641043633
G1_C1,de_lu,2026H1,point,smape,4.250020907768015
G1_C1,de_lu,2026H1,quantile,wis,1406.6582731001545
G1_C1,de_lu,2026H1,quantile,lqs,703.3291365500774
G1_C1,de_lu,2026H1,quantile,mae_median,2280.888928970206
G1_C1,de_lu,2026H1,quantile,cov50,50.390625
G1_C1,de_lu,2026H1,quantile,cov95,93.72258771929825
G1_C1,de_lu,2026H1,ensemble,wis,1406.6582731001545
G1_C1,de_lu,2026H1,ensemble,lqs,703.3291365500774
G1_C1,de_lu,2026H1,ensemble,mae_median,2280.888928970206
G1_C1,de_lu,2026H1,ensemble,cov50,50.390625
G1_C1,de_lu,2026H1,ensemble,cov95,93.72258771929825
G1_C1,de_lu,2026H1,ensemble,crps,1702.0846317581993
G1_C1,de_lu,2026H1,ensemble,energy_score,19345.75797981933
G1_C1,de_lu,overall,point,rmse,2968.3044152467196
G1_C1,de_lu,overall,point,r2,0.8998185937617191
G1_C1,de_lu,overall,point,mae,1977.6469948879246
G1_C1,de_lu,overall,point,smape,3.706783207028412
G1_C1,de_lu,overall,quantile,wis,1190.7423137299897
G1_C1,de_lu,overall,quantile,lqs,595.3711568649949
G1_C1,de_lu,overall,quantile,mae_median,1949.0027470830944
G1_C1,de_lu,overall,quantile,cov50,51.59258210645527
G1_C1,de_lu,overall,quantile,cov95,95.45465269913174
G1_C1,de_lu,overall,ensemble,wis,1190.7423137299897
G1_C1,de_lu,overall,ensemble,lqs,595.3711568649949
G1_C1,de_lu,overall,ensemble,mae_median,1949.0027470830944
G1_C1,de_lu,overall,ensemble,cov50,51.59258210645527
G1_C1,de_lu,overall,ensemble,cov95,95.45465269913174
G1_C1,de_lu,overall,ensemble,crps,1443.215793473144
G1_C1,de_lu,overall,ensemble,energy_score,16473.944965255298
G1_C2.1,de_lu,2024,point,rmse,2878.95771426388
G1_C2.1,de_lu,2024,point,r2,0.9027336265586635
G1_C2.1,de_lu,2024,point,mae,1836.5198803173703
G1_C2.1,de_lu,2024,point,smape,3.477273136917341
G1_C2.1,de_lu,2024,quantile,wis,1120.7045118089516
G1_C2.1,de_lu,2024,quantile,lqs,560.352255904476
G1_C2.1,de_lu,2024,quantile,mae_median,1812.4065764760217
G1_C2.1,de_lu,2024,quantile,cov50,49.92600182149363
G1_C2.1,de_lu,2024,quantile,cov95,95.09050546448088
G1_C2.1,de_lu,2024,ensemble,wis,1120.7045118089516
G1_C2.1,de_lu,2024,ensemble,lqs,560.352255904476
G1_C2.1,de_lu,2024,ensemble,mae_median,1812.4065764760217
G1_C2.1,de_lu,2024,ensemble,cov50,49.92600182149363
G1_C2.1,de_lu,2024,ensemble,cov95,95.09050546448088
G1_C2.1,de_lu,2024,ensemble,crps,1349.0282087541675
G1_C2.1,de_lu,2024,ensemble,energy_score,15351.287271540474
G1_C2.1,de_lu,2025,point,rmse,2803.5321271563807
G1_C2.1,de_lu,2025,point,r2,0.9082283617115455
G1_C2.1,de_lu,2025,point,mae,1910.857402444785
G1_C2.1,de_lu,2025,point,smape,3.6064239792705086
G1_C2.1,de_lu,2025,quantile,wis,1132.1204368907593
G1_C2.1,de_lu,2025,quantile,lqs,566.0602184453796
G1_C2.1,de_lu,2025,quantile,mae_median,1887.5546802438641
G1_C2.1,de_lu,2025,quantile,cov50,47.75970319634703
G1_C2.1,de_lu,2025,quantile,cov95,95.7420091324201
G1_C2.1,de_lu,2025,ensemble,wis,1132.1204368907593
G1_C2.1,de_lu,2025,ensemble,lqs,566.0602184453796
G1_C2.1,de_lu,2025,ensemble,mae_median,1887.5546802438641
G1_C2.1,de_lu,2025,ensemble,cov50,47.75970319634703
G1_C2.1,de_lu,2025,ensemble,cov95,95.7420091324201
G1_C2.1,de_lu,2025,ensemble,crps,1373.8014810976385
G1_C2.1,de_lu,2025,ensemble,energy_score,15654.617134000784
G1_C2.1,de_lu,2026H1,point,rmse,3612.130054668796
G1_C2.1,de_lu,2026H1,point,r2,0.8634814538935487
G1_C2.1,de_lu,2026H1,point,mae,2365.2130926065247
G1_C2.1,de_lu,2026H1,point,smape,4.3894350293222075
G1_C2.1,de_lu,2026H1,quantile,wis,1432.944562972204
G1_C2.1,de_lu,2026H1,quantile,lqs,716.4722814861021
G1_C2.1,de_lu,2026H1,quantile,mae_median,2345.476086182086
G1_C2.1,de_lu,2026H1,quantile,cov50,45.90186403508772
G1_C2.1,de_lu,2026H1,quantile,cov95,93.11266447368422
G1_C2.1,de_lu,2026H1,ensemble,wis,1432.944562972204
G1_C2.1,de_lu,2026H1,ensemble,lqs,716.4722814861021
G1_C2.1,de_lu,2026H1,ensemble,mae_median,2345.476086182086
G1_C2.1,de_lu,2026H1,ensemble,cov50,45.90186403508772
G1_C2.1,de_lu,2026H1,ensemble,cov95,93.11266447368422
G1_C2.1,de_lu,2026H1,ensemble,crps,1724.9671397769018
G1_C2.1,de_lu,2026H1,ensemble,energy_score,19504.453630197968
G1_C2.1,de_lu,overall,point,rmse,2988.387341455257
G1_C2.1,de_lu,overall,point,r2,0.8984583950255388
G1_C2.1,de_lu,overall,point,mae,1958.2577782159635
G1_C2.1,de_lu,overall,point,smape,3.687679326163599
G1_C2.1,de_lu,overall,quantile,wis,1179.1725757179825
G1_C2.1,de_lu,overall,quantile,lqs,589.5862878589912
G1_C2.1,de_lu,overall,quantile,mae_median,1935.2328769863097
G1_C2.1,de_lu,overall,quantile,cov50,48.33781615704039
G1_C2.1,de_lu,overall,quantile,cov95,95.01934692336731
G1_C2.1,de_lu,overall,ensemble,wis,1179.1725757179825
G1_C2.1,de_lu,overall,ensemble,lqs,589.5862878589912
G1_C2.1,de_lu,overall,ensemble,mae_median,1935.2328769863097
G1_C2.1,de_lu,overall,ensemble,cov50,48.33781615704039
G1_C2.1,de_lu,overall,ensemble,cov95,95.01934692336731
G1_C2.1,de_lu,overall,ensemble,crps,1423.982865516141
G1_C2.1,de_lu,overall,ensemble,energy_score,16191.600619574396
G1_C2.2,de_lu,2024,point,rmse,2761.144272222928
G1_C2.2,de_lu,2024,point,r2,0.9105314599736437
G1_C2.2,de_lu,2024,point,mae,1801.8436272813606
G1_C2.2,de_lu,2024,point,smape,3.4215281341696087
G1_C2.2,de_lu,2024,quantile,wis,1089.7035538491193
G1_C2.2,de_lu,2024,quantile,lqs,544.8517769245598
G1_C2.2,de_lu,2024,quantile,mae_median,1780.5793893465534
G1_C2.2,de_lu,2024,quantile,cov50,47.43283242258652
G1_C2.2,de_lu,2024,quantile,cov95,95.17019581056466
G1_C2.2,de_lu,2024,ensemble,wis,1089.7035538491193
G1_C2.2,de_lu,2024,ensemble,lqs,544.8517769245598
G1_C2.2,de_lu,2024,ensemble,mae_median,1780.5793893465534
G1_C2.2,de_lu,2024,ensemble,cov50,47.43283242258652
G1_C2.2,de_lu,2024,ensemble,cov95,95.17019581056466
G1_C2.2,de_lu,2024,ensemble,crps,1311.0234152584587
G1_C2.2,de_lu,2024,ensemble,energy_score,14895.612999994217
G1_C2.2,de_lu,2025,point,rmse,2799.474609136002
G1_C2.2,de_lu,2025,point,r2,0.9084938094392767
G1_C2.2,de_lu,2025,point,mae,1858.0942153308863
G1_C2.2,de_lu,2025,point,smape,3.5067336195663956
G1_C2.2,de_lu,2025,quantile,wis,1122.2430370876684
G1_C2.2,de_lu,2025,quantile,lqs,561.1215185438343
G1_C2.2,de_lu,2025,quantile,mae_median,1839.451372280822
G1_C2.2,de_lu,2025,quantile,cov50,47.17180365296804
G1_C2.2,de_lu,2025,quantile,cov95,94.42922374429223
G1_C2.2,de_lu,2025,ensemble,wis,1122.2430370876684
G1_C2.2,de_lu,2025,ensemble,lqs,561.1215185438343
G1_C2.2,de_lu,2025,ensemble,mae_median,1839.451372280822
G1_C2.2,de_lu,2025,ensemble,cov50,47.17180365296804
G1_C2.2,de_lu,2025,ensemble,cov95,94.42922374429223
G1_C2.2,de_lu,2025,ensemble,crps,1353.3967468159499
G1_C2.2,de_lu,2025,ensemble,energy_score,15359.55133284067
G1_C2.2,de_lu,2026H1,point,rmse,3435.7061675872255
G1_C2.2,de_lu,2026H1,point,r2,0.87649147757205
G1_C2.2,de_lu,2026H1,point,mae,2232.0705856549334
G1_C2.2,de_lu,2026H1,point,smape,4.140298828334391
G1_C2.2,de_lu,2026H1,quantile,wis,1353.9993598844617
G1_C2.2,de_lu,2026H1,quantile,lqs,676.9996799422308
G1_C2.2,de_lu,2026H1,quantile,mae_median,2205.0453368628187
G1_C2.2,de_lu,2026H1,quantile,cov50,44.13377192982456
G1_C2.2,de_lu,2026H1,quantile,cov95,92.29029605263158
G1_C2.2,de_lu,2026H1,ensemble,wis,1353.9993598844617
G1_C2.2,de_lu,2026H1,ensemble,lqs,676.9996799422308
G1_C2.2,de_lu,2026H1,ensemble,mae_median,2205.0453368628187
G1_C2.2,de_lu,2026H1,ensemble,cov50,44.13377192982456
G1_C2.2,de_lu,2026H1,ensemble,cov95,92.29029605263158
G1_C2.2,de_lu,2026H1,ensemble,crps,1622.292324057217
G1_C2.2,de_lu,2026H1,ensemble,energy_score,18235.966967474204
G1_C2.2,de_lu,overall,point,rmse,2903.721157191142
G1_C2.2,de_lu,overall,point,r2,0.9041305876427994
G1_C2.2,de_lu,overall,point,mae,1899.1550228768983
G1_C2.2,de_lu,overall,point,smape,3.580478471296307
G1_C2.2,de_lu,overall,quantile,wis,1148.650183406812
G1_C2.2,de_lu,overall,quantile,lqs,574.3250917034059
G1_C2.2,de_lu,overall,quantile,mae_median,1877.9826711058743
G1_C2.2,de_lu,overall,quantile,cov50,46.75703095507739
G1_C2.2,de_lu,overall,quantile,cov95,94.3681577953945
G1_C2.2,de_lu,overall,ensemble,wis,1148.650183406812
G1_C2.2,de_lu,overall,ensemble,lqs,574.3250917034059
G1_C2.2,de_lu,overall,ensemble,mae_median,1877.9826711058743
G1_C2.2,de_lu,overall,ensemble,cov50,46.75703095507739
G1_C2.2,de_lu,overall,ensemble,cov95,94.3681577953945
G1_C2.2,de_lu,overall,ensemble,crps,1382.120969228895
G1_C2.2,de_lu,overall,ensemble,energy_score,15662.398158030359
G1_C2.3,de_lu,2024,point,rmse,2927.1729188215113
G1_C2.3,de_lu,2024,point,r2,0.8994484178307529
G1_C2.3,de_lu,2024,point,mae,1913.0835436738425
G1_C2.3,de_lu,2024,point,smape,3.629994730413053
G1_C2.3,de_lu,2024,quantile,wis,1161.355809195721
G1_C2.3,de_lu,2024,quantile,lqs,580.6779045978604
G1_C2.3,de_lu,2024,quantile,mae_median,1904.1891368081026
G1_C2.3,de_lu,2024,quantile,cov50,44.28506375227686
G1_C2.3,de_lu,2024,quantile,cov95,93.76423041894353
G1_C2.3,de_lu,2024,ensemble,wis,1161.355809195721
G1_C2.3,de_lu,2024,ensemble,lqs,580.6779045978604
G1_C2.3,de_lu,2024,ensemble,mae_median,1904.1891368081026
G1_C2.3,de_lu,2024,ensemble,cov50,44.28506375227686
G1_C2.3,de_lu,2024,ensemble,cov95,93.76423041894353
G1_C2.3,de_lu,2024,ensemble,crps,1396.2092069368398
G1_C2.3,de_lu,2024,ensemble,energy_score,15880.209124799629
G1_C2.3,de_lu,2025,point,rmse,2890.523274045817
G1_C2.3,de_lu,2025,point,r2,0.9024448162308324
G1_C2.3,de_lu,2025,point,mae,1917.8541949233436
G1_C2.3,de_lu,2025,point,smape,3.6299999324251444
G1_C2.3,de_lu,2025,quantile,wis,1155.181056402931
G1_C2.3,de_lu,2025,quantile,lqs,577.5905282014655
G1_C2.3,de_lu,2025,quantile,mae_median,1896.986554232413
G1_C2.3,de_lu,2025,quantile,cov50,44.91438356164383
G1_C2.3,de_lu,2025,quantile,cov95,94.20376712328768
G1_C2.3,de_lu,2025,ensemble,wis,1155.181056402931
G1_C2.3,de_lu,2025,ensemble,lqs,577.5905282014655
G1_C2.3,de_lu,2025,ensemble,mae_median,1896.986554232413
G1_C2.3,de_lu,2025,ensemble,cov50,44.91438356164383
G1_C2.3,de_lu,2025,ensemble,cov95,94.20376712328768
G1_C2.3,de_lu,2025,ensemble,crps,1389.5306620472768
G1_C2.3,de_lu,2025,ensemble,energy_score,15837.347216731096
G1_C2.3,de_lu,2026H1,point,rmse,3559.164153862136
G1_C2.3,de_lu,2026H1,point,r2,0.8674557369951885
G1_C2.3,de_lu,2026H1,point,mae,2373.296554808697
G1_C2.3,de_lu,2026H1,point,smape,4.365080219583118
G1_C2.3,de_lu,2026H1,quantile,wis,1446.314193660153
G1_C2.3,de_lu,2026H1,quantile,lqs,723.1570968300766
G1_C2.3,de_lu,2026H1,quantile,mae_median,2341.8724700816033
G1_C2.3,de_lu,2026H1,quantile,cov50,43.28399122807017
G1_C2.3,de_lu,2026H1,quantile,cov95,91.71463815789474
G1_C2.3,de_lu,2026H1,ensemble,wis,1446.314193660153
G1_C2.3,de_lu,2026H1,ensemble,lqs,723.1570968300766
G1_C2.3,de_lu,2026H1,ensemble,mae_median,2341.8724700816033
G1_C2.3,de_lu,2026H1,ensemble,cov50,43.28399122807017
G1_C2.3,de_lu,2026H1,ensemble,cov95,91.71463815789474
G1_C2.3,de_lu,2026H1,ensemble,crps,1727.720319819341
G1_C2.3,de_lu,2026H1,ensemble,energy_score,19492.878228826743
G1_C2.3,de_lu,overall,point,rmse,3030.8187087208203
G1_C2.3,de_lu,overall,point,r2,0.8955543958812378
G1_C2.3,de_lu,overall,point,mae,1994.2768227209162
G1_C2.3,de_lu,overall,point,smape,3.756534813185718
G1_C2.3,de_lu,overall,quantile,wis,1207.8562504972217
G1_C2.3,de_lu,overall,quantile,lqs,603.928125248611
G1_C2.3,de_lu,overall,quantile,mae_median,1976.5548491721404
G1_C2.3,de_lu,overall,quantile,cov50,44.37287655719139
G1_C2.3,de_lu,overall,quantile,cov95,93.59310117025292
G1_C2.3,de_lu,overall,ensemble,wis,1207.8562504972217
G1_C2.3,de_lu,overall,ensemble,lqs,603.928125248611
G1_C2.3,de_lu,overall,ensemble,mae_median,1976.5548491721404
G1_C2.3,de_lu,overall,ensemble,cov50,44.37287655719139
G1_C2.3,de_lu,overall,ensemble,cov95,93.59310117025292
G1_C2.3,de_lu,overall,ensemble,crps,1450.5150056610184
G1_C2.3,de_lu,overall,ensemble,energy_score,16484.37798931504
G1_C3.1,de_lu,2024,point,rmse,2955.0502426698795
G1_C3.1,de_lu,2024,point,r2,0.8973784896949731
G1_C3.1,de_lu,2024,point,mae,1943.6577358895443
G1_C3.1,de_lu,2024,point,smape,3.6828259328647936
G1_C3.1,de_lu,2024,quantile,wis,1178.1710728741702
G1_C3.1,de_lu,2024,quantile,lqs,589.0855364370852
G1_C3.1,de_lu,2024,quantile,mae_median,1923.3285650930204
G1_C3.1,de_lu,2024,quantile,cov50,52.77300824175825
G1_C3.1,de_lu,2024,quantile,cov95,96.68612637362637
G1_C3.1,de_lu,2024,ensemble,wis,1178.1710728741702
G1_C3.1,de_lu,2024,ensemble,lqs,589.0855364370852
G1_C3.1,de_lu,2024,ensemble,mae_median,1923.3285650930204
G1_C3.1,de_lu,2024,ensemble,cov50,52.77300824175825
G1_C3.1,de_lu,2024,ensemble,cov95,96.68612637362637
G1_C3.1,de_lu,2024,ensemble,crps,1429.647663198452
G1_C3.1,de_lu,2024,ensemble,energy_score,16180.684071508436
G1_C3.1,de_lu,2025,point,rmse,2837.1634235290417
G1_C3.1,de_lu,2025,point,r2,0.906013361978318
G1_C3.1,de_lu,2025,point,mae,1938.7685228640507
G1_C3.1,de_lu,2025,point,smape,3.638181153024718
G1_C3.1,de_lu,2025,quantile,wis,1156.7200599989526
G1_C3.1,de_lu,2025,quantile,lqs,578.3600299994763
G1_C3.1,de_lu,2025,quantile,mae_median,1897.663888570063
G1_C3.1,de_lu,2025,quantile,cov50,52.382990867579906
G1_C3.1,de_lu,2025,quantile,cov95,96.62956621004565
G1_C3.1,de_lu,2025,ensemble,wis,1156.7200599989526
G1_C3.1,de_lu,2025,ensemble,lqs,578.3600299994763
G1_C3.1,de_lu,2025,ensemble,mae_median,1897.663888570063
G1_C3.1,de_lu,2025,ensemble,cov50,52.382990867579906
G1_C3.1,de_lu,2025,ensemble,cov95,96.62956621004565
G1_C3.1,de_lu,2025,ensemble,crps,1404.1451684745562
G1_C3.1,de_lu,2025,ensemble,energy_score,16056.862925119607
G1_C3.1,de_lu,2026H1,point,rmse,3575.542612423484
G1_C3.1,de_lu,2026H1,point,r2,0.8662330534941645
G1_C3.1,de_lu,2026H1,point,mae,2396.737316617621
G1_C3.1,de_lu,2026H1,point,smape,4.41627586433673
G1_C3.1,de_lu,2026H1,quantile,wis,1441.8584624394223
G1_C3.1,de_lu,2026H1,quantile,lqs,720.9292312197111
G1_C3.1,de_lu,2026H1,quantile,mae_median,2375.356172911493
G1_C3.1,de_lu,2026H1,quantile,cov50,50.89089912280702
G1_C3.1,de_lu,2026H1,quantile,cov95,95.29879385964912
G1_C3.1,de_lu,2026H1,ensemble,wis,1441.8584624394223
G1_C3.1,de_lu,2026H1,ensemble,lqs,720.9292312197111
G1_C3.1,de_lu,2026H1,ensemble,mae_median,2375.356172911493
G1_C3.1,de_lu,2026H1,ensemble,cov50,50.89089912280702
G1_C3.1,de_lu,2026H1,ensemble,cov95,95.29879385964912
G1_C3.1,de_lu,2026H1,ensemble,crps,1749.0911113244942
G1_C3.1,de_lu,2026H1,ensemble,energy_score,19736.106663021736
G1_C3.1,de_lu,overall,point,rmse,3024.6576690952584
G1_C3.1,de_lu,overall,point,r2,0.8959128208694872
G1_C3.1,de_lu,overall,point,mae,2019.8024958400122
G1_C3.1,de_lu,overall,point,smape,3.7908725219023722
G1_C3.1,de_lu,overall,quantile,wis,1214.7781824252077
G1_C3.1,de_lu,overall,quantile,lqs,607.3890912126038
G1_C3.1,de_lu,overall,quantile,mae_median,1990.684512263881
G1_C3.1,de_lu,overall,quantile,cov50,52.28670071888006
G1_C3.1,de_lu,overall,quantile,cov95,96.42333522512297
G1_C3.1,de_lu,overall,ensemble,wis,1214.7781824252077
G1_C3.1,de_lu,overall,ensemble,lqs,607.3890912126038
G1_C3.1,de_lu,overall,ensemble,mae_median,1990.684512263881
G1_C3.1,de_lu,overall,ensemble,cov50,52.28670071888006
G1_C3.1,de_lu,overall,ensemble,cov95,96.42333522512297
G1_C3.1,de_lu,overall,ensemble,crps,1474.1958965025797
G1_C3.1,de_lu,overall,ensemble,energy_score,16742.806109508547
G1_C3.2,de_lu,2024,point,rmse,3043.3389140378763
G1_C3.2,de_lu,2024,point,r2,0.8911547949623411
G1_C3.2,de_lu,2024,point,mae,2012.5650366892648
G1_C3.2,de_lu,2024,point,smape,3.807285918423765
G1_C3.2,de_lu,2024,quantile,wis,1210.7565351747346
G1_C3.2,de_lu,2024,quantile,lqs,605.3782675873674
G1_C3.2,de_lu,2024,quantile,mae_median,1997.0099408185883
G1_C3.2,de_lu,2024,quantile,cov50,50.71543040293041
G1_C3.2,de_lu,2024,quantile,cov95,96.98374542124543
G1_C3.2,de_lu,2024,ensemble,wis,1210.7565351747346
G1_C3.2,de_lu,2024,ensemble,lqs,605.3782675873674
G1_C3.2,de_lu,2024,ensemble,mae_median,1997.0099408185883
G1_C3.2,de_lu,2024,ensemble,cov50,50.71543040293041
G1_C3.2,de_lu,2024,ensemble,cov95,96.98374542124543
G1_C3.2,de_lu,2024,ensemble,crps,1467.6284455861244
G1_C3.2,de_lu,2024,ensemble,energy_score,16567.719242579675
G1_C3.2,de_lu,2025,point,rmse,2919.062579121818
G1_C3.2,de_lu,2025,point,r2,0.9005089025980831
G1_C3.2,de_lu,2025,point,mae,2002.256367860425
G1_C3.2,de_lu,2025,point,smape,3.7480744317048815
G1_C3.2,de_lu,2025,quantile,wis,1192.2092446567426
G1_C3.2,de_lu,2025,quantile,lqs,596.1046223283714
G1_C3.2,de_lu,2025,quantile,mae_median,1969.5631867459333
G1_C3.2,de_lu,2025,quantile,cov50,50.887557077625566
G1_C3.2,de_lu,2025,quantile,cov95,96.2271689497717
G1_C3.2,de_lu,2025,ensemble,wis,1192.2092446567426
G1_C3.2,de_lu,2025,ensemble,lqs,596.1046223283714
G1_C3.2,de_lu,2025,ensemble,mae_median,1969.5631867459333
G1_C3.2,de_lu,2025,ensemble,cov50,50.887557077625566
G1_C3.2,de_lu,2025,ensemble,cov95,96.2271689497717
G1_C3.2,de_lu,2025,ensemble,crps,1449.2800207594844
G1_C3.2,de_lu,2025,ensemble,energy_score,16504.22870754687
G1_C3.2,de_lu,2026H1,point,rmse,3691.983205155462
G1_C3.2,de_lu,2026H1,point,r2,0.857378719746264
G1_C3.2,de_lu,2026H1,point,mae,2475.2253894352466
G1_C3.2,de_lu,2026H1,point,smape,4.542951693802286
G1_C3.2,de_lu,2026H1,quantile,wis,1486.7833546843583
G1_C3.2,de_lu,2026H1,quantile,lqs,743.391677342179
G1_C3.2,de_lu,2026H1,quantile,mae_median,2469.809754487339
G1_C3.2,de_lu,2026H1,quantile,cov50,46.970942982456144
G1_C3.2,de_lu,2026H1,quantile,cov95,94.96299342105263
G1_C3.2,de_lu,2026H1,ensemble,wis,1486.7833546843583
G1_C3.2,de_lu,2026H1,ensemble,lqs,743.391677342179
G1_C3.2,de_lu,2026H1,ensemble,mae_median,2469.809754487339
G1_C3.2,de_lu,2026H1,ensemble,cov50,46.970942982456144
G1_C3.2,de_lu,2026H1,ensemble,cov95,94.96299342105263
G1_C3.2,de_lu,2026H1,ensemble,crps,1801.5078922157097
G1_C3.2,de_lu,2026H1,ensemble,energy_score,20288.120809507895
G1_C3.2,de_lu,overall,point,rmse,3115.8753674051823
G1_C3.2,de_lu,overall,point,r2,0.8895400256389743
G1_C3.2,de_lu,overall,point,mae,2088.117487875261
G1_C3.2,de_lu,overall,point,smape,3.909679794933575
G1_C3.2,de_lu,overall,quantile,wis,1250.6955993363645
G1_C3.2,de_lu,overall,quantile,lqs,625.3477996681821
G1_C3.2,de_lu,overall,quantile,mae_median,2067.2114237256606
G1_C3.2,de_lu,overall,quantile,cov50,50.14070185395384
G1_C3.2,de_lu,overall,quantile,cov95,96.3216515323496
G1_C3.2,de_lu,overall,ensemble,wis,1250.6955993363645
G1_C3.2,de_lu,overall,ensemble,lqs,625.3477996681821
G1_C3.2,de_lu,overall,ensemble,mae_median,2067.2114237256606
G1_C3.2,de_lu,overall,ensemble,cov50,50.14070185395384
G1_C3.2,de_lu,overall,ensemble,cov95,96.3216515323496
G1_C3.2,de_lu,overall,ensemble,crps,1517.6312842081145
G1_C3.2,de_lu,overall,ensemble,energy_score,17183.300392280147
G1_C3.3,de_lu,2024,point,rmse,3048.724273931446
G1_C3.3,de_lu,2024,point,r2,0.8907692386708056
G1_C3.3,de_lu,2024,point,mae,2006.1340925860375
G1_C3.3,de_lu,2024,point,smape,3.796473460541968
G1_C3.3,de_lu,2024,quantile,wis,1208.4791198431244
G1_C3.3,de_lu,2024,quantile,lqs,604.2395599215622
G1_C3.3,de_lu,2024,quantile,mae_median,1978.6357401315354
G1_C3.3,de_lu,2024,quantile,cov50,54.13804945054945
G1_C3.3,de_lu,2024,quantile,cov95,96.69184981684981
G1_C3.3,de_lu,2024,ensemble,wis,1208.4791198431244
G1_C3.3,de_lu,2024,ensemble,lqs,604.2395599215622
G1_C3.3,de_lu,2024,ensemble,mae_median,1978.6357401315354
G1_C3.3,de_lu,2024,ensemble,cov50,54.13804945054945
G1_C3.3,de_lu,2024,ensemble,cov95,96.69184981684981
G1_C3.3,de_lu,2024,ensemble,crps,1470.313412340162
G1_C3.3,de_lu,2024,ensemble,energy_score,16583.418722900296
G1_C3.3,de_lu,2025,point,rmse,2833.9008997286232
G1_C3.3,de_lu,2025,point,r2,0.9062293927773565
G1_C3.3,de_lu,2025,point,mae,1952.9026167785719
G1_C3.3,de_lu,2025,point,smape,3.659709456106942
G1_C3.3,de_lu,2025,quantile,wis,1163.7722844538348
G1_C3.3,de_lu,2025,quantile,lqs,581.8861422269175
G1_C3.3,de_lu,2025,quantile,mae_median,1913.6492208366153
G1_C3.3,de_lu,2025,quantile,cov50,55.15981735159817
G1_C3.3,de_lu,2025,quantile,cov95,97.27168949771689
G1_C3.3,de_lu,2025,ensemble,wis,1163.7722844538348
G1_C3.3,de_lu,2025,ensemble,lqs,581.8861422269175
G1_C3.3,de_lu,2025,ensemble,mae_median,1913.6492208366153
G1_C3.3,de_lu,2025,ensemble,cov50,55.15981735159817
G1_C3.3,de_lu,2025,ensemble,cov95,97.27168949771689
G1_C3.3,de_lu,2025,ensemble,crps,1415.3698296352857
G1_C3.3,de_lu,2025,ensemble,energy_score,16161.287102858289
G1_C3.3,de_lu,2026H1,point,rmse,3534.116853595089
G1_C3.3,de_lu,2026H1,point,r2,0.8693147095773401
G1_C3.3,de_lu,2026H1,point,mae,2395.7552197705672
G1_C3.3,de_lu,2026H1,point,smape,4.413796829963916
G1_C3.3,de_lu,2026H1,quantile,wis,1431.9514771738372
G1_C3.3,de_lu,2026H1,quantile,lqs,715.9757385869187
G1_C3.3,de_lu,2026H1,quantile,mae_median,2367.0918334993657
G1_C3.3,de_lu,2026H1,quantile,cov50,51.0485197368421
G1_C3.3,de_lu,2026H1,quantile,cov95,94.81222587719299
G1_C3.3,de_lu,2026H1,ensemble,wis,1431.9514771738372
G1_C3.3,de_lu,2026H1,ensemble,lqs,715.9757385869187
G1_C3.3,de_lu,2026H1,ensemble,mae_median,2367.0918334993657
G1_C3.3,de_lu,2026H1,ensemble,cov50,51.0485197368421
G1_C3.3,de_lu,2026H1,ensemble,cov95,94.81222587719299
G1_C3.3,de_lu,2026H1,ensemble,crps,1740.2877285865604
G1_C3.3,de_lu,2026H1,ensemble,energy_score,19673.486925112997
G1_C3.3,de_lu,overall,point,rmse,3053.266825168573
G1_C3.3,de_lu,overall,point,r2,0.8939344617475099
G1_C3.3,de_lu,overall,point,mae,2051.3019957214783
G1_C3.3,de_lu,overall,point,smape,3.846319420284705
G1_C3.3,de_lu,overall,quantile,wis,1228.5129488978096
G1_C3.3,de_lu,overall,quantile,lqs,614.2564744489048
G1_C3.3,de_lu,overall,quantile,mae_median,2018.7325013679308
G1_C3.3,de_lu,overall,quantile,cov50,54.028329549754076
G1_C3.3,de_lu,overall,quantile,cov95,96.60778471433976
G1_C3.3,de_lu,overall,ensemble,wis,1228.5129488978096
G1_C3.3,de_lu,overall,ensemble,lqs,614.2564744489048
G1_C3.3,de_lu,overall,ensemble,mae_median,2018.7325013679308
G1_C3.3,de_lu,overall,ensemble,cov50,54.028329549754076
G1_C3.3,de_lu,overall,ensemble,cov95,96.60778471433976
G1_C3.3,de_lu,overall,ensemble,crps,1494.1291766786098
G1_C3.3,de_lu,overall,ensemble,energy_score,16941.661998066014
G1_C3.4,de_lu,2024,point,rmse,3047.890782515291
G1_C3.4,de_lu,2024,point,r2,0.8908289557515574
G1_C3.4,de_lu,2024,point,mae,2008.831230862942
G1_C3.4,de_lu,2024,point,smape,3.8085514492226866
G1_C3.4,de_lu,2024,quantile,wis,1212.0894585835051
G1_C3.4,de_lu,2024,quantile,lqs,606.0447292917527
G1_C3.4,de_lu,2024,quantile,mae_median,1996.8031902099076
G1_C3.4,de_lu,2024,quantile,cov50,51.42799908424909
G1_C3.4,de_lu,2024,quantile,cov95,96.68898809523809
G1_C3.4,de_lu,2024,ensemble,wis,1212.0894585835051
G1_C3.4,de_lu,2024,ensemble,lqs,606.0447292917527
G1_C3.4,de_lu,2024,ensemble,mae_median,1996.8031902099076
G1_C3.4,de_lu,2024,ensemble,cov50,51.42799908424909
G1_C3.4,de_lu,2024,ensemble,cov95,96.68898809523809
G1_C3.4,de_lu,2024,ensemble,crps,1471.2158755900427
G1_C3.4,de_lu,2024,ensemble,energy_score,16618.26076581407
G1_C3.4,de_lu,2025,point,rmse,2875.1492093398074
G1_C3.4,de_lu,2025,point,r2,0.9034798060637611
G1_C3.4,de_lu,2025,point,mae,1987.6334353473999
G1_C3.4,de_lu,2025,point,smape,3.729449602003458
G1_C3.4,de_lu,2025,quantile,wis,1178.3609969951212
G1_C3.4,de_lu,2025,quantile,lqs,589.1804984975607
G1_C3.4,de_lu,2025,quantile,mae_median,1953.6748432547092
G1_C3.4,de_lu,2025,quantile,cov50,50.505136986301366
G1_C3.4,de_lu,2025,quantile,cov95,96.99771689497717
G1_C3.4,de_lu,2025,ensemble,wis,1178.3609969951212
G1_C3.4,de_lu,2025,ensemble,lqs,589.1804984975607
G1_C3.4,de_lu,2025,ensemble,mae_median,1953.6748432547092
G1_C3.4,de_lu,2025,ensemble,cov50,50.505136986301366
G1_C3.4,de_lu,2025,ensemble,cov95,96.99771689497717
G1_C3.4,de_lu,2025,ensemble,crps,1429.91886267951
G1_C3.4,de_lu,2025,ensemble,energy_score,16308.288689351088
G1_C3.4,de_lu,2026H1,point,rmse,3605.89282335717
G1_C3.4,de_lu,2026H1,point,r2,0.8639525125638221
G1_C3.4,de_lu,2026H1,point,mae,2431.9852543057013
G1_C3.4,de_lu,2026H1,point,smape,4.483320006698206
G1_C3.4,de_lu,2026H1,quantile,wis,1461.0073944584767
G1_C3.4,de_lu,2026H1,quantile,lqs,730.5036972292385
G1_C3.4,de_lu,2026H1,quantile,mae_median,2424.8802348619793
G1_C3.4,de_lu,2026H1,quantile,cov50,48.78700657894737
G1_C3.4,de_lu,2026H1,quantile,cov95,95.20970394736842
G1_C3.4,de_lu,2026H1,ensemble,wis,1461.0073944584767
G1_C3.4,de_lu,2026H1,ensemble,lqs,730.5036972292385
G1_C3.4,de_lu,2026H1,ensemble,mae_median,2424.8802348619793
G1_C3.4,de_lu,2026H1,ensemble,cov50,48.78700657894737
G1_C3.4,de_lu,2026H1,ensemble,cov95,95.20970394736842
G1_C3.4,de_lu,2026H1,ensemble,crps,1770.5173080315114
G1_C3.4,de_lu,2026H1,ensemble,energy_score,19964.188680383897
G1_C3.4,de_lu,overall,point,rmse,3083.2322661193434
G1_C3.4,de_lu,overall,point,r2,0.8918423439723175
G1_C3.4,de_lu,overall,point,mae,2073.0562208744363
G1_C3.4,de_lu,overall,point,smape,3.89219804003002
G1_C3.4,de_lu,overall,quantile,wis,1241.0618056586873
G1_C3.4,de_lu,overall,quantile,lqs,620.5309028293439
G1_C3.4,de_lu,overall,quantile,mae_median,2052.791685270597
G1_C3.4,de_lu,overall,quantile,cov50,50.59000189178964
G1_C3.4,de_lu,overall,quantile,cov95,96.56167234203556
G1_C3.4,de_lu,overall,ensemble,wis,1241.0618056586873
G1_C3.4,de_lu,overall,ensemble,lqs,620.5309028293439
G1_C3.4,de_lu,overall,ensemble,mae_median,2052.791685270597
G1_C3.4,de_lu,overall,ensemble,cov50,50.59000189178964
G1_C3.4,de_lu,overall,ensemble,cov95,96.56167234203556
G1_C3.4,de_lu,overall,ensemble,crps,1505.7452831028224
G1_C3.4,de_lu,overall,ensemble,energy_score,17067.115743232484
G1_C4,de_lu,2024,point,rmse,2628.994944679575
G1_C4,de_lu,2024,point,r2,0.9187752907553676
G1_C4,de_lu,2024,point,mae,1752.1426688104027
G1_C4,de_lu,2024,point,smape,3.3162359504210377
G1_C4,de_lu,2024,quantile,wis,1056.5205493332683
G1_C4,de_lu,2024,quantile,lqs,528.2602746666341
G1_C4,de_lu,2024,quantile,mae_median,1740.1779970812586
G1_C4,de_lu,2024,quantile,cov50,43.060325091575095
G1_C4,de_lu,2024,quantile,cov95,93.37225274725274
G1_C4,de_lu,2024,ensemble,wis,1056.5205493332683
G1_C4,de_lu,2024,ensemble,lqs,528.2602746666341
G1_C4,de_lu,2024,ensemble,mae_median,1740.1779970812586
G1_C4,de_lu,2024,ensemble,cov50,43.060325091575095
G1_C4,de_lu,2024,ensemble,cov95,93.37225274725274
G1_C4,de_lu,2024,ensemble,crps,1271.825696951776
G1_C4,de_lu,2024,ensemble,energy_score,14534.445260736735
G1_C4,de_lu,2025,point,rmse,2637.0113710488804
G1_C4,de_lu,2025,point,r2,0.9188064715265705
G1_C4,de_lu,2025,point,mae,1778.2477980006877
G1_C4,de_lu,2025,point,smape,3.3579130165945505
G1_C4,de_lu,2025,quantile,wis,1071.871744930583
G1_C4,de_lu,2025,quantile,lqs,535.9358724652914
G1_C4,de_lu,2025,quantile,mae_median,1768.7878209625428
G1_C4,de_lu,2025,quantile,cov50,43.159246575342465
G1_C4,de_lu,2025,quantile,cov95,93.03938356164385
G1_C4,de_lu,2025,ensemble,wis,1071.871744930583
G1_C4,de_lu,2025,ensemble,lqs,535.9358724652914
G1_C4,de_lu,2025,ensemble,mae_median,1768.7878209625428
G1_C4,de_lu,2025,ensemble,cov50,43.159246575342465
G1_C4,de_lu,2025,ensemble,cov95,93.03938356164385
G1_C4,de_lu,2025,ensemble,crps,1291.7201772247479
G1_C4,de_lu,2025,ensemble,energy_score,14736.323306811493
G1_C4,de_lu,2026H1,point,rmse,3129.398077154553
G1_C4,de_lu,2026H1,point,r2,0.8975324104747766
G1_C4,de_lu,2026H1,point,mae,2061.460397619855
G1_C4,de_lu,2026H1,point,smape,3.8055997928011975
G1_C4,de_lu,2026H1,quantile,wis,1261.5197448302354
G1_C4,de_lu,2026H1,quantile,lqs,630.7598724151178
G1_C4,de_lu,2026H1,quantile,mae_median,2044.4167753710083
G1_C4,de_lu,2026H1,quantile,cov50,41.44736842105263
G1_C4,de_lu,2026H1,quantile,cov95,90.59073464912281
G1_C4,de_lu,2026H1,ensemble,wis,1261.5197448302354
G1_C4,de_lu,2026H1,ensemble,lqs,630.7598724151178
G1_C4,de_lu,2026H1,ensemble,mae_median,2044.4167753710083
G1_C4,de_lu,2026H1,ensemble,cov50,41.44736842105263
G1_C4,de_lu,2026H1,ensemble,cov95,90.59073464912281
G1_C4,de_lu,2026H1,ensemble,crps,1511.6527328647016
G1_C4,de_lu,2026H1,ensemble,energy_score,17124.161850774562
G1_C4,de_lu,overall,point,rmse,2725.115735797617
G1_C4,de_lu,overall,point,r2,0.9155081760812963
G1_C4,de_lu,overall,point,mae,1816.325037633888
G1_C4,de_lu,overall,point,smape,3.417933377430251
G1_C4,de_lu,overall,quantile,wis,1098.2493394678413
G1_C4,de_lu,overall,quantile,lqs,549.1246697339207
G1_C4,de_lu,overall,quantile,mae_median,1804.5217882466509
G1_C4,de_lu,overall,quantile,cov50,42.82302307983352
G1_C4,de_lu,overall,quantile,cov95,92.75444570563754
G1_C4,de_lu,overall,ensemble,wis,1098.2493394678413
G1_C4,de_lu,overall,ensemble,lqs,549.1246697339207
G1_C4,de_lu,overall,ensemble,mae_median,1804.5217882466509
G1_C4,de_lu,overall,ensemble,cov50,42.82302307983352
G1_C4,de_lu,overall,ensemble,cov95,92.75444570563754
G1_C4,de_lu,overall,ensemble,crps,1321.4456683006972
G1_C4,de_lu,overall,ensemble,energy_score,15064.890673339502
G2_C1,50hertz,2024,point,rmse,872.7832129810806
G2_C1,50hertz,2024,point,r2,0.781037693674145
G2_C1,50hertz,2024,point,mae,675.860700659294
G2_C1,50hertz,2024,point,smape,5.911087518952012
G2_C1,50hertz,2024,quantile,wis,393.4275905001003
G2_C1,50hertz,2024,quantile,lqs,196.7137952500501
G2_C1,50hertz,2024,quantile,mae_median,670.5343148297864
G2_C1,50hertz,2024,quantile,cov50,48.78756830601093
G2_C1,50hertz,2024,quantile,cov95,96.2431693989071
G2_C1,50hertz,2024,ensemble,wis,393.4275905001003
G2_C1,50hertz,2024,ensemble,lqs,196.7137952500501
G2_C1,50hertz,2024,ensemble,mae_median,670.5343148297864
G2_C1,50hertz,2024,ensemble,cov50,48.78756830601093
G2_C1,50hertz,2024,ensemble,cov95,96.2431693989071
G2_C1,50hertz,2024,ensemble,crps,483.09862849592184
G2_C1,50hertz,2024,ensemble,energy_score,5536.597290033591
G2_C1,50hertz,2025,point,rmse,985.8076770071883
G2_C1,50hertz,2025,point,r2,0.7260141412506429
G2_C1,50hertz,2025,point,mae,785.1689213046592
G2_C1,50hertz,2025,point,smape,6.81055479749604
G2_C1,50hertz,2025,quantile,wis,450.93146747680663
G2_C1,50hertz,2025,quantile,lqs,225.46573373840334
G2_C1,50hertz,2025,quantile,mae_median,778.2007936938143
G2_C1,50hertz,2025,quantile,cov50,45.55365296803653
G2_C1,50hertz,2025,quantile,cov95,96.70947488584474
G2_C1,50hertz,2025,ensemble,wis,450.93146747680663
G2_C1,50hertz,2025,ensemble,lqs,225.46573373840334
G2_C1,50hertz,2025,ensemble,mae_median,778.2007936938143
G2_C1,50hertz,2025,ensemble,cov50,45.55365296803653
G2_C1,50hertz,2025,ensemble,cov95,96.70947488584474
G2_C1,50hertz,2025,ensemble,crps,553.9303938277502
G2_C1,50hertz,2025,ensemble,energy_score,6304.646987428458
G2_C1,50hertz,2026H1,point,rmse,1047.486847431148
G2_C1,50hertz,2026H1,point,r2,0.7639252985986247
G2_C1,50hertz,2026H1,point,mae,777.1419419674215
G2_C1,50hertz,2026H1,point,smape,6.41809143104371
G2_C1,50hertz,2026H1,quantile,wis,463.6087245434075
G2_C1,50hertz,2026H1,quantile,lqs,231.80436227170372
G2_C1,50hertz,2026H1,quantile,mae_median,768.1609115327533
G2_C1,50hertz,2026H1,quantile,cov50,53.94736842105263
G2_C1,50hertz,2026H1,quantile,cov95,95.16858552631578
G2_C1,50hertz,2026H1,ensemble,wis,463.6087245434075
G2_C1,50hertz,2026H1,ensemble,lqs,231.80436227170372
G2_C1,50hertz,2026H1,ensemble,mae_median,768.1609115327533
G2_C1,50hertz,2026H1,ensemble,cov50,53.94736842105263
G2_C1,50hertz,2026H1,ensemble,cov95,95.16858552631578
G2_C1,50hertz,2026H1,ensemble,crps,569.0904050509397
G2_C1,50hertz,2026H1,ensemble,energy_score,6368.653044260203
G2_C1,amprion,2024,point,rmse,1169.1247220348946
G2_C1,amprion,2024,point,r2,0.8747611366571887
G2_C1,amprion,2024,point,mae,790.5844745902251
G2_C1,amprion,2024,point,smape,4.277495678111923
G2_C1,amprion,2024,quantile,wis,477.06020121362997
G2_C1,amprion,2024,quantile,lqs,238.53010060681498
G2_C1,amprion,2024,quantile,mae_median,775.0569509840441
G2_C1,amprion,2024,quantile,cov50,52.09471766848816
G2_C1,amprion,2024,quantile,cov95,95.2698087431694
G2_C1,amprion,2024,ensemble,wis,477.06020121362997
G2_C1,amprion,2024,ensemble,lqs,238.53010060681498
G2_C1,amprion,2024,ensemble,mae_median,775.0569509840441
G2_C1,amprion,2024,ensemble,cov50,52.09471766848816
G2_C1,amprion,2024,ensemble,cov95,95.2698087431694
G2_C1,amprion,2024,ensemble,crps,578.1954249652958
G2_C1,amprion,2024,ensemble,energy_score,6715.176172085903
G2_C1,amprion,2025,point,rmse,1006.4419740919762
G2_C1,amprion,2025,point,r2,0.903990242596747
G2_C1,amprion,2025,point,mae,713.7558697141128
G2_C1,amprion,2025,point,smape,3.7199485174763756
G2_C1,amprion,2025,quantile,wis,421.9980228442202
G2_C1,amprion,2025,quantile,lqs,210.9990114221101
G2_C1,amprion,2025,quantile,mae_median,699.2019576687001
G2_C1,amprion,2025,quantile,cov50,51.60102739726027
G2_C1,amprion,2025,quantile,cov95,96.26997716894977
G2_C1,amprion,2025,ensemble,wis,421.9980228442202
G2_C1,amprion,2025,ensemble,lqs,210.9990114221101
G2_C1,amprion,2025,ensemble,mae_median,699.2019576687001
G2_C1,amprion,2025,ensemble,cov50,51.60102739726027
G2_C1,amprion,2025,ensemble,cov95,96.26997716894977
G2_C1,amprion,2025,ensemble,crps,514.33889627257
G2_C1,amprion,2025,ensemble,energy_score,6085.555567543377
G2_C1,amprion,2026H1,point,rmse,1280.9446438582504
G2_C1,amprion,2026H1,point,r2,0.8602545342067995
G2_C1,amprion,2026H1,point,mae,900.340554509673
G2_C1,amprion,2026H1,point,smape,4.547698104710266
G2_C1,amprion,2026H1,quantile,wis,542.0595505156373
G2_C1,amprion,2026H1,quantile,lqs,271.0297752578187
G2_C1,amprion,2026H1,quantile,mae_median,897.552575788103
G2_C1,amprion,2026H1,quantile,cov50,51.93941885964912
G2_C1,amprion,2026H1,quantile,cov95,95.1548793859649
G2_C1,amprion,2026H1,ensemble,wis,542.0595505156373
G2_C1,amprion,2026H1,ensemble,lqs,271.0297752578187
G2_C1,amprion,2026H1,ensemble,mae_median,897.552575788103
G2_C1,amprion,2026H1,ensemble,cov50,51.93941885964912
G2_C1,amprion,2026H1,ensemble,cov95,95.1548793859649
G2_C1,amprion,2026H1,ensemble,crps,661.4382628280636
G2_C1,amprion,2026H1,ensemble,energy_score,7629.410997865636
G2_C1,de_lu,2024,point,rmse,2801.595193979162
G2_C1,de_lu,2024,point,r2,0.907890819388822
G2_C1,de_lu,2024,point,mae,1848.0515466776162
G2_C1,de_lu,2024,point,smape,3.509669656326739
G2_C1,de_lu,2024,quantile,wis,1132.0115726856109
G2_C1,de_lu,2024,quantile,lqs,566.0057863428054
G2_C1,de_lu,2024,quantile,mae_median,1809.8377040087873
G2_C1,de_lu,2024,quantile,cov50,63.1716757741348
G2_C1,de_lu,2024,quantile,cov95,98.00774134790528
G2_C1,de_lu,2024,ensemble,wis,1132.0115726856109
G2_C1,de_lu,2024,ensemble,lqs,566.0057863428054
G2_C1,de_lu,2024,ensemble,mae_median,1809.8377040087873
G2_C1,de_lu,2024,ensemble,cov50,63.1716757741348
G2_C1,de_lu,2024,ensemble,cov95,98.00774134790528
G2_C1,de_lu,2024,ensemble,crps,1382.3695184104824
G2_C1,de_lu,2024,ensemble,energy_score,15592.29899987426
G2_C1,de_lu,2025,point,rmse,2724.9452552452785
G2_C1,de_lu,2025,point,r2,0.9133012225621839
G2_C1,de_lu,2025,point,mae,1883.3244647162976
G2_C1,de_lu,2025,point,smape,3.5303229260148496
G2_C1,de_lu,2025,quantile,wis,1133.7417148308268
G2_C1,de_lu,2025,quantile,lqs,566.8708574154135
G2_C1,de_lu,2025,quantile,mae_median,1841.373699355451
G2_C1,de_lu,2025,quantile,cov50,62.531392694063925
G2_C1,de_lu,2025,quantile,cov95,98.36472602739727
G2_C1,de_lu,2025,ensemble,wis,1133.7417148308268
G2_C1,de_lu,2025,ensemble,lqs,566.8708574154135
G2_C1,de_lu,2025,ensemble,mae_median,1841.373699355451
G2_C1,de_lu,2025,ensemble,cov50,62.531392694063925
G2_C1,de_lu,2025,ensemble,cov95,98.36472602739727
G2_C1,de_lu,2025,ensemble,crps,1390.0355652069507
G2_C1,de_lu,2025,ensemble,energy_score,15825.74325988271
G2_C1,de_lu,2026H1,point,rmse,3473.1339498995367
G2_C1,de_lu,2026H1,point,r2,0.8737858741817496
G2_C1,de_lu,2026H1,point,mae,2332.030555966035
G2_C1,de_lu,2026H1,point,smape,4.2631966149340474
G2_C1,de_lu,2026H1,quantile,wis,1433.9900862746272
G2_C1,de_lu,2026H1,quantile,lqs,716.9950431373137
G2_C1,de_lu,2026H1,quantile,mae_median,2298.762112661424
G2_C1,de_lu,2026H1,quantile,cov50,63.95970394736842
G2_C1,de_lu,2026H1,quantile,cov95,97.30674342105263
G2_C1,de_lu,2026H1,ensemble,wis,1433.9900862746272
G2_C1,de_lu,2026H1,ensemble,lqs,716.9950431373137
G2_C1,de_lu,2026H1,ensemble,mae_median,2298.762112661424
G2_C1,de_lu,2026H1,ensemble,cov50,63.95970394736842
G2_C1,de_lu,2026H1,ensemble,cov95,97.30674342105263
G2_C1,de_lu,2026H1,ensemble,crps,1761.2536173928881
G2_C1,de_lu,2026H1,ensemble,energy_score,19727.9452760429
G2_C1,lu,2024,point,rmse,29.064162129678852
G2_C1,lu,2024,point,r2,0.9125413147964728
G2_C1,lu,2024,point,mae,18.463682065506966
G2_C1,lu,2024,point,smape,3.3330985597553098
G2_C1,lu,2024,quantile,wis,11.206497660989362
G2_C1,lu,2024,quantile,lqs,5.603248830494681
G2_C1,lu,2024,quantile,mae_median,17.90779688726401
G2_C1,lu,2024,quantile,cov50,49.490551001821494
G2_C1,lu,2024,quantile,cov95,94.84858834244079
G2_C1,lu,2024,ensemble,wis,11.206497660989362
G2_C1,lu,2024,ensemble,lqs,5.603248830494681
G2_C1,lu,2024,ensemble,mae_median,17.90779688726401
G2_C1,lu,2024,ensemble,cov50,49.490551001821494
G2_C1,lu,2024,ensemble,cov95,94.84858834244079
G2_C1,lu,2024,ensemble,crps,13.466016845812016
G2_C1,lu,2024,ensemble,energy_score,154.41949110642443
G2_C1,lu,2025,point,rmse,28.734109426667175
G2_C1,lu,2025,point,r2,0.915194431990157
G2_C1,lu,2025,point,mae,19.273514496409994
G2_C1,lu,2025,point,smape,3.5148489505011393
G2_C1,lu,2025,quantile,wis,11.567401151368825
G2_C1,lu,2025,quantile,lqs,5.783700575684413
G2_C1,lu,2025,quantile,mae_median,18.723563662531607
G2_C1,lu,2025,quantile,cov50,50.61358447488584
G2_C1,lu,2025,quantile,cov95,95.91609589041096
G2_C1,lu,2025,ensemble,wis,11.567401151368825
G2_C1,lu,2025,ensemble,lqs,5.783700575684413
G2_C1,lu,2025,ensemble,mae_median,18.723563662531607
G2_C1,lu,2025,ensemble,cov50,50.61358447488584
G2_C1,lu,2025,ensemble,cov95,95.91609589041096
G2_C1,lu,2025,ensemble,crps,14.050639902101397
G2_C1,lu,2025,ensemble,energy_score,162.83169156411873
G2_C1,lu,2026H1,point,rmse,47.40863790027561
G2_C1,lu,2026H1,point,r2,0.774337350695014
G2_C1,lu,2026H1,point,mae,27.426511481009985
G2_C1,lu,2026H1,point,smape,5.187321598175817
G2_C1,lu,2026H1,quantile,wis,16.41467242735644
G2_C1,lu,2026H1,quantile,lqs,8.207336213678222
G2_C1,lu,2026H1,quantile,mae_median,26.73351767838408
G2_C1,lu,2026H1,quantile,cov50,49.86293859649123
G2_C1,lu,2026H1,quantile,cov95,94.5860745614035
G2_C1,lu,2026H1,ensemble,wis,16.41467242735644
G2_C1,lu,2026H1,ensemble,lqs,8.207336213678222
G2_C1,lu,2026H1,ensemble,mae_median,26.73351767838408
G2_C1,lu,2026H1,ensemble,cov50,49.86293859649123
G2_C1,lu,2026H1,ensemble,cov95,94.5860745614035
G2_C1,lu,2026H1,ensemble,crps,19.876369921294078
G2_C1,lu,2026H1,ensemble,energy_score,227.824147439909
G2_C1,tennet,2024,point,rmse,825.4746762877668
G2_C1,tennet,2024,point,r2,0.913155427820765
G2_C1,tennet,2024,point,mae,550.0196812688182
G2_C1,tennet,2024,point,smape,3.498937897395033
G2_C1,tennet,2024,quantile,wis,328.71265865350944
G2_C1,tennet,2024,quantile,lqs,164.35632932675475
G2_C1,tennet,2024,quantile,mae_median,537.3556158903084
G2_C1,tennet,2024,quantile,cov50,52.14025500910747
G2_C1,tennet,2024,quantile,cov95,96.283014571949
G2_C1,tennet,2024,ensemble,wis,328.71265865350944
G2_C1,tennet,2024,ensemble,lqs,164.35632932675475
G2_C1,tennet,2024,ensemble,mae_median,537.3556158903084
G2_C1,tennet,2024,ensemble,cov50,52.14025500910747
G2_C1,tennet,2024,ensemble,cov95,96.283014571949
G2_C1,tennet,2024,ensemble,crps,398.4760671927416
G2_C1,tennet,2024,ensemble,energy_score,4597.932450266109
G2_C1,tennet,2025,point,rmse,850.6836368812552
G2_C1,tennet,2025,point,r2,0.91082977972352
G2_C1,tennet,2025,point,mae,575.1510604405711
G2_C1,tennet,2025,point,smape,3.6568119211312013
G2_C1,tennet,2025,quantile,wis,343.9237584155859
G2_C1,tennet,2025,quantile,lqs,171.96187920779295
G2_C1,tennet,2025,quantile,mae_median,564.6448931689677
G2_C1,tennet,2025,quantile,cov50,51.68093607305936
G2_C1,tennet,2025,quantile,cov95,95.31107305936072
G2_C1,tennet,2025,ensemble,wis,343.9237584155859
G2_C1,tennet,2025,ensemble,lqs,171.96187920779295
G2_C1,tennet,2025,ensemble,mae_median,564.6448931689677
G2_C1,tennet,2025,ensemble,cov50,51.68093607305936
G2_C1,tennet,2025,ensemble,cov95,95.31107305936072
G2_C1,tennet,2025,ensemble,crps,417.87425102758664
G2_C1,tennet,2025,ensemble,energy_score,4855.040042169027
G2_C1,tennet,2026H1,point,rmse,1184.8493718459843
G2_C1,tennet,2026H1,point,r2,0.8493814913332215
G2_C1,tennet,2026H1,point,mae,814.2461061523361
G2_C1,tennet,2026H1,point,smape,5.287095012769262
G2_C1,tennet,2026H1,quantile,wis,491.72125026154094
G2_C1,tennet,2026H1,quantile,lqs,245.8606251307705
G2_C1,tennet,2026H1,quantile,mae_median,799.024369009453
G2_C1,tennet,2026H1,quantile,cov50,53.289473684210535
G2_C1,tennet,2026H1,quantile,cov95,94.42845394736842
G2_C1,tennet,2026H1,ensemble,wis,491.72125026154094
G2_C1,tennet,2026H1,ensemble,lqs,245.8606251307705
G2_C1,tennet,2026H1,ensemble,mae_median,799.024369009453
G2_C1,tennet,2026H1,ensemble,cov50,53.289473684210535
G2_C1,tennet,2026H1,ensemble,cov95,94.42845394736842
G2_C1,tennet,2026H1,ensemble,crps,600.2907477485032
G2_C1,tennet,2026H1,ensemble,energy_score,6945.763430569653
G2_C1,transnetbw,2024,point,rmse,445.63704166075803
G2_C1,transnetbw,2024,point,r2,0.8941921727359183
G2_C1,transnetbw,2024,point,mae,279.7102838988167
G2_C1,transnetbw,2024,point,smape,4.406519451167073
G2_C1,transnetbw,2024,quantile,wis,167.12259473879178
G2_C1,transnetbw,2024,quantile,lqs,83.56129736939589
G2_C1,transnetbw,2024,quantile,mae_median,269.32913956855816
G2_C1,transnetbw,2024,quantile,cov50,52.678164845173036
G2_C1,transnetbw,2024,quantile,cov95,96.07809653916212
G2_C1,transnetbw,2024,ensemble,wis,167.12259473879178
G2_C1,transnetbw,2024,ensemble,lqs,83.56129736939589
G2_C1,transnetbw,2024,ensemble,mae_median,269.32913956855816
G2_C1,transnetbw,2024,ensemble,cov50,52.678164845173036
G2_C1,transnetbw,2024,ensemble,cov95,96.07809653916212
G2_C1,transnetbw,2024,ensemble,crps,201.61987844738934
G2_C1,transnetbw,2024,ensemble,energy_score,2349.456920255862
G2_C1,transnetbw,2025,point,rmse,448.4843785235321
G2_C1,transnetbw,2025,point,r2,0.8940500123472916
G2_C1,transnetbw,2025,point,mae,286.094067330254
G2_C1,transnetbw,2025,point,smape,4.49355732658598
G2_C1,transnetbw,2025,quantile,wis,172.08190681913916
G2_C1,transnetbw,2025,quantile,lqs,86.0409534095696
G2_C1,transnetbw,2025,quantile,mae_median,281.395967199629
G2_C1,transnetbw,2025,quantile,cov50,50.92465753424658
G2_C1,transnetbw,2025,quantile,cov95,95.83333333333334
G2_C1,transnetbw,2025,ensemble,wis,172.08190681913916
G2_C1,transnetbw,2025,ensemble,lqs,86.0409534095696
G2_C1,transnetbw,2025,ensemble,mae_median,281.395967199629
G2_C1,transnetbw,2025,ensemble,cov50,50.92465753424658
G2_C1,transnetbw,2025,ensemble,cov95,95.83333333333334
G2_C1,transnetbw,2025,ensemble,crps,208.45462363116704
G2_C1,transnetbw,2025,ensemble,energy_score,2454.8776848325947
G2_C1,transnetbw,2026H1,point,rmse,580.2920372533395
G2_C1,transnetbw,2026H1,point,r2,0.8156848264954959
G2_C1,transnetbw,2026H1,point,mae,367.5158103609396
G2_C1,transnetbw,2026H1,point,smape,5.396813586340256
G2_C1,transnetbw,2026H1,quantile,wis,221.59042255958084
G2_C1,transnetbw,2026H1,quantile,lqs,110.79521127979046
G2_C1,transnetbw,2026H1,quantile,mae_median,363.41480161432634
G2_C1,transnetbw,2026H1,quantile,cov50,52.57675438596491
G2_C1,transnetbw,2026H1,quantile,cov95,94.33251096491229
G2_C1,transnetbw,2026H1,ensemble,wis,221.59042255958084
G2_C1,transnetbw,2026H1,ensemble,lqs,110.79521127979046
G2_C1,transnetbw,2026H1,ensemble,mae_median,363.41480161432634
G2_C1,transnetbw,2026H1,ensemble,cov50,52.57675438596491
G2_C1,transnetbw,2026H1,ensemble,cov95,94.33251096491229
G2_C1,transnetbw,2026H1,ensemble,crps,269.3599236757107
G2_C1,transnetbw,2026H1,ensemble,energy_score,3124.811666761885
G2_C1,50hertz,overall,point,rmse,952.0155536278743
G2_C1,50hertz,overall,point,r2,0.7593860144957368
G2_C1,50hertz,overall,point,mae,738.4793294411668
G2_C1,50hertz,overall,point,smape,6.3701703630137425
G2_C1,50hertz,overall,quantile,wis,429.27860688864
G2_C1,50hertz,overall,quantile,lqs,214.63930344432
G2_C1,50hertz,overall,quantile,mae_median,731.8451953328681
G2_C1,50hertz,overall,quantile,cov50,48.33899584748962
G2_C1,50hertz,overall,quantile,cov95,96.25094375235939
G2_C1,50hertz,overall,ensemble,wis,429.27860688864
G2_C1,50hertz,overall,ensemble,lqs,214.63930344432
G2_C1,50hertz,overall,ensemble,mae_median,731.8451953328681
G2_C1,50hertz,overall,ensemble,cov50,48.33899584748962
G2_C1,50hertz,overall,ensemble,cov95,96.25094375235939
G2_C1,50hertz,overall,ensemble,crps,527.1805587139061
G2_C1,50hertz,overall,ensemble,energy_score,5997.311462390977
G2_C1,amprion,overall,point,rmse,1125.927507943071
G2_C1,amprion,overall,point,r2,0.8858232776380585
G2_C1,amprion,overall,point,mae,777.7197898427451
G2_C1,amprion,overall,point,smape,4.093538775746094
G2_C1,amprion,overall,quantile,wis,465.48852056705067
G2_C1,amprion,overall,quantile,lqs,232.74426028352542
G2_C1,amprion,overall,quantile,mae_median,764.7877124904048
G2_C1,amprion,overall,quantile,cov50,51.863910909777275
G2_C1,amprion,overall,quantile,cov95,95.66345790864477
G2_C1,amprion,overall,ensemble,wis,465.48852056705067
G2_C1,amprion,overall,ensemble,lqs,232.74426028352542
G2_C1,amprion,overall,ensemble,mae_median,764.7877124904048
G2_C1,amprion,overall,ensemble,cov50,51.863910909777275
G2_C1,amprion,overall,ensemble,cov95,95.66345790864477
G2_C1,amprion,overall,ensemble,crps,566.1289225669898
G2_C1,amprion,overall,ensemble,energy_score,6612.290750636863
G2_C1,de_lu,overall,point,rmse,2898.134460678774
G2_C1,de_lu,overall,point,r2,0.9044991341028322
G2_C1,de_lu,overall,point,mae,1945.9444396515219
G2_C1,de_lu,overall,point,smape,3.6479194197972618
G2_C1,de_lu,overall,quantile,wis,1184.7094616420484
G2_C1,de_lu,overall,quantile,lqs,592.3547308210242
G2_C1,de_lu,overall,quantile,mae_median,1907.0371925894588
G2_C1,de_lu,overall,quantile,cov50,63.04265760664401
G2_C1,de_lu,overall,quantile,cov95,98.03463571158927
G2_C1,de_lu,overall,ensemble,wis,1184.7094616420484
G2_C1,de_lu,overall,ensemble,lqs,592.3547308210242
G2_C1,de_lu,overall,ensemble,mae_median,1907.0371925894588
G2_C1,de_lu,overall,ensemble,cov50,63.04265760664401
G2_C1,de_lu,overall,ensemble,cov95,98.03463571158927
G2_C1,de_lu,overall,ensemble,crps,1450.759654453559
G2_C1,de_lu,overall,ensemble,energy_score,16400.708273804856
G2_C1,lu,overall,point,rmse,32.837901783829174
G2_C1,lu,overall,point,r2,0.8895070547840411
G2_C1,lu,overall,point,mae,20.341302573362082
G2_C1,lu,overall,point,smape,3.7274142952730287
G2_C1,lu,overall,quantile,wis,12.252219448618241
G2_C1,lu,overall,quantile,lqs,6.126109724309121
G2_C1,lu,overall,quantile,mae_median,19.764268499067995
G2_C1,lu,overall,quantile,cov50,50.01887504718761
G2_C1,lu,overall,quantile,cov95,95.2446677991695
G2_C1,lu,overall,ensemble,wis,12.252219448618241
G2_C1,lu,overall,ensemble,lqs,6.126109724309121
G2_C1,lu,overall,ensemble,mae_median,19.764268499067995
G2_C1,lu,overall,ensemble,cov50,50.01887504718761
G2_C1,lu,overall,ensemble,cov95,95.2446677991695
G2_C1,lu,overall,ensemble,crps,14.81115963518789
G2_C1,lu,overall,ensemble,energy_score,170.53269714237925
G2_C1,tennet,overall,point,rmse,907.325352605786
G2_C1,tennet,overall,point,r2,0.8998106257653777
G2_C1,tennet,overall,point,mae,605.8921274522661
G2_C1,tennet,overall,point,smape,3.8720113970559433
G2_C1,tennet,overall,quantile,wis,363.060741708525
G2_C1,tennet,overall,quantile,lqs,181.53037085426246
G2_C1,tennet,overall,quantile,mae_median,593.6797797417473
G2_C1,tennet,overall,quantile,cov50,52.14821630804077
G2_C1,tennet,overall,quantile,cov95,95.56200453001132
G2_C1,tennet,overall,ensemble,wis,363.060741708525
G2_C1,tennet,overall,ensemble,lqs,181.53037085426246
G2_C1,tennet,overall,ensemble,mae_median,593.6797797417473
G2_C1,tennet,overall,ensemble,cov50,52.14821630804077
G2_C1,tennet,overall,ensemble,cov95,95.56200453001132
G2_C1,tennet,overall,ensemble,crps,441.23503496646094
G2_C1,tennet,overall,ensemble,energy_score,5108.3679882623765
G2_C1,transnetbw,overall,point,rmse,472.6788913876914
G2_C1,transnetbw,overall,point,r2,0.8830809587676651
G2_C1,transnetbw,overall,point,mae,297.46398828694504
G2_C1,transnetbw,overall,point,smape,4.612967393493488
G2_C1,transnetbw,overall,quantile,wis,178.54870882496022
G2_C1,transnetbw,overall,quantile,lqs,89.27435441248012
G2_C1,transnetbw,overall,quantile,mae_median,290.51307242959734
G2_C1,transnetbw,overall,quantile,cov50,51.93587202718006
G2_C1,transnetbw,overall,quantile,cov95,95.67643450358626
G2_C1,transnetbw,overall,ensemble,wis,178.54870882496022
G2_C1,transnetbw,overall,ensemble,lqs,89.27435441248012
G2_C1,transnetbw,overall,ensemble,mae_median,290.51307242959734
G2_C1,transnetbw,overall,ensemble,cov50,51.93587202718006
G2_C1,transnetbw,overall,ensemble,cov95,95.67643450358626
G2_C1,transnetbw,overall,ensemble,crps,216.10591340410926
G2_C1,transnetbw,overall,ensemble,energy_score,2526.503919734257
G2_C2.1,50hertz,2024,point,rmse,893.6573871744689
G2_C2.1,50hertz,2024,point,r2,0.7704386927205882
G2_C2.1,50hertz,2024,point,mae,695.4284615200525
G2_C2.1,50hertz,2024,point,smape,6.064463065884227
G2_C2.1,50hertz,2024,quantile,wis,403.8371637123678
G2_C2.1,50hertz,2024,quantile,lqs,201.9185818561839
G2_C2.1,50hertz,2024,quantile,mae_median,692.1108923656693
G2_C2.1,50hertz,2024,quantile,cov50,46.27447632058288
G2_C2.1,50hertz,2024,quantile,cov95,96.03540528233151
G2_C2.1,50hertz,2024,ensemble,wis,403.8371637123678
G2_C2.1,50hertz,2024,ensemble,lqs,201.9185818561839
G2_C2.1,50hertz,2024,ensemble,mae_median,692.1108923656693
G2_C2.1,50hertz,2024,ensemble,cov50,46.27447632058288
G2_C2.1,50hertz,2024,ensemble,cov95,96.03540528233151
G2_C2.1,50hertz,2024,ensemble,crps,494.6705783944187
G2_C2.1,50hertz,2024,ensemble,energy_score,5650.690251359929
G2_C2.1,50hertz,2025,point,rmse,984.6523181609447
G2_C2.1,50hertz,2025,point,r2,0.7266559834574171
G2_C2.1,50hertz,2025,point,mae,773.2626292417509
G2_C2.1,50hertz,2025,point,smape,6.724185999274902
G2_C2.1,50hertz,2025,quantile,wis,449.24785063203717
G2_C2.1,50hertz,2025,quantile,lqs,224.62392531601859
G2_C2.1,50hertz,2025,quantile,mae_median,770.9151759375446
G2_C2.1,50hertz,2025,quantile,cov50,47.014840182648406
G2_C2.1,50hertz,2025,quantile,cov95,96.55251141552512
G2_C2.1,50hertz,2025,ensemble,wis,449.24785063203717
G2_C2.1,50hertz,2025,ensemble,lqs,224.62392531601859
G2_C2.1,50hertz,2025,ensemble,mae_median,770.9151759375446
G2_C2.1,50hertz,2025,ensemble,cov50,47.014840182648406
G2_C2.1,50hertz,2025,ensemble,cov95,96.55251141552512
G2_C2.1,50hertz,2025,ensemble,crps,551.1598866783033
G2_C2.1,50hertz,2025,ensemble,energy_score,6267.414911733094
G2_C2.1,50hertz,2026H1,point,rmse,1041.858552010491
G2_C2.1,50hertz,2026H1,point,r2,0.7664554086849344
G2_C2.1,50hertz,2026H1,point,mae,773.3847381970015
G2_C2.1,50hertz,2026H1,point,smape,6.429042615465779
G2_C2.1,50hertz,2026H1,quantile,wis,459.31658456288386
G2_C2.1,50hertz,2026H1,quantile,lqs,229.65829228144193
G2_C2.1,50hertz,2026H1,quantile,mae_median,772.194756220232
G2_C2.1,50hertz,2026H1,quantile,cov50,49.58196271929825
G2_C2.1,50hertz,2026H1,quantile,cov95,94.03782894736842
G2_C2.1,50hertz,2026H1,ensemble,wis,459.31658456288386
G2_C2.1,50hertz,2026H1,ensemble,lqs,229.65829228144193
G2_C2.1,50hertz,2026H1,ensemble,mae_median,772.194756220232
G2_C2.1,50hertz,2026H1,ensemble,cov50,49.58196271929825
G2_C2.1,50hertz,2026H1,ensemble,cov95,94.03782894736842
G2_C2.1,50hertz,2026H1,ensemble,crps,563.4559566620459
G2_C2.1,50hertz,2026H1,ensemble,energy_score,6319.780758380672
G2_C2.1,amprion,2024,point,rmse,1233.0589921220717
G2_C2.1,amprion,2024,point,r2,0.8606890870053236
G2_C2.1,amprion,2024,point,mae,834.3907026686671
G2_C2.1,amprion,2024,point,smape,4.517039451886174
G2_C2.1,amprion,2024,quantile,wis,509.12783339315007
G2_C2.1,amprion,2024,quantile,lqs,254.56391669657506
G2_C2.1,amprion,2024,quantile,mae_median,826.2043051376669
G2_C2.1,amprion,2024,quantile,cov50,50.22768670309654
G2_C2.1,amprion,2024,quantile,cov95,94.85712659380692
G2_C2.1,amprion,2024,ensemble,wis,509.12783339315007
G2_C2.1,amprion,2024,ensemble,lqs,254.56391669657506
G2_C2.1,amprion,2024,ensemble,mae_median,826.2043051376669
G2_C2.1,amprion,2024,ensemble,cov50,50.22768670309654
G2_C2.1,amprion,2024,ensemble,cov95,94.85712659380692
G2_C2.1,amprion,2024,ensemble,crps,613.9569638761493
G2_C2.1,amprion,2024,ensemble,energy_score,7081.38309522707
G2_C2.1,amprion,2025,point,rmse,1077.4915063209064
G2_C2.1,amprion,2025,point,r2,0.8899561943391562
G2_C2.1,amprion,2025,point,mae,745.5136719178129
G2_C2.1,amprion,2025,point,smape,3.9139111930587367
G2_C2.1,amprion,2025,quantile,wis,446.91044496139057
G2_C2.1,amprion,2025,quantile,lqs,223.45522248069528
G2_C2.1,amprion,2025,quantile,mae_median,739.9488722666239
G2_C2.1,amprion,2025,quantile,cov50,52.03481735159817
G2_C2.1,amprion,2025,quantile,cov95,96.46974885844749
G2_C2.1,amprion,2025,ensemble,wis,446.91044496139057
G2_C2.1,amprion,2025,ensemble,lqs,223.45522248069528
G2_C2.1,amprion,2025,ensemble,mae_median,739.9488722666239
G2_C2.1,amprion,2025,ensemble,cov50,52.03481735159817
G2_C2.1,amprion,2025,ensemble,cov95,96.46974885844749
G2_C2.1,amprion,2025,ensemble,crps,543.7831816688565
G2_C2.1,amprion,2025,ensemble,energy_score,6359.044051557937
G2_C2.1,amprion,2026H1,point,rmse,1320.3315733712795
G2_C2.1,amprion,2026H1,point,r2,0.8515285263919388
G2_C2.1,amprion,2026H1,point,mae,923.7431255084886
G2_C2.1,amprion,2026H1,point,smape,4.696095661848951
G2_C2.1,amprion,2026H1,quantile,wis,552.7411461166072
G2_C2.1,amprion,2026H1,quantile,lqs,276.3705730583036
G2_C2.1,amprion,2026H1,quantile,mae_median,917.491262405963
G2_C2.1,amprion,2026H1,quantile,cov50,48.87609649122807
G2_C2.1,amprion,2026H1,quantile,cov95,94.68201754385966
G2_C2.1,amprion,2026H1,ensemble,wis,552.7411461166072
G2_C2.1,amprion,2026H1,ensemble,lqs,276.3705730583036
G2_C2.1,amprion,2026H1,ensemble,mae_median,917.491262405963
G2_C2.1,amprion,2026H1,ensemble,cov50,48.87609649122807
G2_C2.1,amprion,2026H1,ensemble,cov95,94.68201754385966
G2_C2.1,amprion,2026H1,ensemble,crps,672.1653902848484
G2_C2.1,amprion,2026H1,ensemble,energy_score,7742.89629572432
G2_C2.1,de_lu,2024,point,rmse,2865.188420607744
G2_C2.1,de_lu,2024,point,r2,0.9036618003341439
G2_C2.1,de_lu,2024,point,mae,1860.4668061607179
G2_C2.1,de_lu,2024,point,smape,3.5341182229919283
G2_C2.1,de_lu,2024,quantile,wis,1147.0694697227486
G2_C2.1,de_lu,2024,quantile,lqs,573.5347348613744
G2_C2.1,de_lu,2024,quantile,mae_median,1835.7627192044483
G2_C2.1,de_lu,2024,quantile,cov50,61.6547131147541
G2_C2.1,de_lu,2024,quantile,cov95,98.01058743169399
G2_C2.1,de_lu,2024,ensemble,wis,1147.0694697227486
G2_C2.1,de_lu,2024,ensemble,lqs,573.5347348613744
G2_C2.1,de_lu,2024,ensemble,mae_median,1835.7627192044483
G2_C2.1,de_lu,2024,ensemble,cov50,61.6547131147541
G2_C2.1,de_lu,2024,ensemble,cov95,98.01058743169399
G2_C2.1,de_lu,2024,ensemble,crps,1393.7359439583859
G2_C2.1,de_lu,2024,ensemble,energy_score,15630.327312671287
G2_C2.1,de_lu,2025,point,rmse,2774.846740710901
G2_C2.1,de_lu,2025,point,r2,0.9100967456368723
G2_C2.1,de_lu,2025,point,mae,1854.7527589237623
G2_C2.1,de_lu,2025,point,smape,3.5137962286297166
G2_C2.1,de_lu,2025,quantile,wis,1130.6090429102076
G2_C2.1,de_lu,2025,quantile,lqs,565.3045214551038
G2_C2.1,de_lu,2025,quantile,mae_median,1829.4426815443421
G2_C2.1,de_lu,2025,quantile,cov50,61.20148401826484
G2_C2.1,de_lu,2025,quantile,cov95,98.4703196347032
G2_C2.1,de_lu,2025,ensemble,wis,1130.6090429102076
G2_C2.1,de_lu,2025,ensemble,lqs,565.3045214551038
G2_C2.1,de_lu,2025,ensemble,mae_median,1829.4426815443421
G2_C2.1,de_lu,2025,ensemble,cov50,61.20148401826484
G2_C2.1,de_lu,2025,ensemble,cov95,98.4703196347032
G2_C2.1,de_lu,2025,ensemble,crps,1379.8790905635306
G2_C2.1,de_lu,2025,ensemble,energy_score,15518.520595493479
G2_C2.1,de_lu,2026H1,point,rmse,3544.481731066364
G2_C2.1,de_lu,2026H1,point,r2,0.8685470364213224
G2_C2.1,de_lu,2026H1,point,mae,2370.5513873274554
G2_C2.1,de_lu,2026H1,point,smape,4.3881098750401035
G2_C2.1,de_lu,2026H1,quantile,wis,1424.992912711722
G2_C2.1,de_lu,2026H1,quantile,lqs,712.4964563558609
G2_C2.1,de_lu,2026H1,quantile,mae_median,2334.2997692059857
G2_C2.1,de_lu,2026H1,quantile,cov50,59.45038377192983
G2_C2.1,de_lu,2026H1,quantile,cov95,96.67626096491229
G2_C2.1,de_lu,2026H1,ensemble,wis,1424.992912711722
G2_C2.1,de_lu,2026H1,ensemble,lqs,712.4964563558609
G2_C2.1,de_lu,2026H1,ensemble,mae_median,2334.2997692059857
G2_C2.1,de_lu,2026H1,ensemble,cov50,59.45038377192983
G2_C2.1,de_lu,2026H1,ensemble,cov95,96.67626096491229
G2_C2.1,de_lu,2026H1,ensemble,crps,1738.7795181300266
G2_C2.1,de_lu,2026H1,ensemble,energy_score,19328.859963892886
G2_C2.1,lu,2024,point,rmse,28.934216056485802
G2_C2.1,lu,2024,point,r2,0.913321623298464
G2_C2.1,lu,2024,point,mae,17.77688938374469
G2_C2.1,lu,2024,point,smape,3.2070271096550194
G2_C2.1,lu,2024,quantile,wis,10.889117793807047
G2_C2.1,lu,2024,quantile,lqs,5.444558896903522
G2_C2.1,lu,2024,quantile,mae_median,17.278887605677532
G2_C2.1,lu,2024,quantile,cov50,48.26104280510018
G2_C2.1,lu,2024,quantile,cov95,94.08299180327869
G2_C2.1,lu,2024,ensemble,wis,10.889117793807047
G2_C2.1,lu,2024,ensemble,lqs,5.444558896903522
G2_C2.1,lu,2024,ensemble,mae_median,17.278887605677532
G2_C2.1,lu,2024,ensemble,cov50,48.26104280510018
G2_C2.1,lu,2024,ensemble,cov95,94.08299180327869
G2_C2.1,lu,2024,ensemble,crps,13.02039570282165
G2_C2.1,lu,2024,ensemble,energy_score,149.87939252275362
G2_C2.1,lu,2025,point,rmse,30.627541396156303
G2_C2.1,lu,2025,point,r2,0.9036496812585955
G2_C2.1,lu,2025,point,mae,19.61778242829255
G2_C2.1,lu,2025,point,smape,3.610720986610742
G2_C2.1,lu,2025,quantile,wis,11.965757246258965
G2_C2.1,lu,2025,quantile,lqs,5.9828786231294835
G2_C2.1,lu,2025,quantile,mae_median,19.266217030327503
G2_C2.1,lu,2025,quantile,cov50,48.1763698630137
G2_C2.1,lu,2025,quantile,cov95,93.39326484018264
G2_C2.1,lu,2025,ensemble,wis,11.965757246258965
G2_C2.1,lu,2025,ensemble,lqs,5.9828786231294835
G2_C2.1,lu,2025,ensemble,mae_median,19.266217030327503
G2_C2.1,lu,2025,ensemble,cov50,48.1763698630137
G2_C2.1,lu,2025,ensemble,cov95,93.39326484018264
G2_C2.1,lu,2025,ensemble,crps,14.401255633569276
G2_C2.1,lu,2025,ensemble,energy_score,165.86448224661368
G2_C2.1,lu,2026H1,point,rmse,44.54097851435713
G2_C2.1,lu,2026H1,point,r2,0.8008115122256546
G2_C2.1,lu,2026H1,point,mae,26.2733625425946
G2_C2.1,lu,2026H1,point,smape,4.955172659064395
G2_C2.1,lu,2026H1,quantile,wis,16.179584303058483
G2_C2.1,lu,2026H1,quantile,lqs,8.089792151529242
G2_C2.1,lu,2026H1,quantile,mae_median,26.11394083228449
G2_C2.1,lu,2026H1,quantile,cov50,46.23766447368421
G2_C2.1,lu,2026H1,quantile,cov95,93.18804824561403
G2_C2.1,lu,2026H1,ensemble,wis,16.179584303058483
G2_C2.1,lu,2026H1,ensemble,lqs,8.089792151529242
G2_C2.1,lu,2026H1,ensemble,mae_median,26.11394083228449
G2_C2.1,lu,2026H1,ensemble,cov50,46.23766447368421
G2_C2.1,lu,2026H1,ensemble,cov95,93.18804824561403
G2_C2.1,lu,2026H1,ensemble,crps,19.394676232539034
G2_C2.1,lu,2026H1,ensemble,energy_score,222.21446587276077
G2_C2.1,tennet,2024,point,rmse,855.4145424535998
G2_C2.1,tennet,2024,point,r2,0.906741499278986
G2_C2.1,tennet,2024,point,mae,541.6728531159345
G2_C2.1,tennet,2024,point,smape,3.4418882176309005
G2_C2.1,tennet,2024,quantile,wis,328.5853753531756
G2_C2.1,tennet,2024,quantile,lqs,164.29268767658783
G2_C2.1,tennet,2024,quantile,mae_median,529.4202488766863
G2_C2.1,tennet,2024,quantile,cov50,51.79018670309654
G2_C2.1,tennet,2024,quantile,cov95,95.68533697632058
G2_C2.1,tennet,2024,ensemble,wis,328.5853753531756
G2_C2.1,tennet,2024,ensemble,lqs,164.29268767658783
G2_C2.1,tennet,2024,ensemble,mae_median,529.4202488766863
G2_C2.1,tennet,2024,ensemble,cov50,51.79018670309654
G2_C2.1,tennet,2024,ensemble,cov95,95.68533697632058
G2_C2.1,tennet,2024,ensemble,crps,396.40814697733265
G2_C2.1,tennet,2024,ensemble,energy_score,4560.941875693677
G2_C2.1,tennet,2025,point,rmse,853.9445152411749
G2_C2.1,tennet,2025,point,r2,0.9101448469671326
G2_C2.1,tennet,2025,point,mae,553.5681451597886
G2_C2.1,tennet,2025,point,smape,3.549097254823508
G2_C2.1,tennet,2025,quantile,wis,335.70298227308024
G2_C2.1,tennet,2025,quantile,lqs,167.85149113654012
G2_C2.1,tennet,2025,quantile,mae_median,546.9308288915347
G2_C2.1,tennet,2025,quantile,cov50,50.271118721461185
G2_C2.1,tennet,2025,quantile,cov95,94.98573059360731
G2_C2.1,tennet,2025,ensemble,wis,335.70298227308024
G2_C2.1,tennet,2025,ensemble,lqs,167.85149113654012
G2_C2.1,tennet,2025,ensemble,mae_median,546.9308288915347
G2_C2.1,tennet,2025,ensemble,cov50,50.271118721461185
G2_C2.1,tennet,2025,ensemble,cov95,94.98573059360731
G2_C2.1,tennet,2025,ensemble,crps,405.7160362034095
G2_C2.1,tennet,2025,ensemble,energy_score,4665.410066209709
G2_C2.1,tennet,2026H1,point,rmse,1198.2751747518848
G2_C2.1,tennet,2026H1,point,r2,0.8459487659198779
G2_C2.1,tennet,2026H1,point,mae,811.10934125703
G2_C2.1,tennet,2026H1,point,smape,5.364853205609688
G2_C2.1,tennet,2026H1,quantile,wis,484.2762603777969
G2_C2.1,tennet,2026H1,quantile,lqs,242.13813018889846
G2_C2.1,tennet,2026H1,quantile,mae_median,795.7616342634234
G2_C2.1,tennet,2026H1,quantile,cov50,46.24451754385965
G2_C2.1,tennet,2026H1,quantile,cov95,93.56496710526315
G2_C2.1,tennet,2026H1,ensemble,wis,484.2762603777969
G2_C2.1,tennet,2026H1,ensemble,lqs,242.13813018889846
G2_C2.1,tennet,2026H1,ensemble,mae_median,795.7616342634234
G2_C2.1,tennet,2026H1,ensemble,cov50,46.24451754385965
G2_C2.1,tennet,2026H1,ensemble,cov95,93.56496710526315
G2_C2.1,tennet,2026H1,ensemble,crps,585.4761076207067
G2_C2.1,tennet,2026H1,ensemble,energy_score,6709.306739444248
G2_C2.1,transnetbw,2024,point,rmse,429.65429226627697
G2_C2.1,transnetbw,2024,point,r2,0.9016456571871505
G2_C2.1,transnetbw,2024,point,mae,250.19886964932806
G2_C2.1,transnetbw,2024,point,smape,3.9723059340356683
G2_C2.1,transnetbw,2024,quantile,wis,154.14880102713468
G2_C2.1,transnetbw,2024,quantile,lqs,77.07440051356734
G2_C2.1,transnetbw,2024,quantile,mae_median,246.48933193352704
G2_C2.1,transnetbw,2024,quantile,cov50,48.6879553734062
G2_C2.1,transnetbw,2024,quantile,cov95,94.5099043715847
G2_C2.1,transnetbw,2024,ensemble,wis,154.14880102713468
G2_C2.1,transnetbw,2024,ensemble,lqs,77.07440051356734
G2_C2.1,transnetbw,2024,ensemble,mae_median,246.48933193352704
G2_C2.1,transnetbw,2024,ensemble,cov50,48.6879553734062
G2_C2.1,transnetbw,2024,ensemble,cov95,94.5099043715847
G2_C2.1,transnetbw,2024,ensemble,crps,184.44889122237396
G2_C2.1,transnetbw,2024,ensemble,energy_score,2132.002857183944
G2_C2.1,transnetbw,2025,point,rmse,427.960760795579
G2_C2.1,transnetbw,2025,point,r2,0.9035251368068254
G2_C2.1,transnetbw,2025,point,mae,253.22331945525107
G2_C2.1,transnetbw,2025,point,smape,4.037662018030376
G2_C2.1,transnetbw,2025,quantile,wis,155.36997499634793
G2_C2.1,transnetbw,2025,quantile,lqs,77.68498749817397
G2_C2.1,transnetbw,2025,quantile,mae_median,248.28877949039267
G2_C2.1,transnetbw,2025,quantile,cov50,48.085045662100455
G2_C2.1,transnetbw,2025,quantile,cov95,94.28367579908675
G2_C2.1,transnetbw,2025,ensemble,wis,155.36997499634793
G2_C2.1,transnetbw,2025,ensemble,lqs,77.68498749817397
G2_C2.1,transnetbw,2025,ensemble,mae_median,248.28877949039267
G2_C2.1,transnetbw,2025,ensemble,cov50,48.085045662100455
G2_C2.1,transnetbw,2025,ensemble,cov95,94.28367579908675
G2_C2.1,transnetbw,2025,ensemble,crps,185.8489245969423
G2_C2.1,transnetbw,2025,ensemble,energy_score,2156.7669240095856
G2_C2.1,transnetbw,2026H1,point,rmse,561.2483251209737
G2_C2.1,transnetbw,2026H1,point,r2,0.8275838342278423
G2_C2.1,transnetbw,2026H1,point,mae,337.6432738669833
G2_C2.1,transnetbw,2026H1,point,smape,4.976409363283402
G2_C2.1,transnetbw,2026H1,quantile,wis,211.10787761801
G2_C2.1,transnetbw,2026H1,quantile,lqs,105.55393880900502
G2_C2.1,transnetbw,2026H1,quantile,mae_median,333.55800687221057
G2_C2.1,transnetbw,2026H1,quantile,cov50,51.54879385964912
G2_C2.1,transnetbw,2026H1,quantile,cov95,93.60608552631578
G2_C2.1,transnetbw,2026H1,ensemble,wis,211.10787761801
G2_C2.1,transnetbw,2026H1,ensemble,lqs,105.55393880900502
G2_C2.1,transnetbw,2026H1,ensemble,mae_median,333.55800687221057
G2_C2.1,transnetbw,2026H1,ensemble,cov50,51.54879385964912
G2_C2.1,transnetbw,2026H1,ensemble,cov95,93.60608552631578
G2_C2.1,transnetbw,2026H1,ensemble,crps,251.48855538095603
G2_C2.1,transnetbw,2026H1,ensemble,energy_score,2887.481216538275
G2_C2.1,50hertz,overall,point,rmse,958.4633462489127
G2_C2.1,50hertz,overall,point,r2,0.756115725856375
G2_C2.1,50hertz,overall,point,mae,741.0216951251671
G2_C2.1,50hertz,overall,point,smape,6.399927349263606
G2_C2.1,50hertz,overall,quantile,wis,432.1585370928409
G2_C2.1,50hertz,overall,quantile,lqs,216.0792685464205
G2_C2.1,50hertz,overall,quantile,mae_median,738.4713802587928
G2_C2.1,50hertz,overall,quantile,cov50,47.14986787466969
G2_C2.1,50hertz,overall,quantile,cov95,95.90529445073612
G2_C2.1,50hertz,overall,ensemble,wis,432.1585370928409
G2_C2.1,50hertz,overall,ensemble,lqs,216.0792685464205
G2_C2.1,50hertz,overall,ensemble,mae_median,738.4713802587928
G2_C2.1,50hertz,overall,ensemble,cov50,47.14986787466969
G2_C2.1,50hertz,overall,ensemble,cov95,95.90529445073612
G2_C2.1,50hertz,overall,ensemble,crps,529.861943083317
G2_C2.1,50hertz,overall,ensemble,energy_score,6020.799263934513
G2_C2.1,amprion,overall,point,rmse,1187.5236135467446
G2_C2.1,amprion,overall,point,r2,0.8729890335279464
G2_C2.1,amprion,overall,point,mae,813.0333437191666
G2_C2.1,amprion,overall,point,smape,4.298551036758572
G2_C2.1,amprion,overall,quantile,wis,490.91704829278
G2_C2.1,amprion,overall,quantile,lqs,245.45852414639003
G2_C2.1,amprion,overall,quantile,mae_median,806.2636307399887
G2_C2.1,amprion,overall,quantile,cov50,50.742025292563234
G2_C2.1,amprion,overall,quantile,cov95,95.4935824839562
G2_C2.1,amprion,overall,ensemble,wis,490.91704829278
G2_C2.1,amprion,overall,ensemble,lqs,245.45852414639003
G2_C2.1,amprion,overall,ensemble,mae_median,806.2636307399887
G2_C2.1,amprion,overall,ensemble,cov50,50.742025292563234
G2_C2.1,amprion,overall,ensemble,cov95,95.4935824839562
G2_C2.1,amprion,overall,ensemble,crps,594.9697048823332
G2_C2.1,amprion,overall,ensemble,energy_score,6896.667642833353
G2_C2.1,de_lu,overall,point,rmse,2957.7340689261614
G2_C2.1,de_lu,overall,point,r2,0.9005308297782443
G2_C2.1,de_lu,overall,point,mae,1945.911006722275
G2_C2.1,de_lu,overall,point,smape,3.672724342096249
G2_C2.1,de_lu,overall,quantile,wis,1188.1071906148738
G2_C2.1,de_lu,overall,quantile,lqs,594.053595307437
G2_C2.1,de_lu,overall,quantile,mae_median,1918.9686284392105
G2_C2.1,de_lu,overall,quantile,cov50,61.08791053227633
G2_C2.1,de_lu,overall,quantile,cov95,97.97093242733106
G2_C2.1,de_lu,overall,ensemble,wis,1188.1071906148738
G2_C2.1,de_lu,overall,ensemble,lqs,594.053595307437
G2_C2.1,de_lu,overall,ensemble,mae_median,1918.9686284392105
G2_C2.1,de_lu,overall,ensemble,cov50,61.08791053227633
G2_C2.1,de_lu,overall,ensemble,cov95,97.97093242733106
G2_C2.1,de_lu,overall,ensemble,crps,1447.40397542494
G2_C2.1,de_lu,overall,ensemble,energy_score,16220.777495248618
G2_C2.1,lu,overall,point,rmse,32.80662708717059
G2_C2.1,lu,overall,point,r2,0.889717420708213
G2_C2.1,lu,overall,point,mae,20.00043398329753
G2_C2.1,lu,overall,point,smape,3.674825964240596
G2_C2.1,lu,overall,quantile,wis,12.244864463740418
G2_C2.1,lu,overall,quantile,lqs,6.122432231870211
G2_C2.1,lu,overall,quantile,mae_median,19.621246983300978
G2_C2.1,lu,overall,quantile,cov50,47.8777368818422
G2_C2.1,lu,overall,quantile,cov95,93.64382785956965
G2_C2.1,lu,overall,ensemble,wis,12.244864463740418
G2_C2.1,lu,overall,ensemble,lqs,6.122432231870211
G2_C2.1,lu,overall,ensemble,mae_median,19.621246983300978
G2_C2.1,lu,overall,ensemble,cov50,47.8777368818422
G2_C2.1,lu,overall,ensemble,cov95,93.64382785956965
G2_C2.1,lu,overall,ensemble,crps,14.688464236502202
G2_C2.1,lu,overall,ensemble,energy_score,168.9388363488125
G2_C2.1,tennet,overall,point,rmse,922.986710605452
G2_C2.1,tennet,overall,point,r2,0.8963220341636801
G2_C2.1,tennet,overall,point,mae,592.9708460870028
G2_C2.1,tennet,overall,point,smape,3.8172245446389157
G2_C2.1,tennet,overall,quantile,wis,358.32823044888073
G2_C2.1,tennet,overall,quantile,lqs,179.16411522444037
G2_C2.1,tennet,overall,quantile,mae_median,582.5066048044367
G2_C2.1,tennet,overall,quantile,cov50,50.20762551906379
G2_C2.1,tennet,overall,quantile,cov95,95.03114382785957
G2_C2.1,tennet,overall,ensemble,wis,358.32823044888073
G2_C2.1,tennet,overall,ensemble,lqs,179.16411522444037
G2_C2.1,tennet,overall,ensemble,mae_median,582.5066048044367
G2_C2.1,tennet,overall,ensemble,cov50,50.20762551906379
G2_C2.1,tennet,overall,ensemble,cov95,95.03114382785957
G2_C2.1,tennet,overall,ensemble,crps,432.8019290671525
G2_C2.1,tennet,overall,ensemble,energy_score,4973.945668251365
G2_C2.1,transnetbw,overall,point,rmse,454.3666097451902
G2_C2.1,transnetbw,overall,point,r2,0.8919647089760606
G2_C2.1,transnetbw,overall,point,mae,266.50178428154265
G2_C2.1,transnetbw,overall,point,smape,4.172168552273181
G2_C2.1,transnetbw,overall,quantile,wis,164.45854977070871
G2_C2.1,transnetbw,overall,quantile,lqs,82.22927488535437
G2_C2.1,transnetbw,overall,quantile,mae_median,262.22119710785984
G2_C2.1,transnetbw,overall,quantile,cov50,48.93120045300113
G2_C2.1,transnetbw,overall,quantile,cov95,94.26080596451492
G2_C2.1,transnetbw,overall,ensemble,wis,164.45854977070871
G2_C2.1,transnetbw,overall,ensemble,lqs,82.22927488535437
G2_C2.1,transnetbw,overall,ensemble,mae_median,262.22119710785984
G2_C2.1,transnetbw,overall,ensemble,cov50,48.93120045300113
G2_C2.1,transnetbw,overall,ensemble,cov95,94.26080596451492
G2_C2.1,transnetbw,overall,ensemble,crps,196.56785060382572
G2_C2.1,transnetbw,overall,ensemble,energy_score,2272.287789248743
G2_C2.2,50hertz,2024,point,rmse,855.8179072434572
G2_C2.2,50hertz,2024,point,r2,0.7894674121442299
G2_C2.2,50hertz,2024,point,mae,659.3887851045324
G2_C2.2,50hertz,2024,point,smape,5.7467306289468505
G2_C2.2,50hertz,2024,quantile,wis,385.6549266203028
G2_C2.2,50hertz,2024,quantile,lqs,192.82746331015136
G2_C2.2,50hertz,2024,quantile,mae_median,657.9637263741693
G2_C2.2,50hertz,2024,quantile,cov50,46.33709016393443
G2_C2.2,50hertz,2024,quantile,cov95,95.92725409836066
G2_C2.2,50hertz,2024,ensemble,wis,385.6549266203028
G2_C2.2,50hertz,2024,ensemble,lqs,192.82746331015136
G2_C2.2,50hertz,2024,ensemble,mae_median,657.9637263741693
G2_C2.2,50hertz,2024,ensemble,cov50,46.33709016393443
G2_C2.2,50hertz,2024,ensemble,cov95,95.92725409836066
G2_C2.2,50hertz,2024,ensemble,crps,471.7101482578669
G2_C2.2,50hertz,2024,ensemble,energy_score,5400.093446974745
G2_C2.2,50hertz,2025,point,rmse,951.4291253871556
G2_C2.2,50hertz,2025,point,r2,0.7447906153697672
G2_C2.2,50hertz,2025,point,mae,744.4170908857831
G2_C2.2,50hertz,2025,point,smape,6.465097838798137
G2_C2.2,50hertz,2025,quantile,wis,430.7477879940559
G2_C2.2,50hertz,2025,quantile,lqs,215.37389399702798
G2_C2.2,50hertz,2025,quantile,mae_median,743.7157243573193
G2_C2.2,50hertz,2025,quantile,cov50,45.26541095890411
G2_C2.2,50hertz,2025,quantile,cov95,96.06449771689498
G2_C2.2,50hertz,2025,ensemble,wis,430.7477879940559
G2_C2.2,50hertz,2025,ensemble,lqs,215.37389399702798
G2_C2.2,50hertz,2025,ensemble,mae_median,743.7157243573193
G2_C2.2,50hertz,2025,ensemble,cov50,45.26541095890411
G2_C2.2,50hertz,2025,ensemble,cov95,96.06449771689498
G2_C2.2,50hertz,2025,ensemble,crps,528.0414613615086
G2_C2.2,50hertz,2025,ensemble,energy_score,6019.855913476322
G2_C2.2,50hertz,2026H1,point,rmse,1030.675532455472
G2_C2.2,50hertz,2026H1,point,r2,0.7714421065727799
G2_C2.2,50hertz,2026H1,point,mae,759.1014174062781
G2_C2.2,50hertz,2026H1,point,smape,6.309716889618082
G2_C2.2,50hertz,2026H1,quantile,wis,451.66567370183844
G2_C2.2,50hertz,2026H1,quantile,lqs,225.83283685091925
G2_C2.2,50hertz,2026H1,quantile,mae_median,759.6966298506887
G2_C2.2,50hertz,2026H1,quantile,cov50,46.14172149122807
G2_C2.2,50hertz,2026H1,quantile,cov95,92.96189692982456
G2_C2.2,50hertz,2026H1,ensemble,wis,451.66567370183844
G2_C2.2,50hertz,2026H1,ensemble,lqs,225.83283685091925
G2_C2.2,50hertz,2026H1,ensemble,mae_median,759.6966298506887
G2_C2.2,50hertz,2026H1,ensemble,cov50,46.14172149122807
G2_C2.2,50hertz,2026H1,ensemble,cov95,92.96189692982456
G2_C2.2,50hertz,2026H1,ensemble,crps,552.2155211623482
G2_C2.2,50hertz,2026H1,ensemble,energy_score,6200.158460011959
G2_C2.2,amprion,2024,point,rmse,1201.8121750978264
G2_C2.2,amprion,2024,point,r2,0.8676601530992878
G2_C2.2,amprion,2024,point,mae,822.5193809890199
G2_C2.2,amprion,2024,point,smape,4.456064175483277
G2_C2.2,amprion,2024,quantile,wis,500.8411814303118
G2_C2.2,amprion,2024,quantile,lqs,250.42059071515592
G2_C2.2,amprion,2024,quantile,mae_median,814.1369416295572
G2_C2.2,amprion,2024,quantile,cov50,49.157559198542806
G2_C2.2,amprion,2024,quantile,cov95,94.0915300546448
G2_C2.2,amprion,2024,ensemble,wis,500.8411814303118
G2_C2.2,amprion,2024,ensemble,lqs,250.42059071515592
G2_C2.2,amprion,2024,ensemble,mae_median,814.1369416295572
G2_C2.2,amprion,2024,ensemble,cov50,49.157559198542806
G2_C2.2,amprion,2024,ensemble,cov95,94.0915300546448
G2_C2.2,amprion,2024,ensemble,crps,603.3015473131235
G2_C2.2,amprion,2024,ensemble,energy_score,6972.258578856178
G2_C2.2,amprion,2025,point,rmse,1091.5232163040737
G2_C2.2,amprion,2025,point,r2,0.8870714256861182
G2_C2.2,amprion,2025,point,mae,748.9272979469781
G2_C2.2,amprion,2025,point,smape,3.9362649083374426
G2_C2.2,amprion,2025,quantile,wis,449.3805490981191
G2_C2.2,amprion,2025,quantile,lqs,224.69027454905955
G2_C2.2,amprion,2025,quantile,mae_median,743.6861866276843
G2_C2.2,amprion,2025,quantile,cov50,49.1837899543379
G2_C2.2,amprion,2025,quantile,cov95,95.63926940639269
G2_C2.2,amprion,2025,ensemble,wis,449.3805490981191
G2_C2.2,amprion,2025,ensemble,lqs,224.69027454905955
G2_C2.2,amprion,2025,ensemble,mae_median,743.6861866276843
G2_C2.2,amprion,2025,ensemble,cov50,49.1837899543379
G2_C2.2,amprion,2025,ensemble,cov95,95.63926940639269
G2_C2.2,amprion,2025,ensemble,crps,545.526103751075
G2_C2.2,amprion,2025,ensemble,energy_score,6371.595185982662
G2_C2.2,amprion,2026H1,point,rmse,1291.9472259451256
G2_C2.2,amprion,2026H1,point,r2,0.8578435567288655
G2_C2.2,amprion,2026H1,point,mae,909.7422323505255
G2_C2.2,amprion,2026H1,point,smape,4.617684382666303
G2_C2.2,amprion,2026H1,quantile,wis,548.684004026319
G2_C2.2,amprion,2026H1,quantile,lqs,274.3420020131595
G2_C2.2,amprion,2026H1,quantile,mae_median,903.8774173415869
G2_C2.2,amprion,2026H1,quantile,cov50,48.82127192982456
G2_C2.2,amprion,2026H1,quantile,cov95,93.00986842105263
G2_C2.2,amprion,2026H1,ensemble,wis,548.684004026319
G2_C2.2,amprion,2026H1,ensemble,lqs,274.3420020131595
G2_C2.2,amprion,2026H1,ensemble,mae_median,903.8774173415869
G2_C2.2,amprion,2026H1,ensemble,cov50,48.82127192982456
G2_C2.2,amprion,2026H1,ensemble,cov95,93.00986842105263
G2_C2.2,amprion,2026H1,ensemble,crps,665.5267217515911
G2_C2.2,amprion,2026H1,ensemble,energy_score,7672.524616435464
G2_C2.2,de_lu,2024,point,rmse,2778.885583706308
G2_C2.2,de_lu,2024,point,r2,0.9093780333345037
G2_C2.2,de_lu,2024,point,mae,1801.3957393150422
G2_C2.2,de_lu,2024,point,smape,3.4232550902544303
G2_C2.2,de_lu,2024,quantile,wis,1107.0657927173352
G2_C2.2,de_lu,2024,quantile,lqs,553.5328963586676
G2_C2.2,de_lu,2024,quantile,mae_median,1782.9295195959057
G2_C2.2,de_lu,2024,quantile,cov50,59.61976320582878
G2_C2.2,de_lu,2024,quantile,cov95,97.9365892531876
G2_C2.2,de_lu,2024,ensemble,wis,1107.0657927173352
G2_C2.2,de_lu,2024,ensemble,lqs,553.5328963586676
G2_C2.2,de_lu,2024,ensemble,mae_median,1782.9295195959057
G2_C2.2,de_lu,2024,ensemble,cov50,59.61976320582878
G2_C2.2,de_lu,2024,ensemble,cov95,97.9365892531876
G2_C2.2,de_lu,2024,ensemble,crps,1342.8362179505186
G2_C2.2,de_lu,2024,ensemble,energy_score,15086.079760910612
G2_C2.2,de_lu,2025,point,rmse,2765.988701833263
G2_C2.2,de_lu,2025,point,r2,0.9106698190288274
G2_C2.2,de_lu,2025,point,mae,1816.4428765628188
G2_C2.2,de_lu,2025,point,smape,3.4384125028897246
G2_C2.2,de_lu,2025,quantile,wis,1102.3612386917987
G2_C2.2,de_lu,2025,quantile,lqs,551.1806193458993
G2_C2.2,de_lu,2025,quantile,mae_median,1798.0333848614798
G2_C2.2,de_lu,2025,quantile,cov50,59.64326484018265
G2_C2.2,de_lu,2025,quantile,cov95,98.09360730593608
G2_C2.2,de_lu,2025,ensemble,wis,1102.3612386917987
G2_C2.2,de_lu,2025,ensemble,lqs,551.1806193458993
G2_C2.2,de_lu,2025,ensemble,mae_median,1798.0333848614798
G2_C2.2,de_lu,2025,ensemble,cov50,59.64326484018265
G2_C2.2,de_lu,2025,ensemble,cov95,98.09360730593608
G2_C2.2,de_lu,2025,ensemble,crps,1344.3587944270355
G2_C2.2,de_lu,2025,ensemble,energy_score,15121.220869710276
G2_C2.2,de_lu,2026H1,point,rmse,3449.492107545967
G2_C2.2,de_lu,2026H1,point,r2,0.8754983209764987
G2_C2.2,de_lu,2026H1,point,mae,2274.4464837072255
G2_C2.2,de_lu,2026H1,point,smape,4.2229791630560145
G2_C2.2,de_lu,2026H1,quantile,wis,1379.5079789327779
G2_C2.2,de_lu,2026H1,quantile,lqs,689.7539894663888
G2_C2.2,de_lu,2026H1,quantile,mae_median,2242.989750143623
G2_C2.2,de_lu,2026H1,quantile,cov50,57.86732456140351
G2_C2.2,de_lu,2026H1,quantile,cov95,96.6077302631579
G2_C2.2,de_lu,2026H1,ensemble,wis,1379.5079789327779
G2_C2.2,de_lu,2026H1,ensemble,lqs,689.7539894663888
G2_C2.2,de_lu,2026H1,ensemble,mae_median,2242.989750143623
G2_C2.2,de_lu,2026H1,ensemble,cov50,57.86732456140351
G2_C2.2,de_lu,2026H1,ensemble,cov95,96.6077302631579
G2_C2.2,de_lu,2026H1,ensemble,crps,1676.768079537867
G2_C2.2,de_lu,2026H1,ensemble,energy_score,18620.49499460468
G2_C2.2,lu,2024,point,rmse,28.934216056485802
G2_C2.2,lu,2024,point,r2,0.913321623298464
G2_C2.2,lu,2024,point,mae,17.77688938374469
G2_C2.2,lu,2024,point,smape,3.2070271096550194
G2_C2.2,lu,2024,quantile,wis,10.889117793807047
G2_C2.2,lu,2024,quantile,lqs,5.444558896903522
G2_C2.2,lu,2024,quantile,mae_median,17.278887605677532
G2_C2.2,lu,2024,quantile,cov50,48.26104280510018
G2_C2.2,lu,2024,quantile,cov95,94.08299180327869
G2_C2.2,lu,2024,ensemble,wis,10.889117793807047
G2_C2.2,lu,2024,ensemble,lqs,5.444558896903522
G2_C2.2,lu,2024,ensemble,mae_median,17.278887605677532
G2_C2.2,lu,2024,ensemble,cov50,48.26104280510018
G2_C2.2,lu,2024,ensemble,cov95,94.08299180327869
G2_C2.2,lu,2024,ensemble,crps,13.02039570282165
G2_C2.2,lu,2024,ensemble,energy_score,149.87939252275362
G2_C2.2,lu,2025,point,rmse,30.627541396156303
G2_C2.2,lu,2025,point,r2,0.9036496812585955
G2_C2.2,lu,2025,point,mae,19.61778242829255
G2_C2.2,lu,2025,point,smape,3.610720986610742
G2_C2.2,lu,2025,quantile,wis,11.965757246258965
G2_C2.2,lu,2025,quantile,lqs,5.9828786231294835
G2_C2.2,lu,2025,quantile,mae_median,19.266217030327503
G2_C2.2,lu,2025,quantile,cov50,48.1763698630137
G2_C2.2,lu,2025,quantile,cov95,93.39326484018264
G2_C2.2,lu,2025,ensemble,wis,11.965757246258965
G2_C2.2,lu,2025,ensemble,lqs,5.9828786231294835
G2_C2.2,lu,2025,ensemble,mae_median,19.266217030327503
G2_C2.2,lu,2025,ensemble,cov50,48.1763698630137
G2_C2.2,lu,2025,ensemble,cov95,93.39326484018264
G2_C2.2,lu,2025,ensemble,crps,14.401255633569276
G2_C2.2,lu,2025,ensemble,energy_score,165.86448224661368
G2_C2.2,lu,2026H1,point,rmse,44.54097851435713
G2_C2.2,lu,2026H1,point,r2,0.8008115122256546
G2_C2.2,lu,2026H1,point,mae,26.2733625425946
G2_C2.2,lu,2026H1,point,smape,4.955172659064395
G2_C2.2,lu,2026H1,quantile,wis,16.179584303058483
G2_C2.2,lu,2026H1,quantile,lqs,8.089792151529242
G2_C2.2,lu,2026H1,quantile,mae_median,26.11394083228449
G2_C2.2,lu,2026H1,quantile,cov50,46.23766447368421
G2_C2.2,lu,2026H1,quantile,cov95,93.18804824561403
G2_C2.2,lu,2026H1,ensemble,wis,16.179584303058483
G2_C2.2,lu,2026H1,ensemble,lqs,8.089792151529242
G2_C2.2,lu,2026H1,ensemble,mae_median,26.11394083228449
G2_C2.2,lu,2026H1,ensemble,cov50,46.23766447368421
G2_C2.2,lu,2026H1,ensemble,cov95,93.18804824561403
G2_C2.2,lu,2026H1,ensemble,crps,19.394676232539034
G2_C2.2,lu,2026H1,ensemble,energy_score,222.21446587276077
G2_C2.2,tennet,2024,point,rmse,808.5704103581205
G2_C2.2,tennet,2024,point,r2,0.916675856274049
G2_C2.2,tennet,2024,point,mae,506.8445014113315
G2_C2.2,tennet,2024,point,smape,3.2286929982167387
G2_C2.2,tennet,2024,quantile,wis,309.77321000846484
G2_C2.2,tennet,2024,quantile,lqs,154.88660500423245
G2_C2.2,tennet,2024,quantile,mae_median,501.1988273567797
G2_C2.2,tennet,2024,quantile,cov50,49.79792805100182
G2_C2.2,tennet,2024,quantile,cov95,94.75466757741347
G2_C2.2,tennet,2024,ensemble,wis,309.77321000846484
G2_C2.2,tennet,2024,ensemble,lqs,154.88660500423245
G2_C2.2,tennet,2024,ensemble,mae_median,501.1988273567797
G2_C2.2,tennet,2024,ensemble,cov50,49.79792805100182
G2_C2.2,tennet,2024,ensemble,cov95,94.75466757741347
G2_C2.2,tennet,2024,ensemble,crps,373.023700933151
G2_C2.2,tennet,2024,ensemble,energy_score,4300.74925895994
G2_C2.2,tennet,2025,point,rmse,827.212572115482
G2_C2.2,tennet,2025,point,r2,0.9156824587433716
G2_C2.2,tennet,2025,point,mae,525.8821955168105
G2_C2.2,tennet,2025,point,smape,3.384246266230142
G2_C2.2,tennet,2025,quantile,wis,322.16908713354104
G2_C2.2,tennet,2025,quantile,lqs,161.08454356677052
G2_C2.2,tennet,2025,quantile,mae_median,522.2438090305276
G2_C2.2,tennet,2025,quantile,cov50,47.51141552511415
G2_C2.2,tennet,2025,quantile,cov95,93.11358447488584
G2_C2.2,tennet,2025,ensemble,wis,322.16908713354104
G2_C2.2,tennet,2025,ensemble,lqs,161.08454356677052
G2_C2.2,tennet,2025,ensemble,mae_median,522.2438090305276
G2_C2.2,tennet,2025,ensemble,cov50,47.51141552511415
G2_C2.2,tennet,2025,ensemble,cov95,93.11358447488584
G2_C2.2,tennet,2025,ensemble,crps,387.1634596638238
G2_C2.2,tennet,2025,ensemble,energy_score,4424.727838066967
G2_C2.2,tennet,2026H1,point,rmse,1128.0779057615246
G2_C2.2,tennet,2026H1,point,r2,0.8634693227394219
G2_C2.2,tennet,2026H1,point,mae,753.1651311591203
G2_C2.2,tennet,2026H1,point,smape,5.023873368690502
G2_C2.2,tennet,2026H1,quantile,wis,448.0736805509266
G2_C2.2,tennet,2026H1,quantile,lqs,224.03684027546333
G2_C2.2,tennet,2026H1,quantile,mae_median,735.9471950469434
G2_C2.2,tennet,2026H1,quantile,cov50,44.620339912280706
G2_C2.2,tennet,2026H1,quantile,cov95,92.98930921052632
G2_C2.2,tennet,2026H1,ensemble,wis,448.0736805509266
G2_C2.2,tennet,2026H1,ensemble,lqs,224.03684027546333
G2_C2.2,tennet,2026H1,ensemble,mae_median,735.9471950469434
G2_C2.2,tennet,2026H1,ensemble,cov50,44.620339912280706
G2_C2.2,tennet,2026H1,ensemble,cov95,92.98930921052632
G2_C2.2,tennet,2026H1,ensemble,crps,538.923150552424
G2_C2.2,tennet,2026H1,ensemble,energy_score,6156.23337572935
G2_C2.2,transnetbw,2024,point,rmse,432.28630987122926
G2_C2.2,transnetbw,2024,point,r2,0.9004369492888877
G2_C2.2,transnetbw,2024,point,mae,246.3989135492705
G2_C2.2,transnetbw,2024,point,smape,3.921395242516991
G2_C2.2,transnetbw,2024,quantile,wis,153.41075654760473
G2_C2.2,transnetbw,2024,quantile,lqs,76.70537827380238
G2_C2.2,transnetbw,2024,quantile,mae_median,242.47470479107076
G2_C2.2,transnetbw,2024,quantile,cov50,46.59039162112932
G2_C2.2,transnetbw,2024,quantile,cov95,93.3686247723133
G2_C2.2,transnetbw,2024,ensemble,wis,153.41075654760473
G2_C2.2,transnetbw,2024,ensemble,lqs,76.70537827380238
G2_C2.2,transnetbw,2024,ensemble,mae_median,242.47470479107076
G2_C2.2,transnetbw,2024,ensemble,cov50,46.59039162112932
G2_C2.2,transnetbw,2024,ensemble,cov95,93.3686247723133
G2_C2.2,transnetbw,2024,ensemble,crps,182.34484836827173
G2_C2.2,transnetbw,2024,ensemble,energy_score,2095.87207210226
G2_C2.2,transnetbw,2025,point,rmse,422.583123071629
G2_C2.2,transnetbw,2025,point,r2,0.9059344570925194
G2_C2.2,transnetbw,2025,point,mae,248.08038442443066
G2_C2.2,transnetbw,2025,point,smape,3.9599106621054934
G2_C2.2,transnetbw,2025,quantile,wis,153.09547781480012
G2_C2.2,transnetbw,2025,quantile,lqs,76.54773890740005
G2_C2.2,transnetbw,2025,quantile,mae_median,243.7745160545872
G2_C2.2,transnetbw,2025,quantile,cov50,45.91609589041096
G2_C2.2,transnetbw,2025,quantile,cov95,92.23173515981735
G2_C2.2,transnetbw,2025,ensemble,wis,153.09547781480012
G2_C2.2,transnetbw,2025,ensemble,lqs,76.54773890740005
G2_C2.2,transnetbw,2025,ensemble,mae_median,243.7745160545872
G2_C2.2,transnetbw,2025,ensemble,cov50,45.91609589041096
G2_C2.2,transnetbw,2025,ensemble,cov95,92.23173515981735
G2_C2.2,transnetbw,2025,ensemble,crps,182.72426966075952
G2_C2.2,transnetbw,2025,ensemble,energy_score,2108.3357259018385
G2_C2.2,transnetbw,2026H1,point,rmse,562.0408169152337
G2_C2.2,transnetbw,2026H1,point,r2,0.8270965815866318
G2_C2.2,transnetbw,2026H1,point,mae,329.95286440250965
G2_C2.2,transnetbw,2026H1,point,smape,4.895285240829882
G2_C2.2,transnetbw,2026H1,quantile,wis,209.09244225008445
G2_C2.2,transnetbw,2026H1,quantile,lqs,104.54622112504224
G2_C2.2,transnetbw,2026H1,quantile,mae_median,328.9106685052169
G2_C2.2,transnetbw,2026H1,quantile,cov50,48.29358552631579
G2_C2.2,transnetbw,2026H1,quantile,cov95,91.91337719298247
G2_C2.2,transnetbw,2026H1,ensemble,wis,209.09244225008445
G2_C2.2,transnetbw,2026H1,ensemble,lqs,104.54622112504224
G2_C2.2,transnetbw,2026H1,ensemble,mae_median,328.9106685052169
G2_C2.2,transnetbw,2026H1,ensemble,cov50,48.29358552631579
G2_C2.2,transnetbw,2026H1,ensemble,cov95,91.91337719298247
G2_C2.2,transnetbw,2026H1,ensemble,crps,248.9865821145545
G2_C2.2,transnetbw,2026H1,ensemble,energy_score,2851.646736948744
G2_C2.2,50hertz,overall,point,rmse,927.7037411580985
G2_C2.2,50hertz,overall,point,r2,0.7715183137974249
G2_C2.2,50hertz,overall,point,mae,711.700961457898
G2_C2.2,50hertz,overall,point,smape,6.140590134289712
G2_C2.2,50hertz,overall,quantile,wis,415.6577895396836
G2_C2.2,50hertz,overall,quantile,lqs,207.82889476984184
G2_C2.2,50hertz,overall,quantile,mae_median,710.9228210426638
G2_C2.2,50hertz,overall,quantile,cov50,45.86046621366553
G2_C2.2,50hertz,overall,quantile,cov95,95.47352774631936
G2_C2.2,50hertz,overall,ensemble,wis,415.6577895396836
G2_C2.2,50hertz,overall,ensemble,lqs,207.82889476984184
G2_C2.2,50hertz,overall,ensemble,mae_median,710.9228210426638
G2_C2.2,50hertz,overall,ensemble,cov50,45.86046621366553
G2_C2.2,50hertz,overall,ensemble,cov95,95.47352774631936
G2_C2.2,50hertz,overall,ensemble,crps,508.8536884212988
G2_C2.2,50hertz,overall,ensemble,energy_score,5794.004185655077
G2_C2.2,amprion,overall,point,rmse,1174.0926411957698
G2_C2.2,amprion,overall,point,r2,0.8758457918208165
G2_C2.2,amprion,overall,point,mae,807.1136766816628
G2_C2.2,amprion,overall,point,smape,4.269019485770468
G2_C2.2,amprion,overall,quantile,wis,487.8049166889106
G2_C2.2,amprion,overall,quantile,lqs,243.9024583444553
G2_C2.2,amprion,overall,quantile,mae_median,800.4631327196422
G2_C2.2,amprion,overall,quantile,cov50,49.1105134012835
G2_C2.2,amprion,overall,quantile,cov95,94.54511136277841
G2_C2.2,amprion,overall,ensemble,wis,487.8049166889106
G2_C2.2,amprion,overall,ensemble,lqs,243.9024583444553
G2_C2.2,amprion,overall,ensemble,mae_median,800.4631327196422
G2_C2.2,amprion,overall,ensemble,cov50,49.1105134012835
G2_C2.2,amprion,overall,ensemble,cov95,94.54511136277841
G2_C2.2,amprion,overall,ensemble,crps,590.1307541245609
G2_C2.2,amprion,overall,ensemble,energy_score,6844.510333457784
G2_C2.2,de_lu,overall,point,rmse,2900.282633663656
G2_C2.2,de_lu,overall,point,r2,0.9043575061590016
G2_C2.2,de_lu,overall,point,mae,1889.046835853038
G2_C2.2,de_lu,overall,point,smape,3.5671854579528715
G2_C2.2,de_lu,overall,quantile,wis,1152.019416823141
G2_C2.2,de_lu,overall,quantile,lqs,576.0097084115705
G2_C2.2,de_lu,overall,quantile,mae_median,1868.3678727841138
G2_C2.2,de_lu,overall,quantile,cov50,59.327812382030956
G2_C2.2,de_lu,overall,quantile,cov95,97.77274443186108
G2_C2.2,de_lu,overall,ensemble,wis,1152.019416823141
G2_C2.2,de_lu,overall,ensemble,lqs,576.0097084115705
G2_C2.2,de_lu,overall,ensemble,mae_median,1868.3678727841138
G2_C2.2,de_lu,overall,ensemble,cov50,59.327812382030956
G2_C2.2,de_lu,overall,ensemble,cov95,97.77274443186108
G2_C2.2,de_lu,overall,ensemble,crps,1400.9487699043186
G2_C2.2,de_lu,overall,ensemble,energy_score,15709.021573179438
G2_C2.2,lu,overall,point,rmse,32.80662708717059
G2_C2.2,lu,overall,point,r2,0.889717420708213
G2_C2.2,lu,overall,point,mae,20.00043398329753
G2_C2.2,lu,overall,point,smape,3.674825964240596
G2_C2.2,lu,overall,quantile,wis,12.244864463740418
G2_C2.2,lu,overall,quantile,lqs,6.122432231870211
G2_C2.2,lu,overall,quantile,mae_median,19.621246983300978
G2_C2.2,lu,overall,quantile,cov50,47.8777368818422
G2_C2.2,lu,overall,quantile,cov95,93.64382785956965
G2_C2.2,lu,overall,ensemble,wis,12.244864463740418
G2_C2.2,lu,overall,ensemble,lqs,6.122432231870211
G2_C2.2,lu,overall,ensemble,mae_median,19.621246983300978
G2_C2.2,lu,overall,ensemble,cov50,47.8777368818422
G2_C2.2,lu,overall,ensemble,cov95,93.64382785956965
G2_C2.2,lu,overall,ensemble,crps,14.688464236502202
G2_C2.2,lu,overall,ensemble,energy_score,168.9388363488125
G2_C2.2,tennet,overall,point,rmse,879.1515219142776
G2_C2.2,tennet,overall,point,r2,0.9059360880603057
G2_C2.2,tennet,overall,point,mae,557.1157291238612
G2_C2.2,tennet,overall,point,smape,3.602016168247207
G2_C2.2,tennet,overall,quantile,wis,338.70431609352374
G2_C2.2,tennet,overall,quantile,lqs,169.35215804676187
G2_C2.2,tennet,overall,quantile,mae_median,550.3077403803617
G2_C2.2,tennet,overall,quantile,cov50,47.96149490373726
G2_C2.2,tennet,overall,quantile,cov95,93.7724141185353
G2_C2.2,tennet,overall,ensemble,wis,338.70431609352374
G2_C2.2,tennet,overall,ensemble,lqs,169.35215804676187
G2_C2.2,tennet,overall,ensemble,mae_median,550.3077403803617
G2_C2.2,tennet,overall,ensemble,cov50,47.96149490373726
G2_C2.2,tennet,overall,ensemble,cov95,93.7724141185353
G2_C2.2,tennet,overall,ensemble,crps,407.4265642160785
G2_C2.2,tennet,overall,ensemble,energy_score,4671.401316856899
G2_C2.2,transnetbw,overall,point,rmse,453.4885974783283
G2_C2.2,transnetbw,overall,point,r2,0.8923818376082062
G2_C2.2,transnetbw,overall,point,mae,261.47698534896
G2_C2.2,transnetbw,overall,point,smape,4.104961955873008
G2_C2.2,transnetbw,overall,quantile,wis,162.86550115610217
G2_C2.2,transnetbw,overall,quantile,lqs,81.4327505780511
G2_C2.2,transnetbw,overall,quantile,mae_median,257.8911233592856
G2_C2.2,transnetbw,overall,quantile,cov50,46.60485088712722
G2_C2.2,transnetbw,overall,quantile,cov95,92.64816912042279
G2_C2.2,transnetbw,overall,ensemble,wis,162.86550115610217
G2_C2.2,transnetbw,overall,ensemble,lqs,81.4327505780511
G2_C2.2,transnetbw,overall,ensemble,mae_median,257.8911233592856
G2_C2.2,transnetbw,overall,ensemble,cov50,46.60485088712722
G2_C2.2,transnetbw,overall,ensemble,cov95,92.64816912042279
G2_C2.2,transnetbw,overall,ensemble,crps,193.97342402081193
G2_C2.2,transnetbw,overall,ensemble,energy_score,2231.1234681311525
G2_C2.3,50hertz,2024,point,rmse,880.794926612323
G2_C2.3,50hertz,2024,point,r2,0.7769993141586107
G2_C2.3,50hertz,2024,point,mae,668.8055375543403
G2_C2.3,50hertz,2024,point,smape,5.833134008411076
G2_C2.3,50hertz,2024,quantile,wis,397.0836691894392
G2_C2.3,50hertz,2024,quantile,lqs,198.5418345947196
G2_C2.3,50hertz,2024,quantile,mae_median,667.6150798509942
G2_C2.3,50hertz,2024,quantile,cov50,41.99965846994536
G2_C2.3,50hertz,2024,quantile,cov95,91.96265938069217
G2_C2.3,50hertz,2024,ensemble,wis,397.0836691894392
G2_C2.3,50hertz,2024,ensemble,lqs,198.5418345947196
G2_C2.3,50hertz,2024,ensemble,mae_median,667.6150798509942
G2_C2.3,50hertz,2024,ensemble,cov50,41.99965846994536
G2_C2.3,50hertz,2024,ensemble,cov95,91.96265938069217
G2_C2.3,50hertz,2024,ensemble,crps,483.23877267918317
G2_C2.3,50hertz,2024,ensemble,energy_score,5547.564962216453
G2_C2.3,50hertz,2025,point,rmse,926.5236653838725
G2_C2.3,50hertz,2025,point,r2,0.7579769166520569
G2_C2.3,50hertz,2025,point,mae,717.2311824211423
G2_C2.3,50hertz,2025,point,smape,6.225741273841968
G2_C2.3,50hertz,2025,quantile,wis,420.871135508264
G2_C2.3,50hertz,2025,quantile,lqs,210.43556775413202
G2_C2.3,50hertz,2025,quantile,mae_median,718.2452000535104
G2_C2.3,50hertz,2025,quantile,cov50,41.62385844748858
G2_C2.3,50hertz,2025,quantile,cov95,93.45890410958904
G2_C2.3,50hertz,2025,ensemble,wis,420.871135508264
G2_C2.3,50hertz,2025,ensemble,lqs,210.43556775413202
G2_C2.3,50hertz,2025,ensemble,mae_median,718.2452000535104
G2_C2.3,50hertz,2025,ensemble,cov50,41.62385844748858
G2_C2.3,50hertz,2025,ensemble,cov95,93.45890410958904
G2_C2.3,50hertz,2025,ensemble,crps,514.4510517859095
G2_C2.3,50hertz,2025,ensemble,energy_score,5924.857543265044
G2_C2.3,50hertz,2026H1,point,rmse,1042.3194728032804
G2_C2.3,50hertz,2026H1,point,r2,0.7662487215692928
G2_C2.3,50hertz,2026H1,point,mae,779.8409256144614
G2_C2.3,50hertz,2026H1,point,smape,6.4965656678880075
G2_C2.3,50hertz,2026H1,quantile,wis,465.8987117916576
G2_C2.3,50hertz,2026H1,quantile,lqs,232.94935589582877
G2_C2.3,50hertz,2026H1,quantile,mae_median,778.524962410107
G2_C2.3,50hertz,2026H1,quantile,cov50,41.193804824561404
G2_C2.3,50hertz,2026H1,quantile,cov95,89.41200657894737
G2_C2.3,50hertz,2026H1,ensemble,wis,465.8987117916576
G2_C2.3,50hertz,2026H1,ensemble,lqs,232.94935589582877
G2_C2.3,50hertz,2026H1,ensemble,mae_median,778.524962410107
G2_C2.3,50hertz,2026H1,ensemble,cov50,41.193804824561404
G2_C2.3,50hertz,2026H1,ensemble,cov95,89.41200657894737
G2_C2.3,50hertz,2026H1,ensemble,crps,565.9903366199419
G2_C2.3,50hertz,2026H1,ensemble,energy_score,6370.7663731664925
G2_C2.3,amprion,2024,point,rmse,1252.2202155193502
G2_C2.3,amprion,2024,point,r2,0.8563257792109971
G2_C2.3,amprion,2024,point,mae,867.6089721711108
G2_C2.3,amprion,2024,point,smape,4.7144300406390975
G2_C2.3,amprion,2024,quantile,wis,525.8370378072223
G2_C2.3,amprion,2024,quantile,lqs,262.91851890361113
G2_C2.3,amprion,2024,quantile,mae_median,861.449638956471
G2_C2.3,amprion,2024,quantile,cov50,45.03073770491803
G2_C2.3,amprion,2024,quantile,cov95,93.64469489981785
G2_C2.3,amprion,2024,ensemble,wis,525.8370378072223
G2_C2.3,amprion,2024,ensemble,lqs,262.91851890361113
G2_C2.3,amprion,2024,ensemble,mae_median,861.449638956471
G2_C2.3,amprion,2024,ensemble,cov50,45.03073770491803
G2_C2.3,amprion,2024,ensemble,cov95,93.64469489981785
G2_C2.3,amprion,2024,ensemble,crps,633.4086065267793
G2_C2.3,amprion,2024,ensemble,energy_score,7305.276163674616
G2_C2.3,amprion,2025,point,rmse,1102.7551726759893
G2_C2.3,amprion,2025,point,r2,0.8847353601399273
G2_C2.3,amprion,2025,point,mae,765.720918863669
G2_C2.3,amprion,2025,point,smape,4.03236250867611
G2_C2.3,amprion,2025,quantile,wis,457.36239433084415
G2_C2.3,amprion,2025,quantile,lqs,228.68119716542213
G2_C2.3,amprion,2025,quantile,mae_median,762.129192893461
G2_C2.3,amprion,2025,quantile,cov50,48.81278538812786
G2_C2.3,amprion,2025,quantile,cov95,95.51369863013699
G2_C2.3,amprion,2025,ensemble,wis,457.36239433084415
G2_C2.3,amprion,2025,ensemble,lqs,228.68119716542213
G2_C2.3,amprion,2025,ensemble,mae_median,762.129192893461
G2_C2.3,amprion,2025,ensemble,cov50,48.81278538812786
G2_C2.3,amprion,2025,ensemble,cov95,95.51369863013699
G2_C2.3,amprion,2025,ensemble,crps,556.0749640703563
G2_C2.3,amprion,2025,ensemble,energy_score,6509.409665932993
G2_C2.3,amprion,2026H1,point,rmse,1296.8158624402463
G2_C2.3,amprion,2026H1,point,r2,0.8567701194853867
G2_C2.3,amprion,2026H1,point,mae,911.1720514020208
G2_C2.3,amprion,2026H1,point,smape,4.61939115826404
G2_C2.3,amprion,2026H1,quantile,wis,555.8622438259926
G2_C2.3,amprion,2026H1,quantile,lqs,277.9311219129963
G2_C2.3,amprion,2026H1,quantile,mae_median,912.5345324850518
G2_C2.3,amprion,2026H1,quantile,cov50,47.58086622807017
G2_C2.3,amprion,2026H1,quantile,cov95,93.0921052631579
G2_C2.3,amprion,2026H1,ensemble,wis,555.8622438259926
G2_C2.3,amprion,2026H1,ensemble,lqs,277.9311219129963
G2_C2.3,amprion,2026H1,ensemble,mae_median,912.5345324850518
G2_C2.3,amprion,2026H1,ensemble,cov50,47.58086622807017
G2_C2.3,amprion,2026H1,ensemble,cov95,93.0921052631579
G2_C2.3,amprion,2026H1,ensemble,crps,671.445637251347
G2_C2.3,amprion,2026H1,ensemble,energy_score,7749.26913662435
G2_C2.3,de_lu,2024,point,rmse,2921.141797005153
G2_C2.3,de_lu,2024,point,r2,0.8998623421919126
G2_C2.3,de_lu,2024,point,mae,1932.2406550544201
G2_C2.3,de_lu,2024,point,smape,3.6803617140105467
G2_C2.3,de_lu,2024,quantile,wis,1172.200533045022
G2_C2.3,de_lu,2024,quantile,lqs,586.1002665225111
G2_C2.3,de_lu,2024,quantile,mae_median,1917.5417005223135
G2_C2.3,de_lu,2024,quantile,cov50,55.020491803278695
G2_C2.3,de_lu,2024,quantile,cov95,97.41575591985429
G2_C2.3,de_lu,2024,ensemble,wis,1172.200533045022
G2_C2.3,de_lu,2024,ensemble,lqs,586.1002665225111
G2_C2.3,de_lu,2024,ensemble,mae_median,1917.5417005223135
G2_C2.3,de_lu,2024,ensemble,cov50,55.020491803278695
G2_C2.3,de_lu,2024,ensemble,cov95,97.41575591985429
G2_C2.3,de_lu,2024,ensemble,crps,1418.753708901842
G2_C2.3,de_lu,2024,ensemble,energy_score,15926.383386522144
G2_C2.3,de_lu,2025,point,rmse,2815.0531234566024
G2_C2.3,de_lu,2025,point,r2,0.9074725485991413
G2_C2.3,de_lu,2025,point,mae,1890.76832663511
G2_C2.3,de_lu,2025,point,smape,3.577294010737341
G2_C2.3,de_lu,2025,quantile,wis,1133.336855690939
G2_C2.3,de_lu,2025,quantile,lqs,566.6684278454694
G2_C2.3,de_lu,2025,quantile,mae_median,1877.1938006664882
G2_C2.3,de_lu,2025,quantile,cov50,55.56221461187215
G2_C2.3,de_lu,2025,quantile,cov95,98.06506849315069
G2_C2.3,de_lu,2025,ensemble,wis,1133.336855690939
G2_C2.3,de_lu,2025,ensemble,lqs,566.6684278454694
G2_C2.3,de_lu,2025,ensemble,mae_median,1877.1938006664882
G2_C2.3,de_lu,2025,ensemble,cov50,55.56221461187215
G2_C2.3,de_lu,2025,ensemble,cov95,98.06506849315069
G2_C2.3,de_lu,2025,ensemble,crps,1380.0944378838071
G2_C2.3,de_lu,2025,ensemble,energy_score,15577.110525230799
G2_C2.3,de_lu,2026H1,point,rmse,3584.5656505746906
G2_C2.3,de_lu,2026H1,point,r2,0.8655570681506934
G2_C2.3,de_lu,2026H1,point,mae,2391.518319895413
G2_C2.3,de_lu,2026H1,point,smape,4.42753629540312
G2_C2.3,de_lu,2026H1,quantile,wis,1445.0511346778396
G2_C2.3,de_lu,2026H1,quantile,lqs,722.5255673389199
G2_C2.3,de_lu,2026H1,quantile,mae_median,2364.275012803283
G2_C2.3,de_lu,2026H1,quantile,cov50,55.09183114035088
G2_C2.3,de_lu,2026H1,quantile,cov95,95.86759868421053
G2_C2.3,de_lu,2026H1,ensemble,wis,1445.0511346778396
G2_C2.3,de_lu,2026H1,ensemble,lqs,722.5255673389199
G2_C2.3,de_lu,2026H1,ensemble,mae_median,2364.275012803283
G2_C2.3,de_lu,2026H1,ensemble,cov50,55.09183114035088
G2_C2.3,de_lu,2026H1,ensemble,cov95,95.86759868421053
G2_C2.3,de_lu,2026H1,ensemble,crps,1754.1077291701988
G2_C2.3,de_lu,2026H1,ensemble,energy_score,19526.934327105635
G2_C2.3,lu,2024,point,rmse,28.93421470285222
G2_C2.3,lu,2024,point,r2,0.9133216314086378
G2_C2.3,lu,2024,point,mae,17.776888734313083
G2_C2.3,lu,2024,point,smape,3.207027001044307
G2_C2.3,lu,2024,quantile,wis,10.889117605964474
G2_C2.3,lu,2024,quantile,lqs,5.444558802982237
G2_C2.3,lu,2024,quantile,mae_median,17.278887830633497
G2_C2.3,lu,2024,quantile,cov50,48.26104280510018
G2_C2.3,lu,2024,quantile,cov95,94.08299180327869
G2_C2.3,lu,2024,ensemble,wis,10.889117605964474
G2_C2.3,lu,2024,ensemble,lqs,5.444558802982237
G2_C2.3,lu,2024,ensemble,mae_median,17.278887830633497
G2_C2.3,lu,2024,ensemble,cov50,48.26104280510018
G2_C2.3,lu,2024,ensemble,cov95,94.08299180327869
G2_C2.3,lu,2024,ensemble,crps,13.020395475933594
G2_C2.3,lu,2024,ensemble,energy_score,149.87939104033183
G2_C2.3,lu,2025,point,rmse,30.627540968120492
G2_C2.3,lu,2025,point,r2,0.903649683951687
G2_C2.3,lu,2025,point,mae,19.617782722316207
G2_C2.3,lu,2025,point,smape,3.6107209880168774
G2_C2.3,lu,2025,quantile,wis,11.965757263592758
G2_C2.3,lu,2025,quantile,lqs,5.98287863179638
G2_C2.3,lu,2025,quantile,mae_median,19.266217489310485
G2_C2.3,lu,2025,quantile,cov50,48.1763698630137
G2_C2.3,lu,2025,quantile,cov95,93.39326484018264
G2_C2.3,lu,2025,ensemble,wis,11.965757263592758
G2_C2.3,lu,2025,ensemble,lqs,5.98287863179638
G2_C2.3,lu,2025,ensemble,mae_median,19.266217489310485
G2_C2.3,lu,2025,ensemble,cov50,48.1763698630137
G2_C2.3,lu,2025,ensemble,cov95,93.39326484018264
G2_C2.3,lu,2025,ensemble,crps,14.401255587155923
G2_C2.3,lu,2025,ensemble,energy_score,165.86448090853293
G2_C2.3,lu,2026H1,point,rmse,44.54097450086881
G2_C2.3,lu,2026H1,point,r2,0.8008115481225144
G2_C2.3,lu,2026H1,point,mae,26.273362086770938
G2_C2.3,lu,2026H1,point,smape,4.955172517608167
G2_C2.3,lu,2026H1,quantile,wis,16.17958403938636
G2_C2.3,lu,2026H1,quantile,lqs,8.08979201969318
G2_C2.3,lu,2026H1,quantile,mae_median,26.11394011493736
G2_C2.3,lu,2026H1,quantile,cov50,46.23766447368421
G2_C2.3,lu,2026H1,quantile,cov95,93.18804824561403
G2_C2.3,lu,2026H1,ensemble,wis,16.17958403938636
G2_C2.3,lu,2026H1,ensemble,lqs,8.08979201969318
G2_C2.3,lu,2026H1,ensemble,mae_median,26.11394011493736
G2_C2.3,lu,2026H1,ensemble,cov50,46.23766447368421
G2_C2.3,lu,2026H1,ensemble,cov95,93.18804824561403
G2_C2.3,lu,2026H1,ensemble,crps,19.394675416000215
G2_C2.3,lu,2026H1,ensemble,energy_score,222.21445815134078
G2_C2.3,tennet,2024,point,rmse,849.6802676763151
G2_C2.3,tennet,2024,point,r2,0.907987625983721
G2_C2.3,tennet,2024,point,mae,547.8049568473663
G2_C2.3,tennet,2024,point,smape,3.4834568510619555
G2_C2.3,tennet,2024,quantile,wis,332.87847315992906
G2_C2.3,tennet,2024,quantile,lqs,166.43923657996453
G2_C2.3,tennet,2024,quantile,mae_median,543.005509432322
G2_C2.3,tennet,2024,quantile,cov50,47.142531876138435
G2_C2.3,tennet,2024,quantile,cov95,94.37044626593807
G2_C2.3,tennet,2024,ensemble,wis,332.87847315992906
G2_C2.3,tennet,2024,ensemble,lqs,166.43923657996453
G2_C2.3,tennet,2024,ensemble,mae_median,543.005509432322
G2_C2.3,tennet,2024,ensemble,cov50,47.142531876138435
G2_C2.3,tennet,2024,ensemble,cov95,94.37044626593807
G2_C2.3,tennet,2024,ensemble,crps,399.5525058063654
G2_C2.3,tennet,2024,ensemble,energy_score,4605.170146230101
G2_C2.3,tennet,2025,point,rmse,835.4135614543967
G2_C2.3,tennet,2025,point,r2,0.9140023223810477
G2_C2.3,tennet,2025,point,mae,554.7981417604317
G2_C2.3,tennet,2025,point,smape,3.5610040236944194
G2_C2.3,tennet,2025,quantile,wis,333.40553731081604
G2_C2.3,tennet,2025,quantile,lqs,166.70276865540805
G2_C2.3,tennet,2025,quantile,mae_median,549.5107777789669
G2_C2.3,tennet,2025,quantile,cov50,45.31963470319635
G2_C2.3,tennet,2025,quantile,cov95,94.24086757990867
G2_C2.3,tennet,2025,ensemble,wis,333.40553731081604
G2_C2.3,tennet,2025,ensemble,lqs,166.70276865540805
G2_C2.3,tennet,2025,ensemble,mae_median,549.5107777789669
G2_C2.3,tennet,2025,ensemble,cov50,45.31963470319635
G2_C2.3,tennet,2025,ensemble,cov95,94.24086757990867
G2_C2.3,tennet,2025,ensemble,crps,401.8493549445983
G2_C2.3,tennet,2025,ensemble,energy_score,4623.449747604033
G2_C2.3,tennet,2026H1,point,rmse,1220.100807423699
G2_C2.3,tennet,2026H1,point,r2,0.8402858160044565
G2_C2.3,tennet,2026H1,point,mae,822.8814774843629
G2_C2.3,tennet,2026H1,point,smape,5.440223916041012
G2_C2.3,tennet,2026H1,quantile,wis,492.02946848327906
G2_C2.3,tennet,2026H1,quantile,lqs,246.0147342416395
G2_C2.3,tennet,2026H1,quantile,mae_median,810.2619744851631
G2_C2.3,tennet,2026H1,quantile,cov50,44.66831140350877
G2_C2.3,tennet,2026H1,quantile,cov95,92.74945175438597
G2_C2.3,tennet,2026H1,ensemble,wis,492.02946848327906
G2_C2.3,tennet,2026H1,ensemble,lqs,246.0147342416395
G2_C2.3,tennet,2026H1,ensemble,mae_median,810.2619744851631
G2_C2.3,tennet,2026H1,ensemble,cov50,44.66831140350877
G2_C2.3,tennet,2026H1,ensemble,cov95,92.74945175438597
G2_C2.3,tennet,2026H1,ensemble,crps,594.9972958833657
G2_C2.3,tennet,2026H1,ensemble,energy_score,6808.051751897556
G2_C2.3,transnetbw,2024,point,rmse,451.4679230818919
G2_C2.3,transnetbw,2024,point,r2,0.8914052001230193
G2_C2.3,transnetbw,2024,point,mae,265.4358143239713
G2_C2.3,transnetbw,2024,point,smape,4.211916884791178
G2_C2.3,transnetbw,2024,quantile,wis,163.20074330317038
G2_C2.3,transnetbw,2024,quantile,lqs,81.60037165158519
G2_C2.3,transnetbw,2024,quantile,mae_median,261.15530194864465
G2_C2.3,transnetbw,2024,quantile,cov50,45.998406193078324
G2_C2.3,transnetbw,2024,quantile,cov95,93.72723132969034
G2_C2.3,transnetbw,2024,ensemble,wis,163.20074330317038
G2_C2.3,transnetbw,2024,ensemble,lqs,81.60037165158519
G2_C2.3,transnetbw,2024,ensemble,mae_median,261.15530194864465
G2_C2.3,transnetbw,2024,ensemble,cov50,45.998406193078324
G2_C2.3,transnetbw,2024,ensemble,cov95,93.72723132969034
G2_C2.3,transnetbw,2024,ensemble,crps,194.62670090034217
G2_C2.3,transnetbw,2024,ensemble,energy_score,2239.771472417362
G2_C2.3,transnetbw,2025,point,rmse,440.57870686958205
G2_C2.3,transnetbw,2025,point,r2,0.897752363614099
G2_C2.3,transnetbw,2025,point,mae,264.37521246569185
G2_C2.3,transnetbw,2025,point,smape,4.2313317010870986
G2_C2.3,transnetbw,2025,quantile,wis,162.8120095127725
G2_C2.3,transnetbw,2025,quantile,lqs,81.40600475638624
G2_C2.3,transnetbw,2025,quantile,mae_median,262.3549361992656
G2_C2.3,transnetbw,2025,quantile,cov50,46.12157534246575
G2_C2.3,transnetbw,2025,quantile,cov95,93.20776255707763
G2_C2.3,transnetbw,2025,ensemble,wis,162.8120095127725
G2_C2.3,transnetbw,2025,ensemble,lqs,81.40600475638624
G2_C2.3,transnetbw,2025,ensemble,mae_median,262.3549361992656
G2_C2.3,transnetbw,2025,ensemble,cov50,46.12157534246575
G2_C2.3,transnetbw,2025,ensemble,cov95,93.20776255707763
G2_C2.3,transnetbw,2025,ensemble,crps,194.90670335323904
G2_C2.3,transnetbw,2025,ensemble,energy_score,2250.857485655685
G2_C2.3,transnetbw,2026H1,point,rmse,562.5284958808896
G2_C2.3,transnetbw,2026H1,point,r2,0.826796397186337
G2_C2.3,transnetbw,2026H1,point,mae,340.2917096746854
G2_C2.3,transnetbw,2026H1,point,smape,5.003940500800782
G2_C2.3,transnetbw,2026H1,quantile,wis,212.59118920920523
G2_C2.3,transnetbw,2026H1,quantile,lqs,106.29559460460261
G2_C2.3,transnetbw,2026H1,quantile,mae_median,334.6790604594716
G2_C2.3,transnetbw,2026H1,quantile,cov50,46.182839912280706
G2_C2.3,transnetbw,2026H1,quantile,cov95,92.54385964912281
G2_C2.3,transnetbw,2026H1,ensemble,wis,212.59118920920523
G2_C2.3,transnetbw,2026H1,ensemble,lqs,106.29559460460261
G2_C2.3,transnetbw,2026H1,ensemble,mae_median,334.6790604594716
G2_C2.3,transnetbw,2026H1,ensemble,cov50,46.182839912280706
G2_C2.3,transnetbw,2026H1,ensemble,cov95,92.54385964912281
G2_C2.3,transnetbw,2026H1,ensemble,crps,252.88004270145836
G2_C2.3,transnetbw,2026H1,ensemble,energy_score,2897.332462375326
G2_C2.3,50hertz,overall,point,rmse,929.2118830244342
G2_C2.3,50hertz,overall,point,r2,0.7707748374684396
G2_C2.3,50hertz,overall,point,mae,707.936612708951
G2_C2.3,50hertz,overall,point,smape,6.109626946262456
G2_C2.3,50hertz,overall,quantile,wis,418.7623913660058
G2_C2.3,50hertz,overall,quantile,lqs,209.38119568300286
G2_C2.3,50hertz,overall,quantile,mae_median,707.6358001487331
G2_C2.3,50hertz,overall,quantile,cov50,41.705596451491125
G2_C2.3,50hertz,overall,quantile,cov95,92.1420819177048
G2_C2.3,50hertz,overall,ensemble,wis,418.7623913660058
G2_C2.3,50hertz,overall,ensemble,lqs,209.38119568300286
G2_C2.3,50hertz,overall,ensemble,mae_median,707.6358001487331
G2_C2.3,50hertz,overall,ensemble,cov50,41.705596451491125
G2_C2.3,50hertz,overall,ensemble,cov95,92.1420819177048
G2_C2.3,50hertz,overall,ensemble,crps,510.385680485469
G2_C2.3,50hertz,overall,ensemble,energy_score,5845.230201794189
G2_C2.3,amprion,overall,point,rmse,1200.8852178678308
G2_C2.3,amprion,overall,point,r2,0.8701147871847001
G2_C2.3,amprion,overall,point,mae,832.991133650026
G2_C2.3,amprion,overall,point,smape,4.416128161491307
G2_C2.3,amprion,overall,quantile,wis,502.7006691163673
G2_C2.3,amprion,overall,quantile,lqs,251.35033455818365
G2_C2.3,amprion,overall,quantile,mae_median,829.1879639885725
G2_C2.3,amprion,overall,quantile,cov50,47.033078520196305
G2_C2.3,amprion,overall,quantile,cov95,94.32214986787467
G2_C2.3,amprion,overall,ensemble,wis,502.7006691163673
G2_C2.3,amprion,overall,ensemble,lqs,251.35033455818365
G2_C2.3,amprion,overall,ensemble,mae_median,829.1879639885725
G2_C2.3,amprion,overall,ensemble,cov50,47.033078520196305
G2_C2.3,amprion,overall,ensemble,cov95,94.32214986787467
G2_C2.3,amprion,overall,ensemble,crps,607.9894096678211
G2_C2.3,amprion,overall,ensemble,energy_score,7052.723117482847
G2_C2.3,de_lu,overall,point,rmse,3004.0779285148074
G2_C2.3,de_lu,overall,point,r2,0.8973893033054723
G2_C2.3,de_lu,overall,point,mae,1994.1577617166881
G2_C2.3,de_lu,overall,point,smape,3.7663762379935037
G2_C2.3,de_lu,overall,quantile,wis,1203.1043260393005
G2_C2.3,de_lu,overall,quantile,lqs,601.5521630196503
G2_C2.3,de_lu,overall,quantile,mae_median,1977.7642147004915
G2_C2.3,de_lu,overall,quantile,cov50,55.2567006417516
G2_C2.3,de_lu,overall,quantile,cov95,97.41765760664401
G2_C2.3,de_lu,overall,ensemble,wis,1203.1043260393005
G2_C2.3,de_lu,overall,ensemble,lqs,601.5521630196503
G2_C2.3,de_lu,overall,ensemble,mae_median,1977.7642147004915
G2_C2.3,de_lu,overall,ensemble,cov50,55.2567006417516
G2_C2.3,de_lu,overall,ensemble,cov95,97.41765760664401
G2_C2.3,de_lu,overall,ensemble,crps,1460.5013614037757
G2_C2.3,de_lu,overall,ensemble,energy_score,16401.807110867954
G2_C2.3,lu,overall,point,rmse,32.80662548914029
G2_C2.3,lu,overall,point,r2,0.8897174314520727
G2_C2.3,lu,overall,point,mae,20.000433757183675
G2_C2.3,lu,overall,point,smape,3.674825895452795
G2_C2.3,lu,overall,quantile,wis,12.244864347656943
G2_C2.3,lu,overall,quantile,lqs,6.122432173828472
G2_C2.3,lu,overall,quantile,mae_median,19.621247142786714
G2_C2.3,lu,overall,quantile,cov50,47.8777368818422
G2_C2.3,lu,overall,quantile,cov95,93.64382785956965
G2_C2.3,lu,overall,ensemble,wis,12.244864347656943
G2_C2.3,lu,overall,ensemble,lqs,6.122432173828472
G2_C2.3,lu,overall,ensemble,mae_median,19.621247142786714
G2_C2.3,lu,overall,ensemble,cov50,47.8777368818422
G2_C2.3,lu,overall,ensemble,cov95,93.64382785956965
G2_C2.3,lu,overall,ensemble,crps,14.68846398271307
G2_C2.3,lu,overall,ensemble,energy_score,168.9388338520722
G2_C2.3,tennet,overall,point,rmse,918.6932240082054
G2_C2.3,tennet,overall,point,r2,0.8972843548900947
G2_C2.3,tennet,overall,point,mae,598.0474751147416
G2_C2.3,tennet,overall,point,smape,3.8523507490094824
G2_C2.3,tennet,overall,quantile,wis,360.4926630854364
G2_C2.3,tennet,overall,quantile,lqs,180.2463315427182
G2_C2.3,tennet,overall,quantile,mae_median,591.7001930501671
G2_C2.3,tennet,overall,quantile,cov50,45.9630992827482
G2_C2.3,tennet,overall,quantile,cov95,94.03784446961117
G2_C2.3,tennet,overall,ensemble,wis,360.4926630854364
G2_C2.3,tennet,overall,ensemble,lqs,180.2463315427182
G2_C2.3,tennet,overall,ensemble,mae_median,591.7001930501671
G2_C2.3,tennet,overall,ensemble,cov50,45.9630992827482
G2_C2.3,tennet,overall,ensemble,cov95,94.03784446961117
G2_C2.3,tennet,overall,ensemble,crps,434.14588975558286
G2_C2.3,tennet,overall,ensemble,energy_score,4991.931254455399
G2_C2.3,transnetbw,overall,point,rmse,468.18116094189367
G2_C2.3,transnetbw,overall,point,r2,0.8852954363199563
G2_C2.3,transnetbw,overall,point,mae,277.88312623227995
G2_C2.3,transnetbw,overall,point,smape,4.356281547963852
G2_C2.3,transnetbw,overall,quantile,wis,171.5421475435125
G2_C2.3,transnetbw,overall,quantile,lqs,85.77107377175626
G2_C2.3,transnetbw,overall,quantile,mae_median,274.3075984323619
G2_C2.3,transnetbw,overall,quantile,cov50,46.08106832767082
G2_C2.3,transnetbw,overall,quantile,cov95,93.30879577198942
G2_C2.3,transnetbw,overall,ensemble,wis,171.5421475435125
G2_C2.3,transnetbw,overall,ensemble,lqs,85.77107377175626
G2_C2.3,transnetbw,overall,ensemble,mae_median,274.3075984323619
G2_C2.3,transnetbw,overall,ensemble,cov50,46.08106832767082
G2_C2.3,transnetbw,overall,ensemble,cov95,93.30879577198942
G2_C2.3,transnetbw,overall,ensemble,crps,204.7701990306672
G2_C2.3,transnetbw,overall,ensemble,energy_score,2357.5468578144155
G2_C3.1,50hertz,2024,point,rmse,902.4516471799029
G2_C3.1,50hertz,2024,point,r2,0.7650309269404855
G2_C3.1,50hertz,2024,point,mae,700.6930598695902
G2_C3.1,50hertz,2024,point,smape,6.116975762809595
G2_C3.1,50hertz,2024,quantile,wis,411.9419920057499
G2_C3.1,50hertz,2024,quantile,lqs,205.97099600287498
G2_C3.1,50hertz,2024,quantile,mae_median,696.5615419453492
G2_C3.1,50hertz,2024,quantile,cov50,51.11607142857143
G2_C3.1,50hertz,2024,quantile,cov95,97.21554487179486
G2_C3.1,50hertz,2024,ensemble,wis,411.9419920057499
G2_C3.1,50hertz,2024,ensemble,lqs,205.97099600287498
G2_C3.1,50hertz,2024,ensemble,mae_median,696.5615419453492
G2_C3.1,50hertz,2024,ensemble,cov50,51.11607142857143
G2_C3.1,50hertz,2024,ensemble,cov95,97.21554487179486
G2_C3.1,50hertz,2024,ensemble,crps,505.83938904771827
G2_C3.1,50hertz,2024,ensemble,energy_score,5753.264804008256
G2_C3.1,50hertz,2025,point,rmse,1014.7679079917624
G2_C3.1,50hertz,2025,point,r2,0.7096798331858507
G2_C3.1,50hertz,2025,point,mae,810.1565942955287
G2_C3.1,50hertz,2025,point,smape,7.025051682295478
G2_C3.1,50hertz,2025,quantile,wis,468.3046278802072
G2_C3.1,50hertz,2025,quantile,lqs,234.15231394010362
G2_C3.1,50hertz,2025,quantile,mae_median,805.0477111886639
G2_C3.1,50hertz,2025,quantile,cov50,47.462899543378995
G2_C3.1,50hertz,2025,quantile,cov95,97.78538812785388
G2_C3.1,50hertz,2025,ensemble,wis,468.3046278802072
G2_C3.1,50hertz,2025,ensemble,lqs,234.15231394010362
G2_C3.1,50hertz,2025,ensemble,mae_median,805.0477111886639
G2_C3.1,50hertz,2025,ensemble,cov50,47.462899543378995
G2_C3.1,50hertz,2025,ensemble,cov95,97.78538812785388
G2_C3.1,50hertz,2025,ensemble,crps,574.5493882053346
G2_C3.1,50hertz,2025,ensemble,energy_score,6485.509311552698
G2_C3.1,50hertz,2026H1,point,rmse,1054.7902610779954
G2_C3.1,50hertz,2026H1,point,r2,0.7606218454484674
G2_C3.1,50hertz,2026H1,point,mae,780.9686990053947
G2_C3.1,50hertz,2026H1,point,smape,6.478776733224641
G2_C3.1,50hertz,2026H1,quantile,wis,466.0647849039312
G2_C3.1,50hertz,2026H1,quantile,lqs,233.03239245196556
G2_C3.1,50hertz,2026H1,quantile,mae_median,771.9223168182373
G2_C3.1,50hertz,2026H1,quantile,cov50,55.078125
G2_C3.1,50hertz,2026H1,quantile,cov95,96.40899122807018
G2_C3.1,50hertz,2026H1,ensemble,wis,466.0647849039312
G2_C3.1,50hertz,2026H1,ensemble,lqs,233.03239245196556
G2_C3.1,50hertz,2026H1,ensemble,mae_median,771.9223168182373
G2_C3.1,50hertz,2026H1,ensemble,cov50,55.078125
G2_C3.1,50hertz,2026H1,ensemble,cov95,96.40899122807018
G2_C3.1,50hertz,2026H1,ensemble,crps,573.5031694935308
G2_C3.1,50hertz,2026H1,ensemble,energy_score,6395.4526825723015
G2_C3.1,amprion,2024,point,rmse,1204.3859158719504
G2_C3.1,amprion,2024,point,r2,0.8670039700979286
G2_C3.1,amprion,2024,point,mae,816.4053616129099
G2_C3.1,amprion,2024,point,smape,4.419945016795694
G2_C3.1,amprion,2024,quantile,wis,498.99787762248246
G2_C3.1,amprion,2024,quantile,lqs,249.49893881124126
G2_C3.1,amprion,2024,quantile,mae_median,800.5858141239214
G2_C3.1,amprion,2024,quantile,cov50,56.36160714285714
G2_C3.1,amprion,2024,quantile,cov95,96.44288003663004
G2_C3.1,amprion,2024,ensemble,wis,498.99787762248246
G2_C3.1,amprion,2024,ensemble,lqs,249.49893881124126
G2_C3.1,amprion,2024,ensemble,mae_median,800.5858141239214
G2_C3.1,amprion,2024,ensemble,cov50,56.36160714285714
G2_C3.1,amprion,2024,ensemble,cov95,96.44288003663004
G2_C3.1,amprion,2024,ensemble,crps,606.0926967548456
G2_C3.1,amprion,2024,ensemble,energy_score,6990.892491127919
G2_C3.1,amprion,2025,point,rmse,1085.3195748246671
G2_C3.1,amprion,2025,point,r2,0.888351430631559
G2_C3.1,amprion,2025,point,mae,765.2317057745968
G2_C3.1,amprion,2025,point,smape,4.003872771200165
G2_C3.1,amprion,2025,quantile,wis,455.6718221866153
G2_C3.1,amprion,2025,quantile,lqs,227.8359110933077
G2_C3.1,amprion,2025,quantile,mae_median,744.9375780471515
G2_C3.1,amprion,2025,quantile,cov50,56.03310502283105
G2_C3.1,amprion,2025,quantile,cov95,97.42009132420091
G2_C3.1,amprion,2025,ensemble,wis,455.6718221866153
G2_C3.1,amprion,2025,ensemble,lqs,227.8359110933077
G2_C3.1,amprion,2025,ensemble,mae_median,744.9375780471515
G2_C3.1,amprion,2025,ensemble,cov50,56.03310502283105
G2_C3.1,amprion,2025,ensemble,cov95,97.42009132420091
G2_C3.1,amprion,2025,ensemble,crps,556.8432857006933
G2_C3.1,amprion,2025,ensemble,energy_score,6511.770042388916
G2_C3.1,amprion,2026H1,point,rmse,1381.191942568689
G2_C3.1,amprion,2026H1,point,r2,0.8375255506543808
G2_C3.1,amprion,2026H1,point,mae,978.5149398145429
G2_C3.1,amprion,2026H1,point,smape,4.963736839971738
G2_C3.1,amprion,2026H1,quantile,wis,588.9942778455859
G2_C3.1,amprion,2026H1,quantile,lqs,294.49713892279294
G2_C3.1,amprion,2026H1,quantile,mae_median,974.511643933962
G2_C3.1,amprion,2026H1,quantile,cov50,55.46189692982456
G2_C3.1,amprion,2026H1,quantile,cov95,97.265625
G2_C3.1,amprion,2026H1,ensemble,wis,588.9942778455859
G2_C3.1,amprion,2026H1,ensemble,lqs,294.49713892279294
G2_C3.1,amprion,2026H1,ensemble,mae_median,974.511643933962
G2_C3.1,amprion,2026H1,ensemble,cov50,55.46189692982456
G2_C3.1,amprion,2026H1,ensemble,cov95,97.265625
G2_C3.1,amprion,2026H1,ensemble,crps,721.3093200302645
G2_C3.1,amprion,2026H1,ensemble,energy_score,8196.208756259652
G2_C3.1,de_lu,2024,point,rmse,2882.0868020992284
G2_C3.1,de_lu,2024,point,r2,0.9023836023621272
G2_C3.1,de_lu,2024,point,mae,1908.9825828979167
G2_C3.1,de_lu,2024,point,smape,3.6195100269571028
G2_C3.1,de_lu,2024,quantile,wis,1191.1888232721462
G2_C3.1,de_lu,2024,quantile,lqs,595.5944116360731
G2_C3.1,de_lu,2024,quantile,mae_median,1869.7527378506825
G2_C3.1,de_lu,2024,quantile,cov50,65.90258699633699
G2_C3.1,de_lu,2024,quantile,cov95,98.35164835164835
G2_C3.1,de_lu,2024,ensemble,wis,1191.1888232721462
G2_C3.1,de_lu,2024,ensemble,lqs,595.5944116360731
G2_C3.1,de_lu,2024,ensemble,mae_median,1869.7527378506825
G2_C3.1,de_lu,2024,ensemble,cov50,65.90258699633699
G2_C3.1,de_lu,2024,ensemble,cov95,98.35164835164835
G2_C3.1,de_lu,2024,ensemble,crps,1456.0432220421285
G2_C3.1,de_lu,2024,ensemble,energy_score,16334.607099731806
G2_C3.1,de_lu,2025,point,rmse,2840.4342378790593
G2_C3.1,de_lu,2025,point,r2,0.9057965327031806
G2_C3.1,de_lu,2025,point,mae,1974.5436722707793
G2_C3.1,de_lu,2025,point,smape,3.7153975802330432
G2_C3.1,de_lu,2025,quantile,wis,1196.9952449870746
G2_C3.1,de_lu,2025,quantile,lqs,598.4976224935373
G2_C3.1,de_lu,2025,quantile,mae_median,1921.0632212980522
G2_C3.1,de_lu,2025,quantile,cov50,64.49486301369863
G2_C3.1,de_lu,2025,quantile,cov95,98.82990867579909
G2_C3.1,de_lu,2025,ensemble,wis,1196.9952449870746
G2_C3.1,de_lu,2025,ensemble,lqs,598.4976224935373
G2_C3.1,de_lu,2025,ensemble,mae_median,1921.0632212980522
G2_C3.1,de_lu,2025,ensemble,cov50,64.49486301369863
G2_C3.1,de_lu,2025,ensemble,cov95,98.82990867579909
G2_C3.1,de_lu,2025,ensemble,crps,1465.8075037182496
G2_C3.1,de_lu,2025,ensemble,energy_score,16547.207041107216
G2_C3.1,de_lu,2026H1,point,rmse,3632.8687135466334
G2_C3.1,de_lu,2026H1,point,r2,0.8619093404510096
G2_C3.1,de_lu,2026H1,point,mae,2464.475847217902
G2_C3.1,de_lu,2026H1,point,smape,4.5296097729409075
G2_C3.1,de_lu,2026H1,quantile,wis,1512.5587871329508
G2_C3.1,de_lu,2026H1,quantile,lqs,756.2793935664755
G2_C3.1,de_lu,2026H1,quantile,mae_median,2435.7787766688425
G2_C3.1,de_lu,2026H1,quantile,cov50,65.86485745614034
G2_C3.1,de_lu,2026H1,quantile,cov95,98.28673245614034
G2_C3.1,de_lu,2026H1,ensemble,wis,1512.5587871329508
G2_C3.1,de_lu,2026H1,ensemble,lqs,756.2793935664755
G2_C3.1,de_lu,2026H1,ensemble,mae_median,2435.7787766688425
G2_C3.1,de_lu,2026H1,ensemble,cov50,65.86485745614034
G2_C3.1,de_lu,2026H1,ensemble,cov95,98.28673245614034
G2_C3.1,de_lu,2026H1,ensemble,crps,1857.5820479052884
G2_C3.1,de_lu,2026H1,ensemble,energy_score,20639.2361087253
G2_C3.1,lu,2024,point,rmse,30.34372326988388
G2_C3.1,lu,2024,point,r2,0.9045138261256132
G2_C3.1,lu,2024,point,mae,19.17497929558138
G2_C3.1,lu,2024,point,smape,3.4586199936401405
G2_C3.1,lu,2024,quantile,wis,11.751710315487848
G2_C3.1,lu,2024,quantile,lqs,5.875855157743924
G2_C3.1,lu,2024,quantile,mae_median,18.864140698184897
G2_C3.1,lu,2024,quantile,cov50,52.040407509157504
G2_C3.1,lu,2024,quantile,cov95,95.76751373626374
G2_C3.1,lu,2024,ensemble,wis,11.751710315487848
G2_C3.1,lu,2024,ensemble,lqs,5.875855157743924
G2_C3.1,lu,2024,ensemble,mae_median,18.864140698184897
G2_C3.1,lu,2024,ensemble,cov50,52.040407509157504
G2_C3.1,lu,2024,ensemble,cov95,95.76751373626374
G2_C3.1,lu,2024,ensemble,crps,14.188191091526187
G2_C3.1,lu,2024,ensemble,energy_score,162.2041072977549
G2_C3.1,lu,2025,point,rmse,30.051073654773244
G2_C3.1,lu,2025,point,r2,0.9072425351303384
G2_C3.1,lu,2025,point,mae,20.401664406984835
G2_C3.1,lu,2025,point,smape,3.7236778620850104
G2_C3.1,lu,2025,quantile,wis,12.210742286809722
G2_C3.1,lu,2025,quantile,lqs,6.105371143404861
G2_C3.1,lu,2025,quantile,mae_median,19.84657914132593
G2_C3.1,lu,2025,quantile,cov50,51.29566210045662
G2_C3.1,lu,2025,quantile,cov95,96.63812785388129
G2_C3.1,lu,2025,ensemble,wis,12.210742286809722
G2_C3.1,lu,2025,ensemble,lqs,6.105371143404861
G2_C3.1,lu,2025,ensemble,mae_median,19.84657914132593
G2_C3.1,lu,2025,ensemble,cov50,51.29566210045662
G2_C3.1,lu,2025,ensemble,cov95,96.63812785388129
G2_C3.1,lu,2025,ensemble,crps,14.825899758111303
G2_C3.1,lu,2025,ensemble,energy_score,170.86181195334672
G2_C3.1,lu,2026H1,point,rmse,46.37872185616186
G2_C3.1,lu,2026H1,point,r2,0.7840355445457526
G2_C3.1,lu,2026H1,point,mae,28.93770415614637
G2_C3.1,lu,2026H1,point,smape,5.432261092068584
G2_C3.1,lu,2026H1,quantile,wis,17.191935058490007
G2_C3.1,lu,2026H1,quantile,lqs,8.595967529245005
G2_C3.1,lu,2026H1,quantile,mae_median,28.33899971465355
G2_C3.1,lu,2026H1,quantile,cov50,49.27357456140351
G2_C3.1,lu,2026H1,quantile,cov95,95.91557017543859
G2_C3.1,lu,2026H1,ensemble,wis,17.191935058490007
G2_C3.1,lu,2026H1,ensemble,lqs,8.595967529245005
G2_C3.1,lu,2026H1,ensemble,mae_median,28.33899971465355
G2_C3.1,lu,2026H1,ensemble,cov50,49.27357456140351
G2_C3.1,lu,2026H1,ensemble,cov95,95.91557017543859
G2_C3.1,lu,2026H1,ensemble,crps,20.828142104556274
G2_C3.1,lu,2026H1,ensemble,energy_score,237.8340103862301
G2_C3.1,tennet,2024,point,rmse,847.712002035778
G2_C3.1,tennet,2024,point,r2,0.9083466436971779
G2_C3.1,tennet,2024,point,mae,563.7818512360263
G2_C3.1,tennet,2024,point,smape,3.581248282310633
G2_C3.1,tennet,2024,quantile,wis,339.25481752162284
G2_C3.1,tennet,2024,quantile,lqs,169.6274087608114
G2_C3.1,tennet,2024,quantile,mae_median,551.368842514094
G2_C3.1,tennet,2024,quantile,cov50,53.97206959706959
G2_C3.1,tennet,2024,quantile,cov95,96.98374542124543
G2_C3.1,tennet,2024,ensemble,wis,339.25481752162284
G2_C3.1,tennet,2024,ensemble,lqs,169.6274087608114
G2_C3.1,tennet,2024,ensemble,mae_median,551.368842514094
G2_C3.1,tennet,2024,ensemble,cov50,53.97206959706959
G2_C3.1,tennet,2024,ensemble,cov95,96.98374542124543
G2_C3.1,tennet,2024,ensemble,crps,411.6942714551157
G2_C3.1,tennet,2024,ensemble,energy_score,4739.779580802096
G2_C3.1,tennet,2025,point,rmse,861.2203598802733
G2_C3.1,tennet,2025,point,r2,0.908607142158626
G2_C3.1,tennet,2025,point,mae,580.8311497512038
G2_C3.1,tennet,2025,point,smape,3.701350688343335
G2_C3.1,tennet,2025,quantile,wis,347.83788485369683
G2_C3.1,tennet,2025,quantile,lqs,173.91894242684842
G2_C3.1,tennet,2025,quantile,mae_median,567.9163719617312
G2_C3.1,tennet,2025,quantile,cov50,51.70376712328767
G2_C3.1,tennet,2025,quantile,cov95,96.02739726027397
G2_C3.1,tennet,2025,ensemble,wis,347.83788485369683
G2_C3.1,tennet,2025,ensemble,lqs,173.91894242684842
G2_C3.1,tennet,2025,ensemble,mae_median,567.9163719617312
G2_C3.1,tennet,2025,ensemble,cov50,51.70376712328767
G2_C3.1,tennet,2025,ensemble,cov95,96.02739726027397
G2_C3.1,tennet,2025,ensemble,crps,422.01141500265015
G2_C3.1,tennet,2025,ensemble,energy_score,4882.838244489013
G2_C3.1,tennet,2026H1,point,rmse,1221.6637707651803
G2_C3.1,tennet,2026H1,point,r2,0.839876362456041
G2_C3.1,tennet,2026H1,point,mae,836.7172085785573
G2_C3.1,tennet,2026H1,point,smape,5.460164374832986
G2_C3.1,tennet,2026H1,quantile,wis,502.24773727847315
G2_C3.1,tennet,2026H1,quantile,lqs,251.1238686392366
G2_C3.1,tennet,2026H1,quantile,mae_median,825.0901523148385
G2_C3.1,tennet,2026H1,quantile,cov50,54.05701754385965
G2_C3.1,tennet,2026H1,quantile,cov95,95.48382675438597
G2_C3.1,tennet,2026H1,ensemble,wis,502.24773727847315
G2_C3.1,tennet,2026H1,ensemble,lqs,251.1238686392366
G2_C3.1,tennet,2026H1,ensemble,mae_median,825.0901523148385
G2_C3.1,tennet,2026H1,ensemble,cov50,54.05701754385965
G2_C3.1,tennet,2026H1,ensemble,cov95,95.48382675438597
G2_C3.1,tennet,2026H1,ensemble,crps,613.4252150508761
G2_C3.1,tennet,2026H1,ensemble,energy_score,7059.11036851175
G2_C3.1,transnetbw,2024,point,rmse,464.175254616949
G2_C3.1,transnetbw,2024,point,r2,0.8851421702651625
G2_C3.1,transnetbw,2024,point,mae,290.1054740245426
G2_C3.1,transnetbw,2024,point,smape,4.572213782550376
G2_C3.1,transnetbw,2024,quantile,wis,176.0052871954083
G2_C3.1,transnetbw,2024,quantile,lqs,88.00264359770415
G2_C3.1,transnetbw,2024,quantile,mae_median,281.5796474761404
G2_C3.1,transnetbw,2024,quantile,cov50,53.66586538461539
G2_C3.1,transnetbw,2024,quantile,cov95,96.49439102564102
G2_C3.1,transnetbw,2024,ensemble,wis,176.0052871954083
G2_C3.1,transnetbw,2024,ensemble,lqs,88.00264359770415
G2_C3.1,transnetbw,2024,ensemble,mae_median,281.5796474761404
G2_C3.1,transnetbw,2024,ensemble,cov50,53.66586538461539
G2_C3.1,transnetbw,2024,ensemble,cov95,96.49439102564102
G2_C3.1,transnetbw,2024,ensemble,crps,212.28703492986205
G2_C3.1,transnetbw,2024,ensemble,energy_score,2462.175465937132
G2_C3.1,transnetbw,2025,point,rmse,459.6563726580088
G2_C3.1,transnetbw,2025,point,r2,0.8887057209144077
G2_C3.1,transnetbw,2025,point,mae,292.30593782118
G2_C3.1,transnetbw,2025,point,smape,4.605430970080096
G2_C3.1,transnetbw,2025,quantile,wis,176.60864253620193
G2_C3.1,transnetbw,2025,quantile,lqs,88.30432126810096
G2_C3.1,transnetbw,2025,quantile,mae_median,286.54536949045956
G2_C3.1,transnetbw,2025,quantile,cov50,51.97488584474886
G2_C3.1,transnetbw,2025,quantile,cov95,96.37842465753424
G2_C3.1,transnetbw,2025,ensemble,wis,176.60864253620193
G2_C3.1,transnetbw,2025,ensemble,lqs,88.30432126810096
G2_C3.1,transnetbw,2025,ensemble,mae_median,286.54536949045956
G2_C3.1,transnetbw,2025,ensemble,cov50,51.97488584474886
G2_C3.1,transnetbw,2025,ensemble,cov95,96.37842465753424
G2_C3.1,transnetbw,2025,ensemble,crps,213.30500433811196
G2_C3.1,transnetbw,2025,ensemble,energy_score,2499.2934954315688
G2_C3.1,transnetbw,2026H1,point,rmse,590.9928531262419
G2_C3.1,transnetbw,2026H1,point,r2,0.8088244602862609
G2_C3.1,transnetbw,2026H1,point,mae,381.0160764136318
G2_C3.1,transnetbw,2026H1,point,smape,5.605202816995513
G2_C3.1,transnetbw,2026H1,quantile,wis,227.70900200323803
G2_C3.1,transnetbw,2026H1,quantile,lqs,113.85450100161904
G2_C3.1,transnetbw,2026H1,quantile,mae_median,377.62165525202164
G2_C3.1,transnetbw,2026H1,quantile,cov50,52.45339912280702
G2_C3.1,transnetbw,2026H1,quantile,cov95,95.24396929824562
G2_C3.1,transnetbw,2026H1,ensemble,wis,227.70900200323803
G2_C3.1,transnetbw,2026H1,ensemble,lqs,113.85450100161904
G2_C3.1,transnetbw,2026H1,ensemble,mae_median,377.62165525202164
G2_C3.1,transnetbw,2026H1,ensemble,cov50,52.45339912280702
G2_C3.1,transnetbw,2026H1,ensemble,cov95,95.24396929824562
G2_C3.1,transnetbw,2026H1,ensemble,crps,277.0785693336187
G2_C3.1,transnetbw,2026H1,ensemble,energy_score,3195.163800737747
G2_C3.1,50hertz,overall,point,rmse,977.2794724626167
G2_C3.1,50hertz,overall,point,r2,0.7460835008667788
G2_C3.1,50hertz,overall,point,mae,759.8940669230634
G2_C3.1,50hertz,overall,point,smape,6.555615329342437
G2_C3.1,50hertz,overall,quantile,wis,444.6310119997346
G2_C3.1,50hertz,overall,quantile,lqs,222.3155059998673
G2_C3.1,50hertz,overall,quantile,mae_median,754.5096572171867
G2_C3.1,50hertz,overall,quantile,cov50,50.28613318199017
G2_C3.1,50hertz,overall,quantile,cov95,97.31247635262959
G2_C3.1,50hertz,overall,ensemble,wis,444.6310119997346
G2_C3.1,50hertz,overall,ensemble,lqs,222.3155059998673
G2_C3.1,50hertz,overall,ensemble,mae_median,754.5096572171867
G2_C3.1,50hertz,overall,ensemble,cov50,50.28613318199017
G2_C3.1,50hertz,overall,ensemble,cov95,97.31247635262959
G2_C3.1,50hertz,overall,ensemble,crps,545.9801885032159
G2_C3.1,50hertz,overall,ensemble,energy_score,6167.4325710859575
G2_C3.1,amprion,overall,point,rmse,1190.1544073830983
G2_C3.1,amprion,overall,point,r2,0.8723616512005858
G2_C3.1,amprion,overall,point,mae,823.1729796670121
G2_C3.1,amprion,overall,point,smape,4.341386546285355
G2_C3.1,amprion,overall,quantile,wis,496.57499748606955
G2_C3.1,amprion,overall,quantile,lqs,248.2874987430348
G2_C3.1,amprion,overall,quantile,mae_median,807.5382771921452
G2_C3.1,amprion,overall,quantile,cov50,56.07027998486568
G2_C3.1,amprion,overall,quantile,cov95,96.98968974650019
G2_C3.1,amprion,overall,ensemble,wis,496.57499748606955
G2_C3.1,amprion,overall,ensemble,lqs,248.2874987430348
G2_C3.1,amprion,overall,ensemble,mae_median,807.5382771921452
G2_C3.1,amprion,overall,ensemble,cov50,56.07027998486568
G2_C3.1,amprion,overall,ensemble,cov95,96.98968974650019
G2_C3.1,amprion,overall,ensemble,crps,605.5670346698264
G2_C3.1,amprion,overall,ensemble,energy_score,7000.34581520316
G2_C3.1,de_lu,overall,point,rmse,3008.5837324721074
G2_C3.1,de_lu,overall,point,r2,0.8970161821424788
G2_C3.1,de_lu,overall,point,mae,2031.9845962892136
G2_C3.1,de_lu,overall,point,smape,3.8162570398234554
G2_C3.1,de_lu,overall,quantile,wis,1249.0407851708876
G2_C3.1,de_lu,overall,quantile,lqs,624.5203925854438
G2_C3.1,de_lu,overall,quantile,mae_median,1988.6679300852459
G2_C3.1,de_lu,overall,quantile,cov50,65.3128547105562
G2_C3.1,de_lu,overall,quantile,cov95,98.53859250851306
G2_C3.1,de_lu,overall,ensemble,wis,1249.0407851708876
G2_C3.1,de_lu,overall,ensemble,lqs,624.5203925854438
G2_C3.1,de_lu,overall,ensemble,mae_median,1988.6679300852459
G2_C3.1,de_lu,overall,ensemble,cov50,65.3128547105562
G2_C3.1,de_lu,overall,ensemble,cov95,98.53859250851306
G2_C3.1,de_lu,overall,ensemble,crps,1529.3665640886488
G2_C3.1,de_lu,overall,ensemble,energy_score,17165.370536700066
G2_C3.1,lu,overall,point,rmse,33.55107300354939
G2_C3.1,lu,overall,point,r2,0.8845831241106906
G2_C3.1,lu,overall,point,mae,21.367572081583802
G2_C3.1,lu,overall,point,smape,3.9089486757553518
G2_C3.1,lu,overall,quantile,wis,12.880496729186838
G2_C3.1,lu,overall,quantile,lqs,6.44024836459342
G2_C3.1,lu,overall,quantile,mae_median,20.905875774518282
G2_C3.1,lu,overall,quantile,cov50,51.25449300037835
G2_C3.1,lu,overall,quantile,cov95,96.1537552024215
G2_C3.1,lu,overall,ensemble,wis,12.880496729186838
G2_C3.1,lu,overall,ensemble,lqs,6.44024836459342
G2_C3.1,lu,overall,ensemble,mae_median,20.905875774518282
G2_C3.1,lu,overall,ensemble,cov50,51.25449300037835
G2_C3.1,lu,overall,ensemble,cov95,96.1537552024215
G2_C3.1,lu,overall,ensemble,crps,15.597993835322033
G2_C3.1,lu,overall,ensemble,energy_score,178.83953007725458
G2_C3.1,tennet,overall,point,rmse,928.273914739928
G2_C3.1,tennet,overall,point,r2,0.8951160837225164
G2_C3.1,tennet,overall,point,mae,617.9352771998226
G2_C3.1,tennet,overall,point,smape,3.955178616323498
G2_C3.1,tennet,overall,quantile,wis,370.93216528467417
G2_C3.1,tennet,overall,quantile,lqs,185.46608264233708
G2_C3.1,tennet,overall,quantile,mae_median,605.4499859171596
G2_C3.1,tennet,overall,quantile,cov50,53.04696367763905
G2_C3.1,tennet,overall,quantile,cov95,96.32874574347332
G2_C3.1,tennet,overall,ensemble,wis,370.93216528467417
G2_C3.1,tennet,overall,ensemble,lqs,185.46608264233708
G2_C3.1,tennet,overall,ensemble,mae_median,605.4499859171596
G2_C3.1,tennet,overall,ensemble,cov50,53.04696367763905
G2_C3.1,tennet,overall,ensemble,cov95,96.32874574347332
G2_C3.1,tennet,overall,ensemble,crps,450.77356864172816
G2_C3.1,tennet,overall,ensemble,energy_score,5199.206018915141
G2_C3.1,transnetbw,overall,point,rmse,486.6376050820049
G2_C3.1,transnetbw,overall,point,r2,0.8760328195240932
G2_C3.1,transnetbw,overall,point,mae,306.7020470653079
G2_C3.1,transnetbw,overall,point,smape,4.7641985801485704
G2_C3.1,transnetbw,overall,quantile,wis,185.17576318880194
G2_C3.1,transnetbw,overall,quantile,lqs,92.58788159440098
G2_C3.1,transnetbw,overall,quantile,mae_median,300.2071999360274
G2_C3.1,transnetbw,overall,quantile,cov50,52.7561010215664
G2_C3.1,transnetbw,overall,quantile,cov95,96.23060915626182
G2_C3.1,transnetbw,overall,ensemble,wis,185.17576318880194
G2_C3.1,transnetbw,overall,ensemble,lqs,92.58788159440098
G2_C3.1,transnetbw,overall,ensemble,mae_median,300.2071999360274
G2_C3.1,transnetbw,overall,ensemble,cov50,52.7561010215664
G2_C3.1,transnetbw,overall,ensemble,cov95,96.23060915626182
G2_C3.1,transnetbw,overall,ensemble,crps,223.88734374187365
G2_C3.1,transnetbw,overall,ensemble,energy_score,2604.016904819269
G2_C3.2,50hertz,2024,point,rmse,934.6414823784952
G2_C3.2,50hertz,2024,point,r2,0.7479696023324465
G2_C3.2,50hertz,2024,point,mae,726.0647118307819
G2_C3.2,50hertz,2024,point,smape,6.330461100366529
G2_C3.2,50hertz,2024,quantile,wis,422.16635589770084
G2_C3.2,50hertz,2024,quantile,lqs,211.08317794885042
G2_C3.2,50hertz,2024,quantile,mae_median,720.3180605497815
G2_C3.2,50hertz,2024,quantile,cov50,48.640682234432234
G2_C3.2,50hertz,2024,quantile,cov95,96.8206272893773
G2_C3.2,50hertz,2024,ensemble,wis,422.16635589770084
G2_C3.2,50hertz,2024,ensemble,lqs,211.08317794885042
G2_C3.2,50hertz,2024,ensemble,mae_median,720.3180605497815
G2_C3.2,50hertz,2024,ensemble,cov50,48.640682234432234
G2_C3.2,50hertz,2024,ensemble,cov95,96.8206272893773
G2_C3.2,50hertz,2024,ensemble,crps,517.9696151268649
G2_C3.2,50hertz,2024,ensemble,energy_score,5887.156743440929
G2_C3.2,50hertz,2025,point,rmse,1054.163075408531
G2_C3.2,50hertz,2025,point,r2,0.686700749318732
G2_C3.2,50hertz,2025,point,mae,839.1613584525318
G2_C3.2,50hertz,2025,point,smape,7.269950519770399
G2_C3.2,50hertz,2025,quantile,wis,484.0531743454412
G2_C3.2,50hertz,2025,quantile,lqs,242.0265871727206
G2_C3.2,50hertz,2025,quantile,mae_median,834.4384836448078
G2_C3.2,50hertz,2025,quantile,cov50,45.67351598173516
G2_C3.2,50hertz,2025,quantile,cov95,97.14611872146118
G2_C3.2,50hertz,2025,ensemble,wis,484.0531743454412
G2_C3.2,50hertz,2025,ensemble,lqs,242.0265871727206
G2_C3.2,50hertz,2025,ensemble,mae_median,834.4384836448078
G2_C3.2,50hertz,2025,ensemble,cov50,45.67351598173516
G2_C3.2,50hertz,2025,ensemble,cov95,97.14611872146118
G2_C3.2,50hertz,2025,ensemble,crps,594.0673060065667
G2_C3.2,50hertz,2025,ensemble,energy_score,6691.391198694706
G2_C3.2,50hertz,2026H1,point,rmse,1073.0772504208287
G2_C3.2,50hertz,2026H1,point,r2,0.7522496552211103
G2_C3.2,50hertz,2026H1,point,mae,801.957150515691
G2_C3.2,50hertz,2026H1,point,smape,6.636326797166639
G2_C3.2,50hertz,2026H1,quantile,wis,477.3872812135462
G2_C3.2,50hertz,2026H1,quantile,lqs,238.69364060677313
G2_C3.2,50hertz,2026H1,quantile,mae_median,797.3573624535276
G2_C3.2,50hertz,2026H1,quantile,cov50,52.90570175438597
G2_C3.2,50hertz,2026H1,quantile,cov95,95.53865131578947
G2_C3.2,50hertz,2026H1,ensemble,wis,477.3872812135462
G2_C3.2,50hertz,2026H1,ensemble,lqs,238.69364060677313
G2_C3.2,50hertz,2026H1,ensemble,mae_median,797.3573624535276
G2_C3.2,50hertz,2026H1,ensemble,cov50,52.90570175438597
G2_C3.2,50hertz,2026H1,ensemble,cov95,95.53865131578947
G2_C3.2,50hertz,2026H1,ensemble,crps,586.6509559585318
G2_C3.2,50hertz,2026H1,ensemble,energy_score,6544.901949559864
G2_C3.2,amprion,2024,point,rmse,1261.6967904900002
G2_C3.2,amprion,2024,point,r2,0.854045551216579
G2_C3.2,amprion,2024,point,mae,855.2025358345188
G2_C3.2,amprion,2024,point,smape,4.617676507540244
G2_C3.2,amprion,2024,quantile,wis,516.8493404191844
G2_C3.2,amprion,2024,quantile,lqs,258.42467020959214
G2_C3.2,amprion,2024,quantile,mae_median,845.7435410892124
G2_C3.2,amprion,2024,quantile,cov50,52.369505494505496
G2_C3.2,amprion,2024,quantile,cov95,96.10519688644689
G2_C3.2,amprion,2024,ensemble,wis,516.8493404191844
G2_C3.2,amprion,2024,ensemble,lqs,258.42467020959214
G2_C3.2,amprion,2024,ensemble,mae_median,845.7435410892124
G2_C3.2,amprion,2024,ensemble,cov50,52.369505494505496
G2_C3.2,amprion,2024,ensemble,cov95,96.10519688644689
G2_C3.2,amprion,2024,ensemble,crps,626.8031532049581
G2_C3.2,amprion,2024,ensemble,energy_score,7211.826411436399
G2_C3.2,amprion,2025,point,rmse,1087.067764323043
G2_C3.2,amprion,2025,point,r2,0.8879914628259628
G2_C3.2,amprion,2025,point,mae,768.9451654969635
G2_C3.2,amprion,2025,point,smape,4.008771344007454
G2_C3.2,amprion,2025,quantile,wis,453.47018297707666
G2_C3.2,amprion,2025,quantile,lqs,226.73509148853836
G2_C3.2,amprion,2025,quantile,mae_median,749.5152504849904
G2_C3.2,amprion,2025,quantile,cov50,52.84246575342466
G2_C3.2,amprion,2025,quantile,cov95,97.25456621004567
G2_C3.2,amprion,2025,ensemble,wis,453.47018297707666
G2_C3.2,amprion,2025,ensemble,lqs,226.73509148853836
G2_C3.2,amprion,2025,ensemble,mae_median,749.5152504849904
G2_C3.2,amprion,2025,ensemble,cov50,52.84246575342466
G2_C3.2,amprion,2025,ensemble,cov95,97.25456621004567
G2_C3.2,amprion,2025,ensemble,crps,553.5562490642903
G2_C3.2,amprion,2025,ensemble,energy_score,6481.684193005025
G2_C3.2,amprion,2026H1,point,rmse,1387.6872441873775
G2_C3.2,amprion,2026H1,point,r2,0.8359938273104269
G2_C3.2,amprion,2026H1,point,mae,983.8666134140751
G2_C3.2,amprion,2026H1,point,smape,4.967167713159509
G2_C3.2,amprion,2026H1,quantile,wis,587.6275296072602
G2_C3.2,amprion,2026H1,quantile,lqs,293.8137648036301
G2_C3.2,amprion,2026H1,quantile,mae_median,984.0285876182796
G2_C3.2,amprion,2026H1,quantile,cov50,50.04111842105263
G2_C3.2,amprion,2026H1,quantile,cov95,95.80592105263158
G2_C3.2,amprion,2026H1,ensemble,wis,587.6275296072602
G2_C3.2,amprion,2026H1,ensemble,lqs,293.8137648036301
G2_C3.2,amprion,2026H1,ensemble,mae_median,984.0285876182796
G2_C3.2,amprion,2026H1,ensemble,cov50,50.04111842105263
G2_C3.2,amprion,2026H1,ensemble,cov95,95.80592105263158
G2_C3.2,amprion,2026H1,ensemble,crps,717.2710859295355
G2_C3.2,amprion,2026H1,ensemble,energy_score,8184.0454053124395
G2_C3.2,de_lu,2024,point,rmse,3036.053063273661
G2_C3.2,de_lu,2024,point,r2,0.8916753289371449
G2_C3.2,de_lu,2024,point,mae,2025.3966168979227
G2_C3.2,de_lu,2024,point,smape,3.836683821664559
G2_C3.2,de_lu,2024,quantile,wis,1237.1407034047509
G2_C3.2,de_lu,2024,quantile,lqs,618.5703517023754
G2_C3.2,de_lu,2024,quantile,mae_median,2000.1984034573102
G2_C3.2,de_lu,2024,quantile,cov50,61.51842948717948
G2_C3.2,de_lu,2024,quantile,cov95,98.57200091575092
G2_C3.2,de_lu,2024,ensemble,wis,1237.1407034047509
G2_C3.2,de_lu,2024,ensemble,lqs,618.5703517023754
G2_C3.2,de_lu,2024,ensemble,mae_median,2000.1984034573102
G2_C3.2,de_lu,2024,ensemble,cov50,61.51842948717948
G2_C3.2,de_lu,2024,ensemble,cov95,98.57200091575092
G2_C3.2,de_lu,2024,ensemble,crps,1509.2150049291197
G2_C3.2,de_lu,2024,ensemble,energy_score,16896.164134395778
G2_C3.2,de_lu,2025,point,rmse,2918.948900516244
G2_C3.2,de_lu,2025,point,r2,0.9005166515165713
G2_C3.2,de_lu,2025,point,mae,2036.1858609213336
G2_C3.2,de_lu,2025,point,smape,3.8279347507991406
G2_C3.2,de_lu,2025,quantile,wis,1220.9919876268946
G2_C3.2,de_lu,2025,quantile,lqs,610.4959938134473
G2_C3.2,de_lu,2025,quantile,mae_median,1989.6416772415096
G2_C3.2,de_lu,2025,quantile,cov50,61.00742009132421
G2_C3.2,de_lu,2025,quantile,cov95,98.71575342465754
G2_C3.2,de_lu,2025,ensemble,wis,1220.9919876268946
G2_C3.2,de_lu,2025,ensemble,lqs,610.4959938134473
G2_C3.2,de_lu,2025,ensemble,mae_median,1989.6416772415096
G2_C3.2,de_lu,2025,ensemble,cov50,61.00742009132421
G2_C3.2,de_lu,2025,ensemble,cov95,98.71575342465754
G2_C3.2,de_lu,2025,ensemble,crps,1493.745319253891
G2_C3.2,de_lu,2025,ensemble,energy_score,16824.955796399005
G2_C3.2,de_lu,2026H1,point,rmse,3718.48866328616
G2_C3.2,de_lu,2026H1,point,r2,0.855323557680058
G2_C3.2,de_lu,2026H1,point,mae,2528.0712923109786
G2_C3.2,de_lu,2026H1,point,smape,4.630236629084226
G2_C3.2,de_lu,2026H1,quantile,wis,1540.7868976189382
G2_C3.2,de_lu,2026H1,quantile,lqs,770.3934488094691
G2_C3.2,de_lu,2026H1,quantile,mae_median,2515.769251853053
G2_C3.2,de_lu,2026H1,quantile,cov50,60.79358552631579
G2_C3.2,de_lu,2026H1,quantile,cov95,97.61513157894737
G2_C3.2,de_lu,2026H1,ensemble,wis,1540.7868976189382
G2_C3.2,de_lu,2026H1,ensemble,lqs,770.3934488094691
G2_C3.2,de_lu,2026H1,ensemble,mae_median,2515.769251853053
G2_C3.2,de_lu,2026H1,ensemble,cov50,60.79358552631579
G2_C3.2,de_lu,2026H1,ensemble,cov95,97.61513157894737
G2_C3.2,de_lu,2026H1,ensemble,crps,1887.95366747897
G2_C3.2,de_lu,2026H1,ensemble,energy_score,20993.58502113143
G2_C3.2,lu,2024,point,rmse,29.0641612209858
G2_C3.2,lu,2024,point,r2,0.9125413202652766
G2_C3.2,lu,2024,point,mae,18.463682194963148
G2_C3.2,lu,2024,point,smape,3.333098553325141
G2_C3.2,lu,2024,quantile,wis,11.206497408070243
G2_C3.2,lu,2024,quantile,lqs,5.6032487040351215
G2_C3.2,lu,2024,quantile,mae_median,17.907796724844065
G2_C3.2,lu,2024,quantile,cov50,49.490551001821494
G2_C3.2,lu,2024,quantile,cov95,94.84858834244079
G2_C3.2,lu,2024,ensemble,wis,11.206497408070243
G2_C3.2,lu,2024,ensemble,lqs,5.6032487040351215
G2_C3.2,lu,2024,ensemble,mae_median,17.907796724844065
G2_C3.2,lu,2024,ensemble,cov50,49.490551001821494
G2_C3.2,lu,2024,ensemble,cov95,94.84858834244079
G2_C3.2,lu,2024,ensemble,crps,13.466016690673683
G2_C3.2,lu,2024,ensemble,energy_score,154.41948880477645
G2_C3.2,lu,2025,point,rmse,28.734109863097125
G2_C3.2,lu,2025,point,r2,0.9151944294140069
G2_C3.2,lu,2025,point,mae,19.27351418577635
G2_C3.2,lu,2025,point,smape,3.5148488925018375
G2_C3.2,lu,2025,quantile,wis,11.567401271723394
G2_C3.2,lu,2025,quantile,lqs,5.783700635861697
G2_C3.2,lu,2025,quantile,mae_median,18.723563571083385
G2_C3.2,lu,2025,quantile,cov50,50.61358447488584
G2_C3.2,lu,2025,quantile,cov95,95.91609589041096
G2_C3.2,lu,2025,ensemble,wis,11.567401271723394
G2_C3.2,lu,2025,ensemble,lqs,5.783700635861697
G2_C3.2,lu,2025,ensemble,mae_median,18.723563571083385
G2_C3.2,lu,2025,ensemble,cov50,50.61358447488584
G2_C3.2,lu,2025,ensemble,cov95,95.91609589041096
G2_C3.2,lu,2025,ensemble,crps,14.05063993079289
G2_C3.2,lu,2025,ensemble,energy_score,162.83169214149422
G2_C3.2,lu,2026H1,point,rmse,47.408639834350126
G2_C3.2,lu,2026H1,point,r2,0.7743373322828255
G2_C3.2,lu,2026H1,point,mae,27.42651244384659
G2_C3.2,lu,2026H1,point,smape,5.187321783252328
G2_C3.2,lu,2026H1,quantile,wis,16.41467327140004
G2_C3.2,lu,2026H1,quantile,lqs,8.20733663570002
G2_C3.2,lu,2026H1,quantile,mae_median,26.733518109210635
G2_C3.2,lu,2026H1,quantile,cov50,49.86293859649123
G2_C3.2,lu,2026H1,quantile,cov95,94.5860745614035
G2_C3.2,lu,2026H1,ensemble,wis,16.41467327140004
G2_C3.2,lu,2026H1,ensemble,lqs,8.20733663570002
G2_C3.2,lu,2026H1,ensemble,mae_median,26.733518109210635
G2_C3.2,lu,2026H1,ensemble,cov50,49.86293859649123
G2_C3.2,lu,2026H1,ensemble,cov95,94.5860745614035
G2_C3.2,lu,2026H1,ensemble,crps,19.876370396909678
G2_C3.2,lu,2026H1,ensemble,energy_score,227.82415230673905
G2_C3.2,tennet,2024,point,rmse,871.4176546717644
G2_C3.2,tennet,2024,point,r2,0.9031489311475692
G2_C3.2,tennet,2024,point,mae,585.911444940705
G2_C3.2,tennet,2024,point,smape,3.7156286487678907
G2_C3.2,tennet,2024,quantile,wis,346.99730965645756
G2_C3.2,tennet,2024,quantile,lqs,173.4986548282288
G2_C3.2,tennet,2024,quantile,mae_median,575.3621766019829
G2_C3.2,tennet,2024,quantile,cov50,50.61527014652014
G2_C3.2,tennet,2024,quantile,cov95,97.30998168498168
G2_C3.2,tennet,2024,ensemble,wis,346.99730965645756
G2_C3.2,tennet,2024,ensemble,lqs,173.4986548282288
G2_C3.2,tennet,2024,ensemble,mae_median,575.3621766019829
G2_C3.2,tennet,2024,ensemble,cov50,50.61527014652014
G2_C3.2,tennet,2024,ensemble,cov95,97.30998168498168
G2_C3.2,tennet,2024,ensemble,crps,422.0457449457004
G2_C3.2,tennet,2024,ensemble,energy_score,4839.273103299097
G2_C3.2,tennet,2025,point,rmse,886.4229883331693
G2_C3.2,tennet,2025,point,r2,0.9031798609269073
G2_C3.2,tennet,2025,point,mae,596.5470162843391
G2_C3.2,tennet,2025,point,smape,3.798382650454373
G2_C3.2,tennet,2025,quantile,wis,356.47463085424965
G2_C3.2,tennet,2025,quantile,lqs,178.23731542712488
G2_C3.2,tennet,2025,quantile,mae_median,586.9102977469945
G2_C3.2,tennet,2025,quantile,cov50,49.77168949771689
G2_C3.2,tennet,2025,quantile,cov95,95.72203196347033
G2_C3.2,tennet,2025,ensemble,wis,356.47463085424965
G2_C3.2,tennet,2025,ensemble,lqs,178.23731542712488
G2_C3.2,tennet,2025,ensemble,mae_median,586.9102977469945
G2_C3.2,tennet,2025,ensemble,cov50,49.77168949771689
G2_C3.2,tennet,2025,ensemble,cov95,95.72203196347033
G2_C3.2,tennet,2025,ensemble,crps,432.76603398441523
G2_C3.2,tennet,2025,ensemble,energy_score,4986.0840581025395
G2_C3.2,tennet,2026H1,point,rmse,1249.7207317947355
G2_C3.2,tennet,2026H1,point,r2,0.8324370464700935
G2_C3.2,tennet,2026H1,point,mae,866.554524590756
G2_C3.2,tennet,2026H1,point,smape,5.627602560806529
G2_C3.2,tennet,2026H1,quantile,wis,516.6422905897911
G2_C3.2,tennet,2026H1,quantile,lqs,258.3211452948955
G2_C3.2,tennet,2026H1,quantile,mae_median,859.1096829502038
G2_C3.2,tennet,2026H1,quantile,cov50,49.34895833333333
G2_C3.2,tennet,2026H1,quantile,cov95,94.81222587719299
G2_C3.2,tennet,2026H1,ensemble,wis,516.6422905897911
G2_C3.2,tennet,2026H1,ensemble,lqs,258.3211452948955
G2_C3.2,tennet,2026H1,ensemble,mae_median,859.1096829502038
G2_C3.2,tennet,2026H1,ensemble,cov50,49.34895833333333
G2_C3.2,tennet,2026H1,ensemble,cov95,94.81222587719299
G2_C3.2,tennet,2026H1,ensemble,crps,628.8523758307957
G2_C3.2,tennet,2026H1,ensemble,energy_score,7239.765415488825
G2_C3.2,transnetbw,2024,point,rmse,472.88476693149295
G2_C3.2,transnetbw,2024,point,r2,0.8807914828203046
G2_C3.2,transnetbw,2024,point,mae,295.88923348074655
G2_C3.2,transnetbw,2024,point,smape,4.643311241867373
G2_C3.2,transnetbw,2024,quantile,wis,178.5389179842114
G2_C3.2,transnetbw,2024,quantile,lqs,89.26945899210571
G2_C3.2,transnetbw,2024,quantile,mae_median,289.0185099641569
G2_C3.2,transnetbw,2024,quantile,cov50,51.05025183150184
G2_C3.2,transnetbw,2024,quantile,cov95,96.77483974358975
G2_C3.2,transnetbw,2024,ensemble,wis,178.5389179842114
G2_C3.2,transnetbw,2024,ensemble,lqs,89.26945899210571
G2_C3.2,transnetbw,2024,ensemble,mae_median,289.0185099641569
G2_C3.2,transnetbw,2024,ensemble,cov50,51.05025183150184
G2_C3.2,transnetbw,2024,ensemble,cov95,96.77483974358975
G2_C3.2,transnetbw,2024,ensemble,crps,215.94611067028075
G2_C3.2,transnetbw,2024,ensemble,energy_score,2503.8904984097235
G2_C3.2,transnetbw,2025,point,rmse,464.4422655970202
G2_C3.2,transnetbw,2025,point,r2,0.8863760875419979
G2_C3.2,transnetbw,2025,point,mae,293.8550041202635
G2_C3.2,transnetbw,2025,point,smape,4.62892424159862
G2_C3.2,transnetbw,2025,quantile,wis,177.63239355045044
G2_C3.2,transnetbw,2025,quantile,lqs,88.81619677522522
G2_C3.2,transnetbw,2025,quantile,mae_median,289.0411411827666
G2_C3.2,transnetbw,2025,quantile,cov50,49.589041095890416
G2_C3.2,transnetbw,2025,quantile,cov95,96.3670091324201
G2_C3.2,transnetbw,2025,ensemble,wis,177.63239355045044
G2_C3.2,transnetbw,2025,ensemble,lqs,88.81619677522522
G2_C3.2,transnetbw,2025,ensemble,mae_median,289.0411411827666
G2_C3.2,transnetbw,2025,ensemble,cov50,49.589041095890416
G2_C3.2,transnetbw,2025,ensemble,cov95,96.3670091324201
G2_C3.2,transnetbw,2025,ensemble,crps,214.56617306770755
G2_C3.2,transnetbw,2025,ensemble,energy_score,2510.485916419386
G2_C3.2,transnetbw,2026H1,point,rmse,592.9760900495065
G2_C3.2,transnetbw,2026H1,point,r2,0.8075392245969157
G2_C3.2,transnetbw,2026H1,point,mae,374.40489996489583
G2_C3.2,transnetbw,2026H1,point,smape,5.530989258867438
G2_C3.2,transnetbw,2026H1,quantile,wis,227.54867995292264
G2_C3.2,transnetbw,2026H1,quantile,lqs,113.7743399764613
G2_C3.2,transnetbw,2026H1,quantile,mae_median,374.95638300979346
G2_C3.2,transnetbw,2026H1,quantile,cov50,51.63788377192983
G2_C3.2,transnetbw,2026H1,quantile,cov95,95.02467105263158
G2_C3.2,transnetbw,2026H1,ensemble,wis,227.54867995292264
G2_C3.2,transnetbw,2026H1,ensemble,lqs,113.7743399764613
G2_C3.2,transnetbw,2026H1,ensemble,mae_median,374.95638300979346
G2_C3.2,transnetbw,2026H1,ensemble,cov50,51.63788377192983
G2_C3.2,transnetbw,2026H1,ensemble,cov95,95.02467105263158
G2_C3.2,transnetbw,2026H1,ensemble,crps,276.3190431628815
G2_C3.2,transnetbw,2026H1,ensemble,energy_score,3189.4211120262503
G2_C3.2,50hertz,overall,point,rmse,1009.9454034849393
G2_C3.2,50hertz,overall,point,r2,0.7288253037877144
G2_C3.2,50hertz,overall,point,mae,786.0146853802086
G2_C3.2,50hertz,overall,point,smape,6.772464759839888
G2_C3.2,50hertz,overall,quantile,wis,457.333517511133
G2_C3.2,50hertz,overall,quantile,lqs,228.6667587555665
G2_C3.2,50hertz,overall,quantile,mae_median,780.8900563716362
G2_C3.2,50hertz,overall,quantile,cov50,48.14722852818766
G2_C3.2,50hertz,overall,quantile,cov95,96.73429814604616
G2_C3.2,50hertz,overall,ensemble,wis,457.333517511133
G2_C3.2,50hertz,overall,ensemble,lqs,228.6667587555665
G2_C3.2,50hertz,overall,ensemble,mae_median,780.8900563716362
G2_C3.2,50hertz,overall,ensemble,cov50,48.14722852818766
G2_C3.2,50hertz,overall,ensemble,cov95,96.73429814604616
G2_C3.2,50hertz,overall,ensemble,crps,561.3467104475284
G2_C3.2,50hertz,overall,ensemble,energy_score,6333.834209386112
G2_C3.2,amprion,overall,point,rmse,1216.3626548479451
G2_C3.2,amprion,overall,point,r2,0.8666783393784112
G2_C3.2,amprion,overall,point,mae,841.6645104303019
G2_C3.2,amprion,overall,point,smape,4.4257040655024005
G2_C3.2,amprion,overall,quantile,wis,502.80268013566354
G2_C3.2,amprion,overall,quantile,lqs,251.40134006783177
G2_C3.2,amprion,overall,quantile,mae_median,829.7344616361786
G2_C3.2,amprion,overall,quantile,cov50,52.16373439273553
G2_C3.2,amprion,overall,quantile,cov95,96.52974839197881
G2_C3.2,amprion,overall,ensemble,wis,502.80268013566354
G2_C3.2,amprion,overall,ensemble,lqs,251.40134006783177
G2_C3.2,amprion,overall,ensemble,mae_median,829.7344616361786
G2_C3.2,amprion,overall,ensemble,cov50,52.16373439273553
G2_C3.2,amprion,overall,ensemble,cov95,96.52974839197881
G2_C3.2,amprion,overall,ensemble,crps,612.065361789285
G2_C3.2,amprion,overall,ensemble,energy_score,7077.065205240833
G2_C3.2,de_lu,overall,point,rmse,3118.3315979616036
G2_C3.2,de_lu,overall,point,r2,0.8893658067948003
G2_C3.2,de_lu,overall,point,mae,2116.593693777979
G2_C3.2,de_lu,overall,point,smape,3.9699716943795553
G2_C3.2,de_lu,overall,quantile,wis,1282.838705971878
G2_C3.2,de_lu,overall,quantile,lqs,641.4193529859389
G2_C3.2,de_lu,overall,quantile,mae_median,2084.7767960650126
G2_C3.2,de_lu,overall,quantile,cov50,61.18165909950813
G2_C3.2,de_lu,overall,quantile,cov95,98.4664680287552
G2_C3.2,de_lu,overall,ensemble,wis,1282.838705971878
G2_C3.2,de_lu,overall,ensemble,lqs,641.4193529859389
G2_C3.2,de_lu,overall,ensemble,mae_median,2084.7767960650126
G2_C3.2,de_lu,overall,ensemble,cov50,61.18165909950813
G2_C3.2,de_lu,overall,ensemble,cov95,98.4664680287552
G2_C3.2,de_lu,overall,ensemble,crps,1568.1501257419673
G2_C3.2,de_lu,overall,ensemble,energy_score,17573.59538458306
G2_C3.2,lu,overall,point,rmse,32.83790208898329
G2_C3.2,lu,overall,point,r2,0.8895070527304765
G2_C3.2,lu,overall,point,mae,20.341302664359638
G2_C3.2,lu,overall,point,smape,3.727414300492102
G2_C3.2,lu,overall,quantile,wis,12.252219538828486
G2_C3.2,lu,overall,quantile,lqs,6.126109769414244
G2_C3.2,lu,overall,quantile,mae_median,19.764268468106884
G2_C3.2,lu,overall,quantile,cov50,50.01887504718761
G2_C3.2,lu,overall,quantile,cov95,95.2446677991695
G2_C3.2,lu,overall,ensemble,wis,12.252219538828486
G2_C3.2,lu,overall,ensemble,lqs,6.126109769414244
G2_C3.2,lu,overall,ensemble,mae_median,19.764268468106884
G2_C3.2,lu,overall,ensemble,cov50,50.01887504718761
G2_C3.2,lu,overall,ensemble,cov95,95.2446677991695
G2_C3.2,lu,overall,ensemble,crps,14.81115966461636
G2_C3.2,lu,overall,ensemble,energy_score,170.53269726479945
G2_C3.2,tennet,overall,point,rmse,953.2793586844112
G2_C3.2,tennet,overall,point,r2,0.889389340762514
G2_C3.2,tennet,overall,point,mae,638.737474052208
G2_C3.2,tennet,overall,point,smape,4.07978897254251
G2_C3.2,tennet,overall,quantile,wis,380.1928367155504
G2_C3.2,tennet,overall,quantile,lqs,190.09641835777524
G2_C3.2,tennet,overall,quantile,mae_median,629.1018873657274
G2_C3.2,tennet,overall,quantile,cov50,50.047294740824825
G2_C3.2,tennet,overall,quantile,cov95,96.22115020809686
G2_C3.2,tennet,overall,ensemble,wis,380.1928367155504
G2_C3.2,tennet,overall,ensemble,lqs,190.09641835777524
G2_C3.2,tennet,overall,ensemble,mae_median,629.1018873657274
G2_C3.2,tennet,overall,ensemble,cov50,50.047294740824825
G2_C3.2,tennet,overall,ensemble,cov95,96.22115020809686
G2_C3.2,tennet,overall,ensemble,crps,462.16778057982685
G2_C3.2,tennet,overall,ensemble,energy_score,5314.257019253801
G2_C3.2,transnetbw,overall,point,rmse,492.3673204164465
G2_C3.2,transnetbw,overall,point,r2,0.8730964323804633
G2_C3.2,transnetbw,overall,point,mae,308.5928516294575
G2_C3.2,transnetbw,overall,point,smape,4.790502846278173
G2_C3.2,transnetbw,overall,quantile,wis,186.61905691828784
G2_C3.2,transnetbw,overall,quantile,lqs,93.30952845914392
G2_C3.2,transnetbw,overall,quantile,mae_median,303.85485173229455
G2_C3.2,transnetbw,overall,quantile,cov50,50.54625425652668
G2_C3.2,transnetbw,overall,quantile,cov95,96.3039160045403
G2_C3.2,transnetbw,overall,ensemble,wis,186.61905691828784
G2_C3.2,transnetbw,overall,ensemble,lqs,93.30952845914392
G2_C3.2,transnetbw,overall,ensemble,mae_median,303.85485173229455
G2_C3.2,transnetbw,overall,ensemble,cov50,50.54625425652668
G2_C3.2,transnetbw,overall,ensemble,cov95,96.3039160045403
G2_C3.2,transnetbw,overall,ensemble,crps,225.79061522639435
G2_C3.2,transnetbw,overall,ensemble,energy_score,2624.898422181844
G2_C3.3,50hertz,2024,point,rmse,903.9588820770485
G2_C3.3,50hertz,2024,point,r2,0.7642454015694253
G2_C3.3,50hertz,2024,point,mae,703.5231712811608
G2_C3.3,50hertz,2024,point,smape,6.149253273618224
G2_C3.3,50hertz,2024,quantile,wis,410.3185138527727
G2_C3.3,50hertz,2024,quantile,lqs,205.15925692638638
G2_C3.3,50hertz,2024,quantile,mae_median,697.6997497485933
G2_C3.3,50hertz,2024,quantile,cov50,51.691277472527474
G2_C3.3,50hertz,2024,quantile,cov95,97.24416208791209
G2_C3.3,50hertz,2024,ensemble,wis,410.3185138527727
G2_C3.3,50hertz,2024,ensemble,lqs,205.15925692638638
G2_C3.3,50hertz,2024,ensemble,mae_median,697.6997497485933
G2_C3.3,50hertz,2024,ensemble,cov50,51.691277472527474
G2_C3.3,50hertz,2024,ensemble,cov95,97.24416208791209
G2_C3.3,50hertz,2024,ensemble,crps,505.1688794306322
G2_C3.3,50hertz,2024,ensemble,energy_score,5751.73987948535
G2_C3.3,50hertz,2025,point,rmse,1004.2960504416508
G2_C3.3,50hertz,2025,point,r2,0.7156408117287898
G2_C3.3,50hertz,2025,point,mae,801.9239996450113
G2_C3.3,50hertz,2025,point,smape,6.958874602826967
G2_C3.3,50hertz,2025,quantile,wis,461.59742634517585
G2_C3.3,50hertz,2025,quantile,lqs,230.79871317258795
G2_C3.3,50hertz,2025,quantile,mae_median,797.9492145657194
G2_C3.3,50hertz,2025,quantile,cov50,48.59303652968037
G2_C3.3,50hertz,2025,quantile,cov95,97.88242009132419
G2_C3.3,50hertz,2025,ensemble,wis,461.59742634517585
G2_C3.3,50hertz,2025,ensemble,lqs,230.79871317258795
G2_C3.3,50hertz,2025,ensemble,mae_median,797.9492145657194
G2_C3.3,50hertz,2025,ensemble,cov50,48.59303652968037
G2_C3.3,50hertz,2025,ensemble,cov95,97.88242009132419
G2_C3.3,50hertz,2025,ensemble,crps,567.7852432429495
G2_C3.3,50hertz,2025,ensemble,energy_score,6432.318254734937
G2_C3.3,50hertz,2026H1,point,rmse,1045.8302511664906
G2_C3.3,50hertz,2026H1,point,r2,0.7646714105395633
G2_C3.3,50hertz,2026H1,point,mae,790.9579213553471
G2_C3.3,50hertz,2026H1,point,smape,6.568620934499505
G2_C3.3,50hertz,2026H1,quantile,wis,465.519636690635
G2_C3.3,50hertz,2026H1,quantile,lqs,232.75981834531748
G2_C3.3,50hertz,2026H1,quantile,mae_median,781.9459446617259
G2_C3.3,50hertz,2026H1,quantile,cov50,52.6110197368421
G2_C3.3,50hertz,2026H1,quantile,cov95,96.1485745614035
G2_C3.3,50hertz,2026H1,ensemble,wis,465.519636690635
G2_C3.3,50hertz,2026H1,ensemble,lqs,232.75981834531748
G2_C3.3,50hertz,2026H1,ensemble,mae_median,781.9459446617259
G2_C3.3,50hertz,2026H1,ensemble,cov50,52.6110197368421
G2_C3.3,50hertz,2026H1,ensemble,cov95,96.1485745614035
G2_C3.3,50hertz,2026H1,ensemble,crps,571.7740231082902
G2_C3.3,50hertz,2026H1,ensemble,energy_score,6393.729807831374
G2_C3.3,amprion,2024,point,rmse,1240.288741962277
G2_C3.3,amprion,2024,point,r2,0.8589565430861074
G2_C3.3,amprion,2024,point,mae,844.862244017672
G2_C3.3,amprion,2024,point,smape,4.559730420794053
G2_C3.3,amprion,2024,quantile,wis,509.6008261898929
G2_C3.3,amprion,2024,quantile,lqs,254.8004130949465
G2_C3.3,amprion,2024,quantile,mae_median,826.5574455970017
G2_C3.3,amprion,2024,quantile,cov50,55.940934065934066
G2_C3.3,amprion,2024,quantile,cov95,96.82635073260073
G2_C3.3,amprion,2024,ensemble,wis,509.6008261898929
G2_C3.3,amprion,2024,ensemble,lqs,254.8004130949465
G2_C3.3,amprion,2024,ensemble,mae_median,826.5574455970017
G2_C3.3,amprion,2024,ensemble,cov50,55.940934065934066
G2_C3.3,amprion,2024,ensemble,cov95,96.82635073260073
G2_C3.3,amprion,2024,ensemble,crps,621.2426016820145
G2_C3.3,amprion,2024,ensemble,energy_score,7147.513639331396
G2_C3.3,amprion,2025,point,rmse,1082.7885689677764
G2_C3.3,amprion,2025,point,r2,0.8888715607245828
G2_C3.3,amprion,2025,point,mae,771.6503506433897
G2_C3.3,amprion,2025,point,smape,4.038773378173223
G2_C3.3,amprion,2025,quantile,wis,454.6619329586372
G2_C3.3,amprion,2025,quantile,lqs,227.33096647931862
G2_C3.3,amprion,2025,quantile,mae_median,749.0876676764233
G2_C3.3,amprion,2025,quantile,cov50,56.31278538812785
G2_C3.3,amprion,2025,quantile,cov95,97.75114155251141
G2_C3.3,amprion,2025,ensemble,wis,454.6619329586372
G2_C3.3,amprion,2025,ensemble,lqs,227.33096647931862
G2_C3.3,amprion,2025,ensemble,mae_median,749.0876676764233
G2_C3.3,amprion,2025,ensemble,cov50,56.31278538812785
G2_C3.3,amprion,2025,ensemble,cov95,97.75114155251141
G2_C3.3,amprion,2025,ensemble,crps,557.5042338759564
G2_C3.3,amprion,2025,ensemble,energy_score,6506.3229754975655
G2_C3.3,amprion,2026H1,point,rmse,1329.0727877808986
G2_C3.3,amprion,2026H1,point,r2,0.8495561171840441
G2_C3.3,amprion,2026H1,point,mae,947.3799809422553
G2_C3.3,amprion,2026H1,point,smape,4.811141044718668
G2_C3.3,amprion,2026H1,quantile,wis,568.9677899815438
G2_C3.3,amprion,2026H1,quantile,lqs,284.48389499077194
G2_C3.3,amprion,2026H1,quantile,mae_median,939.0712693545693
G2_C3.3,amprion,2026H1,quantile,cov50,55.41392543859649
G2_C3.3,amprion,2026H1,quantile,cov95,96.05263157894737
G2_C3.3,amprion,2026H1,ensemble,wis,568.9677899815438
G2_C3.3,amprion,2026H1,ensemble,lqs,284.48389499077194
G2_C3.3,amprion,2026H1,ensemble,mae_median,939.0712693545693
G2_C3.3,amprion,2026H1,ensemble,cov50,55.41392543859649
G2_C3.3,amprion,2026H1,ensemble,cov95,96.05263157894737
G2_C3.3,amprion,2026H1,ensemble,crps,695.6473612697067
G2_C3.3,amprion,2026H1,ensemble,energy_score,7962.180132273146
G2_C3.3,de_lu,2024,point,rmse,2959.7228204278667
G2_C3.3,de_lu,2024,point,r2,0.8970536992179241
G2_C3.3,de_lu,2024,point,mae,1973.021422180465
G2_C3.3,de_lu,2024,point,smape,3.734939932403694
G2_C3.3,de_lu,2024,quantile,wis,1210.7975931104622
G2_C3.3,de_lu,2024,quantile,lqs,605.3987965552312
G2_C3.3,de_lu,2024,quantile,mae_median,1921.34627702127
G2_C3.3,de_lu,2024,quantile,cov50,65.40464743589743
G2_C3.3,de_lu,2024,quantile,cov95,98.5834478021978
G2_C3.3,de_lu,2024,ensemble,wis,1210.7975931104622
G2_C3.3,de_lu,2024,ensemble,lqs,605.3987965552312
G2_C3.3,de_lu,2024,ensemble,mae_median,1921.34627702127
G2_C3.3,de_lu,2024,ensemble,cov50,65.40464743589743
G2_C3.3,de_lu,2024,ensemble,cov95,98.5834478021978
G2_C3.3,de_lu,2024,ensemble,crps,1485.064917192795
G2_C3.3,de_lu,2024,ensemble,energy_score,16615.773155733794
G2_C3.3,de_lu,2025,point,rmse,2832.670991650681
G2_C3.3,de_lu,2025,point,r2,0.9063107676772094
G2_C3.3,de_lu,2025,point,mae,1979.7381352167445
G2_C3.3,de_lu,2025,point,smape,3.724132378369975
G2_C3.3,de_lu,2025,quantile,wis,1195.0074820836776
G2_C3.3,de_lu,2025,quantile,lqs,597.5037410418388
G2_C3.3,de_lu,2025,quantile,mae_median,1923.2538888054012
G2_C3.3,de_lu,2025,quantile,cov50,65.3310502283105
G2_C3.3,de_lu,2025,quantile,cov95,98.82134703196347
G2_C3.3,de_lu,2025,ensemble,wis,1195.0074820836776
G2_C3.3,de_lu,2025,ensemble,lqs,597.5037410418388
G2_C3.3,de_lu,2025,ensemble,mae_median,1923.2538888054012
G2_C3.3,de_lu,2025,ensemble,cov50,65.3310502283105
G2_C3.3,de_lu,2025,ensemble,cov95,98.82134703196347
G2_C3.3,de_lu,2025,ensemble,crps,1467.5539201795082
G2_C3.3,de_lu,2025,ensemble,energy_score,16571.104488364093
G2_C3.3,de_lu,2026H1,point,rmse,3548.7438055588036
G2_C3.3,de_lu,2026H1,point,r2,0.8682307141997638
G2_C3.3,de_lu,2026H1,point,mae,2434.0401882491533
G2_C3.3,de_lu,2026H1,point,smape,4.480988333687268
G2_C3.3,de_lu,2026H1,quantile,wis,1488.215698788464
G2_C3.3,de_lu,2026H1,quantile,lqs,744.107849394232
G2_C3.3,de_lu,2026H1,quantile,mae_median,2403.285455512507
G2_C3.3,de_lu,2026H1,quantile,cov50,64.80263157894737
G2_C3.3,de_lu,2026H1,quantile,cov95,97.83442982456141
G2_C3.3,de_lu,2026H1,ensemble,wis,1488.215698788464
G2_C3.3,de_lu,2026H1,ensemble,lqs,744.107849394232
G2_C3.3,de_lu,2026H1,ensemble,mae_median,2403.285455512507
G2_C3.3,de_lu,2026H1,ensemble,cov50,64.80263157894737
G2_C3.3,de_lu,2026H1,ensemble,cov95,97.83442982456141
G2_C3.3,de_lu,2026H1,ensemble,crps,1826.4712857333354
G2_C3.3,de_lu,2026H1,ensemble,energy_score,20362.433072162094
G2_C3.3,lu,2024,point,rmse,29.0641612209858
G2_C3.3,lu,2024,point,r2,0.9125413202652766
G2_C3.3,lu,2024,point,mae,18.463682194963148
G2_C3.3,lu,2024,point,smape,3.333098553325141
G2_C3.3,lu,2024,quantile,wis,11.206497408070243
G2_C3.3,lu,2024,quantile,lqs,5.6032487040351215
G2_C3.3,lu,2024,quantile,mae_median,17.907796724844065
G2_C3.3,lu,2024,quantile,cov50,49.490551001821494
G2_C3.3,lu,2024,quantile,cov95,94.84858834244079
G2_C3.3,lu,2024,ensemble,wis,11.206497408070243
G2_C3.3,lu,2024,ensemble,lqs,5.6032487040351215
G2_C3.3,lu,2024,ensemble,mae_median,17.907796724844065
G2_C3.3,lu,2024,ensemble,cov50,49.490551001821494
G2_C3.3,lu,2024,ensemble,cov95,94.84858834244079
G2_C3.3,lu,2024,ensemble,crps,13.466016690673683
G2_C3.3,lu,2024,ensemble,energy_score,154.41948880477645
G2_C3.3,lu,2025,point,rmse,28.734109863097125
G2_C3.3,lu,2025,point,r2,0.9151944294140069
G2_C3.3,lu,2025,point,mae,19.27351418577635
G2_C3.3,lu,2025,point,smape,3.5148488925018375
G2_C3.3,lu,2025,quantile,wis,11.567401271723394
G2_C3.3,lu,2025,quantile,lqs,5.783700635861697
G2_C3.3,lu,2025,quantile,mae_median,18.723563571083385
G2_C3.3,lu,2025,quantile,cov50,50.61358447488584
G2_C3.3,lu,2025,quantile,cov95,95.91609589041096
G2_C3.3,lu,2025,ensemble,wis,11.567401271723394
G2_C3.3,lu,2025,ensemble,lqs,5.783700635861697
G2_C3.3,lu,2025,ensemble,mae_median,18.723563571083385
G2_C3.3,lu,2025,ensemble,cov50,50.61358447488584
G2_C3.3,lu,2025,ensemble,cov95,95.91609589041096
G2_C3.3,lu,2025,ensemble,crps,14.05063993079289
G2_C3.3,lu,2025,ensemble,energy_score,162.83169214149422
G2_C3.3,lu,2026H1,point,rmse,47.408639834350126
G2_C3.3,lu,2026H1,point,r2,0.7743373322828255
G2_C3.3,lu,2026H1,point,mae,27.42651244384659
G2_C3.3,lu,2026H1,point,smape,5.187321783252328
G2_C3.3,lu,2026H1,quantile,wis,16.41467327140004
G2_C3.3,lu,2026H1,quantile,lqs,8.20733663570002
G2_C3.3,lu,2026H1,quantile,mae_median,26.733518109210635
G2_C3.3,lu,2026H1,quantile,cov50,49.86293859649123
G2_C3.3,lu,2026H1,quantile,cov95,94.5860745614035
G2_C3.3,lu,2026H1,ensemble,wis,16.41467327140004
G2_C3.3,lu,2026H1,ensemble,lqs,8.20733663570002
G2_C3.3,lu,2026H1,ensemble,mae_median,26.733518109210635
G2_C3.3,lu,2026H1,ensemble,cov50,49.86293859649123
G2_C3.3,lu,2026H1,ensemble,cov95,94.5860745614035
G2_C3.3,lu,2026H1,ensemble,crps,19.876370396909678
G2_C3.3,lu,2026H1,ensemble,energy_score,227.82415230673905
G2_C3.3,tennet,2024,point,rmse,871.1072719158399
G2_C3.3,tennet,2024,point,r2,0.903217911958175
G2_C3.3,tennet,2024,point,mae,581.5644896290113
G2_C3.3,tennet,2024,point,smape,3.6906619449189764
G2_C3.3,tennet,2024,quantile,wis,346.35019519667577
G2_C3.3,tennet,2024,quantile,lqs,173.17509759833786
G2_C3.3,tennet,2024,quantile,mae_median,568.9761057312235
G2_C3.3,tennet,2024,quantile,cov50,53.97206959706959
G2_C3.3,tennet,2024,quantile,cov95,96.80345695970696
G2_C3.3,tennet,2024,ensemble,wis,346.35019519667577
G2_C3.3,tennet,2024,ensemble,lqs,173.17509759833786
G2_C3.3,tennet,2024,ensemble,mae_median,568.9761057312235
G2_C3.3,tennet,2024,ensemble,cov50,53.97206959706959
G2_C3.3,tennet,2024,ensemble,cov95,96.80345695970696
G2_C3.3,tennet,2024,ensemble,crps,421.2439132546084
G2_C3.3,tennet,2024,ensemble,energy_score,4832.224840656841
G2_C3.3,tennet,2025,point,rmse,864.0091278989476
G2_C3.3,tennet,2025,point,r2,0.9080142947264574
G2_C3.3,tennet,2025,point,mae,586.2824754503091
G2_C3.3,tennet,2025,point,smape,3.736465369614833
G2_C3.3,tennet,2025,quantile,wis,348.8050464081869
G2_C3.3,tennet,2025,quantile,lqs,174.40252320409348
G2_C3.3,tennet,2025,quantile,mae_median,573.2917616605575
G2_C3.3,tennet,2025,quantile,cov50,53.58447488584475
G2_C3.3,tennet,2025,quantile,cov95,96.287100456621
G2_C3.3,tennet,2025,ensemble,wis,348.8050464081869
G2_C3.3,tennet,2025,ensemble,lqs,174.40252320409348
G2_C3.3,tennet,2025,ensemble,mae_median,573.2917616605575
G2_C3.3,tennet,2025,ensemble,cov50,53.58447488584475
G2_C3.3,tennet,2025,ensemble,cov95,96.287100456621
G2_C3.3,tennet,2025,ensemble,crps,423.7972801460035
G2_C3.3,tennet,2025,ensemble,energy_score,4908.185373229406
G2_C3.3,tennet,2026H1,point,rmse,1207.523598089084
G2_C3.3,tennet,2026H1,point,r2,0.8435616195011895
G2_C3.3,tennet,2026H1,point,mae,837.5153464650318
G2_C3.3,tennet,2026H1,point,smape,5.465219950717209
G2_C3.3,tennet,2026H1,quantile,wis,502.87598560422254
G2_C3.3,tennet,2026H1,quantile,lqs,251.43799280211132
G2_C3.3,tennet,2026H1,quantile,mae_median,826.4280748746103
G2_C3.3,tennet,2026H1,quantile,cov50,53.90625
G2_C3.3,tennet,2026H1,quantile,cov95,94.61348684210526
G2_C3.3,tennet,2026H1,ensemble,wis,502.87598560422254
G2_C3.3,tennet,2026H1,ensemble,lqs,251.43799280211132
G2_C3.3,tennet,2026H1,ensemble,mae_median,826.4280748746103
G2_C3.3,tennet,2026H1,ensemble,cov50,53.90625
G2_C3.3,tennet,2026H1,ensemble,cov95,94.61348684210526
G2_C3.3,tennet,2026H1,ensemble,crps,613.0499219247839
G2_C3.3,tennet,2026H1,ensemble,energy_score,7067.875128778528
G2_C3.3,transnetbw,2024,point,rmse,466.27692155421477
G2_C3.3,transnetbw,2024,point,r2,0.8840997218212895
G2_C3.3,transnetbw,2024,point,mae,294.3480469768317
G2_C3.3,transnetbw,2024,point,smape,4.623770027468079
G2_C3.3,transnetbw,2024,quantile,wis,176.3239011893709
G2_C3.3,transnetbw,2024,quantile,lqs,88.16195059468546
G2_C3.3,transnetbw,2024,quantile,mae_median,284.106722802522
G2_C3.3,transnetbw,2024,quantile,cov50,55.29418498168498
G2_C3.3,transnetbw,2024,quantile,cov95,96.55162545787546
G2_C3.3,transnetbw,2024,ensemble,wis,176.3239011893709
G2_C3.3,transnetbw,2024,ensemble,lqs,88.16195059468546
G2_C3.3,transnetbw,2024,ensemble,mae_median,284.106722802522
G2_C3.3,transnetbw,2024,ensemble,cov50,55.29418498168498
G2_C3.3,transnetbw,2024,ensemble,cov95,96.55162545787546
G2_C3.3,transnetbw,2024,ensemble,crps,213.64781216011986
G2_C3.3,transnetbw,2024,ensemble,energy_score,2471.539940401751
G2_C3.3,transnetbw,2025,point,rmse,459.66348121752424
G2_C3.3,transnetbw,2025,point,r2,0.8887022785684677
G2_C3.3,transnetbw,2025,point,mae,296.3516799729067
G2_C3.3,transnetbw,2025,point,smape,4.675950630468973
G2_C3.3,transnetbw,2025,quantile,wis,177.8258855970403
G2_C3.3,transnetbw,2025,quantile,lqs,88.91294279852016
G2_C3.3,transnetbw,2025,quantile,mae_median,289.85294042957605
G2_C3.3,transnetbw,2025,quantile,cov50,52.67408675799087
G2_C3.3,transnetbw,2025,quantile,cov95,96.46689497716895
G2_C3.3,transnetbw,2025,ensemble,wis,177.8258855970403
G2_C3.3,transnetbw,2025,ensemble,lqs,88.91294279852016
G2_C3.3,transnetbw,2025,ensemble,mae_median,289.85294042957605
G2_C3.3,transnetbw,2025,ensemble,cov50,52.67408675799087
G2_C3.3,transnetbw,2025,ensemble,cov95,96.46689497716895
G2_C3.3,transnetbw,2025,ensemble,crps,215.18024393574672
G2_C3.3,transnetbw,2025,ensemble,energy_score,2520.5965890885113
G2_C3.3,transnetbw,2026H1,point,rmse,579.5221311466414
G2_C3.3,transnetbw,2026H1,point,r2,0.8161735846779578
G2_C3.3,transnetbw,2026H1,point,mae,368.98680159637144
G2_C3.3,transnetbw,2026H1,point,smape,5.439456024381598
G2_C3.3,transnetbw,2026H1,quantile,wis,223.6824767474593
G2_C3.3,transnetbw,2026H1,quantile,lqs,111.84123837372962
G2_C3.3,transnetbw,2026H1,quantile,mae_median,367.3017325021844
G2_C3.3,transnetbw,2026H1,quantile,cov50,55.078125
G2_C3.3,transnetbw,2026H1,quantile,cov95,95.27823464912281
G2_C3.3,transnetbw,2026H1,ensemble,wis,223.6824767474593
G2_C3.3,transnetbw,2026H1,ensemble,lqs,111.84123837372962
G2_C3.3,transnetbw,2026H1,ensemble,mae_median,367.3017325021844
G2_C3.3,transnetbw,2026H1,ensemble,cov50,55.078125
G2_C3.3,transnetbw,2026H1,ensemble,cov95,95.27823464912281
G2_C3.3,transnetbw,2026H1,ensemble,crps,272.1873329379636
G2_C3.3,transnetbw,2026H1,ensemble,energy_score,3147.2452312721143
G2_C3.3,50hertz,overall,point,rmse,971.6959655993033
G2_C3.3,50hertz,overall,point,r2,0.7489766231392474
G2_C3.3,50hertz,overall,point,mae,759.3760479713784
G2_C3.3,50hertz,overall,point,smape,6.557034964441318
G2_C3.3,50hertz,overall,quantile,wis,441.08738301404645
G2_C3.3,50hertz,overall,quantile,lqs,220.54369150702323
G2_C3.3,50hertz,overall,quantile,mae_median,753.7683947940499
G2_C3.3,50hertz,overall,quantile,cov50,50.56635452137722
G2_C3.3,50hertz,overall,quantile,cov95,97.31957056375332
G2_C3.3,50hertz,overall,ensemble,wis,441.08738301404645
G2_C3.3,50hertz,overall,ensemble,lqs,220.54369150702323
G2_C3.3,50hertz,overall,ensemble,mae_median,753.7683947940499
G2_C3.3,50hertz,overall,ensemble,cov50,50.56635452137722
G2_C3.3,50hertz,overall,ensemble,cov95,97.31957056375332
G2_C3.3,50hertz,overall,ensemble,crps,542.6024261167842
G2_C3.3,50hertz,overall,ensemble,energy_score,6144.468115665481
G2_C3.3,amprion,overall,point,rmse,1194.1887618146002
G2_C3.3,amprion,overall,point,r2,0.8714948542586154
G2_C3.3,amprion,overall,point,mae,832.2179249835332
G2_C3.3,amprion,overall,point,smape,4.387273093075482
G2_C3.3,amprion,overall,quantile,wis,497.08219107856786
G2_C3.3,amprion,overall,quantile,lqs,248.54109553928396
G2_C3.3,amprion,overall,quantile,mae_median,813.8737137810416
G2_C3.3,amprion,overall,quantile,cov50,56.00406734771094
G2_C3.3,amprion,overall,quantile,cov95,97.0760026485055
G2_C3.3,amprion,overall,ensemble,wis,497.08219107856786
G2_C3.3,amprion,overall,ensemble,lqs,248.54109553928396
G2_C3.3,amprion,overall,ensemble,mae_median,813.8737137810416
G2_C3.3,amprion,overall,ensemble,cov50,56.00406734771094
G2_C3.3,amprion,overall,ensemble,cov95,97.0760026485055
G2_C3.3,amprion,overall,ensemble,crps,607.6728164471882
G2_C3.3,amprion,overall,ensemble,energy_score,7022.422509510508
G2_C3.3,de_lu,overall,point,rmse,3019.350908532241
G2_C3.3,de_lu,overall,point,r2,0.8962777422820766
G2_C3.3,de_lu,overall,point,mae,2055.344296982602
G2_C3.3,de_lu,overall,point,smape,3.8591789786838255
G2_C3.3,de_lu,overall,quantile,wis,1252.1190023480106
G2_C3.3,de_lu,overall,quantile,lqs,626.0595011740052
G2_C3.3,de_lu,overall,quantile,mae_median,2005.2861560585864
G2_C3.3,de_lu,overall,quantile,cov50,65.27028944381385
G2_C3.3,de_lu,overall,quantile,cov95,98.55278093076049
G2_C3.3,de_lu,overall,ensemble,wis,1252.1190023480106
G2_C3.3,de_lu,overall,ensemble,lqs,626.0595011740052
G2_C3.3,de_lu,overall,ensemble,mae_median,2005.2861560585864
G2_C3.3,de_lu,overall,ensemble,cov50,65.27028944381385
G2_C3.3,de_lu,overall,ensemble,cov95,98.55278093076049
G2_C3.3,de_lu,overall,ensemble,crps,1536.7133327527408
G2_C3.3,de_lu,overall,ensemble,energy_score,17243.68262645702
G2_C3.3,lu,overall,point,rmse,32.83790208898329
G2_C3.3,lu,overall,point,r2,0.8895070527304765
G2_C3.3,lu,overall,point,mae,20.341302664359638
G2_C3.3,lu,overall,point,smape,3.727414300492102
G2_C3.3,lu,overall,quantile,wis,12.252219538828486
G2_C3.3,lu,overall,quantile,lqs,6.126109769414244
G2_C3.3,lu,overall,quantile,mae_median,19.764268468106884
G2_C3.3,lu,overall,quantile,cov50,50.01887504718761
G2_C3.3,lu,overall,quantile,cov95,95.2446677991695
G2_C3.3,lu,overall,ensemble,wis,12.252219538828486
G2_C3.3,lu,overall,ensemble,lqs,6.126109769414244
G2_C3.3,lu,overall,ensemble,mae_median,19.764268468106884
G2_C3.3,lu,overall,ensemble,cov50,50.01887504718761
G2_C3.3,lu,overall,ensemble,cov95,95.2446677991695
G2_C3.3,lu,overall,ensemble,crps,14.81115966461636
G2_C3.3,lu,overall,ensemble,energy_score,170.53269726479945
G2_C3.3,tennet,overall,point,rmse,935.0795930074959
G2_C3.3,tennet,overall,point,r2,0.8935725245899702
G2_C3.3,tennet,overall,point,mae,627.6786724483629
G2_C3.3,tennet,overall,point,smape,4.015805040146354
G2_C3.3,tennet,overall,quantile,wis,374.37282951466517
G2_C3.3,tennet,overall,quantile,lqs,187.18641475733259
G2_C3.3,tennet,overall,quantile,mae_median,615.1825912295228
G2_C3.3,tennet,overall,quantile,cov50,53.800132425274306
G2_C3.3,tennet,overall,quantile,cov95,96.2116912599319
G2_C3.3,tennet,overall,ensemble,wis,374.37282951466517
G2_C3.3,tennet,overall,ensemble,lqs,187.18641475733259
G2_C3.3,tennet,overall,ensemble,mae_median,615.1825912295228
G2_C3.3,tennet,overall,ensemble,cov50,53.800132425274306
G2_C3.3,tennet,overall,ensemble,cov95,96.2116912599319
G2_C3.3,tennet,overall,ensemble,crps,455.3943017145698
G2_C3.3,tennet,overall,ensemble,energy_score,5249.414895348648
G2_C3.3,transnetbw,overall,point,rmse,485.08792771478306
G2_C3.3,transnetbw,overall,point,r2,0.8768210991393761
G2_C3.3,transnetbw,overall,point,mae,308.05567097880385
G2_C3.3,transnetbw,overall,point,smape,4.78611984770211
G2_C3.3,transnetbw,overall,quantile,wis,185.11700878713341
G2_C3.3,transnetbw,overall,quantile,lqs,92.55850439356672
G2_C3.3,transnetbw,overall,quantile,mae_median,300.8411279196881
G2_C3.3,transnetbw,overall,quantile,cov50,54.17139614074915
G2_C3.3,transnetbw,overall,quantile,cov95,96.29682179341657
G2_C3.3,transnetbw,overall,ensemble,wis,185.11700878713341
G2_C3.3,transnetbw,overall,ensemble,lqs,92.55850439356672
G2_C3.3,transnetbw,overall,ensemble,mae_median,300.8411279196881
G2_C3.3,transnetbw,overall,ensemble,cov50,54.17139614074915
G2_C3.3,transnetbw,overall,ensemble,cov95,96.29682179341657
G2_C3.3,transnetbw,overall,ensemble,crps,224.38259621952517
G2_C3.3,transnetbw,overall,ensemble,energy_score,2608.4444591111296
G2_C3.4,50hertz,2024,point,rmse,933.604572740926
G2_C3.4,50hertz,2024,point,r2,0.7485285070876528
G2_C3.4,50hertz,2024,point,mae,719.8790347466502
G2_C3.4,50hertz,2024,point,smape,6.282897630319903
G2_C3.4,50hertz,2024,quantile,wis,422.7116587387756
G2_C3.4,50hertz,2024,quantile,lqs,211.3558293693878
G2_C3.4,50hertz,2024,quantile,mae_median,718.2589717403873
G2_C3.4,50hertz,2024,quantile,cov50,50.01144688644688
G2_C3.4,50hertz,2024,quantile,cov95,97.12969322344323
G2_C3.4,50hertz,2024,ensemble,wis,422.7116587387756
G2_C3.4,50hertz,2024,ensemble,lqs,211.3558293693878
G2_C3.4,50hertz,2024,ensemble,mae_median,718.2589717403873
G2_C3.4,50hertz,2024,ensemble,cov50,50.01144688644688
G2_C3.4,50hertz,2024,ensemble,cov95,97.12969322344323
G2_C3.4,50hertz,2024,ensemble,crps,518.992477128981
G2_C3.4,50hertz,2024,ensemble,energy_score,5895.869244590593
G2_C3.4,50hertz,2025,point,rmse,1010.0354761947693
G2_C3.4,50hertz,2025,point,r2,0.7123813705469317
G2_C3.4,50hertz,2025,point,mae,808.7878903861997
G2_C3.4,50hertz,2025,point,smape,7.019840989798393
G2_C3.4,50hertz,2025,quantile,wis,466.269767018101
G2_C3.4,50hertz,2025,quantile,lqs,233.13488350905055
G2_C3.4,50hertz,2025,quantile,mae_median,803.8462270443155
G2_C3.4,50hertz,2025,quantile,cov50,47.24600456621005
G2_C3.4,50hertz,2025,quantile,cov95,97.7568493150685
G2_C3.4,50hertz,2025,ensemble,wis,466.269767018101
G2_C3.4,50hertz,2025,ensemble,lqs,233.13488350905055
G2_C3.4,50hertz,2025,ensemble,mae_median,803.8462270443155
G2_C3.4,50hertz,2025,ensemble,cov50,47.24600456621005
G2_C3.4,50hertz,2025,ensemble,cov95,97.7568493150685
G2_C3.4,50hertz,2025,ensemble,crps,572.1008644739411
G2_C3.4,50hertz,2025,ensemble,energy_score,6467.345437140686
G2_C3.4,50hertz,2026H1,point,rmse,1044.5661142304377
G2_C3.4,50hertz,2026H1,point,r2,0.7652399689057907
G2_C3.4,50hertz,2026H1,point,mae,779.894431252756
G2_C3.4,50hertz,2026H1,point,smape,6.477439968915176
G2_C3.4,50hertz,2026H1,quantile,wis,464.24605057504886
G2_C3.4,50hertz,2026H1,quantile,lqs,232.12302528752443
G2_C3.4,50hertz,2026H1,quantile,mae_median,776.3112475454765
G2_C3.4,50hertz,2026H1,quantile,cov50,52.17242324561403
G2_C3.4,50hertz,2026H1,quantile,cov95,95.8264802631579
G2_C3.4,50hertz,2026H1,ensemble,wis,464.24605057504886
G2_C3.4,50hertz,2026H1,ensemble,lqs,232.12302528752443
G2_C3.4,50hertz,2026H1,ensemble,mae_median,776.3112475454765
G2_C3.4,50hertz,2026H1,ensemble,cov50,52.17242324561403
G2_C3.4,50hertz,2026H1,ensemble,cov95,95.8264802631579
G2_C3.4,50hertz,2026H1,ensemble,crps,569.5309995319042
G2_C3.4,50hertz,2026H1,ensemble,energy_score,6377.663181059113
G2_C3.4,amprion,2024,point,rmse,1267.49190521713
G2_C3.4,amprion,2024,point,r2,0.8527017017887057
G2_C3.4,amprion,2024,point,mae,867.5728219910832
G2_C3.4,amprion,2024,point,smape,4.6908932294557175
G2_C3.4,amprion,2024,quantile,wis,525.703377675929
G2_C3.4,amprion,2024,quantile,lqs,262.85168883796456
G2_C3.4,amprion,2024,quantile,mae_median,853.8915384173034
G2_C3.4,amprion,2024,quantile,cov50,54.00354853479854
G2_C3.4,amprion,2024,quantile,cov95,96.17101648351648
G2_C3.4,amprion,2024,ensemble,wis,525.703377675929
G2_C3.4,amprion,2024,ensemble,lqs,262.85168883796456
G2_C3.4,amprion,2024,ensemble,mae_median,853.8915384173034
G2_C3.4,amprion,2024,ensemble,cov50,54.00354853479854
G2_C3.4,amprion,2024,ensemble,cov95,96.17101648351648
G2_C3.4,amprion,2024,ensemble,crps,638.3888652437719
G2_C3.4,amprion,2024,ensemble,energy_score,7336.967686116941
G2_C3.4,amprion,2025,point,rmse,1118.2713083563508
G2_C3.4,amprion,2025,point,r2,0.881468916300162
G2_C3.4,amprion,2025,point,mae,789.4818223673141
G2_C3.4,amprion,2025,point,smape,4.129647089622548
G2_C3.4,amprion,2025,quantile,wis,466.63459966452604
G2_C3.4,amprion,2025,quantile,lqs,233.31729983226302
G2_C3.4,amprion,2025,quantile,mae_median,770.6550405326323
G2_C3.4,amprion,2025,quantile,cov50,53.52454337899544
G2_C3.4,amprion,2025,quantile,cov95,97.36586757990867
G2_C3.4,amprion,2025,ensemble,wis,466.63459966452604
G2_C3.4,amprion,2025,ensemble,lqs,233.31729983226302
G2_C3.4,amprion,2025,ensemble,mae_median,770.6550405326323
G2_C3.4,amprion,2025,ensemble,cov50,53.52454337899544
G2_C3.4,amprion,2025,ensemble,cov95,97.36586757990867
G2_C3.4,amprion,2025,ensemble,crps,570.6416205336378
G2_C3.4,amprion,2025,ensemble,energy_score,6663.426636017804
G2_C3.4,amprion,2026H1,point,rmse,1389.3005006832982
G2_C3.4,amprion,2026H1,point,r2,0.8356122747369411
G2_C3.4,amprion,2026H1,point,mae,988.5503545640478
G2_C3.4,amprion,2026H1,point,smape,5.015457609900807
G2_C3.4,amprion,2026H1,quantile,wis,593.8731655636146
G2_C3.4,amprion,2026H1,quantile,lqs,296.9365827818073
G2_C3.4,amprion,2026H1,quantile,mae_median,990.5012036816834
G2_C3.4,amprion,2026H1,quantile,cov50,51.66529605263158
G2_C3.4,amprion,2026H1,quantile,cov95,96.01151315789474
G2_C3.4,amprion,2026H1,ensemble,wis,593.8731655636146
G2_C3.4,amprion,2026H1,ensemble,lqs,296.9365827818073
G2_C3.4,amprion,2026H1,ensemble,mae_median,990.5012036816834
G2_C3.4,amprion,2026H1,ensemble,cov50,51.66529605263158
G2_C3.4,amprion,2026H1,ensemble,cov95,96.01151315789474
G2_C3.4,amprion,2026H1,ensemble,crps,724.1126193007111
G2_C3.4,amprion,2026H1,ensemble,energy_score,8254.137875060122
G2_C3.4,de_lu,2024,point,rmse,3067.2749195104952
G2_C3.4,de_lu,2024,point,r2,0.8894359164686931
G2_C3.4,de_lu,2024,point,mae,2042.3589575044784
G2_C3.4,de_lu,2024,point,smape,3.875428810312899
G2_C3.4,de_lu,2024,quantile,wis,1252.3290063441596
G2_C3.4,de_lu,2024,quantile,lqs,626.1645031720798
G2_C3.4,de_lu,2024,quantile,mae_median,2010.860221073532
G2_C3.4,de_lu,2024,quantile,cov50,62.54578754578755
G2_C3.4,de_lu,2024,quantile,cov95,98.4117445054945
G2_C3.4,de_lu,2024,ensemble,wis,1252.3290063441596
G2_C3.4,de_lu,2024,ensemble,lqs,626.1645031720798
G2_C3.4,de_lu,2024,ensemble,mae_median,2010.860221073532
G2_C3.4,de_lu,2024,ensemble,cov50,62.54578754578755
G2_C3.4,de_lu,2024,ensemble,cov95,98.4117445054945
G2_C3.4,de_lu,2024,ensemble,crps,1530.069422841273
G2_C3.4,de_lu,2024,ensemble,energy_score,17128.059287781834
G2_C3.4,de_lu,2025,point,rmse,2909.1810161724015
G2_C3.4,de_lu,2025,point,r2,0.9011813537577515
G2_C3.4,de_lu,2025,point,mae,2031.798746079744
G2_C3.4,de_lu,2025,point,smape,3.8247307614578707
G2_C3.4,de_lu,2025,quantile,wis,1219.0851613163625
G2_C3.4,de_lu,2025,quantile,lqs,609.5425806581814
G2_C3.4,de_lu,2025,quantile,mae_median,1980.8466378666524
G2_C3.4,de_lu,2025,quantile,cov50,61.595319634703195
G2_C3.4,de_lu,2025,quantile,cov95,98.69292237442923
G2_C3.4,de_lu,2025,ensemble,wis,1219.0851613163625
G2_C3.4,de_lu,2025,ensemble,lqs,609.5425806581814
G2_C3.4,de_lu,2025,ensemble,mae_median,1980.8466378666524
G2_C3.4,de_lu,2025,ensemble,cov50,61.595319634703195
G2_C3.4,de_lu,2025,ensemble,cov95,98.69292237442923
G2_C3.4,de_lu,2025,ensemble,crps,1492.2530233435175
G2_C3.4,de_lu,2025,ensemble,energy_score,16821.47595143456
G2_C3.4,de_lu,2026H1,point,rmse,3667.009205194843
G2_C3.4,de_lu,2026H1,point,r2,0.8593016846538939
G2_C3.4,de_lu,2026H1,point,mae,2504.4771453913145
G2_C3.4,de_lu,2026H1,point,smape,4.611480741746907
G2_C3.4,de_lu,2026H1,quantile,wis,1526.846745299398
G2_C3.4,de_lu,2026H1,quantile,lqs,763.4233726496992
G2_C3.4,de_lu,2026H1,quantile,mae_median,2500.9584039653237
G2_C3.4,de_lu,2026H1,quantile,cov50,60.92379385964912
G2_C3.4,de_lu,2026H1,quantile,cov95,97.7453399122807
G2_C3.4,de_lu,2026H1,ensemble,wis,1526.846745299398
G2_C3.4,de_lu,2026H1,ensemble,lqs,763.4233726496992
G2_C3.4,de_lu,2026H1,ensemble,mae_median,2500.9584039653237
G2_C3.4,de_lu,2026H1,ensemble,cov50,60.92379385964912
G2_C3.4,de_lu,2026H1,ensemble,cov95,97.7453399122807
G2_C3.4,de_lu,2026H1,ensemble,crps,1867.3115838044266
G2_C3.4,de_lu,2026H1,ensemble,energy_score,20787.149104888445
G2_C3.4,lu,2024,point,rmse,30.34372377108357
G2_C3.4,lu,2024,point,r2,0.9045138229712447
G2_C3.4,lu,2024,point,mae,19.174979500709522
G2_C3.4,lu,2024,point,smape,3.4586200390376547
G2_C3.4,lu,2024,quantile,wis,11.751710323680976
G2_C3.4,lu,2024,quantile,lqs,5.875855161840488
G2_C3.4,lu,2024,quantile,mae_median,18.864141059742742
G2_C3.4,lu,2024,quantile,cov50,52.040407509157504
G2_C3.4,lu,2024,quantile,cov95,95.76465201465201
G2_C3.4,lu,2024,ensemble,wis,11.751710323680976
G2_C3.4,lu,2024,ensemble,lqs,5.875855161840488
G2_C3.4,lu,2024,ensemble,mae_median,18.864141059742742
G2_C3.4,lu,2024,ensemble,cov50,52.040407509157504
G2_C3.4,lu,2024,ensemble,cov95,95.76465201465201
G2_C3.4,lu,2024,ensemble,crps,14.188191153567141
G2_C3.4,lu,2024,ensemble,energy_score,162.20410760114717
G2_C3.4,lu,2025,point,rmse,30.05107448696371
G2_C3.4,lu,2025,point,r2,0.9072425299929593
G2_C3.4,lu,2025,point,mae,20.401665269874496
G2_C3.4,lu,2025,point,smape,3.7236780504223037
G2_C3.4,lu,2025,quantile,wis,12.210742654773416
G2_C3.4,lu,2025,quantile,lqs,6.105371327386709
G2_C3.4,lu,2025,quantile,mae_median,19.846579805849675
G2_C3.4,lu,2025,quantile,cov50,51.29566210045662
G2_C3.4,lu,2025,quantile,cov95,96.63812785388129
G2_C3.4,lu,2025,ensemble,wis,12.210742654773416
G2_C3.4,lu,2025,ensemble,lqs,6.105371327386709
G2_C3.4,lu,2025,ensemble,mae_median,19.846579805849675
G2_C3.4,lu,2025,ensemble,cov50,51.29566210045662
G2_C3.4,lu,2025,ensemble,cov95,96.63812785388129
G2_C3.4,lu,2025,ensemble,crps,14.825900307383234
G2_C3.4,lu,2025,ensemble,energy_score,170.86181654677043
G2_C3.4,lu,2026H1,point,rmse,46.37872129181052
G2_C3.4,lu,2026H1,point,r2,0.7840355498016038
G2_C3.4,lu,2026H1,point,mae,28.93770352335119
G2_C3.4,lu,2026H1,point,smape,5.432260924784414
G2_C3.4,lu,2026H1,quantile,wis,17.19193422969265
G2_C3.4,lu,2026H1,quantile,lqs,8.595967114846326
G2_C3.4,lu,2026H1,quantile,mae_median,28.338998560205695
G2_C3.4,lu,2026H1,quantile,cov50,49.27357456140351
G2_C3.4,lu,2026H1,quantile,cov95,95.91557017543859
G2_C3.4,lu,2026H1,ensemble,wis,17.19193422969265
G2_C3.4,lu,2026H1,ensemble,lqs,8.595967114846326
G2_C3.4,lu,2026H1,ensemble,mae_median,28.338998560205695
G2_C3.4,lu,2026H1,ensemble,cov50,49.27357456140351
G2_C3.4,lu,2026H1,ensemble,cov95,95.91557017543859
G2_C3.4,lu,2026H1,ensemble,crps,20.828141554629507
G2_C3.4,lu,2026H1,ensemble,energy_score,237.83400699018358
G2_C3.4,tennet,2024,point,rmse,881.384664086333
G2_C3.4,tennet,2024,point,r2,0.9009207550207412
G2_C3.4,tennet,2024,point,mae,583.6245495227793
G2_C3.4,tennet,2024,point,smape,3.712808755217658
G2_C3.4,tennet,2024,quantile,wis,349.2561794582968
G2_C3.4,tennet,2024,quantile,lqs,174.62808972914837
G2_C3.4,tennet,2024,quantile,mae_median,576.3646023637821
G2_C3.4,tennet,2024,quantile,cov50,51.442307692307686
G2_C3.4,tennet,2024,quantile,cov95,96.82921245421245
G2_C3.4,tennet,2024,ensemble,wis,349.2561794582968
G2_C3.4,tennet,2024,ensemble,lqs,174.62808972914837
G2_C3.4,tennet,2024,ensemble,mae_median,576.3646023637821
G2_C3.4,tennet,2024,ensemble,cov50,51.442307692307686
G2_C3.4,tennet,2024,ensemble,cov95,96.82921245421245
G2_C3.4,tennet,2024,ensemble,crps,424.18105711908
G2_C3.4,tennet,2024,ensemble,energy_score,4864.903083104102
G2_C3.4,tennet,2025,point,rmse,864.7572109583006
G2_C3.4,tennet,2025,point,r2,0.9078549382204347
G2_C3.4,tennet,2025,point,mae,583.5113977247835
G2_C3.4,tennet,2025,point,smape,3.7212050333551945
G2_C3.4,tennet,2025,quantile,wis,350.27569994927677
G2_C3.4,tennet,2025,quantile,lqs,175.13784997463839
G2_C3.4,tennet,2025,quantile,mae_median,574.1739287744809
G2_C3.4,tennet,2025,quantile,cov50,50.42522831050228
G2_C3.4,tennet,2025,quantile,cov95,96.12157534246575
G2_C3.4,tennet,2025,ensemble,wis,350.27569994927677
G2_C3.4,tennet,2025,ensemble,lqs,175.13784997463839
G2_C3.4,tennet,2025,ensemble,mae_median,574.1739287744809
G2_C3.4,tennet,2025,ensemble,cov50,50.42522831050228
G2_C3.4,tennet,2025,ensemble,cov95,96.12157534246575
G2_C3.4,tennet,2025,ensemble,crps,424.33766146700805
G2_C3.4,tennet,2025,ensemble,energy_score,4896.415501432253
G2_C3.4,tennet,2026H1,point,rmse,1232.8043999081217
G2_C3.4,tennet,2026H1,point,r2,0.8369426389550187
G2_C3.4,tennet,2026H1,point,mae,847.3776300150935
G2_C3.4,tennet,2026H1,point,smape,5.533226188230715
G2_C3.4,tennet,2026H1,quantile,wis,506.2272166516019
G2_C3.4,tennet,2026H1,quantile,lqs,253.11360832580098
G2_C3.4,tennet,2026H1,quantile,mae_median,844.4125856478507
G2_C3.4,tennet,2026H1,quantile,cov50,51.260964912280706
G2_C3.4,tennet,2026H1,quantile,cov95,94.96984649122807
G2_C3.4,tennet,2026H1,ensemble,wis,506.2272166516019
G2_C3.4,tennet,2026H1,ensemble,lqs,253.11360832580098
G2_C3.4,tennet,2026H1,ensemble,mae_median,844.4125856478507
G2_C3.4,tennet,2026H1,ensemble,cov50,51.260964912280706
G2_C3.4,tennet,2026H1,ensemble,cov95,94.96984649122807
G2_C3.4,tennet,2026H1,ensemble,crps,616.4217391543675
G2_C3.4,tennet,2026H1,ensemble,energy_score,7105.377433296801
G2_C3.4,transnetbw,2024,point,rmse,492.50666061980974
G2_C3.4,transnetbw,2024,point,r2,0.8706933519743065
G2_C3.4,transnetbw,2024,point,mae,308.7820105803959
G2_C3.4,transnetbw,2024,point,smape,4.857729707098938
G2_C3.4,transnetbw,2024,quantile,wis,186.19762309828258
G2_C3.4,transnetbw,2024,quantile,lqs,93.09881154914129
G2_C3.4,transnetbw,2024,quantile,mae_median,302.585173066527
G2_C3.4,transnetbw,2024,quantile,cov50,49.605082417582416
G2_C3.4,transnetbw,2024,quantile,cov95,95.73317307692307
G2_C3.4,transnetbw,2024,ensemble,wis,186.19762309828258
G2_C3.4,transnetbw,2024,ensemble,lqs,93.09881154914129
G2_C3.4,transnetbw,2024,ensemble,mae_median,302.585173066527
G2_C3.4,transnetbw,2024,ensemble,cov50,49.605082417582416
G2_C3.4,transnetbw,2024,ensemble,cov95,95.73317307692307
G2_C3.4,transnetbw,2024,ensemble,crps,224.669940647602
G2_C3.4,transnetbw,2024,ensemble,energy_score,2600.1240046720022
G2_C3.4,transnetbw,2025,point,rmse,472.04308545456854
G2_C3.4,transnetbw,2025,point,r2,0.8826266364103441
G2_C3.4,transnetbw,2025,point,mae,300.59760860149254
G2_C3.4,transnetbw,2025,point,smape,4.746565435833867
G2_C3.4,transnetbw,2025,quantile,wis,181.78952052575852
G2_C3.4,transnetbw,2025,quantile,lqs,90.89476026287926
G2_C3.4,transnetbw,2025,quantile,mae_median,294.54225998412534
G2_C3.4,transnetbw,2025,quantile,cov50,48.955479452054796
G2_C3.4,transnetbw,2025,quantile,cov95,95.66780821917808
G2_C3.4,transnetbw,2025,ensemble,wis,181.78952052575852
G2_C3.4,transnetbw,2025,ensemble,lqs,90.89476026287926
G2_C3.4,transnetbw,2025,ensemble,mae_median,294.54225998412534
G2_C3.4,transnetbw,2025,ensemble,cov50,48.955479452054796
G2_C3.4,transnetbw,2025,ensemble,cov95,95.66780821917808
G2_C3.4,transnetbw,2025,ensemble,crps,219.13379580211202
G2_C3.4,transnetbw,2025,ensemble,energy_score,2563.253679478634
G2_C3.4,transnetbw,2026H1,point,rmse,581.2532599826171
G2_C3.4,transnetbw,2026H1,point,r2,0.8150737043109936
G2_C3.4,transnetbw,2026H1,point,mae,368.3136292536583
G2_C3.4,transnetbw,2026H1,point,smape,5.440942666095311
G2_C3.4,transnetbw,2026H1,quantile,wis,224.43367478646726
G2_C3.4,transnetbw,2026H1,quantile,lqs,112.21683739323366
G2_C3.4,transnetbw,2026H1,quantile,mae_median,369.064479327687
G2_C3.4,transnetbw,2026H1,quantile,cov50,51.171875
G2_C3.4,transnetbw,2026H1,quantile,cov95,95.28508771929825
G2_C3.4,transnetbw,2026H1,ensemble,wis,224.43367478646726
G2_C3.4,transnetbw,2026H1,ensemble,lqs,112.21683739323366
G2_C3.4,transnetbw,2026H1,ensemble,mae_median,369.064479327687
G2_C3.4,transnetbw,2026H1,ensemble,cov50,51.171875
G2_C3.4,transnetbw,2026H1,ensemble,cov95,95.28508771929825
G2_C3.4,transnetbw,2026H1,ensemble,crps,272.4435225137772
G2_C3.4,transnetbw,2026H1,ensemble,energy_score,3151.5853051373765
G2_C3.4,50hertz,overall,point,rmse,985.410841681489
G2_C3.4,50hertz,overall,point,r2,0.7418405419265017
G2_C3.4,50hertz,overall,point,mae,767.0686744485386
G2_C3.4,50hertz,overall,point,smape,6.621779312131629
G2_C3.4,50hertz,overall,quantile,wis,447.9238461179666
G2_C3.4,50hertz,overall,quantile,lqs,223.96192305898336
G2_C3.4,50hertz,overall,quantile,mae_median,763.73376641497
G2_C3.4,50hertz,overall,quantile,cov50,49.23855467272039
G2_C3.4,50hertz,overall,quantile,cov95,97.16468028755202
G2_C3.4,50hertz,overall,ensemble,wis,447.9238461179666
G2_C3.4,50hertz,overall,ensemble,lqs,223.96192305898336
G2_C3.4,50hertz,overall,ensemble,mae_median,763.73376641497
G2_C3.4,50hertz,overall,ensemble,cov50,49.23855467272039
G2_C3.4,50hertz,overall,ensemble,cov95,97.16468028755202
G2_C3.4,50hertz,overall,ensemble,crps,549.7148571359671
G2_C3.4,50hertz,overall,ensemble,energy_score,6215.757426910682
G2_C3.4,amprion,overall,point,rmse,1230.8032924358495
G2_C3.4,amprion,overall,point,r2,0.863493963332433
G2_C3.4,amprion,overall,point,mae,856.0919707861059
G2_C3.4,amprion,overall,point,smape,4.51436535747904
G2_C3.4,amprion,overall,quantile,wis,512.9924852636317
G2_C3.4,amprion,overall,quantile,lqs,256.4962426318159
G2_C3.4,amprion,overall,quantile,mae_median,842.9759281928775
G2_C3.4,amprion,overall,quantile,cov50,53.401674233825204
G2_C3.4,amprion,overall,quantile,cov95,96.6385262958759
G2_C3.4,amprion,overall,ensemble,wis,512.9924852636317
G2_C3.4,amprion,overall,ensemble,lqs,256.4962426318159
G2_C3.4,amprion,overall,ensemble,mae_median,842.9759281928775
G2_C3.4,amprion,overall,ensemble,cov50,53.401674233825204
G2_C3.4,amprion,overall,ensemble,cov95,96.6385262958759
G2_C3.4,amprion,overall,ensemble,crps,625.1110744349817
G2_C3.4,amprion,overall,ensemble,energy_score,7216.158816007041
G2_C3.4,de_lu,overall,point,rmse,3116.6555287413926
G2_C3.4,de_lu,overall,point,r2,0.8894847041773635
G2_C3.4,de_lu,overall,point,mae,2117.7136537459896
G2_C3.4,de_lu,overall,point,smape,3.9814164445307014
G2_C3.4,de_lu,overall,quantile,wis,1285.9188961126615
G2_C3.4,de_lu,overall,quantile,lqs,642.9594480563308
G2_C3.4,de_lu,overall,quantile,mae_median,2082.982770368698
G2_C3.4,de_lu,overall,quantile,cov50,61.87216231555052
G2_C3.4,de_lu,overall,quantile,cov95,98.41326144532728
G2_C3.4,de_lu,overall,ensemble,wis,1285.9188961126615
G2_C3.4,de_lu,overall,ensemble,lqs,642.9594480563308
G2_C3.4,de_lu,overall,ensemble,mae_median,2082.982770368698
G2_C3.4,de_lu,overall,ensemble,cov50,61.87216231555052
G2_C3.4,de_lu,overall,ensemble,cov95,98.41326144532728
G2_C3.4,de_lu,overall,ensemble,crps,1572.5868151792058
G2_C3.4,de_lu,overall,ensemble,energy_score,17632.348430158057
G2_C3.4,lu,overall,point,rmse,33.55107336504871
G2_C3.4,lu,overall,point,r2,0.8845831216235498
G2_C3.4,lu,overall,point,mae,21.36757241465589
G2_C3.4,lu,overall,point,smape,3.908948743678863
G2_C3.4,lu,overall,quantile,wis,12.880496742026624
G2_C3.4,lu,overall,quantile,lqs,6.440248371013313
G2_C3.4,lu,overall,quantile,mae_median,20.905876000037182
G2_C3.4,lu,overall,quantile,cov50,51.25449300037835
G2_C3.4,lu,overall,quantile,cov95,96.15257283390088
G2_C3.4,lu,overall,ensemble,wis,12.880496742026624
G2_C3.4,lu,overall,ensemble,lqs,6.440248371013313
G2_C3.4,lu,overall,ensemble,mae_median,20.905876000037182
G2_C3.4,lu,overall,ensemble,cov50,51.25449300037835
G2_C3.4,lu,overall,ensemble,cov95,96.15257283390088
G2_C3.4,lu,overall,ensemble,crps,15.597993993640188
G2_C3.4,lu,overall,ensemble,energy_score,178.83953151974652
G2_C3.4,tennet,overall,point,rmse,944.9842638501482
G2_C3.4,tennet,overall,point,r2,0.8913059539969522
G2_C3.4,tennet,overall,point,mae,629.0833098276183
G2_C3.4,tennet,overall,point,smape,4.030366180119117
G2_C3.4,tennet,overall,quantile,wis,376.7609724578315
G2_C3.4,tennet,overall,quantile,lqs,188.38048622891577
G2_C3.4,tennet,overall,quantile,mae_median,621.7036461765897
G2_C3.4,tennet,overall,quantile,cov50,50.989642451759366
G2_C3.4,tennet,overall,quantile,cov95,96.21523836549376
G2_C3.4,tennet,overall,ensemble,wis,376.7609724578315
G2_C3.4,tennet,overall,ensemble,lqs,188.38048622891577
G2_C3.4,tennet,overall,ensemble,mae_median,621.7036461765897
G2_C3.4,tennet,overall,ensemble,cov50,50.989642451759366
G2_C3.4,tennet,overall,ensemble,cov95,96.21523836549376
G2_C3.4,tennet,overall,ensemble,crps,457.4134569560351
G2_C3.4,tennet,overall,ensemble,energy_score,5264.510499584312
G2_C3.4,transnetbw,overall,point,rmse,500.8255192638191
G2_C3.4,transnetbw,overall,point,r2,0.868698922112098
G2_C3.4,transnetbw,overall,point,mae,315.662259520278
G2_C3.4,transnetbw,overall,point,smape,4.9122965751530785
G2_C3.4,transnetbw,overall,quantile,wis,190.96825013305303
G2_C3.4,transnetbw,overall,quantile,lqs,95.48412506652654
G2_C3.4,transnetbw,overall,quantile,mae_median,310.722734106958
G2_C3.4,transnetbw,overall,quantile,cov50,49.606271282633365
G2_C3.4,transnetbw,overall,quantile,cov95,95.62878357926598
G2_C3.4,transnetbw,overall,ensemble,wis,190.96825013305303
G2_C3.4,transnetbw,overall,ensemble,lqs,95.48412506652654
G2_C3.4,transnetbw,overall,ensemble,mae_median,310.722734106958
G2_C3.4,transnetbw,overall,ensemble,cov50,49.606271282633365
G2_C3.4,transnetbw,overall,ensemble,cov95,95.62878357926598
G2_C3.4,transnetbw,overall,ensemble,crps,230.61873925719885
G2_C3.4,transnetbw,overall,ensemble,energy_score,2679.992845733475
G2_C4,50hertz,2024,point,rmse,826.4197587071425
G2_C4,50hertz,2024,point,r2,0.8029555513820389
G2_C4,50hertz,2024,point,mae,631.1556144485992
G2_C4,50hertz,2024,point,smape,5.476499464353121
G2_C4,50hertz,2024,quantile,wis,370.41585305911894
G2_C4,50hertz,2024,quantile,lqs,185.20792652955942
G2_C4,50hertz,2024,quantile,mae_median,631.3102260391179
G2_C4,50hertz,2024,quantile,cov50,43.58115842490842
G2_C4,50hertz,2024,quantile,cov95,94.19070512820514
G2_C4,50hertz,2024,ensemble,wis,370.41585305911894
G2_C4,50hertz,2024,ensemble,lqs,185.20792652955942
G2_C4,50hertz,2024,ensemble,mae_median,631.3102260391179
G2_C4,50hertz,2024,ensemble,cov50,43.58115842490842
G2_C4,50hertz,2024,ensemble,cov95,94.19070512820514
G2_C4,50hertz,2024,ensemble,crps,452.6864338773004
G2_C4,50hertz,2024,ensemble,energy_score,5217.432853365506
G2_C4,50hertz,2025,point,rmse,906.7388099317697
G2_C4,50hertz,2025,point,r2,0.7682028106620128
G2_C4,50hertz,2025,point,mae,709.8472348415959
G2_C4,50hertz,2025,point,smape,6.165203842979177
G2_C4,50hertz,2025,quantile,wis,411.9504376779774
G2_C4,50hertz,2025,quantile,lqs,205.97521883898872
G2_C4,50hertz,2025,quantile,mae_median,707.5557784323496
G2_C4,50hertz,2025,quantile,cov50,42.66552511415525
G2_C4,50hertz,2025,quantile,cov95,94.22945205479452
G2_C4,50hertz,2025,ensemble,wis,411.9504376779774
G2_C4,50hertz,2025,ensemble,lqs,205.97521883898872
G2_C4,50hertz,2025,ensemble,mae_median,707.5557784323496
G2_C4,50hertz,2025,ensemble,cov50,42.66552511415525
G2_C4,50hertz,2025,ensemble,cov95,94.22945205479452
G2_C4,50hertz,2025,ensemble,crps,504.1781948831455
G2_C4,50hertz,2025,ensemble,energy_score,5780.115193562735
G2_C4,50hertz,2026H1,point,rmse,989.5064330514834
G2_C4,50hertz,2026H1,point,r2,0.7893363832663469
G2_C4,50hertz,2026H1,point,mae,736.5859906373115
G2_C4,50hertz,2026H1,point,smape,6.114202665403566
G2_C4,50hertz,2026H1,quantile,wis,438.4321236897117
G2_C4,50hertz,2026H1,quantile,lqs,219.21606184485586
G2_C4,50hertz,2026H1,quantile,mae_median,737.0187143254866
G2_C4,50hertz,2026H1,quantile,cov50,41.817434210526315
G2_C4,50hertz,2026H1,quantile,cov95,91.08415570175438
G2_C4,50hertz,2026H1,ensemble,wis,438.4321236897117
G2_C4,50hertz,2026H1,ensemble,lqs,219.21606184485586
G2_C4,50hertz,2026H1,ensemble,mae_median,737.0187143254866
G2_C4,50hertz,2026H1,ensemble,cov50,41.817434210526315
G2_C4,50hertz,2026H1,ensemble,cov95,91.08415570175438
G2_C4,50hertz,2026H1,ensemble,crps,532.6557555894158
G2_C4,50hertz,2026H1,ensemble,energy_score,6011.761919312866
G2_C4,amprion,2024,point,rmse,1134.8021209876736
G2_C4,amprion,2024,point,r2,0.8819278101167766
G2_C4,amprion,2024,point,mae,785.8874411873786
G2_C4,amprion,2024,point,smape,4.264521535749622
G2_C4,amprion,2024,quantile,wis,477.69437219638417
G2_C4,amprion,2024,quantile,lqs,238.8471860981921
G2_C4,amprion,2024,quantile,mae_median,777.900191154753
G2_C4,amprion,2024,quantile,cov50,46.98946886446886
G2_C4,amprion,2024,quantile,cov95,93.45238095238095
G2_C4,amprion,2024,ensemble,wis,477.69437219638417
G2_C4,amprion,2024,ensemble,lqs,238.8471860981921
G2_C4,amprion,2024,ensemble,mae_median,777.900191154753
G2_C4,amprion,2024,ensemble,cov50,46.98946886446886
G2_C4,amprion,2024,ensemble,cov95,93.45238095238095
G2_C4,amprion,2024,ensemble,crps,576.2521029570155
G2_C4,amprion,2024,ensemble,energy_score,6725.608270483699
G2_C4,amprion,2025,point,rmse,1016.087689967491
G2_C4,amprion,2025,point,r2,0.9021411134008794
G2_C4,amprion,2025,point,mae,715.8405691868817
G2_C4,amprion,2025,point,smape,3.7472085843169087
G2_C4,amprion,2025,quantile,wis,424.2900423651907
G2_C4,amprion,2025,quantile,lqs,212.14502118259537
G2_C4,amprion,2025,quantile,mae_median,709.7904013682934
G2_C4,amprion,2025,quantile,cov50,46.80936073059361
G2_C4,amprion,2025,quantile,cov95,94.69463470319634
G2_C4,amprion,2025,ensemble,wis,424.2900423651907
G2_C4,amprion,2025,ensemble,lqs,212.14502118259537
G2_C4,amprion,2025,ensemble,mae_median,709.7904013682934
G2_C4,amprion,2025,ensemble,cov50,46.80936073059361
G2_C4,amprion,2025,ensemble,cov95,94.69463470319634
G2_C4,amprion,2025,ensemble,crps,515.7990189011341
G2_C4,amprion,2025,ensemble,energy_score,6097.328077308691
G2_C4,amprion,2026H1,point,rmse,1195.4144426244911
G2_C4,amprion,2026H1,point,r2,0.8782934368811466
G2_C4,amprion,2026H1,point,mae,857.4624661384009
G2_C4,amprion,2026H1,point,smape,4.348157851875607
G2_C4,amprion,2026H1,quantile,wis,515.8113272427213
G2_C4,amprion,2026H1,quantile,lqs,257.9056636213607
G2_C4,amprion,2026H1,quantile,mae_median,859.0857003579231
G2_C4,amprion,2026H1,quantile,cov50,45.16858552631579
G2_C4,amprion,2026H1,quantile,cov95,93.3045504385965
G2_C4,amprion,2026H1,ensemble,wis,515.8113272427213
G2_C4,amprion,2026H1,ensemble,lqs,257.9056636213607
G2_C4,amprion,2026H1,ensemble,mae_median,859.0857003579231
G2_C4,amprion,2026H1,ensemble,cov50,45.16858552631579
G2_C4,amprion,2026H1,ensemble,cov95,93.3045504385965
G2_C4,amprion,2026H1,ensemble,crps,625.6129716472254
G2_C4,amprion,2026H1,ensemble,energy_score,7292.459342361394
G2_C4,de_lu,2024,point,rmse,2548.414007980883
G2_C4,de_lu,2024,point,r2,0.9236781953815729
G2_C4,de_lu,2024,point,mae,1691.1901021235922
G2_C4,de_lu,2024,point,smape,3.2152796944070063
G2_C4,de_lu,2024,quantile,wis,1031.4257572432355
G2_C4,de_lu,2024,quantile,lqs,515.7128786216178
G2_C4,de_lu,2024,quantile,mae_median,1674.4225144187558
G2_C4,de_lu,2024,quantile,cov50,57.102793040293044
G2_C4,de_lu,2024,quantile,cov95,97.73923992673993
G2_C4,de_lu,2024,ensemble,wis,1031.4257572432355
G2_C4,de_lu,2024,ensemble,lqs,515.7128786216178
G2_C4,de_lu,2024,ensemble,mae_median,1674.4225144187558
G2_C4,de_lu,2024,ensemble,cov50,57.102793040293044
G2_C4,de_lu,2024,ensemble,cov95,97.73923992673993
G2_C4,de_lu,2024,ensemble,crps,1252.5374224969655
G2_C4,de_lu,2024,ensemble,energy_score,14196.10280294826
G2_C4,de_lu,2025,point,rmse,2539.753760234743
G2_C4,de_lu,2025,point,r2,0.9246851467615448
G2_C4,de_lu,2025,point,mae,1717.7373456586615
G2_C4,de_lu,2025,point,smape,3.2448604769185927
G2_C4,de_lu,2025,quantile,wis,1027.2775588063344
G2_C4,de_lu,2025,quantile,lqs,513.6387794031673
G2_C4,de_lu,2025,quantile,mae_median,1701.0982852824275
G2_C4,de_lu,2025,quantile,cov50,56.80650684931506
G2_C4,de_lu,2025,quantile,cov95,97.99657534246575
G2_C4,de_lu,2025,ensemble,wis,1027.2775588063344
G2_C4,de_lu,2025,ensemble,lqs,513.6387794031673
G2_C4,de_lu,2025,ensemble,mae_median,1701.0982852824275
G2_C4,de_lu,2025,ensemble,cov50,56.80650684931506
G2_C4,de_lu,2025,ensemble,cov95,97.99657534246575
G2_C4,de_lu,2025,ensemble,crps,1253.0965877183178
G2_C4,de_lu,2025,ensemble,energy_score,14199.572522481745
G2_C4,de_lu,2026H1,point,rmse,3123.045117674588
G2_C4,de_lu,2026H1,point,r2,0.8979480250191285
G2_C4,de_lu,2026H1,point,mae,2069.1307607227886
G2_C4,de_lu,2026H1,point,smape,3.8233776907329453
G2_C4,de_lu,2026H1,quantile,wis,1265.4204193569992
G2_C4,de_lu,2026H1,quantile,lqs,632.7102096784996
G2_C4,de_lu,2026H1,quantile,mae_median,2061.5574155598956
G2_C4,de_lu,2026H1,quantile,cov50,56.70230263157895
G2_C4,de_lu,2026H1,quantile,cov95,96.27192982456141
G2_C4,de_lu,2026H1,ensemble,wis,1265.4204193569992
G2_C4,de_lu,2026H1,ensemble,lqs,632.7102096784996
G2_C4,de_lu,2026H1,ensemble,mae_median,2061.5574155598956
G2_C4,de_lu,2026H1,ensemble,cov50,56.70230263157895
G2_C4,de_lu,2026H1,ensemble,cov95,96.27192982456141
G2_C4,de_lu,2026H1,ensemble,crps,1537.4869662760811
G2_C4,de_lu,2026H1,ensemble,energy_score,17212.184725983218
G2_C4,lu,2024,point,rmse,26.362734688171095
G2_C4,lu,2024,point,r2,0.927925162574875
G2_C4,lu,2024,point,mae,16.879561848904437
G2_C4,lu,2024,point,smape,3.0479856000710086
G2_C4,lu,2024,quantile,wis,10.243503747728194
G2_C4,lu,2024,quantile,lqs,5.121751873864097
G2_C4,lu,2024,quantile,mae_median,16.481149621621157
G2_C4,lu,2024,quantile,cov50,47.70489926739927
G2_C4,lu,2024,quantile,cov95,93.93028846153845
G2_C4,lu,2024,ensemble,wis,10.243503747728194
G2_C4,lu,2024,ensemble,lqs,5.121751873864097
G2_C4,lu,2024,ensemble,mae_median,16.481149621621157
G2_C4,lu,2024,ensemble,cov50,47.70489926739927
G2_C4,lu,2024,ensemble,cov95,93.93028846153845
G2_C4,lu,2024,ensemble,crps,12.328269180437617
G2_C4,lu,2024,ensemble,energy_score,142.54087810306558
G2_C4,lu,2025,point,rmse,28.575070061766056
G2_C4,lu,2025,point,r2,0.9161306084314832
G2_C4,lu,2025,point,mae,19.11710417940439
G2_C4,lu,2025,point,smape,3.528940440884956
G2_C4,lu,2025,quantile,wis,11.47061213456167
G2_C4,lu,2025,quantile,lqs,5.735306067280836
G2_C4,lu,2025,quantile,mae_median,18.702741992438334
G2_C4,lu,2025,quantile,cov50,46.88070776255708
G2_C4,lu,2025,quantile,cov95,93.53025114155251
G2_C4,lu,2025,ensemble,wis,11.47061213456167
G2_C4,lu,2025,ensemble,lqs,5.735306067280836
G2_C4,lu,2025,ensemble,mae_median,18.702741992438334
G2_C4,lu,2025,ensemble,cov50,46.88070776255708
G2_C4,lu,2025,ensemble,cov95,93.53025114155251
G2_C4,lu,2025,ensemble,crps,13.854779100195602
G2_C4,lu,2025,ensemble,energy_score,160.07738405678987
G2_C4,lu,2026H1,point,rmse,37.971671793734124
G2_C4,lu,2026H1,point,r2,0.8552348036239915
G2_C4,lu,2026H1,point,mae,24.43546161706013
G2_C4,lu,2026H1,point,smape,4.57794050107429
G2_C4,lu,2026H1,quantile,wis,14.733545087590063
G2_C4,lu,2026H1,quantile,lqs,7.366772543795031
G2_C4,lu,2026H1,quantile,mae_median,23.883501678911177
G2_C4,lu,2026H1,quantile,cov50,46.53919956140351
G2_C4,lu,2026H1,quantile,cov95,93.55811403508771
G2_C4,lu,2026H1,ensemble,wis,14.733545087590063
G2_C4,lu,2026H1,ensemble,lqs,7.366772543795031
G2_C4,lu,2026H1,ensemble,mae_median,23.883501678911177
G2_C4,lu,2026H1,ensemble,cov50,46.53919956140351
G2_C4,lu,2026H1,ensemble,cov95,93.55811403508771
G2_C4,lu,2026H1,ensemble,crps,17.747914349327942
G2_C4,lu,2026H1,ensemble,energy_score,204.45583703748989
G2_C4,tennet,2024,point,rmse,768.3331151979253
G2_C4,tennet,2024,point,r2,0.9247076568935166
G2_C4,tennet,2024,point,mae,487.0377336044218
G2_C4,tennet,2024,point,smape,3.088968345783554
G2_C4,tennet,2024,quantile,wis,294.29164224592495
G2_C4,tennet,2024,quantile,lqs,147.14582112296245
G2_C4,tennet,2024,quantile,mae_median,482.24453964177496
G2_C4,tennet,2024,quantile,cov50,46.31982600732601
G2_C4,tennet,2024,quantile,cov95,94.46829212454212
G2_C4,tennet,2024,ensemble,wis,294.29164224592495
G2_C4,tennet,2024,ensemble,lqs,147.14582112296245
G2_C4,tennet,2024,ensemble,mae_median,482.24453964177496
G2_C4,tennet,2024,ensemble,cov50,46.31982600732601
G2_C4,tennet,2024,ensemble,cov95,94.46829212454212
G2_C4,tennet,2024,ensemble,crps,354.43962805002496
G2_C4,tennet,2024,ensemble,energy_score,4113.218427830199
G2_C4,tennet,2025,point,rmse,759.4561746391739
G2_C4,tennet,2025,point,r2,0.9289295416891069
G2_C4,tennet,2025,point,mae,488.7956945200276
G2_C4,tennet,2025,point,smape,3.141638490305204
G2_C4,tennet,2025,quantile,wis,300.63589182497344
G2_C4,tennet,2025,quantile,lqs,150.31794591248675
G2_C4,tennet,2025,quantile,mae_median,486.9143547793593
G2_C4,tennet,2025,quantile,cov50,44.8972602739726
G2_C4,tennet,2025,quantile,cov95,91.87214611872146
G2_C4,tennet,2025,ensemble,wis,300.63589182497344
G2_C4,tennet,2025,ensemble,lqs,150.31794591248675
G2_C4,tennet,2025,ensemble,mae_median,486.9143547793593
G2_C4,tennet,2025,ensemble,cov50,44.8972602739726
G2_C4,tennet,2025,ensemble,cov95,91.87214611872146
G2_C4,tennet,2025,ensemble,crps,360.34847304752464
G2_C4,tennet,2025,ensemble,energy_score,4145.391646369225
G2_C4,tennet,2026H1,point,rmse,999.1991654866974
G2_C4,tennet,2026H1,point,r2,0.8928835470104108
G2_C4,tennet,2026H1,point,mae,680.1333889072071
G2_C4,tennet,2026H1,point,smape,4.491070491652656
G2_C4,tennet,2026H1,quantile,wis,410.38574687765697
G2_C4,tennet,2026H1,quantile,lqs,205.19287343882849
G2_C4,tennet,2026H1,quantile,mae_median,675.2499502226177
G2_C4,tennet,2026H1,quantile,cov50,42.667214912280706
G2_C4,tennet,2026H1,quantile,cov95,90.98135964912281
G2_C4,tennet,2026H1,ensemble,wis,410.38574687765697
G2_C4,tennet,2026H1,ensemble,lqs,205.19287343882849
G2_C4,tennet,2026H1,ensemble,mae_median,675.2499502226177
G2_C4,tennet,2026H1,ensemble,cov50,42.667214912280706
G2_C4,tennet,2026H1,ensemble,cov95,90.98135964912281
G2_C4,tennet,2026H1,ensemble,crps,494.4677241789815
G2_C4,tennet,2026H1,ensemble,energy_score,5705.135098363269
G2_C4,transnetbw,2024,point,rmse,428.3438455529844
G2_C4,transnetbw,2024,point,r2,0.9021903510946091
G2_C4,transnetbw,2024,point,mae,247.17663054620124
G2_C4,transnetbw,2024,point,smape,3.927744765882725
G2_C4,transnetbw,2024,quantile,wis,152.89023747914354
G2_C4,transnetbw,2024,quantile,lqs,76.44511873957177
G2_C4,transnetbw,2024,quantile,mae_median,243.94843738234525
G2_C4,transnetbw,2024,quantile,cov50,43.944597069597066
G2_C4,transnetbw,2024,quantile,cov95,91.9757326007326
G2_C4,transnetbw,2024,ensemble,wis,152.89023747914354
G2_C4,transnetbw,2024,ensemble,lqs,76.44511873957177
G2_C4,transnetbw,2024,ensemble,mae_median,243.94843738234525
G2_C4,transnetbw,2024,ensemble,cov50,43.944597069597066
G2_C4,transnetbw,2024,ensemble,cov95,91.9757326007326
G2_C4,transnetbw,2024,ensemble,crps,182.06513943100475
G2_C4,transnetbw,2024,ensemble,energy_score,2100.4294131101233
G2_C4,transnetbw,2025,point,rmse,400.95612381242546
G2_C4,transnetbw,2025,point,r2,0.9153162714660844
G2_C4,transnetbw,2025,point,mae,245.29476205163644
G2_C4,transnetbw,2025,point,smape,3.9161267430463726
G2_C4,transnetbw,2025,quantile,wis,149.7825147292313
G2_C4,transnetbw,2025,quantile,lqs,74.89125736461567
G2_C4,transnetbw,2025,quantile,mae_median,242.62781182565905
G2_C4,transnetbw,2025,quantile,cov50,42.83390410958904
G2_C4,transnetbw,2025,quantile,cov95,91.88356164383562
G2_C4,transnetbw,2025,ensemble,wis,149.7825147292313
G2_C4,transnetbw,2025,ensemble,lqs,74.89125736461567
G2_C4,transnetbw,2025,ensemble,mae_median,242.62781182565905
G2_C4,transnetbw,2025,ensemble,cov50,42.83390410958904
G2_C4,transnetbw,2025,ensemble,cov95,91.88356164383562
G2_C4,transnetbw,2025,ensemble,crps,178.77479733701105
G2_C4,transnetbw,2025,ensemble,energy_score,2064.6575063960836
G2_C4,transnetbw,2026H1,point,rmse,523.1153241076134
G2_C4,transnetbw,2026H1,point,r2,0.8502169217252828
G2_C4,transnetbw,2026H1,point,mae,307.41458446435763
G2_C4,transnetbw,2026H1,point,smape,4.544460830923771
G2_C4,transnetbw,2026H1,quantile,wis,196.83205743118754
G2_C4,transnetbw,2026H1,quantile,lqs,98.41602871559378
G2_C4,transnetbw,2026H1,quantile,mae_median,307.08158524242197
G2_C4,transnetbw,2026H1,quantile,cov50,46.977796052631575
G2_C4,transnetbw,2026H1,quantile,cov95,91.63240131578947
G2_C4,transnetbw,2026H1,ensemble,wis,196.83205743118754
G2_C4,transnetbw,2026H1,ensemble,lqs,98.41602871559378
G2_C4,transnetbw,2026H1,ensemble,mae_median,307.08158524242197
G2_C4,transnetbw,2026H1,ensemble,cov50,46.977796052631575
G2_C4,transnetbw,2026H1,ensemble,cov95,91.63240131578947
G2_C4,transnetbw,2026H1,ensemble,crps,233.3315050605379
G2_C4,transnetbw,2026H1,ensemble,energy_score,2688.945234958375
G2_C4,50hertz,overall,point,rmse,889.7968797685867
G2_C4,50hertz,overall,point,r2,0.7895082274209748
G2_C4,50hertz,overall,point,mae,681.9477354748512
G2_C4,50hertz,overall,point,smape,5.871854725145604
G2_C4,50hertz,overall,quantile,wis,399.3586413925281
G2_C4,50hertz,overall,quantile,lqs,199.67932069626406
G2_C4,50hertz,overall,quantile,mae_median,681.1369193910563
G2_C4,50hertz,overall,quantile,cov50,42.89751229663262
G2_C4,50hertz,overall,quantile,cov95,93.67078130911842
G2_C4,50hertz,overall,ensemble,wis,399.3586413925281
G2_C4,50hertz,overall,ensemble,lqs,199.67932069626406
G2_C4,50hertz,overall,ensemble,mae_median,681.1369193910563
G2_C4,50hertz,overall,ensemble,cov50,42.89751229663262
G2_C4,50hertz,overall,ensemble,cov95,93.67078130911842
G2_C4,50hertz,overall,ensemble,crps,487.81677402188046
G2_C4,50hertz,overall,ensemble,energy_score,5587.599791158908
G2_C4,amprion,overall,point,rmse,1098.3422015583271
G2_C4,amprion,overall,point,r2,0.8912949048711076
G2_C4,amprion,overall,point,mae,769.215812938087
G2_C4,amprion,overall,point,smape,4.064627656950768
G2_C4,amprion,overall,quantile,wis,462.1452198452577
G2_C4,amprion,overall,quantile,lqs,231.07260992262886
G2_C4,amprion,overall,quantile,mae_median,763.6892083248143
G2_C4,amprion,overall,quantile,cov50,46.60069050321604
G2_C4,amprion,overall,quantile,cov95,93.94154370034052
G2_C4,amprion,overall,ensemble,wis,462.1452198452577
G2_C4,amprion,overall,ensemble,lqs,231.07260992262886
G2_C4,amprion,overall,ensemble,mae_median,763.6892083248143
G2_C4,amprion,overall,ensemble,cov50,46.60069050321604
G2_C4,amprion,overall,ensemble,cov95,93.94154370034052
G2_C4,amprion,overall,ensemble,crps,559.7225642061813
G2_C4,amprion,overall,ensemble,energy_score,6563.110077993951
G2_C4,de_lu,overall,point,rmse,2653.005185061171
G2_C4,de_lu,overall,point,r2,0.9199205687805172
G2_C4,de_lu,overall,point,mae,1767.395237194396
G2_C4,de_lu,overall,point,smape,3.3324509555401187
G2_C4,de_lu,overall,quantile,wis,1070.078533874136
G2_C4,de_lu,overall,quantile,lqs,535.039266937068
G2_C4,de_lu,overall,quantile,mae_median,1752.2671924422443
G2_C4,de_lu,overall,quantile,cov50,56.91094400302686
G2_C4,de_lu,overall,quantile,cov95,97.59269769201666
G2_C4,de_lu,overall,ensemble,wis,1070.078533874136
G2_C4,de_lu,overall,ensemble,lqs,535.039266937068
G2_C4,de_lu,overall,ensemble,mae_median,1752.2671924422443
G2_C4,de_lu,overall,ensemble,cov50,56.91094400302686
G2_C4,de_lu,overall,ensemble,cov95,97.59269769201666
G2_C4,de_lu,overall,ensemble,crps,1301.9317765948304
G2_C4,de_lu,overall,ensemble,energy_score,14717.908591746258
G2_C4,lu,overall,point,rmse,29.5669415001843
G2_C4,lu,overall,point,r2,0.9103667196664741
G2_C4,lu,overall,point,mae,19.11020851790801
G2_C4,lu,overall,point,smape,3.511211095927523
G2_C4,lu,overall,quantile,wis,11.526569405904382
G2_C4,lu,overall,quantile,lqs,5.763284702952191
G2_C4,lu,overall,quantile,mae_median,18.67869641850691
G2_C4,lu,overall,quantile,cov50,47.16231555051078
G2_C4,lu,overall,quantile,cov95,93.70034052213394
G2_C4,lu,overall,ensemble,wis,11.526569405904382
G2_C4,lu,overall,ensemble,lqs,5.763284702952191
G2_C4,lu,overall,ensemble,mae_median,18.67869641850691
G2_C4,lu,overall,ensemble,cov50,47.16231555051078
G2_C4,lu,overall,ensemble,cov95,93.70034052213394
G2_C4,lu,overall,ensemble,crps,13.895763149090278
G2_C4,lu,overall,ensemble,energy_score,160.48854942104725
G2_C4,tennet,overall,point,rmse,809.3952142063288
G2_C4,tennet,overall,point,r2,0.9202596998008319
G2_C4,tennet,overall,point,mae,521.0810881336154
G2_C4,tennet,overall,point,smape,3.3526960744129584
G2_C4,tennet,overall,quantile,wis,316.9499339603131
G2_C4,tennet,overall,quantile,lqs,158.47496698015655
G2_C4,tennet,overall,quantile,mae_median,517.4787109624406
G2_C4,tennet,overall,quantile,cov50,45.10026485054862
G2_C4,tennet,overall,quantile,cov95,92.79109912977677
G2_C4,tennet,overall,ensemble,wis,316.9499339603131
G2_C4,tennet,overall,ensemble,lqs,158.47496698015655
G2_C4,tennet,overall,ensemble,mae_median,517.4787109624406
G2_C4,tennet,overall,ensemble,cov50,45.10026485054862
G2_C4,tennet,overall,ensemble,cov95,92.79109912977677
G2_C4,tennet,overall,ensemble,crps,381.0468914276513
G2_C4,tennet,overall,ensemble,energy_score,4401.203170949122
G2_C4,transnetbw,overall,point,rmse,435.4605677804459
G2_C4,transnetbw,overall,point,r2,0.9007357054754748
G2_C4,transnetbw,overall,point,mae,256.78989614783984
G2_C4,transnetbw,overall,point,smape,4.029334168324235
G2_C4,transnetbw,overall,quantile,wis,159.1840375120524
G2_C4,transnetbw,overall,quantile,lqs,79.5920187560262
G2_C4,transnetbw,overall,quantile,mae_median,254.29373834323198
G2_C4,transnetbw,overall,quantile,cov50,44.007756337495266
G2_C4,transnetbw,overall,quantile,cov95,91.87831063185774
G2_C4,transnetbw,overall,ensemble,wis,159.1840375120524
G2_C4,transnetbw,overall,ensemble,lqs,79.5920187560262
G2_C4,transnetbw,overall,ensemble,mae_median,254.29373834323198
G2_C4,transnetbw,overall,ensemble,cov50,44.007756337495266
G2_C4,transnetbw,overall,ensemble,cov95,91.87831063185774
G2_C4,transnetbw,overall,ensemble,crps,189.54699267888367
G2_C4,transnetbw,overall,ensemble,energy_score,2187.1463926450942
G3_C1,50hertz,2024,point,rmse,850.2828560839005
G3_C1,50hertz,2024,point,r2,0.7921818687701574
G3_C1,50hertz,2024,point,mae,661.413324351996
G3_C1,50hertz,2024,point,smape,5.788172401638716
G3_C1,50hertz,2024,quantile,wis,386.71501822925006
G3_C1,50hertz,2024,quantile,lqs,193.35750911462506
G3_C1,50hertz,2024,quantile,mae_median,656.3728813746718
G3_C1,50hertz,2024,quantile,cov50,49.97438524590164
G3_C1,50hertz,2024,quantile,cov95,97.10553278688525
G3_C1,50hertz,2024,ensemble,wis,386.71501822925006
G3_C1,50hertz,2024,ensemble,lqs,193.35750911462506
G3_C1,50hertz,2024,ensemble,mae_median,656.3728813746718
G3_C1,50hertz,2024,ensemble,cov50,49.97438524590164
G3_C1,50hertz,2024,ensemble,cov95,97.10553278688525
G3_C1,50hertz,2024,ensemble,crps,474.7160641326494
G3_C1,50hertz,2024,ensemble,energy_score,5439.647804690744
G3_C1,50hertz,2025,point,rmse,947.6572130684548
G3_C1,50hertz,2025,point,r2,0.7468101441865438
G3_C1,50hertz,2025,point,mae,754.7459122084115
G3_C1,50hertz,2025,point,smape,6.550313989671647
G3_C1,50hertz,2025,quantile,wis,436.97842849337366
G3_C1,50hertz,2025,quantile,lqs,218.48921424668683
G3_C1,50hertz,2025,quantile,mae_median,748.551289602062
G3_C1,50hertz,2025,quantile,cov50,48.33047945205479
G3_C1,50hertz,2025,quantile,cov95,97.64269406392694
G3_C1,50hertz,2025,ensemble,wis,436.97842849337366
G3_C1,50hertz,2025,ensemble,lqs,218.48921424668683
G3_C1,50hertz,2025,ensemble,mae_median,748.551289602062
G3_C1,50hertz,2025,ensemble,cov50,48.33047945205479
G3_C1,50hertz,2025,ensemble,cov95,97.64269406392694
G3_C1,50hertz,2025,ensemble,crps,536.1526096410705
G3_C1,50hertz,2025,ensemble,energy_score,6106.1768100158015
G3_C1,50hertz,2026H1,point,rmse,960.0213944415939
G3_C1,50hertz,2026H1,point,r2,0.8017039263358435
G3_C1,50hertz,2026H1,point,mae,711.7777596068162
G3_C1,50hertz,2026H1,point,smape,5.921639505483262
G3_C1,50hertz,2026H1,quantile,wis,427.7882229438112
G3_C1,50hertz,2026H1,quantile,lqs,213.89411147190563
G3_C1,50hertz,2026H1,quantile,mae_median,705.147041425203
G3_C1,50hertz,2026H1,quantile,cov50,57.510964912280706
G3_C1,50hertz,2026H1,quantile,cov95,96.34731359649122
G3_C1,50hertz,2026H1,ensemble,wis,427.7882229438112
G3_C1,50hertz,2026H1,ensemble,lqs,213.89411147190563
G3_C1,50hertz,2026H1,ensemble,mae_median,705.147041425203
G3_C1,50hertz,2026H1,ensemble,cov50,57.510964912280706
G3_C1,50hertz,2026H1,ensemble,cov95,96.34731359649122
G3_C1,50hertz,2026H1,ensemble,crps,525.8160881087266
G3_C1,50hertz,2026H1,ensemble,energy_score,5927.913733338156
G3_C1,amprion,2024,point,rmse,1156.1462884936648
G3_C1,amprion,2024,point,r2,0.8775262522034425
G3_C1,amprion,2024,point,mae,779.3370066893025
G3_C1,amprion,2024,point,smape,4.218291191832075
G3_C1,amprion,2024,quantile,wis,472.8538022073024
G3_C1,amprion,2024,quantile,lqs,236.4269011036512
G3_C1,amprion,2024,quantile,mae_median,762.4453665576991
G3_C1,amprion,2024,quantile,cov50,56.13615664845173
G3_C1,amprion,2024,quantile,cov95,96.28586065573771
G3_C1,amprion,2024,ensemble,wis,472.8538022073024
G3_C1,amprion,2024,ensemble,lqs,236.4269011036512
G3_C1,amprion,2024,ensemble,mae_median,762.4453665576991
G3_C1,amprion,2024,ensemble,cov50,56.13615664845173
G3_C1,amprion,2024,ensemble,cov95,96.28586065573771
G3_C1,amprion,2024,ensemble,crps,574.2909548862401
G3_C1,amprion,2024,ensemble,energy_score,6656.500086821616
G3_C1,amprion,2025,point,rmse,1006.9644908240573
G3_C1,amprion,2025,point,r2,0.9038905255170581
G3_C1,amprion,2025,point,mae,716.597595116
G3_C1,amprion,2025,point,smape,3.7450497618636085
G3_C1,amprion,2025,quantile,wis,423.22241513737157
G3_C1,amprion,2025,quantile,lqs,211.6112075686858
G3_C1,amprion,2025,quantile,mae_median,699.0985703588756
G3_C1,amprion,2025,quantile,cov50,55.40239726027397
G3_C1,amprion,2025,quantile,cov95,97.42009132420091
G3_C1,amprion,2025,ensemble,wis,423.22241513737157
G3_C1,amprion,2025,ensemble,lqs,211.6112075686858
G3_C1,amprion,2025,ensemble,mae_median,699.0985703588756
G3_C1,amprion,2025,ensemble,cov50,55.40239726027397
G3_C1,amprion,2025,ensemble,cov95,97.42009132420091
G3_C1,amprion,2025,ensemble,crps,517.560441577483
G3_C1,amprion,2025,ensemble,energy_score,6102.920190412108
G3_C1,amprion,2026H1,point,rmse,1274.4739110114074
G3_C1,amprion,2026H1,point,r2,0.8616628255674698
G3_C1,amprion,2026H1,point,mae,888.50110083301
G3_C1,amprion,2026H1,point,smape,4.493435410243539
G3_C1,amprion,2026H1,quantile,wis,538.6249193594311
G3_C1,amprion,2026H1,quantile,lqs,269.31245967971563
G3_C1,amprion,2026H1,quantile,mae_median,884.1610212796824
G3_C1,amprion,2026H1,quantile,cov50,56.58580043859649
G3_C1,amprion,2026H1,quantile,cov95,96.27878289473685
G3_C1,amprion,2026H1,ensemble,wis,538.6249193594311
G3_C1,amprion,2026H1,ensemble,lqs,269.31245967971563
G3_C1,amprion,2026H1,ensemble,mae_median,884.1610212796824
G3_C1,amprion,2026H1,ensemble,cov50,56.58580043859649
G3_C1,amprion,2026H1,ensemble,cov95,96.27878289473685
G3_C1,amprion,2026H1,ensemble,crps,658.8089853664177
G3_C1,amprion,2026H1,ensemble,energy_score,7580.912223330068
G3_C1,de_lu,2024,point,rmse,2782.964392594546
G3_C1,de_lu,2024,point,r2,0.9091118108215082
G3_C1,de_lu,2024,point,mae,1829.6146209202864
G3_C1,de_lu,2024,point,smape,3.4759708717000333
G3_C1,de_lu,2024,quantile,wis,1134.97199206666
G3_C1,de_lu,2024,quantile,lqs,567.48599603333
G3_C1,de_lu,2024,quantile,mae_median,1792.7435815618169
G3_C1,de_lu,2024,quantile,cov50,65.09847449908925
G3_C1,de_lu,2024,quantile,cov95,98.13581511839709
G3_C1,de_lu,2024,ensemble,wis,1134.97199206666
G3_C1,de_lu,2024,ensemble,lqs,567.48599603333
G3_C1,de_lu,2024,ensemble,mae_median,1792.7435815618169
G3_C1,de_lu,2024,ensemble,cov50,65.09847449908925
G3_C1,de_lu,2024,ensemble,cov95,98.13581511839709
G3_C1,de_lu,2024,ensemble,crps,1385.8874031589917
G3_C1,de_lu,2024,ensemble,energy_score,15596.96034182763
G3_C1,de_lu,2025,point,rmse,2681.0203394571704
G3_C1,de_lu,2025,point,r2,0.916073786850716
G3_C1,de_lu,2025,point,mae,1846.3841922222844
G3_C1,de_lu,2025,point,smape,3.4722871137003697
G3_C1,de_lu,2025,quantile,wis,1125.8137019258263
G3_C1,de_lu,2025,quantile,lqs,562.9068509629132
G3_C1,de_lu,2025,quantile,mae_median,1803.0407256410888
G3_C1,de_lu,2025,quantile,cov50,65.10559360730593
G3_C1,de_lu,2025,quantile,cov95,98.72431506849315
G3_C1,de_lu,2025,ensemble,wis,1125.8137019258263
G3_C1,de_lu,2025,ensemble,lqs,562.9068509629132
G3_C1,de_lu,2025,ensemble,mae_median,1803.0407256410888
G3_C1,de_lu,2025,ensemble,cov50,65.10559360730593
G3_C1,de_lu,2025,ensemble,cov95,98.72431506849315
G3_C1,de_lu,2025,ensemble,crps,1380.7161025907658
G3_C1,de_lu,2025,ensemble,energy_score,15697.058514242895
G3_C1,de_lu,2026H1,point,rmse,3421.6619615375716
G3_C1,de_lu,2026H1,point,r2,0.8774991504149543
G3_C1,de_lu,2026H1,point,mae,2260.4181455954154
G3_C1,de_lu,2026H1,point,smape,4.15046773859521
G3_C1,de_lu,2026H1,quantile,wis,1407.5179578697837
G3_C1,de_lu,2026H1,quantile,lqs,703.758978934892
G3_C1,de_lu,2026H1,quantile,mae_median,2231.0983814470255
G3_C1,de_lu,2026H1,quantile,cov50,66.83799342105263
G3_C1,de_lu,2026H1,quantile,cov95,97.57401315789474
G3_C1,de_lu,2026H1,ensemble,wis,1407.5179578697837
G3_C1,de_lu,2026H1,ensemble,lqs,703.758978934892
G3_C1,de_lu,2026H1,ensemble,mae_median,2231.0983814470255
G3_C1,de_lu,2026H1,ensemble,cov50,66.83799342105263
G3_C1,de_lu,2026H1,ensemble,cov95,97.57401315789474
G3_C1,de_lu,2026H1,ensemble,crps,1728.888791875051
G3_C1,de_lu,2026H1,ensemble,energy_score,19389.666387901267
G3_C1,lu,2024,point,rmse,28.483688071435562
G3_C1,lu,2024,point,r2,0.9159999061325658
G3_C1,lu,2024,point,mae,18.22674027244719
G3_C1,lu,2024,point,smape,3.29145074033525
G3_C1,lu,2024,quantile,wis,11.02330898911714
G3_C1,lu,2024,quantile,lqs,5.511654494558572
G3_C1,lu,2024,quantile,mae_median,17.667944643663365
G3_C1,lu,2024,quantile,cov50,52.52732240437158
G3_C1,lu,2024,quantile,cov95,95.7792577413479
G3_C1,lu,2024,ensemble,wis,11.02330898911714
G3_C1,lu,2024,ensemble,lqs,5.511654494558572
G3_C1,lu,2024,ensemble,mae_median,17.667944643663365
G3_C1,lu,2024,ensemble,cov50,52.52732240437158
G3_C1,lu,2024,ensemble,cov95,95.7792577413479
G3_C1,lu,2024,ensemble,crps,13.305039564312823
G3_C1,lu,2024,ensemble,energy_score,152.6595045587186
G3_C1,lu,2025,point,rmse,28.648123718768204
G3_C1,lu,2025,point,r2,0.9157012273167467
G3_C1,lu,2025,point,mae,19.158711458709906
G3_C1,lu,2025,point,smape,3.5004780835056337
G3_C1,lu,2025,quantile,wis,11.500486036966054
G3_C1,lu,2025,quantile,lqs,5.750243018483027
G3_C1,lu,2025,quantile,mae_median,18.60584515908995
G3_C1,lu,2025,quantile,cov50,53.09931506849315
G3_C1,lu,2025,quantile,cov95,96.61529680365297
G3_C1,lu,2025,ensemble,wis,11.500486036966054
G3_C1,lu,2025,ensemble,lqs,5.750243018483027
G3_C1,lu,2025,ensemble,mae_median,18.60584515908995
G3_C1,lu,2025,ensemble,cov50,53.09931506849315
G3_C1,lu,2025,ensemble,cov95,96.61529680365297
G3_C1,lu,2025,ensemble,crps,13.972854212477207
G3_C1,lu,2025,ensemble,energy_score,161.81488391862302
G3_C1,lu,2026H1,point,rmse,42.42442161375517
G3_C1,lu,2026H1,point,r2,0.8192923295752929
G3_C1,lu,2026H1,point,mae,26.888357866304542
G3_C1,lu,2026H1,point,smape,5.022514529880551
G3_C1,lu,2026H1,quantile,wis,15.98061426302591
G3_C1,lu,2026H1,quantile,lqs,7.990307131512955
G3_C1,lu,2026H1,quantile,mae_median,25.89839655562551
G3_C1,lu,2026H1,quantile,cov50,52.59046052631579
G3_C1,lu,2026H1,quantile,cov95,96.15542763157895
G3_C1,lu,2026H1,ensemble,wis,15.98061426302591
G3_C1,lu,2026H1,ensemble,lqs,7.990307131512955
G3_C1,lu,2026H1,ensemble,mae_median,25.89839655562551
G3_C1,lu,2026H1,ensemble,cov50,52.59046052631579
G3_C1,lu,2026H1,ensemble,cov95,96.15542763157895
G3_C1,lu,2026H1,ensemble,crps,19.396387511451998
G3_C1,lu,2026H1,ensemble,energy_score,222.6344009601381
G3_C1,tennet,2024,point,rmse,812.115614483597
G3_C1,tennet,2024,point,r2,0.9159435794251429
G3_C1,tennet,2024,point,mae,538.2922025867323
G3_C1,tennet,2024,point,smape,3.426889293456439
G3_C1,tennet,2024,quantile,wis,322.7995664041377
G3_C1,tennet,2024,quantile,lqs,161.39978320206887
G3_C1,tennet,2024,quantile,mae_median,526.6295081678159
G3_C1,tennet,2024,quantile,cov50,53.45229963570127
G3_C1,tennet,2024,quantile,cov95,96.84938524590164
G3_C1,tennet,2024,ensemble,wis,322.7995664041377
G3_C1,tennet,2024,ensemble,lqs,161.39978320206887
G3_C1,tennet,2024,ensemble,mae_median,526.6295081678159
G3_C1,tennet,2024,ensemble,cov50,53.45229963570127
G3_C1,tennet,2024,ensemble,cov95,96.84938524590164
G3_C1,tennet,2024,ensemble,crps,391.2752716256753
G3_C1,tennet,2024,ensemble,energy_score,4517.5099117820055
G3_C1,tennet,2025,point,rmse,821.5835508027063
G3_C1,tennet,2025,point,r2,0.9168260834568277
G3_C1,tennet,2025,point,mae,553.0746482829998
G3_C1,tennet,2025,point,smape,3.529503951827953
G3_C1,tennet,2025,quantile,wis,330.3142536877163
G3_C1,tennet,2025,quantile,lqs,165.15712684385812
G3_C1,tennet,2025,quantile,mae_median,540.5576612320294
G3_C1,tennet,2025,quantile,cov50,52.611301369863014
G3_C1,tennet,2025,quantile,cov95,96.20433789954338
G3_C1,tennet,2025,ensemble,wis,330.3142536877163
G3_C1,tennet,2025,ensemble,lqs,165.15712684385812
G3_C1,tennet,2025,ensemble,mae_median,540.5576612320294
G3_C1,tennet,2025,ensemble,cov50,52.611301369863014
G3_C1,tennet,2025,ensemble,cov95,96.20433789954338
G3_C1,tennet,2025,ensemble,crps,401.39812638268944
G3_C1,tennet,2025,ensemble,energy_score,4674.841518693413
G3_C1,tennet,2026H1,point,rmse,1164.6708238390127
G3_C1,tennet,2026H1,point,r2,0.8544680159739495
G3_C1,tennet,2026H1,point,mae,788.414643663322
G3_C1,tennet,2026H1,point,smape,5.1457150705989845
G3_C1,tennet,2026H1,quantile,wis,476.5799001755163
G3_C1,tennet,2026H1,quantile,lqs,238.2899500877581
G3_C1,tennet,2026H1,quantile,mae_median,776.5413882001909
G3_C1,tennet,2026H1,quantile,cov50,55.14665570175439
G3_C1,tennet,2026H1,quantile,cov95,94.75740131578947
G3_C1,tennet,2026H1,ensemble,wis,476.5799001755163
G3_C1,tennet,2026H1,ensemble,lqs,238.2899500877581
G3_C1,tennet,2026H1,ensemble,mae_median,776.5413882001909
G3_C1,tennet,2026H1,ensemble,cov50,55.14665570175439
G3_C1,tennet,2026H1,ensemble,cov95,94.75740131578947
G3_C1,tennet,2026H1,ensemble,crps,581.3482053508541
G3_C1,tennet,2026H1,ensemble,energy_score,6753.520064879056
G3_C1,transnetbw,2024,point,rmse,443.17404948987223
G3_C1,transnetbw,2024,point,r2,0.8953585196053624
G3_C1,transnetbw,2024,point,mae,276.5049970769406
G3_C1,transnetbw,2024,point,smape,4.354727445416183
G3_C1,transnetbw,2024,quantile,wis,166.37789284963554
G3_C1,transnetbw,2024,quantile,lqs,83.18894642481777
G3_C1,transnetbw,2024,quantile,mae_median,267.37354335764064
G3_C1,transnetbw,2024,quantile,cov50,53.893442622950815
G3_C1,transnetbw,2024,quantile,cov95,96.48508652094718
G3_C1,transnetbw,2024,ensemble,wis,166.37789284963554
G3_C1,transnetbw,2024,ensemble,lqs,83.18894642481777
G3_C1,transnetbw,2024,ensemble,mae_median,267.37354335764064
G3_C1,transnetbw,2024,ensemble,cov50,53.893442622950815
G3_C1,transnetbw,2024,ensemble,cov95,96.48508652094718
G3_C1,transnetbw,2024,ensemble,crps,200.50790714736394
G3_C1,transnetbw,2024,ensemble,energy_score,2331.714621220256
G3_C1,transnetbw,2025,point,rmse,440.96251868546955
G3_C1,transnetbw,2025,point,r2,0.8975741391829392
G3_C1,transnetbw,2025,point,mae,280.4642561543998
G3_C1,transnetbw,2025,point,smape,4.408194465688964
G3_C1,transnetbw,2025,quantile,wis,169.1723061324658
G3_C1,transnetbw,2025,quantile,lqs,84.5861530662329
G3_C1,transnetbw,2025,quantile,mae_median,275.92713327699147
G3_C1,transnetbw,2025,quantile,cov50,53.159246575342465
G3_C1,transnetbw,2025,quantile,cov95,96.61529680365297
G3_C1,transnetbw,2025,ensemble,wis,169.1723061324658
G3_C1,transnetbw,2025,ensemble,lqs,84.5861530662329
G3_C1,transnetbw,2025,ensemble,mae_median,275.92713327699147
G3_C1,transnetbw,2025,ensemble,cov50,53.159246575342465
G3_C1,transnetbw,2025,ensemble,cov95,96.61529680365297
G3_C1,transnetbw,2025,ensemble,crps,205.01246712647983
G3_C1,transnetbw,2025,ensemble,energy_score,2415.226594455125
G3_C1,transnetbw,2026H1,point,rmse,567.412105915174
G3_C1,transnetbw,2026H1,point,r2,0.8237759972068938
G3_C1,transnetbw,2026H1,point,mae,358.3414409881821
G3_C1,transnetbw,2026H1,point,smape,5.2562487062408305
G3_C1,transnetbw,2026H1,quantile,wis,216.79008911220149
G3_C1,transnetbw,2026H1,quantile,lqs,108.39504455610074
G3_C1,transnetbw,2026H1,quantile,mae_median,354.48450739274944
G3_C1,transnetbw,2026H1,quantile,cov50,55.49616228070175
G3_C1,transnetbw,2026H1,quantile,cov95,95.42900219298247
G3_C1,transnetbw,2026H1,ensemble,wis,216.79008911220149
G3_C1,transnetbw,2026H1,ensemble,lqs,108.39504455610074
G3_C1,transnetbw,2026H1,ensemble,mae_median,354.48450739274944
G3_C1,transnetbw,2026H1,ensemble,cov50,55.49616228070175
G3_C1,transnetbw,2026H1,ensemble,cov95,95.42900219298247
G3_C1,transnetbw,2026H1,ensemble,crps,264.0997771305003
G3_C1,transnetbw,2026H1,ensemble,energy_score,3061.1162968643434
G3_C1,50hertz,overall,point,rmse,910.7948607391452
G3_C1,50hertz,overall,point,r2,0.7797712965208602
G3_C1,50hertz,overall,point,mae,708.663368209668
G3_C1,50hertz,overall,point,smape,6.12618902611934
G3_C1,50hertz,overall,quantile,wis,414.56243823266846
G3_C1,50hertz,overall,quantile,lqs,207.2812191163342
G3_C1,50hertz,overall,quantile,mae_median,702.8720788046584
G3_C1,50hertz,overall,quantile,cov50,50.59220460551151
G3_C1,50hertz,overall,quantile,cov95,97.19705549263873
G3_C1,50hertz,overall,ensemble,wis,414.56243823266846
G3_C1,50hertz,overall,ensemble,lqs,207.2812191163342
G3_C1,50hertz,overall,ensemble,mae_median,702.8720788046584
G3_C1,50hertz,overall,ensemble,cov50,50.59220460551151
G3_C1,50hertz,overall,ensemble,cov95,97.19705549263873
G3_C1,50hertz,overall,ensemble,crps,508.90807178263526
G3_C1,50hertz,overall,ensemble,energy_score,5799.216896534518
G3_C1,amprion,overall,point,rmse,1119.282088849608
G3_C1,amprion,overall,point,r2,0.8871670817855464
G3_C1,amprion,overall,point,mae,772.1943759821544
G3_C1,amprion,overall,point,smape,4.070033886350821
G3_C1,amprion,overall,quantile,wis,463.6598650913328
G3_C1,amprion,overall,quantile,lqs,231.8299325456664
G3_C1,amprion,overall,quantile,mae_median,757.2122962351293
G3_C1,amprion,overall,quantile,cov50,55.91024915062288
G3_C1,amprion,overall,quantile,cov95,96.75349188372971
G3_C1,amprion,overall,ensemble,wis,463.6598650913328
G3_C1,amprion,overall,ensemble,lqs,231.8299325456664
G3_C1,amprion,overall,ensemble,mae_median,757.2122962351293
G3_C1,amprion,overall,ensemble,cov50,55.91024915062288
G3_C1,amprion,overall,ensemble,cov95,96.75349188372971
G3_C1,amprion,overall,ensemble,crps,565.3895995921185
G3_C1,amprion,overall,ensemble,energy_score,6586.799047818009
G3_C1,de_lu,overall,point,rmse,2863.007260538483
G3_C1,de_lu,overall,point,r2,0.9068001644231837
G3_C1,de_lu,overall,point,mae,1910.7052543017687
G3_C1,de_lu,overall,point,smape,3.5905563214148577
G3_C1,de_lu,overall,quantile,wis,1178.1024687378608
G3_C1,de_lu,overall,quantile,lqs,589.0512343689305
G3_C1,de_lu,overall,quantile,mae_median,1872.4586293211446
G3_C1,de_lu,overall,quantile,cov50,65.40085881464704
G3_C1,de_lu,overall,quantile,cov95,98.28237070592677
G3_C1,de_lu,overall,ensemble,wis,1178.1024687378608
G3_C1,de_lu,overall,ensemble,lqs,589.0512343689305
G3_C1,de_lu,overall,ensemble,mae_median,1872.4586293211446
G3_C1,de_lu,overall,ensemble,cov50,65.40085881464704
G3_C1,de_lu,overall,ensemble,cov95,98.28237070592677
G3_C1,de_lu,overall,ensemble,crps,1442.7941827483896
G3_C1,de_lu,overall,ensemble,energy_score,16291.215327031212
G3_C1,lu,overall,point,rmse,31.390548774183774
G3_C1,lu,overall,point,r2,0.899032508356351
G3_C1,lu,overall,point,mae,20.102997755179025
G3_C1,lu,overall,point,smape,3.675841087184713
G3_C1,lu,overall,quantile,wis,12.073909242909878
G3_C1,lu,overall,quantile,lqs,6.03695462145494
G3_C1,lu,overall,quantile,mae_median,19.47243204881506
G3_C1,lu,overall,quantile,cov50,52.774631936579844
G3_C1,lu,overall,quantile,cov95,96.18959984899962
G3_C1,lu,overall,ensemble,wis,12.073909242909878
G3_C1,lu,overall,ensemble,lqs,6.03695462145494
G3_C1,lu,overall,ensemble,mae_median,19.47243204881506
G3_C1,lu,overall,ensemble,cov50,52.774631936579844
G3_C1,lu,overall,ensemble,cov95,96.18959984899962
G3_C1,lu,overall,ensemble,crps,14.629657043978906
G3_C1,lu,overall,ensemble,energy_score,168.48951330093928
G3_C1,tennet,overall,point,rmse,886.5070682324955
G3_C1,tennet,overall,point,r2,0.904355505309751
G3_C1,tennet,overall,point,mae,587.4589112195513
G3_C1,tennet,overall,point,smape,3.7651858601962687
G3_C1,tennet,overall,quantile,wis,352.37767692707735
G3_C1,tennet,overall,quantile,lqs,176.1888384635387
G3_C1,tennet,overall,quantile,mae_median,575.4068373109178
G3_C1,tennet,overall,quantile,cov50,53.396328803322014
G3_C1,tennet,overall,quantile,cov95,96.22263118157795
G3_C1,tennet,overall,ensemble,wis,352.37767692707735
G3_C1,tennet,overall,ensemble,lqs,176.1888384635387
G3_C1,tennet,overall,ensemble,mae_median,575.4068373109178
G3_C1,tennet,overall,ensemble,cov50,53.396328803322014
G3_C1,tennet,overall,ensemble,cov95,96.22263118157795
G3_C1,tennet,overall,ensemble,crps,428.1789272457629
G3_C1,tennet,overall,ensemble,energy_score,4967.452810755295
G3_C1,transnetbw,overall,point,rmse,466.0555573738283
G3_C1,transnetbw,overall,point,r2,0.8863346193154344
G3_C1,transnetbw,overall,point,mae,292.22897107216295
G3_C1,transnetbw,overall,point,smape,4.532017019645981
G3_C1,transnetbw,overall,quantile,wis,176.21097855761184
G3_C1,transnetbw,overall,quantile,lqs,88.10548927880592
G3_C1,transnetbw,overall,quantile,mae_median,285.9046043473344
G3_C1,transnetbw,overall,quantile,cov50,53.86584560211401
G3_C1,transnetbw,overall,quantile,cov95,96.35711589278974
G3_C1,transnetbw,overall,ensemble,wis,176.21097855761184
G3_C1,transnetbw,overall,ensemble,lqs,88.10548927880592
G3_C1,transnetbw,overall,ensemble,mae_median,285.9046043473344
G3_C1,transnetbw,overall,ensemble,cov50,53.86584560211401
G3_C1,transnetbw,overall,ensemble,cov95,96.35711589278974
G3_C1,transnetbw,overall,ensemble,crps,213.31665984251006
G3_C1,transnetbw,overall,ensemble,energy_score,2491.7949439027343
G3_C2.1,50hertz,2024,point,rmse,833.6817717672918
G3_C2.1,50hertz,2024,point,r2,0.8002176112401262
G3_C2.1,50hertz,2024,point,mae,644.3110372317312
G3_C2.1,50hertz,2024,point,smape,5.629333268685997
G3_C2.1,50hertz,2024,quantile,wis,378.13459680334205
G3_C2.1,50hertz,2024,quantile,lqs,189.06729840167105
G3_C2.1,50hertz,2024,quantile,mae_median,644.2355796733364
G3_C2.1,50hertz,2024,quantile,cov50,42.8620218579235
G3_C2.1,50hertz,2024,quantile,cov95,94.0915300546448
G3_C2.1,50hertz,2024,ensemble,wis,378.13459680334205
G3_C2.1,50hertz,2024,ensemble,lqs,189.06729840167105
G3_C2.1,50hertz,2024,ensemble,mae_median,644.2355796733364
G3_C2.1,50hertz,2024,ensemble,cov50,42.8620218579235
G3_C2.1,50hertz,2024,ensemble,cov95,94.0915300546448
G3_C2.1,50hertz,2024,ensemble,crps,461.3055013871688
G3_C2.1,50hertz,2024,ensemble,energy_score,5341.821020840311
G3_C2.1,50hertz,2025,point,rmse,934.4129053511061
G3_C2.1,50hertz,2025,point,r2,0.7538377730574906
G3_C2.1,50hertz,2025,point,mae,732.6727489438409
G3_C2.1,50hertz,2025,point,smape,6.375886687445388
G3_C2.1,50hertz,2025,quantile,wis,428.11251188843886
G3_C2.1,50hertz,2025,quantile,lqs,214.05625594421946
G3_C2.1,50hertz,2025,quantile,mae_median,733.6997208342252
G3_C2.1,50hertz,2025,quantile,cov50,42.08618721461187
G3_C2.1,50hertz,2025,quantile,cov95,95.0142694063927
G3_C2.1,50hertz,2025,ensemble,wis,428.11251188843886
G3_C2.1,50hertz,2025,ensemble,lqs,214.05625594421946
G3_C2.1,50hertz,2025,ensemble,mae_median,733.6997208342252
G3_C2.1,50hertz,2025,ensemble,cov50,42.08618721461187
G3_C2.1,50hertz,2025,ensemble,cov95,95.0142694063927
G3_C2.1,50hertz,2025,ensemble,crps,522.2620952468361
G3_C2.1,50hertz,2025,ensemble,energy_score,6001.689412971664
G3_C2.1,50hertz,2026H1,point,rmse,955.2696586506908
G3_C2.1,50hertz,2026H1,point,r2,0.8036620465764662
G3_C2.1,50hertz,2026H1,point,mae,709.5488518636731
G3_C2.1,50hertz,2026H1,point,smape,5.920169486591462
G3_C2.1,50hertz,2026H1,quantile,wis,426.3588363063277
G3_C2.1,50hertz,2026H1,quantile,lqs,213.17941815316385
G3_C2.1,50hertz,2026H1,quantile,mae_median,709.3392427737588
G3_C2.1,50hertz,2026H1,quantile,cov50,47.31359649122807
G3_C2.1,50hertz,2026H1,quantile,cov95,91.15268640350878
G3_C2.1,50hertz,2026H1,ensemble,wis,426.3588363063277
G3_C2.1,50hertz,2026H1,ensemble,lqs,213.17941815316385
G3_C2.1,50hertz,2026H1,ensemble,mae_median,709.3392427737588
G3_C2.1,50hertz,2026H1,ensemble,cov50,47.31359649122807
G3_C2.1,50hertz,2026H1,ensemble,cov95,91.15268640350878
G3_C2.1,50hertz,2026H1,ensemble,crps,519.7198088733287
G3_C2.1,50hertz,2026H1,ensemble,energy_score,5901.763245870541
G3_C2.1,amprion,2024,point,rmse,1188.1206517858186
G3_C2.1,amprion,2024,point,r2,0.8706583137079998
G3_C2.1,amprion,2024,point,mae,804.5291079195275
G3_C2.1,amprion,2024,point,smape,4.359321768195293
G3_C2.1,amprion,2024,quantile,wis,491.8552428999999
G3_C2.1,amprion,2024,quantile,lqs,245.92762144999998
G3_C2.1,amprion,2024,quantile,mae_median,797.2294036188382
G3_C2.1,amprion,2024,quantile,cov50,47.928051001821494
G3_C2.1,amprion,2024,quantile,cov95,93.158014571949
G3_C2.1,amprion,2024,ensemble,wis,491.8552428999999
G3_C2.1,amprion,2024,ensemble,lqs,245.92762144999998
G3_C2.1,amprion,2024,ensemble,mae_median,797.2294036188382
G3_C2.1,amprion,2024,ensemble,cov50,47.928051001821494
G3_C2.1,amprion,2024,ensemble,cov95,93.158014571949
G3_C2.1,amprion,2024,ensemble,crps,591.678620798666
G3_C2.1,amprion,2024,ensemble,energy_score,6885.2441328175755
G3_C2.1,amprion,2025,point,rmse,1050.525539051878
G3_C2.1,amprion,2025,point,r2,0.8953953187897498
G3_C2.1,amprion,2025,point,mae,730.2616416919055
G3_C2.1,amprion,2025,point,smape,3.8450176981013717
G3_C2.1,amprion,2025,quantile,wis,437.3526484615533
G3_C2.1,amprion,2025,quantile,lqs,218.67632423077666
G3_C2.1,amprion,2025,quantile,mae_median,725.9842469958083
G3_C2.1,amprion,2025,quantile,cov50,48.02796803652968
G3_C2.1,amprion,2025,quantile,cov95,95.07990867579909
G3_C2.1,amprion,2025,ensemble,wis,437.3526484615533
G3_C2.1,amprion,2025,ensemble,lqs,218.67632423077666
G3_C2.1,amprion,2025,ensemble,mae_median,725.9842469958083
G3_C2.1,amprion,2025,ensemble,cov50,48.02796803652968
G3_C2.1,amprion,2025,ensemble,cov95,95.07990867579909
G3_C2.1,amprion,2025,ensemble,crps,530.6630188205962
G3_C2.1,amprion,2025,ensemble,energy_score,6251.784035585301
G3_C2.1,amprion,2026H1,point,rmse,1328.2760400523882
G3_C2.1,amprion,2026H1,point,r2,0.8497364382238544
G3_C2.1,amprion,2026H1,point,mae,923.4886356474111
G3_C2.1,amprion,2026H1,point,smape,4.681411124669629
G3_C2.1,amprion,2026H1,quantile,wis,563.9929104536095
G3_C2.1,amprion,2026H1,quantile,lqs,281.9964552268048
G3_C2.1,amprion,2026H1,quantile,mae_median,921.8387567111474
G3_C2.1,amprion,2026H1,quantile,cov50,46.395285087719294
G3_C2.1,amprion,2026H1,quantile,cov95,91.5638706140351
G3_C2.1,amprion,2026H1,ensemble,wis,563.9929104536095
G3_C2.1,amprion,2026H1,ensemble,lqs,281.9964552268048
G3_C2.1,amprion,2026H1,ensemble,mae_median,921.8387567111474
G3_C2.1,amprion,2026H1,ensemble,cov50,46.395285087719294
G3_C2.1,amprion,2026H1,ensemble,cov95,91.5638706140351
G3_C2.1,amprion,2026H1,ensemble,crps,680.5768794642563
G3_C2.1,amprion,2026H1,ensemble,energy_score,7835.826156730894
G3_C2.1,de_lu,2024,point,rmse,2875.8902804832856
G3_C2.1,de_lu,2024,point,r2,0.9029407843177233
G3_C2.1,de_lu,2024,point,mae,1863.2498021053489
G3_C2.1,de_lu,2024,point,smape,3.544254911351663
G3_C2.1,de_lu,2024,quantile,wis,1147.4159245627595
G3_C2.1,de_lu,2024,quantile,lqs,573.7079622813797
G3_C2.1,de_lu,2024,quantile,mae_median,1843.0329644691983
G3_C2.1,de_lu,2024,quantile,cov50,56.397996357012744
G3_C2.1,de_lu,2024,quantile,cov95,96.9148451730419
G3_C2.1,de_lu,2024,ensemble,wis,1147.4159245627595
G3_C2.1,de_lu,2024,ensemble,lqs,573.7079622813797
G3_C2.1,de_lu,2024,ensemble,mae_median,1843.0329644691983
G3_C2.1,de_lu,2024,ensemble,cov50,56.397996357012744
G3_C2.1,de_lu,2024,ensemble,cov95,96.9148451730419
G3_C2.1,de_lu,2024,ensemble,crps,1387.412410747148
G3_C2.1,de_lu,2024,ensemble,energy_score,15701.793465893003
G3_C2.1,de_lu,2025,point,rmse,2779.8845073866696
G3_C2.1,de_lu,2025,point,r2,0.9097700084910757
G3_C2.1,de_lu,2025,point,mae,1860.1586416656442
G3_C2.1,de_lu,2025,point,smape,3.525338380203389
G3_C2.1,de_lu,2025,quantile,wis,1126.3751805367478
G3_C2.1,de_lu,2025,quantile,lqs,563.1875902683738
G3_C2.1,de_lu,2025,quantile,mae_median,1846.1360580353523
G3_C2.1,de_lu,2025,quantile,cov50,57.294520547945204
G3_C2.1,de_lu,2025,quantile,cov95,97.41438356164383
G3_C2.1,de_lu,2025,ensemble,wis,1126.3751805367478
G3_C2.1,de_lu,2025,ensemble,lqs,563.1875902683738
G3_C2.1,de_lu,2025,ensemble,mae_median,1846.1360580353523
G3_C2.1,de_lu,2025,ensemble,cov50,57.294520547945204
G3_C2.1,de_lu,2025,ensemble,cov95,97.41438356164383
G3_C2.1,de_lu,2025,ensemble,crps,1371.5196425667139
G3_C2.1,de_lu,2025,ensemble,energy_score,15557.304406563106
G3_C2.1,de_lu,2026H1,point,rmse,3579.6044323594206
G3_C2.1,de_lu,2026H1,point,r2,0.8659289621017006
G3_C2.1,de_lu,2026H1,point,mae,2378.0965344070664
G3_C2.1,de_lu,2026H1,point,smape,4.392246686747742
G3_C2.1,de_lu,2026H1,quantile,wis,1449.43219383183
G3_C2.1,de_lu,2026H1,quantile,lqs,724.7160969159149
G3_C2.1,de_lu,2026H1,quantile,mae_median,2358.9931564365406
G3_C2.1,de_lu,2026H1,quantile,cov50,53.16611842105263
G3_C2.1,de_lu,2026H1,quantile,cov95,94.93558114035088
G3_C2.1,de_lu,2026H1,ensemble,wis,1449.43219383183
G3_C2.1,de_lu,2026H1,ensemble,lqs,724.7160969159149
G3_C2.1,de_lu,2026H1,ensemble,mae_median,2358.9931564365406
G3_C2.1,de_lu,2026H1,ensemble,cov50,53.16611842105263
G3_C2.1,de_lu,2026H1,ensemble,cov95,94.93558114035088
G3_C2.1,de_lu,2026H1,ensemble,crps,1753.2607813132531
G3_C2.1,de_lu,2026H1,ensemble,energy_score,19568.98492376752
G3_C2.1,lu,2024,point,rmse,28.311773931794686
G3_C2.1,lu,2024,point,r2,0.917010816298552
G3_C2.1,lu,2024,point,mae,17.550129809378006
G3_C2.1,lu,2024,point,smape,3.1630349057156004
G3_C2.1,lu,2024,quantile,wis,10.811026795174124
G3_C2.1,lu,2024,quantile,lqs,5.405513397587063
G3_C2.1,lu,2024,quantile,mae_median,17.2114814057272
G3_C2.1,lu,2024,quantile,cov50,48.7306466302368
G3_C2.1,lu,2024,quantile,cov95,94.04030054644808
G3_C2.1,lu,2024,ensemble,wis,10.811026795174124
G3_C2.1,lu,2024,ensemble,lqs,5.405513397587063
G3_C2.1,lu,2024,ensemble,mae_median,17.2114814057272
G3_C2.1,lu,2024,ensemble,cov50,48.7306466302368
G3_C2.1,lu,2024,ensemble,cov95,94.04030054644808
G3_C2.1,lu,2024,ensemble,crps,12.907537395324855
G3_C2.1,lu,2024,ensemble,energy_score,149.40498414217282
G3_C2.1,lu,2025,point,rmse,29.03690354557245
G3_C2.1,lu,2025,point,r2,0.9133976875774861
G3_C2.1,lu,2025,point,mae,18.71564378588984
G3_C2.1,lu,2025,point,smape,3.4515055780665884
G3_C2.1,lu,2025,quantile,wis,11.463257404034584
G3_C2.1,lu,2025,quantile,lqs,5.731628702017291
G3_C2.1,lu,2025,quantile,mae_median,18.480080611067816
G3_C2.1,lu,2025,quantile,cov50,49.180936073059364
G3_C2.1,lu,2025,quantile,cov95,94.40068493150685
G3_C2.1,lu,2025,ensemble,wis,11.463257404034584
G3_C2.1,lu,2025,ensemble,lqs,5.731628702017291
G3_C2.1,lu,2025,ensemble,mae_median,18.480080611067816
G3_C2.1,lu,2025,ensemble,cov50,49.180936073059364
G3_C2.1,lu,2025,ensemble,cov95,94.40068493150685
G3_C2.1,lu,2025,ensemble,crps,13.799401031354646
G3_C2.1,lu,2025,ensemble,energy_score,159.54692430639403
G3_C2.1,lu,2026H1,point,rmse,39.55548062451343
G3_C2.1,lu,2026H1,point,r2,0.8429065568326566
G3_C2.1,lu,2026H1,point,mae,25.223609167822204
G3_C2.1,lu,2026H1,point,smape,4.683444479486809
G3_C2.1,lu,2026H1,quantile,wis,15.795253247066867
G3_C2.1,lu,2026H1,quantile,lqs,7.897626623533432
G3_C2.1,lu,2026H1,quantile,mae_median,25.008776121102585
G3_C2.1,lu,2026H1,quantile,cov50,47.14226973684211
G3_C2.1,lu,2026H1,quantile,cov95,93.42105263157895
G3_C2.1,lu,2026H1,ensemble,wis,15.795253247066867
G3_C2.1,lu,2026H1,ensemble,lqs,7.897626623533432
G3_C2.1,lu,2026H1,ensemble,mae_median,25.008776121102585
G3_C2.1,lu,2026H1,ensemble,cov50,47.14226973684211
G3_C2.1,lu,2026H1,ensemble,cov95,93.42105263157895
G3_C2.1,lu,2026H1,ensemble,crps,18.92101030382023
G3_C2.1,lu,2026H1,ensemble,energy_score,219.78960510533972
G3_C2.1,tennet,2024,point,rmse,836.2464208862458
G3_C2.1,tennet,2024,point,r2,0.9108741438334964
G3_C2.1,tennet,2024,point,mae,537.9639131072831
G3_C2.1,tennet,2024,point,smape,3.4213835814733433
G3_C2.1,tennet,2024,quantile,wis,327.7098830366847
G3_C2.1,tennet,2024,quantile,lqs,163.85494151834232
G3_C2.1,tennet,2024,quantile,mae_median,532.1553693138359
G3_C2.1,tennet,2024,quantile,cov50,46.99738160291439
G3_C2.1,tennet,2024,quantile,cov95,94.33913934426229
G3_C2.1,tennet,2024,ensemble,wis,327.7098830366847
G3_C2.1,tennet,2024,ensemble,lqs,163.85494151834232
G3_C2.1,tennet,2024,ensemble,mae_median,532.1553693138359
G3_C2.1,tennet,2024,ensemble,cov50,46.99738160291439
G3_C2.1,tennet,2024,ensemble,cov95,94.33913934426229
G3_C2.1,tennet,2024,ensemble,crps,393.73332586616
G3_C2.1,tennet,2024,ensemble,energy_score,4555.743567366159
G3_C2.1,tennet,2025,point,rmse,831.2309405776689
G3_C2.1,tennet,2025,point,r2,0.9148612867638266
G3_C2.1,tennet,2025,point,mae,543.9522696801816
G3_C2.1,tennet,2025,point,smape,3.4899720602905693
G3_C2.1,tennet,2025,quantile,wis,330.41534147956185
G3_C2.1,tennet,2025,quantile,lqs,165.2076707397809
G3_C2.1,tennet,2025,quantile,mae_median,540.0140340840379
G3_C2.1,tennet,2025,quantile,cov50,47.64269406392694
G3_C2.1,tennet,2025,quantile,cov95,93.98972602739725
G3_C2.1,tennet,2025,ensemble,wis,330.41534147956185
G3_C2.1,tennet,2025,ensemble,lqs,165.2076707397809
G3_C2.1,tennet,2025,ensemble,mae_median,540.0140340840379
G3_C2.1,tennet,2025,ensemble,cov50,47.64269406392694
G3_C2.1,tennet,2025,ensemble,cov95,93.98972602739725
G3_C2.1,tennet,2025,ensemble,crps,397.8276830073395
G3_C2.1,tennet,2025,ensemble,energy_score,4593.252832530243
G3_C2.1,tennet,2026H1,point,rmse,1183.9423896835972
G3_C2.1,tennet,2026H1,point,r2,0.849611994920021
G3_C2.1,tennet,2026H1,point,mae,792.9548415134847
G3_C2.1,tennet,2026H1,point,smape,5.21062342525755
G3_C2.1,tennet,2026H1,quantile,wis,485.2031286017167
G3_C2.1,tennet,2026H1,quantile,lqs,242.60156430085834
G3_C2.1,tennet,2026H1,quantile,mae_median,784.3292118385716
G3_C2.1,tennet,2026H1,quantile,cov50,42.70833333333333
G3_C2.1,tennet,2026H1,quantile,cov95,90.84429824561403
G3_C2.1,tennet,2026H1,ensemble,wis,485.2031286017167
G3_C2.1,tennet,2026H1,ensemble,lqs,242.60156430085834
G3_C2.1,tennet,2026H1,ensemble,mae_median,784.3292118385716
G3_C2.1,tennet,2026H1,ensemble,cov50,42.70833333333333
G3_C2.1,tennet,2026H1,ensemble,cov95,90.84429824561403
G3_C2.1,tennet,2026H1,ensemble,crps,582.4750006580448
G3_C2.1,tennet,2026H1,ensemble,energy_score,6700.900196187839
G3_C2.1,transnetbw,2024,point,rmse,453.0974037906219
G3_C2.1,transnetbw,2024,point,r2,0.8906198842217556
G3_C2.1,transnetbw,2024,point,mae,275.08136446757356
G3_C2.1,transnetbw,2024,point,smape,4.342252382883324
G3_C2.1,transnetbw,2024,quantile,wis,168.0333032494286
G3_C2.1,transnetbw,2024,quantile,lqs,84.0166516247143
G3_C2.1,transnetbw,2024,quantile,mae_median,268.0796122705567
G3_C2.1,transnetbw,2024,quantile,cov50,47.455601092896174
G3_C2.1,transnetbw,2024,quantile,cov95,93.75569216757741
G3_C2.1,transnetbw,2024,ensemble,wis,168.0333032494286
G3_C2.1,transnetbw,2024,ensemble,lqs,84.0166516247143
G3_C2.1,transnetbw,2024,ensemble,mae_median,268.0796122705567
G3_C2.1,transnetbw,2024,ensemble,cov50,47.455601092896174
G3_C2.1,transnetbw,2024,ensemble,cov95,93.75569216757741
G3_C2.1,transnetbw,2024,ensemble,crps,200.78123238534906
G3_C2.1,transnetbw,2024,ensemble,energy_score,2325.5736438525437
G3_C2.1,transnetbw,2025,point,rmse,443.8918802749706
G3_C2.1,transnetbw,2025,point,r2,0.8962087669499139
G3_C2.1,transnetbw,2025,point,mae,274.16464268074
G3_C2.1,transnetbw,2025,point,smape,4.352664444167488
G3_C2.1,transnetbw,2025,quantile,wis,167.0651711759936
G3_C2.1,transnetbw,2025,quantile,lqs,83.5325855879968
G3_C2.1,transnetbw,2025,quantile,mae_median,270.31899495971123
G3_C2.1,transnetbw,2025,quantile,cov50,47.55422374429224
G3_C2.1,transnetbw,2025,quantile,cov95,93.95547945205479
G3_C2.1,transnetbw,2025,ensemble,wis,167.0651711759936
G3_C2.1,transnetbw,2025,ensemble,lqs,83.5325855879968
G3_C2.1,transnetbw,2025,ensemble,mae_median,270.31899495971123
G3_C2.1,transnetbw,2025,ensemble,cov50,47.55422374429224
G3_C2.1,transnetbw,2025,ensemble,cov95,93.95547945205479
G3_C2.1,transnetbw,2025,ensemble,crps,200.44734221816287
G3_C2.1,transnetbw,2025,ensemble,energy_score,2335.0360689672516
G3_C2.1,transnetbw,2026H1,point,rmse,584.1865946517906
G3_C2.1,transnetbw,2026H1,point,r2,0.8132025080208399
G3_C2.1,transnetbw,2026H1,point,mae,360.19054614798307
G3_C2.1,transnetbw,2026H1,point,smape,5.2977745166926775
G3_C2.1,transnetbw,2026H1,quantile,wis,222.95245714602552
G3_C2.1,transnetbw,2026H1,quantile,lqs,111.47622857301276
G3_C2.1,transnetbw,2026H1,quantile,mae_median,358.37922267177646
G3_C2.1,transnetbw,2026H1,quantile,cov50,46.655701754385966
G3_C2.1,transnetbw,2026H1,quantile,cov95,92.82483552631578
G3_C2.1,transnetbw,2026H1,ensemble,wis,222.95245714602552
G3_C2.1,transnetbw,2026H1,ensemble,lqs,111.47622857301276
G3_C2.1,transnetbw,2026H1,ensemble,mae_median,358.37922267177646
G3_C2.1,transnetbw,2026H1,ensemble,cov50,46.655701754385966
G3_C2.1,transnetbw,2026H1,ensemble,cov95,92.82483552631578
G3_C2.1,transnetbw,2026H1,ensemble,crps,266.7040534798412
G3_C2.1,transnetbw,2026H1,ensemble,energy_score,3068.7458300884555
G3_C2.1,50hertz,overall,point,rmse,897.8247818518167
G3_C2.1,50hertz,overall,point,r2,0.7859989241972397
G3_C2.1,50hertz,overall,point,mae,692.0666120890078
G3_C2.1,50hertz,overall,point,smape,5.9879958994547495
G3_C2.1,50hertz,overall,quantile,wis,407.0949857167217
G3_C2.1,50hertz,overall,quantile,lqs,203.54749285836084
G3_C2.1,50hertz,overall,quantile,mae_median,692.4237657605262
G3_C2.1,50hertz,overall,quantile,cov50,43.3076160815402
G3_C2.1,50hertz,overall,quantile,cov95,93.9670630426576
G3_C2.1,50hertz,overall,ensemble,wis,407.0949857167217
G3_C2.1,50hertz,overall,ensemble,lqs,203.54749285836084
G3_C2.1,50hertz,overall,ensemble,mae_median,692.4237657605262
G3_C2.1,50hertz,overall,ensemble,cov50,43.3076160815402
G3_C2.1,50hertz,overall,ensemble,cov95,93.9670630426576
G3_C2.1,50hertz,overall,ensemble,crps,496.55819843889583
G3_C2.1,50hertz,overall,ensemble,energy_score,5710.975246584975
G3_C2.1,amprion,overall,point,rmse,1159.747930596659
G3_C2.1,amprion,overall,point,r2,0.8788610165662828
G3_C2.1,amprion,overall,point,mae,794.307389959795
G3_C2.1,amprion,overall,point,smape,4.202171820969719
G3_C2.1,amprion,overall,quantile,wis,481.7436670201762
G3_C2.1,amprion,overall,quantile,lqs,240.87183351008807
G3_C2.1,amprion,overall,quantile,mae_median,789.2295616059562
G3_C2.1,amprion,overall,quantile,cov50,47.70550207625519
G3_C2.1,amprion,overall,quantile,cov95,93.6780388825972
G3_C2.1,amprion,overall,ensemble,wis,481.7436670201762
G3_C2.1,amprion,overall,ensemble,lqs,240.87183351008807
G3_C2.1,amprion,overall,ensemble,mae_median,789.2295616059562
G3_C2.1,amprion,overall,ensemble,cov50,47.70550207625519
G3_C2.1,amprion,overall,ensemble,cov95,93.6780388825972
G3_C2.1,amprion,overall,ensemble,crps,581.7599804761
G3_C2.1,amprion,overall,ensemble,energy_score,6787.028427432575
G3_C2.1,de_lu,overall,point,rmse,2971.2450877731367
G3_C2.1,de_lu,overall,point,r2,0.8996199977979041
G3_C2.1,de_lu,overall,point,mae,1950.5979671669215
G3_C2.1,de_lu,overall,point,smape,3.682409176347228
G3_C2.1,de_lu,overall,quantile,wis,1190.7076588316206
G3_C2.1,de_lu,overall,quantile,lqs,595.3538294158103
G3_C2.1,de_lu,overall,quantile,mae_median,1933.1332796794836
G3_C2.1,de_lu,overall,quantile,cov50,56.212249905624766
G3_C2.1,de_lu,overall,quantile,cov95,96.78062476406191
G3_C2.1,de_lu,overall,ensemble,wis,1190.7076588316206
G3_C2.1,de_lu,overall,ensemble,lqs,595.3538294158103
G3_C2.1,de_lu,overall,ensemble,mae_median,1933.1332796794836
G3_C2.1,de_lu,overall,ensemble,cov50,56.212249905624766
G3_C2.1,de_lu,overall,ensemble,cov95,96.78062476406191
G3_C2.1,de_lu,overall,ensemble,crps,1443.8202158889253
G3_C2.1,de_lu,overall,ensemble,energy_score,16307.766959598002
G3_C2.1,lu,overall,point,rmse,30.823743975987487
G3_C2.1,lu,overall,point,r2,0.9026458367791933
G3_C2.1,lu,overall,point,mae,19.352826823999
G3_C2.1,lu,overall,point,smape,3.5440021204622987
G3_C2.1,lu,overall,quantile,wis,11.938622030646112
G3_C2.1,lu,overall,quantile,lqs,5.969311015323056
G3_C2.1,lu,overall,quantile,mae_median,19.078103723605324
G3_C2.1,lu,overall,quantile,cov50,48.64335598338996
G3_C2.1,lu,overall,quantile,cov95,94.08267270668176
G3_C2.1,lu,overall,ensemble,wis,11.938622030646112
G3_C2.1,lu,overall,ensemble,lqs,5.969311015323056
G3_C2.1,lu,overall,ensemble,mae_median,19.078103723605324
G3_C2.1,lu,overall,ensemble,cov50,48.64335598338996
G3_C2.1,lu,overall,ensemble,cov95,94.08267270668176
G3_C2.1,lu,overall,ensemble,crps,14.311363113605909
G3_C2.1,lu,overall,ensemble,energy_score,165.7133313067732
G3_C2.1,tennet,overall,point,rmse,903.7502162991824
G3_C2.1,tennet,overall,point,r2,0.9005986230996306
G3_C2.1,tennet,overall,point,mae,584.3335294910323
G3_C2.1,tennet,overall,point,smape,3.7577360741386743
G3_C2.1,tennet,overall,quantile,wis,355.93917596707547
G3_C2.1,tennet,overall,quantile,lqs,177.96958798353774
G3_C2.1,tennet,overall,quantile,mae_median,578.8131685266145
G3_C2.1,tennet,overall,quantile,cov50,46.52581162702907
G3_C2.1,tennet,overall,quantile,cov95,93.59310117025292
G3_C2.1,tennet,overall,ensemble,wis,355.93917596707547
G3_C2.1,tennet,overall,ensemble,lqs,177.96958798353774
G3_C2.1,tennet,overall,ensemble,mae_median,578.8131685266145
G3_C2.1,tennet,overall,ensemble,cov50,46.52581162702907
G3_C2.1,tennet,overall,ensemble,cov95,93.59310117025292
G3_C2.1,tennet,overall,ensemble,crps,427.91585692493356
G3_C2.1,tennet,overall,ensemble,energy_score,4940.5167150057805
G3_C2.1,transnetbw,overall,point,rmse,474.6483961143758
G3_C2.1,transnetbw,overall,point,r2,0.8821045989368381
G3_C2.1,transnetbw,overall,point,mae,289.35315627190874
G3_C2.1,transnetbw,overall,point,smape,4.511040340649736
G3_C2.1,transnetbw,overall,quantile,wis,177.08691954102426
G3_C2.1,transnetbw,overall,quantile,lqs,88.54345977051214
G3_C2.1,transnetbw,overall,quantile,mae_median,284.54950520660066
G3_C2.1,transnetbw,overall,quantile,cov50,47.35867308418271
G3_C2.1,transnetbw,overall,quantile,cov95,93.6780388825972
G3_C2.1,transnetbw,overall,ensemble,wis,177.08691954102426
G3_C2.1,transnetbw,overall,ensemble,lqs,88.54345977051214
G3_C2.1,transnetbw,overall,ensemble,mae_median,284.54950520660066
G3_C2.1,transnetbw,overall,ensemble,cov50,47.35867308418271
G3_C2.1,transnetbw,overall,ensemble,cov95,93.6780388825972
G3_C2.1,transnetbw,overall,ensemble,crps,211.99119715923337
G3_C2.1,transnetbw,overall,ensemble,energy_score,2457.4150452961753
G3_C2.2,50hertz,2024,point,rmse,820.1146206741122
G3_C2.2,50hertz,2024,point,r2,0.8066671297237206
G3_C2.2,50hertz,2024,point,mae,628.67517072646
G3_C2.2,50hertz,2024,point,smape,5.485132813512267
G3_C2.2,50hertz,2024,quantile,wis,369.93158344459187
G3_C2.2,50hertz,2024,quantile,lqs,184.96579172229593
G3_C2.2,50hertz,2024,quantile,mae_median,629.0310875603236
G3_C2.2,50hertz,2024,quantile,cov50,45.0193533697632
G3_C2.2,50hertz,2024,quantile,cov95,95.2271174863388
G3_C2.2,50hertz,2024,ensemble,wis,369.93158344459187
G3_C2.2,50hertz,2024,ensemble,lqs,184.96579172229593
G3_C2.2,50hertz,2024,ensemble,mae_median,629.0310875603236
G3_C2.2,50hertz,2024,ensemble,cov50,45.0193533697632
G3_C2.2,50hertz,2024,ensemble,cov95,95.2271174863388
G3_C2.2,50hertz,2024,ensemble,crps,451.91203403892695
G3_C2.2,50hertz,2024,ensemble,energy_score,5232.245626774638
G3_C2.2,50hertz,2025,point,rmse,904.0461252716573
G3_C2.2,50hertz,2025,point,r2,0.7695774732877894
G3_C2.2,50hertz,2025,point,mae,701.3794756405307
G3_C2.2,50hertz,2025,point,smape,6.113951356285161
G3_C2.2,50hertz,2025,quantile,wis,410.8902620775894
G3_C2.2,50hertz,2025,quantile,lqs,205.44513103879467
G3_C2.2,50hertz,2025,quantile,mae_median,701.6270723844623
G3_C2.2,50hertz,2025,quantile,cov50,44.93721461187214
G3_C2.2,50hertz,2025,quantile,cov95,95.11415525114155
G3_C2.2,50hertz,2025,ensemble,wis,410.8902620775894
G3_C2.2,50hertz,2025,ensemble,lqs,205.44513103879467
G3_C2.2,50hertz,2025,ensemble,mae_median,701.6270723844623
G3_C2.2,50hertz,2025,ensemble,cov50,44.93721461187214
G3_C2.2,50hertz,2025,ensemble,cov95,95.11415525114155
G3_C2.2,50hertz,2025,ensemble,crps,502.3304407479716
G3_C2.2,50hertz,2025,ensemble,energy_score,5783.521351503057
G3_C2.2,50hertz,2026H1,point,rmse,955.1156388153825
G3_C2.2,50hertz,2026H1,point,r2,0.8037253533111824
G3_C2.2,50hertz,2026H1,point,mae,702.3054980337831
G3_C2.2,50hertz,2026H1,point,smape,5.87292479822945
G3_C2.2,50hertz,2026H1,quantile,wis,421.7663220625894
G3_C2.2,50hertz,2026H1,quantile,lqs,210.88316103129472
G3_C2.2,50hertz,2026H1,quantile,mae_median,701.8728071235523
G3_C2.2,50hertz,2026H1,quantile,cov50,48.656798245614034
G3_C2.2,50hertz,2026H1,quantile,cov95,92.07099780701753
G3_C2.2,50hertz,2026H1,ensemble,wis,421.7663220625894
G3_C2.2,50hertz,2026H1,ensemble,lqs,210.88316103129472
G3_C2.2,50hertz,2026H1,ensemble,mae_median,701.8728071235523
G3_C2.2,50hertz,2026H1,ensemble,cov50,48.656798245614034
G3_C2.2,50hertz,2026H1,ensemble,cov95,92.07099780701753
G3_C2.2,50hertz,2026H1,ensemble,crps,515.0865145057338
G3_C2.2,50hertz,2026H1,ensemble,energy_score,5840.06032446713
G3_C2.2,amprion,2024,point,rmse,1195.3823969712505
G3_C2.2,amprion,2024,point,r2,0.8690724197432358
G3_C2.2,amprion,2024,point,mae,818.6230200574892
G3_C2.2,amprion,2024,point,smape,4.439325745414335
G3_C2.2,amprion,2024,quantile,wis,499.2455930954067
G3_C2.2,amprion,2024,quantile,lqs,249.62279654770336
G3_C2.2,amprion,2024,quantile,mae_median,811.227835993479
G3_C2.2,amprion,2024,quantile,cov50,48.03051001821493
G3_C2.2,amprion,2024,quantile,cov95,93.73292349726776
G3_C2.2,amprion,2024,ensemble,wis,499.2455930954067
G3_C2.2,amprion,2024,ensemble,lqs,249.62279654770336
G3_C2.2,amprion,2024,ensemble,mae_median,811.227835993479
G3_C2.2,amprion,2024,ensemble,cov50,48.03051001821493
G3_C2.2,amprion,2024,ensemble,cov95,93.73292349726776
G3_C2.2,amprion,2024,ensemble,crps,600.6918307812933
G3_C2.2,amprion,2024,ensemble,energy_score,6961.722161672956
G3_C2.2,amprion,2025,point,rmse,1074.2072561031425
G3_C2.2,amprion,2025,point,r2,0.890626010463397
G3_C2.2,amprion,2025,point,mae,741.8634397235306
G3_C2.2,amprion,2025,point,smape,3.901986265289886
G3_C2.2,amprion,2025,quantile,wis,445.54937167071427
G3_C2.2,amprion,2025,quantile,lqs,222.7746858353571
G3_C2.2,amprion,2025,quantile,mae_median,736.8697805215468
G3_C2.2,amprion,2025,quantile,cov50,48.35616438356165
G3_C2.2,amprion,2025,quantile,cov95,95.2054794520548
G3_C2.2,amprion,2025,ensemble,wis,445.54937167071427
G3_C2.2,amprion,2025,ensemble,lqs,222.7746858353571
G3_C2.2,amprion,2025,ensemble,mae_median,736.8697805215468
G3_C2.2,amprion,2025,ensemble,cov50,48.35616438356165
G3_C2.2,amprion,2025,ensemble,cov95,95.2054794520548
G3_C2.2,amprion,2025,ensemble,crps,540.5170280637172
G3_C2.2,amprion,2025,ensemble,energy_score,6339.950023722986
G3_C2.2,amprion,2026H1,point,rmse,1312.6333749849769
G3_C2.2,amprion,2026H1,point,r2,0.8532548061489701
G3_C2.2,amprion,2026H1,point,mae,928.8505767680492
G3_C2.2,amprion,2026H1,point,smape,4.715523344279747
G3_C2.2,amprion,2026H1,quantile,wis,562.3772875714994
G3_C2.2,amprion,2026H1,quantile,lqs,281.1886437857497
G3_C2.2,amprion,2026H1,quantile,mae_median,927.2496353171471
G3_C2.2,amprion,2026H1,quantile,cov50,46.03207236842105
G3_C2.2,amprion,2026H1,quantile,cov95,92.4547697368421
G3_C2.2,amprion,2026H1,ensemble,wis,562.3772875714994
G3_C2.2,amprion,2026H1,ensemble,lqs,281.1886437857497
G3_C2.2,amprion,2026H1,ensemble,mae_median,927.2496353171471
G3_C2.2,amprion,2026H1,ensemble,cov50,46.03207236842105
G3_C2.2,amprion,2026H1,ensemble,cov95,92.4547697368421
G3_C2.2,amprion,2026H1,ensemble,crps,679.9308886051936
G3_C2.2,amprion,2026H1,ensemble,energy_score,7821.754979226731
G3_C2.2,de_lu,2024,point,rmse,2850.7434815505435
G3_C2.2,de_lu,2024,point,r2,0.9046307359312384
G3_C2.2,de_lu,2024,point,mae,1857.3621099228274
G3_C2.2,de_lu,2024,point,smape,3.533929639260041
G3_C2.2,de_lu,2024,quantile,wis,1145.42444818011
G3_C2.2,de_lu,2024,quantile,lqs,572.7122240900549
G3_C2.2,de_lu,2024,quantile,mae_median,1845.764261306331
G3_C2.2,de_lu,2024,quantile,cov50,57.26889799635701
G3_C2.2,de_lu,2024,quantile,cov95,97.27345173041894
G3_C2.2,de_lu,2024,ensemble,wis,1145.42444818011
G3_C2.2,de_lu,2024,ensemble,lqs,572.7122240900549
G3_C2.2,de_lu,2024,ensemble,mae_median,1845.764261306331
G3_C2.2,de_lu,2024,ensemble,cov50,57.26889799635701
G3_C2.2,de_lu,2024,ensemble,cov95,97.27345173041894
G3_C2.2,de_lu,2024,ensemble,crps,1385.9795341608174
G3_C2.2,de_lu,2024,ensemble,energy_score,15623.839745627696
G3_C2.2,de_lu,2025,point,rmse,2801.415372951698
G3_C2.2,de_lu,2025,point,r2,0.9083668902940516
G3_C2.2,de_lu,2025,point,mae,1833.3964156510367
G3_C2.2,de_lu,2025,point,smape,3.479825131479871
G3_C2.2,de_lu,2025,quantile,wis,1118.6289406642181
G3_C2.2,de_lu,2025,quantile,lqs,559.3144703321092
G3_C2.2,de_lu,2025,quantile,mae_median,1817.9173485314282
G3_C2.2,de_lu,2025,quantile,cov50,58.66438356164384
G3_C2.2,de_lu,2025,quantile,cov95,97.39440639269407
G3_C2.2,de_lu,2025,ensemble,wis,1118.6289406642181
G3_C2.2,de_lu,2025,ensemble,lqs,559.3144703321092
G3_C2.2,de_lu,2025,ensemble,mae_median,1817.9173485314282
G3_C2.2,de_lu,2025,ensemble,cov50,58.66438356164384
G3_C2.2,de_lu,2025,ensemble,cov95,97.39440639269407
G3_C2.2,de_lu,2025,ensemble,crps,1363.2009011523207
G3_C2.2,de_lu,2025,ensemble,energy_score,15402.4228732462
G3_C2.2,de_lu,2026H1,point,rmse,3528.7839290236143
G3_C2.2,de_lu,2026H1,point,r2,0.8697088159375237
G3_C2.2,de_lu,2026H1,point,mae,2352.58437953549
G3_C2.2,de_lu,2026H1,point,smape,4.363832046671385
G3_C2.2,de_lu,2026H1,quantile,wis,1430.51738755824
G3_C2.2,de_lu,2026H1,quantile,lqs,715.25869377912
G3_C2.2,de_lu,2026H1,quantile,mae_median,2335.195689587685
G3_C2.2,de_lu,2026H1,quantile,cov50,53.43338815789473
G3_C2.2,de_lu,2026H1,quantile,cov95,95.66200657894737
G3_C2.2,de_lu,2026H1,ensemble,wis,1430.51738755824
G3_C2.2,de_lu,2026H1,ensemble,lqs,715.25869377912
G3_C2.2,de_lu,2026H1,ensemble,mae_median,2335.195689587685
G3_C2.2,de_lu,2026H1,ensemble,cov50,53.43338815789473
G3_C2.2,de_lu,2026H1,ensemble,cov95,95.66200657894737
G3_C2.2,de_lu,2026H1,ensemble,crps,1732.8575769820497
G3_C2.2,de_lu,2026H1,ensemble,energy_score,19276.434634834168
G3_C2.2,lu,2024,point,rmse,28.520562659206945
G3_C2.2,lu,2024,point,r2,0.9157822746379043
G3_C2.2,lu,2024,point,mae,17.920429095927116
G3_C2.2,lu,2024,point,smape,3.2285198655806258
G3_C2.2,lu,2024,quantile,wis,10.99080428824364
G3_C2.2,lu,2024,quantile,lqs,5.495402144121821
G3_C2.2,lu,2024,quantile,mae_median,17.58862116886966
G3_C2.2,lu,2024,quantile,cov50,48.021971766848814
G3_C2.2,lu,2024,quantile,cov95,94.0061475409836
G3_C2.2,lu,2024,ensemble,wis,10.99080428824364
G3_C2.2,lu,2024,ensemble,lqs,5.495402144121821
G3_C2.2,lu,2024,ensemble,mae_median,17.58862116886966
G3_C2.2,lu,2024,ensemble,cov50,48.021971766848814
G3_C2.2,lu,2024,ensemble,cov95,94.0061475409836
G3_C2.2,lu,2024,ensemble,crps,13.156734501114151
G3_C2.2,lu,2024,ensemble,energy_score,152.106626803737
G3_C2.2,lu,2025,point,rmse,30.007217576257585
G3_C2.2,lu,2025,point,r2,0.9075130752338922
G3_C2.2,lu,2025,point,mae,19.3435837652921
G3_C2.2,lu,2025,point,smape,3.559538021105948
G3_C2.2,lu,2025,quantile,wis,11.838719292668033
G3_C2.2,lu,2025,quantile,lqs,5.9193596463340175
G3_C2.2,lu,2025,quantile,mae_median,19.148496457369035
G3_C2.2,lu,2025,quantile,cov50,48.1763698630137
G3_C2.2,lu,2025,quantile,cov95,94.16381278538812
G3_C2.2,lu,2025,ensemble,wis,11.838719292668033
G3_C2.2,lu,2025,ensemble,lqs,5.9193596463340175
G3_C2.2,lu,2025,ensemble,mae_median,19.148496457369035
G3_C2.2,lu,2025,ensemble,cov50,48.1763698630137
G3_C2.2,lu,2025,ensemble,cov95,94.16381278538812
G3_C2.2,lu,2025,ensemble,crps,14.258642979951297
G3_C2.2,lu,2025,ensemble,energy_score,164.13421611040857
G3_C2.2,lu,2026H1,point,rmse,40.68200677924828
G3_C2.2,lu,2026H1,point,r2,0.8338312080088507
G3_C2.2,lu,2026H1,point,mae,25.68529813802711
G3_C2.2,lu,2026H1,point,smape,4.773110153668639
G3_C2.2,lu,2026H1,quantile,wis,15.867330179391159
G3_C2.2,lu,2026H1,quantile,lqs,7.93366508969558
G3_C2.2,lu,2026H1,quantile,mae_median,25.327377094817447
G3_C2.2,lu,2026H1,quantile,cov50,46.52549342105263
G3_C2.2,lu,2026H1,quantile,cov95,94.03782894736842
G3_C2.2,lu,2026H1,ensemble,wis,15.867330179391159
G3_C2.2,lu,2026H1,ensemble,lqs,7.93366508969558
G3_C2.2,lu,2026H1,ensemble,mae_median,25.327377094817447
G3_C2.2,lu,2026H1,ensemble,cov50,46.52549342105263
G3_C2.2,lu,2026H1,ensemble,cov95,94.03782894736842
G3_C2.2,lu,2026H1,ensemble,crps,19.07735281971376
G3_C2.2,lu,2026H1,ensemble,energy_score,220.71733745928745
G3_C2.2,tennet,2024,point,rmse,814.7223252007124
G3_C2.2,tennet,2024,point,r2,0.9154031085441661
G3_C2.2,tennet,2024,point,mae,522.8984288840584
G3_C2.2,tennet,2024,point,smape,3.322860223515365
G3_C2.2,tennet,2024,quantile,wis,319.08852524825136
G3_C2.2,tennet,2024,quantile,lqs,159.54426262412568
G3_C2.2,tennet,2024,quantile,mae_median,519.2651371590036
G3_C2.2,tennet,2024,quantile,cov50,48.01627959927141
G3_C2.2,tennet,2024,quantile,cov95,94.54121129326047
G3_C2.2,tennet,2024,ensemble,wis,319.08852524825136
G3_C2.2,tennet,2024,ensemble,lqs,159.54426262412568
G3_C2.2,tennet,2024,ensemble,mae_median,519.2651371590036
G3_C2.2,tennet,2024,ensemble,cov50,48.01627959927141
G3_C2.2,tennet,2024,ensemble,cov95,94.54121129326047
G3_C2.2,tennet,2024,ensemble,crps,383.8054597783735
G3_C2.2,tennet,2024,ensemble,energy_score,4433.533172227941
G3_C2.2,tennet,2025,point,rmse,833.6879570212121
G3_C2.2,tennet,2025,point,r2,0.9143572237555255
G3_C2.2,tennet,2025,point,mae,534.9370267841907
G3_C2.2,tennet,2025,point,smape,3.433089920861658
G3_C2.2,tennet,2025,quantile,wis,326.89327715857934
G3_C2.2,tennet,2025,quantile,lqs,163.4466385792897
G3_C2.2,tennet,2025,quantile,mae_median,531.3484325514144
G3_C2.2,tennet,2025,quantile,cov50,46.96061643835616
G3_C2.2,tennet,2025,quantile,cov95,93.22203196347031
G3_C2.2,tennet,2025,ensemble,wis,326.89327715857934
G3_C2.2,tennet,2025,ensemble,lqs,163.4466385792897
G3_C2.2,tennet,2025,ensemble,mae_median,531.3484325514144
G3_C2.2,tennet,2025,ensemble,cov50,46.96061643835616
G3_C2.2,tennet,2025,ensemble,cov95,93.22203196347031
G3_C2.2,tennet,2025,ensemble,crps,392.8786093265235
G3_C2.2,tennet,2025,ensemble,energy_score,4510.377852988147
G3_C2.2,tennet,2026H1,point,rmse,1151.4693260711458
G3_C2.2,tennet,2026H1,point,r2,0.8577485164080793
G3_C2.2,tennet,2026H1,point,mae,769.0222349338517
G3_C2.2,tennet,2026H1,point,smape,5.093376932088796
G3_C2.2,tennet,2026H1,quantile,wis,465.84287223665336
G3_C2.2,tennet,2026H1,quantile,lqs,232.9214361183267
G3_C2.2,tennet,2026H1,quantile,mae_median,761.0136091977839
G3_C2.2,tennet,2026H1,quantile,cov50,42.50274122807017
G3_C2.2,tennet,2026H1,quantile,cov95,92.55071271929825
G3_C2.2,tennet,2026H1,ensemble,wis,465.84287223665336
G3_C2.2,tennet,2026H1,ensemble,lqs,232.9214361183267
G3_C2.2,tennet,2026H1,ensemble,mae_median,761.0136091977839
G3_C2.2,tennet,2026H1,ensemble,cov50,42.50274122807017
G3_C2.2,tennet,2026H1,ensemble,cov95,92.55071271929825
G3_C2.2,tennet,2026H1,ensemble,crps,559.9928260762795
G3_C2.2,tennet,2026H1,ensemble,energy_score,6415.067570529322
G3_C2.2,transnetbw,2024,point,rmse,445.8965384948814
G3_C2.2,transnetbw,2024,point,r2,0.8940689119305876
G3_C2.2,transnetbw,2024,point,mae,271.6508252256872
G3_C2.2,transnetbw,2024,point,smape,4.298959613893898
G3_C2.2,transnetbw,2024,quantile,wis,165.83533613457882
G3_C2.2,transnetbw,2024,quantile,lqs,82.9176680672894
G3_C2.2,transnetbw,2024,quantile,mae_median,266.135277387553
G3_C2.2,transnetbw,2024,quantile,cov50,47.227914389799636
G3_C2.2,transnetbw,2024,quantile,cov95,94.15129781420765
G3_C2.2,transnetbw,2024,ensemble,wis,165.83533613457882
G3_C2.2,transnetbw,2024,ensemble,lqs,82.9176680672894
G3_C2.2,transnetbw,2024,ensemble,mae_median,266.135277387553
G3_C2.2,transnetbw,2024,ensemble,cov50,47.227914389799636
G3_C2.2,transnetbw,2024,ensemble,cov95,94.15129781420765
G3_C2.2,transnetbw,2024,ensemble,crps,198.35826864365143
G3_C2.2,transnetbw,2024,ensemble,energy_score,2284.394128428226
G3_C2.2,transnetbw,2025,point,rmse,445.45212107806236
G3_C2.2,transnetbw,2025,point,r2,0.8954778505929202
G3_C2.2,transnetbw,2025,point,mae,269.74301454052403
G3_C2.2,transnetbw,2025,point,smape,4.297184953647579
G3_C2.2,transnetbw,2025,quantile,wis,165.2280290611266
G3_C2.2,transnetbw,2025,quantile,lqs,82.61401453056328
G3_C2.2,transnetbw,2025,quantile,mae_median,265.31234407995765
G3_C2.2,transnetbw,2025,quantile,cov50,47.457191780821915
G3_C2.2,transnetbw,2025,quantile,cov95,93.37614155251141
G3_C2.2,transnetbw,2025,ensemble,wis,165.2280290611266
G3_C2.2,transnetbw,2025,ensemble,lqs,82.61401453056328
G3_C2.2,transnetbw,2025,ensemble,mae_median,265.31234407995765
G3_C2.2,transnetbw,2025,ensemble,cov50,47.457191780821915
G3_C2.2,transnetbw,2025,ensemble,cov95,93.37614155251141
G3_C2.2,transnetbw,2025,ensemble,crps,197.90794248836602
G3_C2.2,transnetbw,2025,ensemble,energy_score,2287.629071243061
G3_C2.2,transnetbw,2026H1,point,rmse,569.5712138668018
G3_C2.2,transnetbw,2026H1,point,r2,0.8224323157706502
G3_C2.2,transnetbw,2026H1,point,mae,351.134968241482
G3_C2.2,transnetbw,2026H1,point,smape,5.193428315901211
G3_C2.2,transnetbw,2026H1,quantile,wis,217.6357876121186
G3_C2.2,transnetbw,2026H1,quantile,lqs,108.8178938060593
G3_C2.2,transnetbw,2026H1,quantile,mae_median,349.8231042575502
G3_C2.2,transnetbw,2026H1,quantile,cov50,46.765350877192986
G3_C2.2,transnetbw,2026H1,quantile,cov95,92.81798245614034
G3_C2.2,transnetbw,2026H1,ensemble,wis,217.6357876121186
G3_C2.2,transnetbw,2026H1,ensemble,lqs,108.8178938060593
G3_C2.2,transnetbw,2026H1,ensemble,mae_median,349.8231042575502
G3_C2.2,transnetbw,2026H1,ensemble,cov50,46.765350877192986
G3_C2.2,transnetbw,2026H1,ensemble,cov95,92.81798245614034
G3_C2.2,transnetbw,2026H1,ensemble,crps,260.6077913043871
G3_C2.2,transnetbw,2026H1,ensemble,energy_score,2996.796474320223
G3_C2.2,50hertz,overall,point,rmse,879.5801394544814
G3_C2.2,50hertz,overall,point,r2,0.7946079599812235
G3_C2.2,50hertz,overall,point,mae,671.4032353293467
G3_C2.2,50hertz,overall,point,smape,5.811818147361778
G3_C2.2,50hertz,overall,quantile,wis,395.7852617809222
G3_C2.2,50hertz,overall,quantile,lqs,197.89263089046113
G3_C2.2,50hertz,overall,quantile,mae_median,671.5786253116503
G3_C2.2,50hertz,overall,quantile,cov50,45.61155152887883
G3_C2.2,50hertz,overall,quantile,cov95,94.63712721781803
G3_C2.2,50hertz,overall,ensemble,wis,395.7852617809222
G3_C2.2,50hertz,overall,ensemble,lqs,197.89263089046113
G3_C2.2,50hertz,overall,ensemble,mae_median,671.5786253116503
G3_C2.2,50hertz,overall,ensemble,cov50,45.61155152887883
G3_C2.2,50hertz,overall,ensemble,cov95,94.63712721781803
G3_C2.2,50hertz,overall,ensemble,crps,483.628047039783
G3_C2.2,50hertz,overall,ensemble,energy_score,5564.752391865389
G3_C2.2,amprion,overall,point,rmse,1168.7076616454976
G3_C2.2,amprion,overall,point,r2,0.8769820474354217
G3_C2.2,amprion,overall,point,mae,805.8680277563684
G3_C2.2,amprion,overall,point,smape,4.264753972800653
G3_C2.2,amprion,overall,quantile,wis,487.9170503325
G3_C2.2,amprion,overall,quantile,lqs,243.95852516625
G3_C2.2,amprion,overall,quantile,mae_median,800.4629699118734
G3_C2.2,amprion,overall,quantile,cov50,47.82111174027935
G3_C2.2,amprion,overall,quantile,cov95,94.12160249150622
G3_C2.2,amprion,overall,ensemble,wis,487.9170503325
G3_C2.2,amprion,overall,ensemble,lqs,243.95852516625
G3_C2.2,amprion,overall,ensemble,mae_median,800.4629699118734
G3_C2.2,amprion,overall,ensemble,cov50,47.82111174027935
G3_C2.2,amprion,overall,ensemble,cov95,94.12160249150622
G3_C2.2,amprion,overall,ensemble,crps,589.4580072221967
G3_C2.2,amprion,overall,ensemble,energy_score,6852.750653084547
G3_C2.2,de_lu,overall,point,rmse,2959.0699852312005
G3_C2.2,de_lu,overall,point,r2,0.9004409552373358
G3_C2.2,de_lu,overall,point,mae,1932.7033404686044
G3_C2.2,de_lu,overall,point,smape,3.654424566311867
G3_C2.2,de_lu,overall,quantile,wis,1183.4241837884624
G3_C2.2,de_lu,overall,quantile,lqs,591.7120918942312
G3_C2.2,de_lu,overall,quantile,mae_median,1918.504299738864
G3_C2.2,de_lu,overall,quantile,cov50,57.18549452623631
G3_C2.2,de_lu,overall,quantile,cov95,97.04605511513779
G3_C2.2,de_lu,overall,ensemble,wis,1183.4241837884624
G3_C2.2,de_lu,overall,ensemble,lqs,591.7120918942312
G3_C2.2,de_lu,overall,ensemble,mae_median,1918.504299738864
G3_C2.2,de_lu,overall,ensemble,cov50,57.18549452623631
G3_C2.2,de_lu,overall,ensemble,cov95,97.04605511513779
G3_C2.2,de_lu,overall,ensemble,crps,1436.275413504788
G3_C2.2,de_lu,overall,ensemble,energy_score,16161.073341029889
G3_C2.2,lu,overall,point,rmse,31.531943205659253
G3_C2.2,lu,overall,point,r2,0.8981208712984212
G3_C2.2,lu,overall,point,mae,19.845357237169942
G3_C2.2,lu,overall,point,smape,3.6312371368786103
G3_C2.2,lu,overall,quantile,wis,12.180748696023171
G3_C2.2,lu,overall,quantile,lqs,6.0903743480115855
G3_C2.2,lu,overall,quantile,mae_median,19.565569505275473
G3_C2.2,lu,overall,quantile,cov50,47.82818988297471
G3_C2.2,lu,overall,quantile,cov95,94.07677425443563
G3_C2.2,lu,overall,ensemble,wis,12.180748696023171
G3_C2.2,lu,overall,ensemble,lqs,6.0903743480115855
G3_C2.2,lu,overall,ensemble,mae_median,19.565569505275473
G3_C2.2,lu,overall,ensemble,cov50,47.82818988297471
G3_C2.2,lu,overall,ensemble,cov95,94.07677425443563
G3_C2.2,lu,overall,ensemble,crps,14.631401068727628
G3_C2.2,lu,overall,ensemble,energy_score,168.88907087687267
G3_C2.2,tennet,overall,point,rmse,889.196976390751
G3_C2.2,tennet,overall,point,r2,0.9037742009130225
G3_C2.2,tennet,overall,point,mae,570.2426041424014
G3_C2.2,tennet,overall,point,smape,3.673202668854615
G3_C2.2,tennet,overall,quantile,wis,347.57708152175854
G3_C2.2,tennet,overall,quantile,lqs,173.78854076087924
G3_C2.2,tennet,overall,quantile,mae_median,565.874616851104
G3_C2.2,tennet,overall,quantile,cov50,46.63080407701019
G3_C2.2,tennet,overall,quantile,cov95,93.65326538316346
G3_C2.2,tennet,overall,ensemble,wis,347.57708152175854
G3_C2.2,tennet,overall,ensemble,lqs,173.78854076087924
G3_C2.2,tennet,overall,ensemble,mae_median,565.874616851104
G3_C2.2,tennet,overall,ensemble,cov50,46.63080407701019
G3_C2.2,tennet,overall,ensemble,cov95,93.65326538316346
G3_C2.2,tennet,overall,ensemble,crps,417.8849379916877
G3_C2.2,tennet,overall,ensemble,energy_score,4806.400145069714
G3_C2.2,transnetbw,overall,point,rmse,469.3385645549062
G3_C2.2,transnetbw,overall,point,r2,0.8847276066560974
G3_C2.2,transnetbw,overall,point,mae,284.5446404446184
G3_C2.2,transnetbw,overall,point,smape,4.452200261362987
G3_C2.2,transnetbw,overall,quantile,wis,174.50124954655612
G3_C2.2,transnetbw,overall,quantile,lqs,87.25062477327806
G3_C2.2,transnetbw,overall,quantile,mae_median,280.2011653003133
G3_C2.2,transnetbw,overall,quantile,cov50,47.24306342015855
G3_C2.2,transnetbw,overall,quantile,cov95,93.6013590033975
G3_C2.2,transnetbw,overall,ensemble,wis,174.50124954655612
G3_C2.2,transnetbw,overall,ensemble,lqs,87.25062477327806
G3_C2.2,transnetbw,overall,ensemble,mae_median,280.2011653003133
G3_C2.2,transnetbw,overall,ensemble,cov50,47.24306342015855
G3_C2.2,transnetbw,overall,ensemble,cov95,93.6013590033975
G3_C2.2,transnetbw,overall,ensemble,crps,208.88777985288434
G3_C2.2,transnetbw,overall,ensemble,energy_score,2408.364582225506
G3_C2.3,50hertz,2024,point,rmse,840.74253135868
G3_C2.3,50hertz,2024,point,r2,0.7968192187653905
G3_C2.3,50hertz,2024,point,mae,642.9389851489378
G3_C2.3,50hertz,2024,point,smape,5.620268912095307
G3_C2.3,50hertz,2024,quantile,wis,379.5419540361498
G3_C2.3,50hertz,2024,quantile,lqs,189.77097701807492
G3_C2.3,50hertz,2024,quantile,mae_median,643.7503309295042
G3_C2.3,50hertz,2024,quantile,cov50,44.481443533697636
G3_C2.3,50hertz,2024,quantile,cov95,94.46436703096539
G3_C2.3,50hertz,2024,ensemble,wis,379.5419540361498
G3_C2.3,50hertz,2024,ensemble,lqs,189.77097701807492
G3_C2.3,50hertz,2024,ensemble,mae_median,643.7503309295042
G3_C2.3,50hertz,2024,ensemble,cov50,44.481443533697636
G3_C2.3,50hertz,2024,ensemble,cov95,94.46436703096539
G3_C2.3,50hertz,2024,ensemble,crps,463.5728757862488
G3_C2.3,50hertz,2024,ensemble,energy_score,5356.926346480808
G3_C2.3,50hertz,2025,point,rmse,915.8625894690772
G3_C2.3,50hertz,2025,point,r2,0.7635145663181757
G3_C2.3,50hertz,2025,point,mae,707.0551000569184
G3_C2.3,50hertz,2025,point,smape,6.170913636818353
G3_C2.3,50hertz,2025,quantile,wis,416.17088096298426
G3_C2.3,50hertz,2025,quantile,lqs,208.08544048149216
G3_C2.3,50hertz,2025,quantile,mae_median,709.393675228199
G3_C2.3,50hertz,2025,quantile,cov50,46.21860730593607
G3_C2.3,50hertz,2025,quantile,cov95,95.61643835616438
G3_C2.3,50hertz,2025,ensemble,wis,416.17088096298426
G3_C2.3,50hertz,2025,ensemble,lqs,208.08544048149216
G3_C2.3,50hertz,2025,ensemble,mae_median,709.393675228199
G3_C2.3,50hertz,2025,ensemble,cov50,46.21860730593607
G3_C2.3,50hertz,2025,ensemble,cov95,95.61643835616438
G3_C2.3,50hertz,2025,ensemble,crps,509.18751530446576
G3_C2.3,50hertz,2025,ensemble,energy_score,5860.796198793287
G3_C2.3,50hertz,2026H1,point,rmse,943.1212035800246
G3_C2.3,50hertz,2026H1,point,r2,0.8086240719255481
G3_C2.3,50hertz,2026H1,point,mae,699.8467614993012
G3_C2.3,50hertz,2026H1,point,smape,5.856108624479674
G3_C2.3,50hertz,2026H1,quantile,wis,419.077017011542
G3_C2.3,50hertz,2026H1,quantile,lqs,209.53850850577106
G3_C2.3,50hertz,2026H1,quantile,mae_median,700.2942454097814
G3_C2.3,50hertz,2026H1,quantile,cov50,48.218201754385966
G3_C2.3,50hertz,2026H1,quantile,cov95,94.05838815789474
G3_C2.3,50hertz,2026H1,ensemble,wis,419.077017011542
G3_C2.3,50hertz,2026H1,ensemble,lqs,209.53850850577106
G3_C2.3,50hertz,2026H1,ensemble,mae_median,700.2942454097814
G3_C2.3,50hertz,2026H1,ensemble,cov50,48.218201754385966
G3_C2.3,50hertz,2026H1,ensemble,cov95,94.05838815789474
G3_C2.3,50hertz,2026H1,ensemble,crps,511.8989968502071
G3_C2.3,50hertz,2026H1,ensemble,energy_score,5837.319825693446
G3_C2.3,amprion,2024,point,rmse,1233.8584931363946
G3_C2.3,amprion,2024,point,r2,0.8605083733080112
G3_C2.3,amprion,2024,point,mae,849.9860616582836
G3_C2.3,amprion,2024,point,smape,4.6108113400321695
G3_C2.3,amprion,2024,quantile,wis,517.2908882005233
G3_C2.3,amprion,2024,quantile,lqs,258.64544410026167
G3_C2.3,amprion,2024,quantile,mae_median,843.415702827113
G3_C2.3,amprion,2024,quantile,cov50,48.1016621129326
G3_C2.3,amprion,2024,quantile,cov95,94.07160746812386
G3_C2.3,amprion,2024,ensemble,wis,517.2908882005233
G3_C2.3,amprion,2024,ensemble,lqs,258.64544410026167
G3_C2.3,amprion,2024,ensemble,mae_median,843.415702827113
G3_C2.3,amprion,2024,ensemble,cov50,48.1016621129326
G3_C2.3,amprion,2024,ensemble,cov95,94.07160746812386
G3_C2.3,amprion,2024,ensemble,crps,623.9126335475315
G3_C2.3,amprion,2024,ensemble,energy_score,7198.233102645593
G3_C2.3,amprion,2025,point,rmse,1099.5530342019304
G3_C2.3,amprion,2025,point,r2,0.8854037903908791
G3_C2.3,amprion,2025,point,mae,769.0246298758583
G3_C2.3,amprion,2025,point,smape,4.050543431821222
G3_C2.3,amprion,2025,quantile,wis,459.94993799717014
G3_C2.3,amprion,2025,quantile,lqs,229.97496899858515
G3_C2.3,amprion,2025,quantile,mae_median,763.7498982680954
G3_C2.3,amprion,2025,quantile,cov50,50.656392694063925
G3_C2.3,amprion,2025,quantile,cov95,96.02454337899543
G3_C2.3,amprion,2025,ensemble,wis,459.94993799717014
G3_C2.3,amprion,2025,ensemble,lqs,229.97496899858515
G3_C2.3,amprion,2025,ensemble,mae_median,763.7498982680954
G3_C2.3,amprion,2025,ensemble,cov50,50.656392694063925
G3_C2.3,amprion,2025,ensemble,cov95,96.02454337899543
G3_C2.3,amprion,2025,ensemble,crps,559.8625312978384
G3_C2.3,amprion,2025,ensemble,energy_score,6551.8008663054015
G3_C2.3,amprion,2026H1,point,rmse,1333.7855682224208
G3_C2.3,amprion,2026H1,point,r2,0.8484873028374349
G3_C2.3,amprion,2026H1,point,mae,946.2671063479141
G3_C2.3,amprion,2026H1,point,smape,4.797489341025338
G3_C2.3,amprion,2026H1,quantile,wis,575.0955707041464
G3_C2.3,amprion,2026H1,quantile,lqs,287.5477853520733
G3_C2.3,amprion,2026H1,quantile,mae_median,946.695952273656
G3_C2.3,amprion,2026H1,quantile,cov50,48.36211622807017
G3_C2.3,amprion,2026H1,quantile,cov95,93.21546052631578
G3_C2.3,amprion,2026H1,ensemble,wis,575.0955707041464
G3_C2.3,amprion,2026H1,ensemble,lqs,287.5477853520733
G3_C2.3,amprion,2026H1,ensemble,mae_median,946.695952273656
G3_C2.3,amprion,2026H1,ensemble,cov50,48.36211622807017
G3_C2.3,amprion,2026H1,ensemble,cov95,93.21546052631578
G3_C2.3,amprion,2026H1,ensemble,crps,694.7884088046223
G3_C2.3,amprion,2026H1,ensemble,energy_score,7985.574192355684
G3_C2.3,de_lu,2024,point,rmse,2977.3804783493233
G3_C2.3,de_lu,2024,point,r2,0.8959694667837212
G3_C2.3,de_lu,2024,point,mae,1976.3003148301123
G3_C2.3,de_lu,2024,point,smape,3.766721079229021
G3_C2.3,de_lu,2024,quantile,wis,1209.031672833697
G3_C2.3,de_lu,2024,quantile,lqs,604.5158364168485
G3_C2.3,de_lu,2024,quantile,mae_median,1963.5917144307905
G3_C2.3,de_lu,2024,quantile,cov50,56.27846083788707
G3_C2.3,de_lu,2024,quantile,cov95,97.2165300546448
G3_C2.3,de_lu,2024,ensemble,wis,1209.031672833697
G3_C2.3,de_lu,2024,ensemble,lqs,604.5158364168485
G3_C2.3,de_lu,2024,ensemble,mae_median,1963.5917144307905
G3_C2.3,de_lu,2024,ensemble,cov50,56.27846083788707
G3_C2.3,de_lu,2024,ensemble,cov95,97.2165300546448
G3_C2.3,de_lu,2024,ensemble,crps,1465.9412672390079
G3_C2.3,de_lu,2024,ensemble,energy_score,16471.786868927462
G3_C2.3,de_lu,2025,point,rmse,2879.8309602330255
G3_C2.3,de_lu,2025,point,r2,0.9031652127097263
G3_C2.3,de_lu,2025,point,mae,1934.5212929664465
G3_C2.3,de_lu,2025,point,smape,3.6728938420365482
G3_C2.3,de_lu,2025,quantile,wis,1175.7117477768288
G3_C2.3,de_lu,2025,quantile,lqs,587.8558738884144
G3_C2.3,de_lu,2025,quantile,mae_median,1918.0756400586472
G3_C2.3,de_lu,2025,quantile,cov50,58.82134703196347
G3_C2.3,de_lu,2025,quantile,cov95,97.78538812785388
G3_C2.3,de_lu,2025,ensemble,wis,1175.7117477768288
G3_C2.3,de_lu,2025,ensemble,lqs,587.8558738884144
G3_C2.3,de_lu,2025,ensemble,mae_median,1918.0756400586472
G3_C2.3,de_lu,2025,ensemble,cov50,58.82134703196347
G3_C2.3,de_lu,2025,ensemble,cov95,97.78538812785388
G3_C2.3,de_lu,2025,ensemble,crps,1434.484121448359
G3_C2.3,de_lu,2025,ensemble,energy_score,16180.259476989671
G3_C2.3,de_lu,2026H1,point,rmse,3577.699976880311
G3_C2.3,de_lu,2026H1,point,r2,0.8660715836708507
G3_C2.3,de_lu,2026H1,point,mae,2409.4348942280035
G3_C2.3,de_lu,2026H1,point,smape,4.452352841083765
G3_C2.3,de_lu,2026H1,quantile,wis,1469.5656239841294
G3_C2.3,de_lu,2026H1,quantile,lqs,734.7828119920648
G3_C2.3,de_lu,2026H1,quantile,mae_median,2395.906304740303
G3_C2.3,de_lu,2026H1,quantile,cov50,57.26425438596491
G3_C2.3,de_lu,2026H1,quantile,cov95,95.99780701754386
G3_C2.3,de_lu,2026H1,ensemble,wis,1469.5656239841294
G3_C2.3,de_lu,2026H1,ensemble,lqs,734.7828119920648
G3_C2.3,de_lu,2026H1,ensemble,mae_median,2395.906304740303
G3_C2.3,de_lu,2026H1,ensemble,cov50,57.26425438596491
G3_C2.3,de_lu,2026H1,ensemble,cov95,95.99780701754386
G3_C2.3,de_lu,2026H1,ensemble,crps,1783.7928532768733
G3_C2.3,de_lu,2026H1,ensemble,energy_score,19888.26438848178
G3_C2.3,lu,2024,point,rmse,29.521738776389856
G3_C2.3,lu,2024,point,r2,0.9097657952310119
G3_C2.3,lu,2024,point,mae,18.720219224594796
G3_C2.3,lu,2024,point,smape,3.374456823134951
G3_C2.3,lu,2024,quantile,wis,11.476880485249957
G3_C2.3,lu,2024,quantile,lqs,5.738440242624978
G3_C2.3,lu,2024,quantile,mae_median,18.364101879376967
G3_C2.3,lu,2024,quantile,cov50,49.621470856102
G3_C2.3,lu,2024,quantile,cov95,94.5952868852459
G3_C2.3,lu,2024,ensemble,wis,11.476880485249957
G3_C2.3,lu,2024,ensemble,lqs,5.738440242624978
G3_C2.3,lu,2024,ensemble,mae_median,18.364101879376967
G3_C2.3,lu,2024,ensemble,cov50,49.621470856102
G3_C2.3,lu,2024,ensemble,cov95,94.5952868852459
G3_C2.3,lu,2024,ensemble,crps,13.757396506463591
G3_C2.3,lu,2024,ensemble,energy_score,158.4336956027344
G3_C2.3,lu,2025,point,rmse,31.059775789355278
G3_C2.3,lu,2025,point,r2,0.9009109836117166
G3_C2.3,lu,2025,point,mae,20.276084799546364
G3_C2.3,lu,2025,point,smape,3.7241639773347393
G3_C2.3,lu,2025,quantile,wis,12.4433435172054
G3_C2.3,lu,2025,quantile,lqs,6.221671758602701
G3_C2.3,lu,2025,quantile,mae_median,20.110422610118295
G3_C2.3,lu,2025,quantile,cov50,50.52511415525114
G3_C2.3,lu,2025,quantile,cov95,94.91152968036529
G3_C2.3,lu,2025,ensemble,wis,12.4433435172054
G3_C2.3,lu,2025,ensemble,lqs,6.221671758602701
G3_C2.3,lu,2025,ensemble,mae_median,20.110422610118295
G3_C2.3,lu,2025,ensemble,cov50,50.52511415525114
G3_C2.3,lu,2025,ensemble,cov95,94.91152968036529
G3_C2.3,lu,2025,ensemble,crps,15.019730107104344
G3_C2.3,lu,2025,ensemble,energy_score,172.58300231207903
G3_C2.3,lu,2026H1,point,rmse,40.626622476073806
G3_C2.3,lu,2026H1,point,r2,0.8342833429413707
G3_C2.3,lu,2026H1,point,mae,26.592922275847393
G3_C2.3,lu,2026H1,point,smape,4.925264141087145
G3_C2.3,lu,2026H1,quantile,wis,16.487163526062144
G3_C2.3,lu,2026H1,quantile,lqs,8.243581763031074
G3_C2.3,lu,2026H1,quantile,mae_median,26.386995824849585
G3_C2.3,lu,2026H1,quantile,cov50,48.23190789473684
G3_C2.3,lu,2026H1,quantile,cov95,94.90131578947368
G3_C2.3,lu,2026H1,ensemble,wis,16.487163526062144
G3_C2.3,lu,2026H1,ensemble,lqs,8.243581763031074
G3_C2.3,lu,2026H1,ensemble,mae_median,26.386995824849585
G3_C2.3,lu,2026H1,ensemble,cov50,48.23190789473684
G3_C2.3,lu,2026H1,ensemble,cov95,94.90131578947368
G3_C2.3,lu,2026H1,ensemble,crps,19.79140614721717
G3_C2.3,lu,2026H1,ensemble,energy_score,228.94304540422317
G3_C2.3,tennet,2024,point,rmse,851.7587555106138
G3_C2.3,tennet,2024,point,r2,0.907536914060673
G3_C2.3,tennet,2024,point,mae,560.2336161184397
G3_C2.3,tennet,2024,point,smape,3.564287733029163
G3_C2.3,tennet,2024,quantile,wis,338.8668181176802
G3_C2.3,tennet,2024,quantile,lqs,169.4334090588401
G3_C2.3,tennet,2024,quantile,mae_median,556.8021347840801
G3_C2.3,tennet,2024,quantile,cov50,47.563752276867035
G3_C2.3,tennet,2024,quantile,cov95,94.96812386156648
G3_C2.3,tennet,2024,ensemble,wis,338.8668181176802
G3_C2.3,tennet,2024,ensemble,lqs,169.4334090588401
G3_C2.3,tennet,2024,ensemble,mae_median,556.8021347840801
G3_C2.3,tennet,2024,ensemble,cov50,47.563752276867035
G3_C2.3,tennet,2024,ensemble,cov95,94.96812386156648
G3_C2.3,tennet,2024,ensemble,crps,407.96901741258847
G3_C2.3,tennet,2024,ensemble,energy_score,4695.197272906567
G3_C2.3,tennet,2025,point,rmse,853.1840171578779
G3_C2.3,tennet,2025,point,r2,0.9103048204595641
G3_C2.3,tennet,2025,point,mae,563.3508426062656
G3_C2.3,tennet,2025,point,smape,3.616856766408158
G3_C2.3,tennet,2025,quantile,wis,341.2817130243757
G3_C2.3,tennet,2025,quantile,lqs,170.6408565121878
G3_C2.3,tennet,2025,quantile,mae_median,559.5965374971015
G3_C2.3,tennet,2025,quantile,cov50,49.08675799086758
G3_C2.3,tennet,2025,quantile,cov95,94.94006849315069
G3_C2.3,tennet,2025,ensemble,wis,341.2817130243757
G3_C2.3,tennet,2025,ensemble,lqs,170.6408565121878
G3_C2.3,tennet,2025,ensemble,mae_median,559.5965374971015
G3_C2.3,tennet,2025,ensemble,cov50,49.08675799086758
G3_C2.3,tennet,2025,ensemble,cov95,94.94006849315069
G3_C2.3,tennet,2025,ensemble,crps,411.79816017488736
G3_C2.3,tennet,2025,ensemble,energy_score,4720.654245323491
G3_C2.3,tennet,2026H1,point,rmse,1169.1716084284362
G3_C2.3,tennet,2026H1,point,r2,0.8533410473698895
G3_C2.3,tennet,2026H1,point,mae,794.4995504753987
G3_C2.3,tennet,2026H1,point,smape,5.233815807046605
G3_C2.3,tennet,2026H1,quantile,wis,481.0555047095717
G3_C2.3,tennet,2026H1,quantile,lqs,240.52775235478583
G3_C2.3,tennet,2026H1,quantile,mae_median,785.758248868708
G3_C2.3,tennet,2026H1,quantile,cov50,47.30674342105263
G3_C2.3,tennet,2026H1,quantile,cov95,93.32510964912281
G3_C2.3,tennet,2026H1,ensemble,wis,481.0555047095717
G3_C2.3,tennet,2026H1,ensemble,lqs,240.52775235478583
G3_C2.3,tennet,2026H1,ensemble,mae_median,785.758248868708
G3_C2.3,tennet,2026H1,ensemble,cov50,47.30674342105263
G3_C2.3,tennet,2026H1,ensemble,cov95,93.32510964912281
G3_C2.3,tennet,2026H1,ensemble,crps,579.922453497175
G3_C2.3,tennet,2026H1,ensemble,energy_score,6660.130689692207
G3_C2.3,transnetbw,2024,point,rmse,461.5067688219601
G3_C2.3,transnetbw,2024,point,r2,0.886522076143005
G3_C2.3,transnetbw,2024,point,mae,286.422610877953
G3_C2.3,transnetbw,2024,point,smape,4.537814385398553
G3_C2.3,transnetbw,2024,quantile,wis,174.02045847314997
G3_C2.3,transnetbw,2024,quantile,lqs,87.010229236575
G3_C2.3,transnetbw,2024,quantile,mae_median,281.02023670550903
G3_C2.3,transnetbw,2024,quantile,cov50,48.767645719489984
G3_C2.3,transnetbw,2024,quantile,cov95,94.58105646630237
G3_C2.3,transnetbw,2024,ensemble,wis,174.02045847314997
G3_C2.3,transnetbw,2024,ensemble,lqs,87.010229236575
G3_C2.3,transnetbw,2024,ensemble,mae_median,281.02023670550903
G3_C2.3,transnetbw,2024,ensemble,cov50,48.767645719489984
G3_C2.3,transnetbw,2024,ensemble,cov95,94.58105646630237
G3_C2.3,transnetbw,2024,ensemble,crps,208.85048767816326
G3_C2.3,transnetbw,2024,ensemble,energy_score,2396.7717142275983
G3_C2.3,transnetbw,2025,point,rmse,447.6506717147032
G3_C2.3,transnetbw,2025,point,r2,0.8944435561538487
G3_C2.3,transnetbw,2025,point,mae,279.08958140669006
G3_C2.3,transnetbw,2025,point,smape,4.451117964611143
G3_C2.3,transnetbw,2025,quantile,wis,169.9717121399751
G3_C2.3,transnetbw,2025,quantile,lqs,84.98585606998753
G3_C2.3,transnetbw,2025,quantile,mae_median,275.0369715158123
G3_C2.3,transnetbw,2025,quantile,cov50,50.1027397260274
G3_C2.3,transnetbw,2025,quantile,cov95,94.77739726027397
G3_C2.3,transnetbw,2025,ensemble,wis,169.9717121399751
G3_C2.3,transnetbw,2025,ensemble,lqs,84.98585606998753
G3_C2.3,transnetbw,2025,ensemble,mae_median,275.0369715158123
G3_C2.3,transnetbw,2025,ensemble,cov50,50.1027397260274
G3_C2.3,transnetbw,2025,ensemble,cov95,94.77739726027397
G3_C2.3,transnetbw,2025,ensemble,crps,204.36453612136864
G3_C2.3,transnetbw,2025,ensemble,energy_score,2362.8706814159286
G3_C2.3,transnetbw,2026H1,point,rmse,577.1394710250469
G3_C2.3,transnetbw,2026H1,point,r2,0.8176820533028284
G3_C2.3,transnetbw,2026H1,point,mae,358.88362493830834
G3_C2.3,transnetbw,2026H1,point,smape,5.286097066499374
G3_C2.3,transnetbw,2026H1,quantile,wis,224.01988174041617
G3_C2.3,transnetbw,2026H1,quantile,lqs,112.00994087020808
G3_C2.3,transnetbw,2026H1,quantile,mae_median,356.17652968209245
G3_C2.3,transnetbw,2026H1,quantile,cov50,50.18503289473685
G3_C2.3,transnetbw,2026H1,quantile,cov95,93.18119517543859
G3_C2.3,transnetbw,2026H1,ensemble,wis,224.01988174041617
G3_C2.3,transnetbw,2026H1,ensemble,lqs,112.00994087020808
G3_C2.3,transnetbw,2026H1,ensemble,mae_median,356.17652968209245
G3_C2.3,transnetbw,2026H1,ensemble,cov50,50.18503289473685
G3_C2.3,transnetbw,2026H1,ensemble,cov95,93.18119517543859
G3_C2.3,transnetbw,2026H1,ensemble,crps,268.3885433629967
G3_C2.3,transnetbw,2026H1,ensemble,energy_score,3077.832642155605
G3_C2.3,50hertz,overall,point,rmse,890.4110599716159
G3_C2.3,50hertz,overall,point,r2,0.789518528697164
G3_C2.3,50hertz,overall,point,mae,679.2383780670218
G3_C2.3,50hertz,overall,point,smape,5.888482910743479
G3_C2.3,50hertz,overall,quantile,wis,401.48859945014095
G3_C2.3,50hertz,overall,quantile,lqs,200.7442997250705
G3_C2.3,50hertz,overall,quantile,mae_median,680.6183894459547
G3_C2.3,50hertz,overall,quantile,cov50,45.84277085692714
G3_C2.3,50hertz,overall,quantile,cov95,94.87070592676481
G3_C2.3,50hertz,overall,ensemble,wis,401.48859945014095
G3_C2.3,50hertz,overall,ensemble,lqs,200.7442997250705
G3_C2.3,50hertz,overall,ensemble,mae_median,680.6183894459547
G3_C2.3,50hertz,overall,ensemble,cov50,45.84277085692714
G3_C2.3,50hertz,overall,ensemble,cov95,94.87070592676481
G3_C2.3,50hertz,overall,ensemble,crps,490.7471836298172
G3_C2.3,50hertz,overall,ensemble,energy_score,5647.902909260396
G3_C2.3,amprion,overall,point,rmse,1198.7619134249417
G3_C2.3,amprion,overall,point,r2,0.8705736853951893
G3_C2.3,amprion,overall,point,mae,833.0934186143863
G3_C2.3,amprion,overall,point,smape,4.411351849266558
G3_C2.3,amprion,overall,quantile,wis,503.53875333792627
G3_C2.3,amprion,overall,quantile,lqs,251.7693766689631
G3_C2.3,amprion,overall,quantile,mae_median,828.2634709492341
G3_C2.3,amprion,overall,quantile,cov50,49.20252925632314
G3_C2.3,amprion,overall,quantile,cov95,94.73150245375614
G3_C2.3,amprion,overall,ensemble,wis,503.53875333792627
G3_C2.3,amprion,overall,ensemble,lqs,251.7693766689631
G3_C2.3,amprion,overall,ensemble,mae_median,828.2634709492341
G3_C2.3,amprion,overall,ensemble,cov50,49.20252925632314
G3_C2.3,amprion,overall,ensemble,cov95,94.73150245375614
G3_C2.3,amprion,overall,ensemble,crps,609.637243420623
G3_C2.3,amprion,overall,ensemble,energy_score,7066.554823338416
G3_C2.3,de_lu,overall,point,rmse,3050.575174747776
G3_C2.3,de_lu,overall,point,r2,0.8941882954061329
G3_C2.3,de_lu,overall,point,mae,2033.5903636276678
G3_C2.3,de_lu,overall,point,smape,3.845961267481194
G3_C2.3,de_lu,overall,quantile,wis,1240.1068573513742
G3_C2.3,de_lu,overall,quantile,lqs,620.0534286756871
G3_C2.3,de_lu,overall,quantile,mae_median,2019.1958487243505
G3_C2.3,de_lu,overall,quantile,cov50,57.49929218573047
G3_C2.3,de_lu,overall,quantile,cov95,97.24188372970931
G3_C2.3,de_lu,overall,ensemble,wis,1240.1068573513742
G3_C2.3,de_lu,overall,ensemble,lqs,620.0534286756871
G3_C2.3,de_lu,overall,ensemble,mae_median,2019.1958487243505
G3_C2.3,de_lu,overall,ensemble,cov50,57.49929218573047
G3_C2.3,de_lu,overall,ensemble,cov95,97.24188372970931
G3_C2.3,de_lu,overall,ensemble,crps,1507.6531391123588
G3_C2.3,de_lu,overall,ensemble,energy_score,16939.39398661145
G3_C2.3,lu,overall,point,rmse,32.313223968687865
G3_C2.3,lu,overall,point,r2,0.8930097179594367
G3_C2.3,lu,overall,point,mae,20.71856780743479
G3_C2.3,lu,overall,point,smape,3.785969647157212
G3_C2.3,lu,overall,quantile,wis,12.738853337874177
G3_C2.3,lu,overall,quantile,lqs,6.369426668937091
G3_C2.3,lu,overall,quantile,mae_median,20.467031603535993
G3_C2.3,lu,overall,quantile,cov50,49.75580407701019
G3_C2.3,lu,overall,quantile,cov95,94.77869007172518
G3_C2.3,lu,overall,ensemble,wis,12.738853337874177
G3_C2.3,lu,overall,ensemble,lqs,6.369426668937091
G3_C2.3,lu,overall,ensemble,mae_median,20.467031603535993
G3_C2.3,lu,overall,ensemble,cov50,49.75580407701019
G3_C2.3,lu,overall,ensemble,cov95,94.77869007172518
G3_C2.3,lu,overall,ensemble,crps,15.31789620026701
G3_C2.3,lu,overall,ensemble,energy_score,176.42001283799723
G3_C2.3,tennet,overall,point,rmse,914.833451102122
G3_C2.3,tennet,overall,point,r2,0.898145635277244
G3_C2.3,tennet,overall,point,mae,601.8488026306869
G3_C2.3,tennet,overall,point,smape,3.8734111355591563
G3_C2.3,tennet,overall,quantile,wis,364.3414693101053
G3_C2.3,tennet,overall,quantile,lqs,182.17073465505263
G3_C2.3,tennet,overall,quantile,mae_median,597.3698429733397
G3_C2.3,tennet,overall,quantile,cov50,48.14906568516421
G3_C2.3,tennet,overall,quantile,cov95,94.67369762174405
G3_C2.3,tennet,overall,ensemble,wis,364.3414693101053
G3_C2.3,tennet,overall,ensemble,lqs,182.17073465505263
G3_C2.3,tennet,overall,ensemble,mae_median,597.3698429733397
G3_C2.3,tennet,overall,ensemble,cov50,48.14906568516421
G3_C2.3,tennet,overall,ensemble,cov95,94.67369762174405
G3_C2.3,tennet,overall,ensemble,crps,439.15198388268607
G3_C2.3,tennet,overall,ensemble,energy_score,5043.964740951408
G3_C2.3,transnetbw,overall,point,rmse,477.9702100484326
G3_C2.3,transnetbw,overall,point,r2,0.8804486490452836
G3_C2.3,transnetbw,overall,point,mae,295.86487404914556
G3_C2.3,transnetbw,overall,point,smape,4.6307869493169225
G3_C2.3,transnetbw,overall,quantile,wis,180.95377662152555
G3_C2.3,transnetbw,overall,quantile,lqs,90.47688831076277
G3_C2.3,transnetbw,overall,quantile,mae_median,291.48440968195456
G3_C2.3,transnetbw,overall,quantile,cov50,49.56351453378633
G3_C2.3,transnetbw,overall,quantile,cov95,94.42124386560965
G3_C2.3,transnetbw,overall,ensemble,wis,180.95377662152555
G3_C2.3,transnetbw,overall,ensemble,lqs,90.47688831076277
G3_C2.3,transnetbw,overall,ensemble,mae_median,291.48440968195456
G3_C2.3,transnetbw,overall,ensemble,cov50,49.56351453378633
G3_C2.3,transnetbw,overall,ensemble,cov95,94.42124386560965
G3_C2.3,transnetbw,overall,ensemble,crps,217.24506541979935
G3_C2.3,transnetbw,overall,ensemble,energy_score,2499.996384747188
G3_C3.1,50hertz,2024,point,rmse,862.1699830165632
G3_C3.1,50hertz,2024,point,r2,0.7855388567523123
G3_C3.1,50hertz,2024,point,mae,668.668062184279
G3_C3.1,50hertz,2024,point,smape,5.843449214774842
G3_C3.1,50hertz,2024,quantile,wis,396.2127972103999
G3_C3.1,50hertz,2024,quantile,lqs,198.10639860519998
G3_C3.1,50hertz,2024,quantile,mae_median,667.5306753405896
G3_C3.1,50hertz,2024,quantile,cov50,51.07028388278388
G3_C3.1,50hertz,2024,quantile,cov95,97.57326007326007
G3_C3.1,50hertz,2024,ensemble,wis,396.2127972103999
G3_C3.1,50hertz,2024,ensemble,lqs,198.10639860519998
G3_C3.1,50hertz,2024,ensemble,mae_median,667.5306753405896
G3_C3.1,50hertz,2024,ensemble,cov50,51.07028388278388
G3_C3.1,50hertz,2024,ensemble,cov95,97.57326007326007
G3_C3.1,50hertz,2024,ensemble,crps,485.9825688915334
G3_C3.1,50hertz,2024,ensemble,energy_score,5552.218800602148
G3_C3.1,50hertz,2025,point,rmse,953.0523164906674
G3_C3.1,50hertz,2025,point,r2,0.7439190696887152
G3_C3.1,50hertz,2025,point,mae,760.3839569683382
G3_C3.1,50hertz,2025,point,smape,6.606456443411121
G3_C3.1,50hertz,2025,quantile,wis,441.4569083332218
G3_C3.1,50hertz,2025,quantile,lqs,220.72845416661093
G3_C3.1,50hertz,2025,quantile,mae_median,754.8487544249651
G3_C3.1,50hertz,2025,quantile,cov50,48.242009132420094
G3_C3.1,50hertz,2025,quantile,cov95,97.78824200913242
G3_C3.1,50hertz,2025,ensemble,wis,441.4569083332218
G3_C3.1,50hertz,2025,ensemble,lqs,220.72845416661093
G3_C3.1,50hertz,2025,ensemble,mae_median,754.8487544249651
G3_C3.1,50hertz,2025,ensemble,cov50,48.242009132420094
G3_C3.1,50hertz,2025,ensemble,cov95,97.78824200913242
G3_C3.1,50hertz,2025,ensemble,crps,541.2864043446377
G3_C3.1,50hertz,2025,ensemble,energy_score,6152.241917250529
G3_C3.1,50hertz,2026H1,point,rmse,973.9706682855046
G3_C3.1,50hertz,2026H1,point,r2,0.7958995096819393
G3_C3.1,50hertz,2026H1,point,mae,722.6123293926905
G3_C3.1,50hertz,2026H1,point,smape,6.021470438267341
G3_C3.1,50hertz,2026H1,quantile,wis,432.9781152017024
G3_C3.1,50hertz,2026H1,quantile,lqs,216.48905760085123
G3_C3.1,50hertz,2026H1,quantile,mae_median,715.481395924083
G3_C3.1,50hertz,2026H1,quantile,cov50,56.92160087719298
G3_C3.1,50hertz,2026H1,quantile,cov95,97.40953947368422
G3_C3.1,50hertz,2026H1,ensemble,wis,432.9781152017024
G3_C3.1,50hertz,2026H1,ensemble,lqs,216.48905760085123
G3_C3.1,50hertz,2026H1,ensemble,mae_median,715.481395924083
G3_C3.1,50hertz,2026H1,ensemble,cov50,56.92160087719298
G3_C3.1,50hertz,2026H1,ensemble,cov95,97.40953947368422
G3_C3.1,50hertz,2026H1,ensemble,crps,532.8037577733263
G3_C3.1,50hertz,2026H1,ensemble,energy_score,5989.575441726772
G3_C3.1,amprion,2024,point,rmse,1207.9208127768923
G3_C3.1,amprion,2024,point,r2,0.8662221323750807
G3_C3.1,amprion,2024,point,mae,811.7677779004171
G3_C3.1,amprion,2024,point,smape,4.395238419283692
G3_C3.1,amprion,2024,quantile,wis,498.7084368092828
G3_C3.1,amprion,2024,quantile,lqs,249.35421840464136
G3_C3.1,amprion,2024,quantile,mae_median,797.9375658843793
G3_C3.1,amprion,2024,quantile,cov50,57.70089285714286
G3_C3.1,amprion,2024,quantile,cov95,96.73477564102564
G3_C3.1,amprion,2024,ensemble,wis,498.7084368092828
G3_C3.1,amprion,2024,ensemble,lqs,249.35421840464136
G3_C3.1,amprion,2024,ensemble,mae_median,797.9375658843793
G3_C3.1,amprion,2024,ensemble,cov50,57.70089285714286
G3_C3.1,amprion,2024,ensemble,cov95,96.73477564102564
G3_C3.1,amprion,2024,ensemble,crps,605.5643490803943
G3_C3.1,amprion,2024,ensemble,energy_score,6988.83537891842
G3_C3.1,amprion,2025,point,rmse,1050.20171124092
G3_C3.1,amprion,2025,point,r2,0.895459798296062
G3_C3.1,amprion,2025,point,mae,740.7858305225232
G3_C3.1,amprion,2025,point,smape,3.8849008332436235
G3_C3.1,amprion,2025,quantile,wis,443.92389696721585
G3_C3.1,amprion,2025,quantile,lqs,221.96194848360793
G3_C3.1,amprion,2025,quantile,mae_median,722.9227569268514
G3_C3.1,amprion,2025,quantile,cov50,57.716894977168955
G3_C3.1,amprion,2025,quantile,cov95,97.80536529680364
G3_C3.1,amprion,2025,ensemble,wis,443.92389696721585
G3_C3.1,amprion,2025,ensemble,lqs,221.96194848360793
G3_C3.1,amprion,2025,ensemble,mae_median,722.9227569268514
G3_C3.1,amprion,2025,ensemble,cov50,57.716894977168955
G3_C3.1,amprion,2025,ensemble,cov95,97.80536529680364
G3_C3.1,amprion,2025,ensemble,crps,542.6162139480173
G3_C3.1,amprion,2025,ensemble,energy_score,6362.167712404121
G3_C3.1,amprion,2026H1,point,rmse,1336.626831861208
G3_C3.1,amprion,2026H1,point,r2,0.8478411029606177
G3_C3.1,amprion,2026H1,point,mae,943.2873473465606
G3_C3.1,amprion,2026H1,point,smape,4.785964864583334
G3_C3.1,amprion,2026H1,quantile,wis,571.5567692990857
G3_C3.1,amprion,2026H1,quantile,lqs,285.77838464954283
G3_C3.1,amprion,2026H1,quantile,mae_median,939.7129341218005
G3_C3.1,amprion,2026H1,quantile,cov50,57.648026315789465
G3_C3.1,amprion,2026H1,quantile,cov95,97.54660087719299
G3_C3.1,amprion,2026H1,ensemble,wis,571.5567692990857
G3_C3.1,amprion,2026H1,ensemble,lqs,285.77838464954283
G3_C3.1,amprion,2026H1,ensemble,mae_median,939.7129341218005
G3_C3.1,amprion,2026H1,ensemble,cov50,57.648026315789465
G3_C3.1,amprion,2026H1,ensemble,cov95,97.54660087719299
G3_C3.1,amprion,2026H1,ensemble,crps,699.8887787169431
G3_C3.1,amprion,2026H1,ensemble,energy_score,7982.950868718174
G3_C3.1,de_lu,2024,point,rmse,2891.9967621387545
G3_C3.1,de_lu,2024,point,r2,0.9017111467359793
G3_C3.1,de_lu,2024,point,mae,1903.4195295562379
G3_C3.1,de_lu,2024,point,smape,3.6108192360438425
G3_C3.1,de_lu,2024,quantile,wis,1191.7467319946502
G3_C3.1,de_lu,2024,quantile,lqs,595.8733659973252
G3_C3.1,de_lu,2024,quantile,mae_median,1867.7714125782754
G3_C3.1,de_lu,2024,quantile,cov50,65.87396978021978
G3_C3.1,de_lu,2024,quantile,cov95,98.35451007326007
G3_C3.1,de_lu,2024,ensemble,wis,1191.7467319946502
G3_C3.1,de_lu,2024,ensemble,lqs,595.8733659973252
G3_C3.1,de_lu,2024,ensemble,mae_median,1867.7714125782754
G3_C3.1,de_lu,2024,ensemble,cov50,65.87396978021978
G3_C3.1,de_lu,2024,ensemble,cov95,98.35451007326007
G3_C3.1,de_lu,2024,ensemble,crps,1455.1762118786892
G3_C3.1,de_lu,2024,ensemble,energy_score,16350.532722526072
G3_C3.1,de_lu,2025,point,rmse,2772.6585648270484
G3_C3.1,de_lu,2025,point,r2,0.9102384807203174
G3_C3.1,de_lu,2025,point,mae,1909.0746227372474
G3_C3.1,de_lu,2025,point,smape,3.6027619249453164
G3_C3.1,de_lu,2025,quantile,wis,1168.2160871225014
G3_C3.1,de_lu,2025,quantile,lqs,584.1080435612507
G3_C3.1,de_lu,2025,quantile,mae_median,1858.570390055615
G3_C3.1,de_lu,2025,quantile,cov50,65.35388127853882
G3_C3.1,de_lu,2025,quantile,cov95,98.76997716894978
G3_C3.1,de_lu,2025,ensemble,wis,1168.2160871225014
G3_C3.1,de_lu,2025,ensemble,lqs,584.1080435612507
G3_C3.1,de_lu,2025,ensemble,mae_median,1858.570390055615
G3_C3.1,de_lu,2025,ensemble,cov50,65.35388127853882
G3_C3.1,de_lu,2025,ensemble,cov95,98.76997716894978
G3_C3.1,de_lu,2025,ensemble,crps,1428.084753564651
G3_C3.1,de_lu,2025,ensemble,energy_score,16168.091404521221
G3_C3.1,de_lu,2026H1,point,rmse,3566.1732488588705
G3_C3.1,de_lu,2026H1,point,r2,0.8669331816705517
G3_C3.1,de_lu,2026H1,point,mae,2392.4413865849765
G3_C3.1,de_lu,2026H1,point,smape,4.412746466202735
G3_C3.1,de_lu,2026H1,quantile,wis,1475.0585082673315
G3_C3.1,de_lu,2026H1,quantile,lqs,737.5292541336659
G3_C3.1,de_lu,2026H1,quantile,mae_median,2365.504197678317
G3_C3.1,de_lu,2026H1,quantile,cov50,66.7420504385965
G3_C3.1,de_lu,2026H1,quantile,cov95,98.2798793859649
G3_C3.1,de_lu,2026H1,ensemble,wis,1475.0585082673315
G3_C3.1,de_lu,2026H1,ensemble,lqs,737.5292541336659
G3_C3.1,de_lu,2026H1,ensemble,mae_median,2365.504197678317
G3_C3.1,de_lu,2026H1,ensemble,cov50,66.7420504385965
G3_C3.1,de_lu,2026H1,ensemble,cov95,98.2798793859649
G3_C3.1,de_lu,2026H1,ensemble,crps,1813.4276746637474
G3_C3.1,de_lu,2026H1,ensemble,energy_score,20230.040546302444
G3_C3.1,lu,2024,point,rmse,29.6365685298489
G3_C3.1,lu,2024,point,r2,0.9089125407234668
G3_C3.1,lu,2024,point,mae,18.781253924170695
G3_C3.1,lu,2024,point,smape,3.39030348573906
G3_C3.1,lu,2024,quantile,wis,11.49938950377908
G3_C3.1,lu,2024,quantile,lqs,5.749694751889541
G3_C3.1,lu,2024,quantile,mae_median,18.48761217760079
G3_C3.1,lu,2024,quantile,cov50,53.63438644688645
G3_C3.1,lu,2024,quantile,cov95,96.29120879120879
G3_C3.1,lu,2024,ensemble,wis,11.49938950377908
G3_C3.1,lu,2024,ensemble,lqs,5.749694751889541
G3_C3.1,lu,2024,ensemble,mae_median,18.48761217760079
G3_C3.1,lu,2024,ensemble,cov50,53.63438644688645
G3_C3.1,lu,2024,ensemble,cov95,96.29120879120879
G3_C3.1,lu,2024,ensemble,crps,13.925829248716871
G3_C3.1,lu,2024,ensemble,energy_score,159.68261917812953
G3_C3.1,lu,2025,point,rmse,29.514050533260804
G3_C3.1,lu,2025,point,r2,0.9105281293127606
G3_C3.1,lu,2025,point,mae,19.838175370495943
G3_C3.1,lu,2025,point,smape,3.625379811795722
G3_C3.1,lu,2025,quantile,wis,11.913074759114583
G3_C3.1,lu,2025,quantile,lqs,5.956537379557291
G3_C3.1,lu,2025,quantile,mae_median,19.332258446011476
G3_C3.1,lu,2025,quantile,cov50,53.638698630136986
G3_C3.1,lu,2025,quantile,cov95,96.81792237442922
G3_C3.1,lu,2025,ensemble,wis,11.913074759114583
G3_C3.1,lu,2025,ensemble,lqs,5.956537379557291
G3_C3.1,lu,2025,ensemble,mae_median,19.332258446011476
G3_C3.1,lu,2025,ensemble,cov50,53.638698630136986
G3_C3.1,lu,2025,ensemble,cov95,96.81792237442922
G3_C3.1,lu,2025,ensemble,crps,14.467129213604077
G3_C3.1,lu,2025,ensemble,energy_score,167.15776440684579
G3_C3.1,lu,2026H1,point,rmse,43.60486073757487
G3_C3.1,lu,2026H1,point,r2,0.8090962169939754
G3_C3.1,lu,2026H1,point,mae,28.103222355119748
G3_C3.1,lu,2026H1,point,smape,5.2460377581438395
G3_C3.1,lu,2026H1,quantile,wis,16.71658455810685
G3_C3.1,lu,2026H1,quantile,lqs,8.358292279053424
G3_C3.1,lu,2026H1,quantile,mae_median,27.557086553529572
G3_C3.1,lu,2026H1,quantile,cov50,52.13130482456141
G3_C3.1,lu,2026H1,quantile,cov95,96.97779605263158
G3_C3.1,lu,2026H1,ensemble,wis,16.71658455810685
G3_C3.1,lu,2026H1,ensemble,lqs,8.358292279053424
G3_C3.1,lu,2026H1,ensemble,mae_median,27.557086553529572
G3_C3.1,lu,2026H1,ensemble,cov50,52.13130482456141
G3_C3.1,lu,2026H1,ensemble,cov95,96.97779605263158
G3_C3.1,lu,2026H1,ensemble,crps,20.309530139857536
G3_C3.1,lu,2026H1,ensemble,energy_score,232.474381767788
G3_C3.1,tennet,2024,point,rmse,838.3449602602554
G3_C3.1,tennet,2024,point,r2,0.9103609541630759
G3_C3.1,tennet,2024,point,mae,555.8156148304017
G3_C3.1,tennet,2024,point,smape,3.5338194636591402
G3_C3.1,tennet,2024,quantile,wis,334.59297502524686
G3_C3.1,tennet,2024,quantile,lqs,167.2964875126234
G3_C3.1,tennet,2024,quantile,mae_median,544.6579896483927
G3_C3.1,tennet,2024,quantile,cov50,53.977793040293044
G3_C3.1,tennet,2024,quantile,cov95,97.02380952380952
G3_C3.1,tennet,2024,ensemble,wis,334.59297502524686
G3_C3.1,tennet,2024,ensemble,lqs,167.2964875126234
G3_C3.1,tennet,2024,ensemble,mae_median,544.6579896483927
G3_C3.1,tennet,2024,ensemble,cov50,53.977793040293044
G3_C3.1,tennet,2024,ensemble,cov95,97.02380952380952
G3_C3.1,tennet,2024,ensemble,crps,405.6474912338585
G3_C3.1,tennet,2024,ensemble,energy_score,4685.543749560038
G3_C3.1,tennet,2025,point,rmse,840.7532485172201
G3_C3.1,tennet,2025,point,r2,0.9128994716798048
G3_C3.1,tennet,2025,point,mae,563.3004590372058
G3_C3.1,tennet,2025,point,smape,3.6062435374638677
G3_C3.1,tennet,2025,quantile,wis,338.0350997251746
G3_C3.1,tennet,2025,quantile,lqs,169.0175498625873
G3_C3.1,tennet,2025,quantile,mae_median,551.32275220061
G3_C3.1,tennet,2025,quantile,cov50,52.20034246575342
G3_C3.1,tennet,2025,quantile,cov95,96.32990867579909
G3_C3.1,tennet,2025,ensemble,wis,338.0350997251746
G3_C3.1,tennet,2025,ensemble,lqs,169.0175498625873
G3_C3.1,tennet,2025,ensemble,mae_median,551.32275220061
G3_C3.1,tennet,2025,ensemble,cov50,52.20034246575342
G3_C3.1,tennet,2025,ensemble,cov95,96.32990867579909
G3_C3.1,tennet,2025,ensemble,crps,409.7232615109891
G3_C3.1,tennet,2025,ensemble,energy_score,4747.705380069285
G3_C3.1,tennet,2026H1,point,rmse,1211.07674688317
G3_C3.1,tennet,2026H1,point,r2,0.8426396223841963
G3_C3.1,tennet,2026H1,point,mae,823.63011991171
G3_C3.1,tennet,2026H1,point,smape,5.397853720289637
G3_C3.1,tennet,2026H1,quantile,wis,491.54890849782043
G3_C3.1,tennet,2026H1,quantile,lqs,245.77445424891025
G3_C3.1,tennet,2026H1,quantile,mae_median,814.5330077921549
G3_C3.1,tennet,2026H1,quantile,cov50,53.7828947368421
G3_C3.1,tennet,2026H1,quantile,cov95,95.73739035087719
G3_C3.1,tennet,2026H1,ensemble,wis,491.54890849782043
G3_C3.1,tennet,2026H1,ensemble,lqs,245.77445424891025
G3_C3.1,tennet,2026H1,ensemble,mae_median,814.5330077921549
G3_C3.1,tennet,2026H1,ensemble,cov50,53.7828947368421
G3_C3.1,tennet,2026H1,ensemble,cov95,95.73739035087719
G3_C3.1,tennet,2026H1,ensemble,crps,600.3015187021442
G3_C3.1,tennet,2026H1,ensemble,energy_score,6940.161594437863
G3_C3.1,transnetbw,2024,point,rmse,467.2645369364501
G3_C3.1,transnetbw,2024,point,r2,0.8836082279661153
G3_C3.1,transnetbw,2024,point,mae,291.9230469208323
G3_C3.1,transnetbw,2024,point,smape,4.59945551921307
G3_C3.1,transnetbw,2024,quantile,wis,176.93355621265928
G3_C3.1,transnetbw,2024,quantile,lqs,88.46677810632964
G3_C3.1,transnetbw,2024,quantile,mae_median,284.42637831160437
G3_C3.1,transnetbw,2024,quantile,cov50,54.64743589743589
G3_C3.1,transnetbw,2024,quantile,cov95,96.82635073260073
G3_C3.1,transnetbw,2024,ensemble,wis,176.93355621265928
G3_C3.1,transnetbw,2024,ensemble,lqs,88.46677810632964
G3_C3.1,transnetbw,2024,ensemble,mae_median,284.42637831160437
G3_C3.1,transnetbw,2024,ensemble,cov50,54.64743589743589
G3_C3.1,transnetbw,2024,ensemble,cov95,96.82635073260073
G3_C3.1,transnetbw,2024,ensemble,crps,213.4619536637971
G3_C3.1,transnetbw,2024,ensemble,energy_score,2474.483997869979
G3_C3.1,transnetbw,2025,point,rmse,455.5731547510378
G3_C3.1,transnetbw,2025,point,r2,0.8906742364649592
G3_C3.1,transnetbw,2025,point,mae,289.5244066931914
G3_C3.1,transnetbw,2025,point,smape,4.56555591037478
G3_C3.1,transnetbw,2025,quantile,wis,175.2040008408429
G3_C3.1,transnetbw,2025,quantile,lqs,87.60200042042143
G3_C3.1,transnetbw,2025,quantile,mae_median,284.392706033707
G3_C3.1,transnetbw,2025,quantile,cov50,53.25342465753424
G3_C3.1,transnetbw,2025,quantile,cov95,96.78652968036529
G3_C3.1,transnetbw,2025,ensemble,wis,175.2040008408429
G3_C3.1,transnetbw,2025,ensemble,lqs,87.60200042042143
G3_C3.1,transnetbw,2025,ensemble,mae_median,284.392706033707
G3_C3.1,transnetbw,2025,ensemble,cov50,53.25342465753424
G3_C3.1,transnetbw,2025,ensemble,cov95,96.78652968036529
G3_C3.1,transnetbw,2025,ensemble,crps,211.66820073246708
G3_C3.1,transnetbw,2025,ensemble,energy_score,2480.603039304224
G3_C3.1,transnetbw,2026H1,point,rmse,579.1833919625159
G3_C3.1,transnetbw,2026H1,point,r2,0.8163884203433035
G3_C3.1,transnetbw,2026H1,point,mae,374.62510716673967
G3_C3.1,transnetbw,2026H1,point,smape,5.511960667700669
G3_C3.1,transnetbw,2026H1,quantile,wis,223.81488056727625
G3_C3.1,transnetbw,2026H1,quantile,lqs,111.90744028363815
G3_C3.1,transnetbw,2026H1,quantile,mae_median,372.8621776527271
G3_C3.1,transnetbw,2026H1,quantile,cov50,55.08497807017544
G3_C3.1,transnetbw,2026H1,quantile,cov95,96.26507675438597
G3_C3.1,transnetbw,2026H1,ensemble,wis,223.81488056727625
G3_C3.1,transnetbw,2026H1,ensemble,lqs,111.90744028363815
G3_C3.1,transnetbw,2026H1,ensemble,mae_median,372.8621776527271
G3_C3.1,transnetbw,2026H1,ensemble,cov50,55.08497807017544
G3_C3.1,transnetbw,2026H1,ensemble,cov95,96.26507675438597
G3_C3.1,transnetbw,2026H1,ensemble,crps,273.3710139630974
G3_C3.1,transnetbw,2026H1,ensemble,energy_score,3149.82278572265
G3_C3.1,50hertz,overall,point,rmse,920.3818028791528
G3_C3.1,50hertz,overall,point,r2,0.7747890951638656
G3_C3.1,50hertz,overall,point,mae,715.9732043089784
G3_C3.1,50hertz,overall,point,smape,6.190278799818091
G3_C3.1,50hertz,overall,quantile,wis,421.30068471835455
G3_C3.1,50hertz,overall,quantile,lqs,210.65034235917724
G3_C3.1,50hertz,overall,quantile,mae_median,711.97972005624
G3_C3.1,50hertz,overall,quantile,cov50,50.90805902383655
G3_C3.1,50hertz,overall,quantile,cov95,97.63408059023837
G3_C3.1,50hertz,overall,ensemble,wis,421.30068471835455
G3_C3.1,50hertz,overall,ensemble,lqs,210.65034235917724
G3_C3.1,50hertz,overall,ensemble,mae_median,711.97972005624
G3_C3.1,50hertz,overall,ensemble,cov50,50.90805902383655
G3_C3.1,50hertz,overall,ensemble,cov95,97.63408059023837
G3_C3.1,50hertz,overall,ensemble,crps,516.9731712189064
G3_C3.1,50hertz,overall,ensemble,energy_score,5876.267208124965
G3_C3.1,amprion,overall,point,rmse,1169.6252304780426
G3_C3.1,amprion,overall,point,r2,0.8767269858773611
G3_C3.1,amprion,overall,point,mae,805.0510511840523
G3_C3.1,amprion,overall,point,smape,4.251217080783035
G3_C3.1,amprion,overall,quantile,wis,488.5797075199475
G3_C3.1,amprion,overall,quantile,lqs,244.28985375997377
G3_C3.1,amprion,overall,quantile,mae_median,791.3194622550834
G3_C3.1,amprion,overall,quantile,cov50,57.69840143776012
G3_C3.1,amprion,overall,quantile,cov95,97.31838819523269
G3_C3.1,amprion,overall,ensemble,wis,488.5797075199475
G3_C3.1,amprion,overall,ensemble,lqs,244.28985375997377
G3_C3.1,amprion,overall,ensemble,mae_median,791.3194622550834
G3_C3.1,amprion,overall,ensemble,cov50,57.69840143776012
G3_C3.1,amprion,overall,ensemble,cov95,97.31838819523269
G3_C3.1,amprion,overall,ensemble,crps,595.7587236336722
G3_C3.1,amprion,overall,ensemble,energy_score,6900.721708284872
G3_C3.1,de_lu,overall,point,rmse,2972.3332217654297
G3_C3.1,de_lu,overall,point,r2,0.8994829409294349
G3_C3.1,de_lu,overall,point,mae,1990.1339804977097
G3_C3.1,de_lu,overall,point,smape,3.7458385554912774
G3_C3.1,de_lu,overall,quantile,wis,1230.8780652694666
G3_C3.1,de_lu,overall,quantile,lqs,615.4390326347335
G3_C3.1,de_lu,overall,quantile,mae_median,1949.8338531167947
G3_C3.1,de_lu,overall,quantile,cov50,65.80826712069617
G3_C3.1,de_lu,overall,quantile,cov95,98.51376276958003
G3_C3.1,de_lu,overall,ensemble,wis,1230.8780652694666
G3_C3.1,de_lu,overall,ensemble,lqs,615.4390326347335
G3_C3.1,de_lu,overall,ensemble,mae_median,1949.8338531167947
G3_C3.1,de_lu,overall,ensemble,cov50,65.80826712069617
G3_C3.1,de_lu,overall,ensemble,cov95,98.51376276958003
G3_C3.1,de_lu,overall,ensemble,crps,1505.7617284038934
G3_C3.1,de_lu,overall,ensemble,energy_score,16944.283129043935
G3_C3.1,lu,overall,point,rmse,32.43197691836565
G3_C3.1,lu,overall,point,r2,0.8921541764608855
G3_C3.1,lu,overall,point,mae,20.82746905403786
G3_C3.1,lu,overall,point,smape,3.8078681490945745
G3_C3.1,lu,overall,quantile,wis,12.570909102479739
G3_C3.1,lu,overall,quantile,lqs,6.2854545512398685
G3_C3.1,lu,overall,quantile,mae_median,20.402318185672385
G3_C3.1,lu,overall,quantile,cov50,53.376844494892175
G3_C3.1,lu,overall,quantile,cov95,96.62788497919031
G3_C3.1,lu,overall,ensemble,wis,12.570909102479739
G3_C3.1,lu,overall,ensemble,lqs,6.2854545512398685
G3_C3.1,lu,overall,ensemble,mae_median,20.402318185672385
G3_C3.1,lu,overall,ensemble,cov50,53.376844494892175
G3_C3.1,lu,overall,ensemble,cov95,96.62788497919031
G3_C3.1,lu,overall,ensemble,crps,15.251478536613819
G3_C3.1,lu,overall,ensemble,energy_score,175.33843747791332
G3_C3.1,tennet,overall,point,rmse,914.4897742169659
G3_C3.1,tennet,overall,point,r2,0.898207844902686
G3_C3.1,tennet,overall,point,mae,605.1229620583725
G3_C3.1,tennet,overall,point,smape,3.88542899140779
G3_C3.1,tennet,overall,quantile,wis,363.0988517599856
G3_C3.1,tennet,overall,quantile,lqs,181.5494258799928
G3_C3.1,tennet,overall,quantile,mae_median,593.9810782856358
G3_C3.1,tennet,overall,quantile,cov50,53.20776579644344
G3_C3.1,tennet,overall,quantile,cov95,96.51437760121074
G3_C3.1,tennet,overall,ensemble,wis,363.0988517599856
G3_C3.1,tennet,overall,ensemble,lqs,181.5494258799928
G3_C3.1,tennet,overall,ensemble,mae_median,593.9810782856358
G3_C3.1,tennet,overall,ensemble,cov50,53.20776579644344
G3_C3.1,tennet,overall,ensemble,cov95,96.51437760121074
G3_C3.1,tennet,overall,ensemble,crps,440.9199864964375
G3_C3.1,tennet,overall,ensemble,energy_score,5100.289388104084
G3_C3.1,transnetbw,overall,point,rmse,483.8104207582115
G3_C3.1,transnetbw,overall,point,r2,0.8774690422563364
G3_C3.1,transnetbw,overall,point,mae,305.19797254431586
G3_C3.1,transnetbw,overall,point,smape,4.742846467390299
G3_C3.1,transnetbw,overall,quantile,wis,184.30548991434915
G3_C3.1,transnetbw,overall,quantile,lqs,92.15274495717458
G3_C3.1,transnetbw,overall,quantile,mae_median,299.67036369005854
G3_C3.1,transnetbw,overall,quantile,cov50,54.1453840332955
G3_C3.1,transnetbw,overall,quantile,cov95,96.713015512675
G3_C3.1,transnetbw,overall,ensemble,wis,184.30548991434915
G3_C3.1,transnetbw,overall,ensemble,lqs,92.15274495717458
G3_C3.1,transnetbw,overall,ensemble,mae_median,299.67036369005854
G3_C3.1,transnetbw,overall,ensemble,cov50,54.1453840332955
G3_C3.1,transnetbw,overall,ensemble,cov95,96.713015512675
G3_C3.1,transnetbw,overall,ensemble,crps,223.05498129780187
G3_C3.1,transnetbw,overall,ensemble,energy_score,2593.5361498303714
G3_C3.2,50hertz,2024,point,rmse,865.3624898915151
G3_C3.2,50hertz,2024,point,r2,0.7839476710031428
G3_C3.2,50hertz,2024,point,mae,670.050137231901
G3_C3.2,50hertz,2024,point,smape,5.8586478796663455
G3_C3.2,50hertz,2024,quantile,wis,392.8187823684189
G3_C3.2,50hertz,2024,quantile,lqs,196.40939118420948
G3_C3.2,50hertz,2024,quantile,mae_median,668.3374445709117
G3_C3.2,50hertz,2024,quantile,cov50,47.56181318681318
G3_C3.2,50hertz,2024,quantile,cov95,96.60313644688645
G3_C3.2,50hertz,2024,ensemble,wis,392.8187823684189
G3_C3.2,50hertz,2024,ensemble,lqs,196.40939118420948
G3_C3.2,50hertz,2024,ensemble,mae_median,668.3374445709117
G3_C3.2,50hertz,2024,ensemble,cov50,47.56181318681318
G3_C3.2,50hertz,2024,ensemble,cov95,96.60313644688645
G3_C3.2,50hertz,2024,ensemble,crps,481.51197501295246
G3_C3.2,50hertz,2024,ensemble,energy_score,5514.008281117488
G3_C3.2,50hertz,2025,point,rmse,958.7149134373105
G3_C3.2,50hertz,2025,point,r2,0.7408670001829586
G3_C3.2,50hertz,2025,point,mae,766.338734658132
G3_C3.2,50hertz,2025,point,smape,6.660154333726825
G3_C3.2,50hertz,2025,quantile,wis,443.487518549905
G3_C3.2,50hertz,2025,quantile,lqs,221.74375927495254
G3_C3.2,50hertz,2025,quantile,mae_median,761.7226266027442
G3_C3.2,50hertz,2025,quantile,cov50,44.91723744292238
G3_C3.2,50hertz,2025,quantile,cov95,96.90068493150686
G3_C3.2,50hertz,2025,ensemble,wis,443.487518549905
G3_C3.2,50hertz,2025,ensemble,lqs,221.74375927495254
G3_C3.2,50hertz,2025,ensemble,mae_median,761.7226266027442
G3_C3.2,50hertz,2025,ensemble,cov50,44.91723744292238
G3_C3.2,50hertz,2025,ensemble,cov95,96.90068493150686
G3_C3.2,50hertz,2025,ensemble,crps,543.1629291145845
G3_C3.2,50hertz,2025,ensemble,energy_score,6176.199904053505
G3_C3.2,50hertz,2026H1,point,rmse,972.442889177787
G3_C3.2,50hertz,2026H1,point,r2,0.7965393151975309
G3_C3.2,50hertz,2026H1,point,mae,724.8592080427024
G3_C3.2,50hertz,2026H1,point,smape,6.036981745548239
G3_C3.2,50hertz,2026H1,quantile,wis,432.50821386913503
G3_C3.2,50hertz,2026H1,quantile,lqs,216.25410693456752
G3_C3.2,50hertz,2026H1,quantile,mae_median,722.033937625818
G3_C3.2,50hertz,2026H1,quantile,cov50,53.29632675438597
G3_C3.2,50hertz,2026H1,quantile,cov95,95.50438596491229
G3_C3.2,50hertz,2026H1,ensemble,wis,432.50821386913503
G3_C3.2,50hertz,2026H1,ensemble,lqs,216.25410693456752
G3_C3.2,50hertz,2026H1,ensemble,mae_median,722.033937625818
G3_C3.2,50hertz,2026H1,ensemble,cov50,53.29632675438597
G3_C3.2,50hertz,2026H1,ensemble,cov95,95.50438596491229
G3_C3.2,50hertz,2026H1,ensemble,crps,531.6441055676593
G3_C3.2,50hertz,2026H1,ensemble,energy_score,5997.190592184061
G3_C3.2,amprion,2024,point,rmse,1223.4298447319486
G3_C3.2,amprion,2024,point,r2,0.8627648119646413
G3_C3.2,amprion,2024,point,mae,821.7527386683819
G3_C3.2,amprion,2024,point,smape,4.428896766777902
G3_C3.2,amprion,2024,quantile,wis,502.16815005990196
G3_C3.2,amprion,2024,quantile,lqs,251.084075029951
G3_C3.2,amprion,2024,quantile,mae_median,815.4759969268239
G3_C3.2,amprion,2024,quantile,cov50,53.13644688644688
G3_C3.2,amprion,2024,quantile,cov95,96.23683608058609
G3_C3.2,amprion,2024,ensemble,wis,502.16815005990196
G3_C3.2,amprion,2024,ensemble,lqs,251.084075029951
G3_C3.2,amprion,2024,ensemble,mae_median,815.4759969268239
G3_C3.2,amprion,2024,ensemble,cov50,53.13644688644688
G3_C3.2,amprion,2024,ensemble,cov95,96.23683608058609
G3_C3.2,amprion,2024,ensemble,crps,608.4250503997099
G3_C3.2,amprion,2024,ensemble,energy_score,7033.851284138106
G3_C3.2,amprion,2025,point,rmse,1064.8249389230534
G3_C3.2,amprion,2025,point,r2,0.8925282505192258
G3_C3.2,amprion,2025,point,mae,754.9274490066981
G3_C3.2,amprion,2025,point,smape,3.945482220927047
G3_C3.2,amprion,2025,quantile,wis,446.721104284202
G3_C3.2,amprion,2025,quantile,lqs,223.360552142101
G3_C3.2,amprion,2025,quantile,mae_median,739.4165320485694
G3_C3.2,amprion,2025,quantile,cov50,52.75399543378996
G3_C3.2,amprion,2025,quantile,cov95,97.18892694063926
G3_C3.2,amprion,2025,ensemble,wis,446.721104284202
G3_C3.2,amprion,2025,ensemble,lqs,223.360552142101
G3_C3.2,amprion,2025,ensemble,mae_median,739.4165320485694
G3_C3.2,amprion,2025,ensemble,cov50,52.75399543378996
G3_C3.2,amprion,2025,ensemble,cov95,97.18892694063926
G3_C3.2,amprion,2025,ensemble,crps,544.8826831563066
G3_C3.2,amprion,2025,ensemble,energy_score,6398.970775537948
G3_C3.2,amprion,2026H1,point,rmse,1365.3090534340913
G3_C3.2,amprion,2026H1,point,r2,0.8412407854604279
G3_C3.2,amprion,2026H1,point,mae,957.4219829748312
G3_C3.2,amprion,2026H1,point,smape,4.848182083532384
G3_C3.2,amprion,2026H1,quantile,wis,576.9867719025763
G3_C3.2,amprion,2026H1,quantile,lqs,288.49338595128813
G3_C3.2,amprion,2026H1,quantile,mae_median,963.4705773865817
G3_C3.2,amprion,2026H1,quantile,cov50,51.77494517543859
G3_C3.2,amprion,2026H1,quantile,cov95,95.97724780701753
G3_C3.2,amprion,2026H1,ensemble,wis,576.9867719025763
G3_C3.2,amprion,2026H1,ensemble,lqs,288.49338595128813
G3_C3.2,amprion,2026H1,ensemble,mae_median,963.4705773865817
G3_C3.2,amprion,2026H1,ensemble,cov50,51.77494517543859
G3_C3.2,amprion,2026H1,ensemble,cov95,95.97724780701753
G3_C3.2,amprion,2026H1,ensemble,crps,702.8610645318148
G3_C3.2,amprion,2026H1,ensemble,energy_score,8059.454938177154
G3_C3.2,de_lu,2024,point,rmse,2968.9397137816186
G3_C3.2,de_lu,2024,point,r2,0.8964115293015885
G3_C3.2,de_lu,2024,point,mae,1956.4945290793303
G3_C3.2,de_lu,2024,point,smape,3.7023772956603467
G3_C3.2,de_lu,2024,quantile,wis,1202.6254652369778
G3_C3.2,de_lu,2024,quantile,lqs,601.3127326184889
G3_C3.2,de_lu,2024,quantile,mae_median,1943.5437861365615
G3_C3.2,de_lu,2024,quantile,cov50,61.22367216117216
G3_C3.2,de_lu,2024,quantile,cov95,98.38885073260073
G3_C3.2,de_lu,2024,ensemble,wis,1202.6254652369778
G3_C3.2,de_lu,2024,ensemble,lqs,601.3127326184889
G3_C3.2,de_lu,2024,ensemble,mae_median,1943.5437861365615
G3_C3.2,de_lu,2024,ensemble,cov50,61.22367216117216
G3_C3.2,de_lu,2024,ensemble,cov95,98.38885073260073
G3_C3.2,de_lu,2024,ensemble,crps,1464.3870137011993
G3_C3.2,de_lu,2024,ensemble,energy_score,16478.74872344234
G3_C3.2,de_lu,2025,point,rmse,2835.6910137409536
G3_C3.2,de_lu,2025,point,r2,0.9061108896252219
G3_C3.2,de_lu,2025,point,mae,1950.0243358882271
G3_C3.2,de_lu,2025,point,smape,3.6728944044750294
G3_C3.2,de_lu,2025,quantile,wis,1177.411366712025
G3_C3.2,de_lu,2025,quantile,lqs,588.7056833560125
G3_C3.2,de_lu,2025,quantile,mae_median,1908.077644033319
G3_C3.2,de_lu,2025,quantile,cov50,60.89897260273973
G3_C3.2,de_lu,2025,quantile,cov95,98.4560502283105
G3_C3.2,de_lu,2025,ensemble,wis,1177.411366712025
G3_C3.2,de_lu,2025,ensemble,lqs,588.7056833560125
G3_C3.2,de_lu,2025,ensemble,mae_median,1908.077644033319
G3_C3.2,de_lu,2025,ensemble,cov50,60.89897260273973
G3_C3.2,de_lu,2025,ensemble,cov95,98.4560502283105
G3_C3.2,de_lu,2025,ensemble,crps,1438.525484449038
G3_C3.2,de_lu,2025,ensemble,energy_score,16294.875958929375
G3_C3.2,de_lu,2026H1,point,rmse,3657.0297874738685
G3_C3.2,de_lu,2026H1,point,r2,0.8600664368744995
G3_C3.2,de_lu,2026H1,point,mae,2434.920816422535
G3_C3.2,de_lu,2026H1,point,smape,4.487386094992012
G3_C3.2,de_lu,2026H1,quantile,wis,1493.8621868772718
G3_C3.2,de_lu,2026H1,quantile,lqs,746.9310934386363
G3_C3.2,de_lu,2026H1,quantile,mae_median,2434.0072823497635
G3_C3.2,de_lu,2026H1,quantile,cov50,60.76617324561403
G3_C3.2,de_lu,2026H1,quantile,cov95,97.60827850877193
G3_C3.2,de_lu,2026H1,ensemble,wis,1493.8621868772718
G3_C3.2,de_lu,2026H1,ensemble,lqs,746.9310934386363
G3_C3.2,de_lu,2026H1,ensemble,mae_median,2434.0072823497635
G3_C3.2,de_lu,2026H1,ensemble,cov50,60.76617324561403
G3_C3.2,de_lu,2026H1,ensemble,cov95,97.60827850877193
G3_C3.2,de_lu,2026H1,ensemble,crps,1826.9969105676319
G3_C3.2,de_lu,2026H1,ensemble,energy_score,20463.13912785128
G3_C3.2,lu,2024,point,rmse,30.49278790543564
G3_C3.2,lu,2024,point,r2,0.9035733632069735
G3_C3.2,lu,2024,point,mae,19.57100415075859
G3_C3.2,lu,2024,point,smape,3.5223212833959723
G3_C3.2,lu,2024,quantile,wis,11.847134771853575
G3_C3.2,lu,2024,quantile,lqs,5.9235673859267886
G3_C3.2,lu,2024,quantile,mae_median,19.184650197144393
G3_C3.2,lu,2024,quantile,cov50,50.758356227106226
G3_C3.2,lu,2024,quantile,cov95,96.14239926739927
G3_C3.2,lu,2024,ensemble,wis,11.847134771853575
G3_C3.2,lu,2024,ensemble,lqs,5.9235673859267886
G3_C3.2,lu,2024,ensemble,mae_median,19.184650197144393
G3_C3.2,lu,2024,ensemble,cov50,50.758356227106226
G3_C3.2,lu,2024,ensemble,cov95,96.14239926739927
G3_C3.2,lu,2024,ensemble,crps,14.3322164901925
G3_C3.2,lu,2024,ensemble,energy_score,164.37282560222854
G3_C3.2,lu,2025,point,rmse,30.519368838951856
G3_C3.2,lu,2025,point,r2,0.9043290733673485
G3_C3.2,lu,2025,point,mae,20.45612221722969
G3_C3.2,lu,2025,point,smape,3.734822275590611
G3_C3.2,lu,2025,quantile,wis,12.275321912182065
G3_C3.2,lu,2025,quantile,lqs,6.1376609560910325
G3_C3.2,lu,2025,quantile,mae_median,20.075420991286187
G3_C3.2,lu,2025,quantile,cov50,49.34931506849315
G3_C3.2,lu,2025,quantile,cov95,96.45833333333333
G3_C3.2,lu,2025,ensemble,wis,12.275321912182065
G3_C3.2,lu,2025,ensemble,lqs,6.1376609560910325
G3_C3.2,lu,2025,ensemble,mae_median,20.075420991286187
G3_C3.2,lu,2025,ensemble,cov50,49.34931506849315
G3_C3.2,lu,2025,ensemble,cov95,96.45833333333333
G3_C3.2,lu,2025,ensemble,crps,14.87367956227235
G3_C3.2,lu,2025,ensemble,energy_score,171.9531126067516
G3_C3.2,lu,2026H1,point,rmse,46.462641926142545
G3_C3.2,lu,2026H1,point,r2,0.7832532828309532
G3_C3.2,lu,2026H1,point,mae,28.436560013883977
G3_C3.2,lu,2026H1,point,smape,5.34842649802139
G3_C3.2,lu,2026H1,quantile,wis,17.13042086012945
G3_C3.2,lu,2026H1,quantile,lqs,8.565210430064726
G3_C3.2,lu,2026H1,quantile,mae_median,28.352465447535593
G3_C3.2,lu,2026H1,quantile,cov50,49.65734649122807
G3_C3.2,lu,2026H1,quantile,cov95,96.23081140350878
G3_C3.2,lu,2026H1,ensemble,wis,17.13042086012945
G3_C3.2,lu,2026H1,ensemble,lqs,8.565210430064726
G3_C3.2,lu,2026H1,ensemble,mae_median,28.352465447535593
G3_C3.2,lu,2026H1,ensemble,cov50,49.65734649122807
G3_C3.2,lu,2026H1,ensemble,cov95,96.23081140350878
G3_C3.2,lu,2026H1,ensemble,crps,20.825935775189766
G3_C3.2,lu,2026H1,ensemble,energy_score,239.15932630583507
G3_C3.2,tennet,2024,point,rmse,857.5856853824624
G3_C3.2,tennet,2024,point,r2,0.9061991539085252
G3_C3.2,tennet,2024,point,mae,571.0600419414154
G3_C3.2,tennet,2024,point,smape,3.622507213914078
G3_C3.2,tennet,2024,quantile,wis,340.5435610029898
G3_C3.2,tennet,2024,quantile,lqs,170.2717805014949
G3_C3.2,tennet,2024,quantile,mae_median,564.172690106626
G3_C3.2,tennet,2024,quantile,cov50,49.18440934065934
G3_C3.2,tennet,2024,quantile,cov95,96.80631868131869
G3_C3.2,tennet,2024,ensemble,wis,340.5435610029898
G3_C3.2,tennet,2024,ensemble,lqs,170.2717805014949
G3_C3.2,tennet,2024,ensemble,mae_median,564.172690106626
G3_C3.2,tennet,2024,ensemble,cov50,49.18440934065934
G3_C3.2,tennet,2024,ensemble,cov95,96.80631868131869
G3_C3.2,tennet,2024,ensemble,crps,412.83624961020905
G3_C3.2,tennet,2024,ensemble,energy_score,4749.954331241832
G3_C3.2,tennet,2025,point,rmse,856.349405228772
G3_C3.2,tennet,2025,point,r2,0.9096380317484557
G3_C3.2,tennet,2025,point,mae,571.7396603670528
G3_C3.2,tennet,2025,point,smape,3.650380890816126
G3_C3.2,tennet,2025,quantile,wis,343.12694294832136
G3_C3.2,tennet,2025,quantile,lqs,171.56347147416068
G3_C3.2,tennet,2025,quantile,mae_median,563.2220554551494
G3_C3.2,tennet,2025,quantile,cov50,49.36929223744293
G3_C3.2,tennet,2025,quantile,cov95,95.7648401826484
G3_C3.2,tennet,2025,ensemble,wis,343.12694294832136
G3_C3.2,tennet,2025,ensemble,lqs,171.56347147416068
G3_C3.2,tennet,2025,ensemble,mae_median,563.2220554551494
G3_C3.2,tennet,2025,ensemble,cov50,49.36929223744293
G3_C3.2,tennet,2025,ensemble,cov95,95.7648401826484
G3_C3.2,tennet,2025,ensemble,crps,415.7201183621364
G3_C3.2,tennet,2025,ensemble,energy_score,4806.421798192274
G3_C3.2,tennet,2026H1,point,rmse,1220.1836854670585
G3_C3.2,tennet,2026H1,point,r2,0.8402641173897927
G3_C3.2,tennet,2026H1,point,mae,832.2416086415328
G3_C3.2,tennet,2026H1,point,smape,5.437153239745933
G3_C3.2,tennet,2026H1,quantile,wis,496.51904937781615
G3_C3.2,tennet,2026H1,quantile,lqs,248.2595246889081
G3_C3.2,tennet,2026H1,quantile,mae_median,827.9592599894206
G3_C3.2,tennet,2026H1,quantile,cov50,48.88980263157895
G3_C3.2,tennet,2026H1,quantile,cov95,94.66831140350878
G3_C3.2,tennet,2026H1,ensemble,wis,496.51904937781615
G3_C3.2,tennet,2026H1,ensemble,lqs,248.2595246889081
G3_C3.2,tennet,2026H1,ensemble,mae_median,827.9592599894206
G3_C3.2,tennet,2026H1,ensemble,cov50,48.88980263157895
G3_C3.2,tennet,2026H1,ensemble,cov95,94.66831140350878
G3_C3.2,tennet,2026H1,ensemble,crps,603.2026602204794
G3_C3.2,tennet,2026H1,ensemble,energy_score,6991.682565574176
G3_C3.2,transnetbw,2024,point,rmse,471.16079819465216
G3_C3.2,transnetbw,2024,point,r2,0.8816590816940483
G3_C3.2,transnetbw,2024,point,mae,293.62734763974026
G3_C3.2,transnetbw,2024,point,smape,4.605679748585068
G3_C3.2,transnetbw,2024,quantile,wis,177.35187996039198
G3_C3.2,transnetbw,2024,quantile,lqs,88.67593998019599
G3_C3.2,transnetbw,2024,quantile,mae_median,290.1265889214596
G3_C3.2,transnetbw,2024,quantile,cov50,50.76980311355312
G3_C3.2,transnetbw,2024,quantile,cov95,96.74908424908425
G3_C3.2,transnetbw,2024,ensemble,wis,177.35187996039198
G3_C3.2,transnetbw,2024,ensemble,lqs,88.67593998019599
G3_C3.2,transnetbw,2024,ensemble,mae_median,290.1265889214596
G3_C3.2,transnetbw,2024,ensemble,cov50,50.76980311355312
G3_C3.2,transnetbw,2024,ensemble,cov95,96.74908424908425
G3_C3.2,transnetbw,2024,ensemble,crps,214.16668821112108
G3_C3.2,transnetbw,2024,ensemble,energy_score,2486.579432649108
G3_C3.2,transnetbw,2025,point,rmse,465.09309155576227
G3_C3.2,transnetbw,2025,point,r2,0.8860574205724985
G3_C3.2,transnetbw,2025,point,mae,292.8594439377245
G3_C3.2,transnetbw,2025,point,smape,4.610942988797097
G3_C3.2,transnetbw,2025,quantile,wis,177.34997835615826
G3_C3.2,transnetbw,2025,quantile,lqs,88.67498917807913
G3_C3.2,transnetbw,2025,quantile,mae_median,288.84785691548944
G3_C3.2,transnetbw,2025,quantile,cov50,50.16552511415525
G3_C3.2,transnetbw,2025,quantile,cov95,96.17009132420091
G3_C3.2,transnetbw,2025,ensemble,wis,177.34997835615826
G3_C3.2,transnetbw,2025,ensemble,lqs,88.67498917807913
G3_C3.2,transnetbw,2025,ensemble,mae_median,288.84785691548944
G3_C3.2,transnetbw,2025,ensemble,cov50,50.16552511415525
G3_C3.2,transnetbw,2025,ensemble,cov95,96.17009132420091
G3_C3.2,transnetbw,2025,ensemble,crps,214.17556593651338
G3_C3.2,transnetbw,2025,ensemble,energy_score,2505.0045712883875
G3_C3.2,transnetbw,2026H1,point,rmse,595.1511053230818
G3_C3.2,transnetbw,2026H1,point,r2,0.8061247566361218
G3_C3.2,transnetbw,2026H1,point,mae,380.1158772764788
G3_C3.2,transnetbw,2026H1,point,smape,5.599759155320934
G3_C3.2,transnetbw,2026H1,quantile,wis,228.99506922860735
G3_C3.2,transnetbw,2026H1,quantile,lqs,114.49753461430366
G3_C3.2,transnetbw,2026H1,quantile,mae_median,381.96435260491626
G3_C3.2,transnetbw,2026H1,quantile,cov50,51.80921052631579
G3_C3.2,transnetbw,2026H1,quantile,cov95,95.51123903508771
G3_C3.2,transnetbw,2026H1,ensemble,wis,228.99506922860735
G3_C3.2,transnetbw,2026H1,ensemble,lqs,114.49753461430366
G3_C3.2,transnetbw,2026H1,ensemble,mae_median,381.96435260491626
G3_C3.2,transnetbw,2026H1,ensemble,cov50,51.80921052631579
G3_C3.2,transnetbw,2026H1,ensemble,cov95,95.51123903508771
G3_C3.2,transnetbw,2026H1,ensemble,crps,278.60004908939953
G3_C3.2,transnetbw,2026H1,ensemble,energy_score,3208.45861662585
G3_C3.2,50hertz,overall,point,rmse,923.7712612807317
G3_C3.2,50hertz,overall,point,r2,0.7731272879451174
G3_C3.2,50hertz,overall,point,mae,719.3989645007048
G3_C3.2,50hertz,overall,point,smape,6.22148170866308
G3_C3.2,50hertz,overall,quantile,wis,420.65860336087223
G3_C3.2,50hertz,overall,quantile,lqs,210.3293016804361
G3_C3.2,50hertz,overall,quantile,mae_median,716.2914268478296
G3_C3.2,50hertz,overall,quantile,cov50,47.45554294362467
G3_C3.2,50hertz,overall,quantile,cov95,96.53684260310254
G3_C3.2,50hertz,overall,ensemble,wis,420.65860336087223
G3_C3.2,50hertz,overall,ensemble,lqs,210.3293016804361
G3_C3.2,50hertz,overall,ensemble,mae_median,716.2914268478296
G3_C3.2,50hertz,overall,ensemble,cov50,47.45554294362467
G3_C3.2,50hertz,overall,ensemble,cov95,96.53684260310254
G3_C3.2,50hertz,overall,ensemble,crps,515.7034416320342
G3_C3.2,50hertz,overall,ensemble,energy_score,5871.71957924889
G3_C3.2,amprion,overall,point,rmse,1187.3446500766472
G3_C3.2,amprion,overall,point,r2,0.8729636057782755
G3_C3.2,amprion,overall,point,mae,817.474071708184
G3_C3.2,amprion,overall,point,smape,4.3009569925566975
G3_C3.2,amprion,overall,quantile,wis,492.10487969889857
G3_C3.2,amprion,overall,quantile,lqs,246.0524398494493
G3_C3.2,amprion,overall,quantile,mae_median,809.4980985719094
G3_C3.2,amprion,overall,quantile,cov50,52.743094967839575
G3_C3.2,amprion,overall,quantile,cov95,96.5865020809686
G3_C3.2,amprion,overall,ensemble,wis,492.10487969889857
G3_C3.2,amprion,overall,ensemble,lqs,246.0524398494493
G3_C3.2,amprion,overall,ensemble,mae_median,809.4980985719094
G3_C3.2,amprion,overall,ensemble,cov50,52.743094967839575
G3_C3.2,amprion,overall,ensemble,cov95,96.5865020809686
G3_C3.2,amprion,overall,ensemble,crps,598.392485251285
G3_C3.2,amprion,overall,ensemble,energy_score,6947.767708400171
G3_C3.2,de_lu,overall,point,rmse,3046.4360471501423
G3_C3.2,de_lu,overall,point,r2,0.8944085111840462
G3_C3.2,de_lu,overall,point,mae,2036.3573839731037
G3_C3.2,de_lu,overall,point,smape,3.8256009985159336
G3_C3.2,de_lu,overall,quantile,wis,1242.4266408643523
G3_C3.2,de_lu,overall,quantile,lqs,621.2133204321763
G3_C3.2,de_lu,overall,quantile,mae_median,2013.4703577105945
G3_C3.2,de_lu,overall,quantile,cov50,61.01021566401816
G3_C3.2,de_lu,overall,quantile,cov95,98.28201853953841
G3_C3.2,de_lu,overall,ensemble,wis,1242.4266408643523
G3_C3.2,de_lu,overall,ensemble,lqs,621.2133204321763
G3_C3.2,de_lu,overall,ensemble,mae_median,2013.4703577105945
G3_C3.2,de_lu,overall,ensemble,cov50,61.01021566401816
G3_C3.2,de_lu,overall,ensemble,cov95,98.28201853953841
G3_C3.2,de_lu,overall,ensemble,crps,1516.2340581355454
G3_C3.2,de_lu,overall,ensemble,energy_score,17090.001597929204
G3_C3.2,lu,overall,point,rmse,33.80114167215109
G3_C3.2,lu,overall,point,r2,0.8828562222824268
G3_C3.2,lu,overall,point,mae,21.467295394183118
G3_C3.2,lu,overall,point,smape,3.925421005046491
G3_C3.2,lu,overall,quantile,wis,12.936065295846573
G3_C3.2,lu,overall,quantile,lqs,6.4680326479232875
G3_C3.2,lu,overall,quantile,mae_median,21.135432555738284
G3_C3.2,lu,overall,quantile,cov50,49.98462920923193
G3_C3.2,lu,overall,quantile,cov95,96.28854521377222
G3_C3.2,lu,overall,ensemble,wis,12.936065295846573
G3_C3.2,lu,overall,ensemble,lqs,6.4680326479232875
G3_C3.2,lu,overall,ensemble,mae_median,21.135432555738284
G3_C3.2,lu,overall,ensemble,cov50,49.98462920923193
G3_C3.2,lu,overall,ensemble,cov95,96.28854521377222
G3_C3.2,lu,overall,ensemble,crps,15.676914960826696
G3_C3.2,lu,overall,ensemble,energy_score,180.41635893208
G3_C3.2,tennet,overall,point,rmse,929.8169171111593
G3_C3.2,tennet,overall,point,r2,0.8947671120813285
G3_C3.2,tennet,overall,point,mae,616.4035820819098
G3_C3.2,tennet,overall,point,smape,3.947138414817244
G3_C3.2,tennet,overall,quantile,wis,368.52450157395424
G3_C3.2,tennet,overall,quantile,lqs,184.26225078697715
G3_C3.2,tennet,overall,quantile,mae_median,609.2902576144533
G3_C3.2,tennet,overall,quantile,cov50,49.2101778282255
G3_C3.2,tennet,overall,quantile,cov95,96.00595913734394
G3_C3.2,tennet,overall,ensemble,wis,368.52450157395424
G3_C3.2,tennet,overall,ensemble,lqs,184.26225078697715
G3_C3.2,tennet,overall,ensemble,mae_median,609.2902576144533
G3_C3.2,tennet,overall,ensemble,cov50,49.2101778282255
G3_C3.2,tennet,overall,ensemble,cov95,96.00595913734394
G3_C3.2,tennet,overall,ensemble,crps,446.87519002702464
G3_C3.2,tennet,overall,ensemble,energy_score,5160.117006673646
G3_C3.2,transnetbw,overall,point,rmse,492.39175441305963
G3_C3.2,transnetbw,overall,point,r2,0.8730838367505289
G3_C3.2,transnetbw,overall,point,mae,308.2311747152777
G3_C3.2,transnetbw,overall,point,smape,4.779370046543345
G3_C3.2,transnetbw,overall,quantile,wis,186.26115428868192
G3_C3.2,transnetbw,overall,quantile,lqs,93.13057714434096
G3_C3.2,transnetbw,overall,quantile,mae_median,305.4416886918413
G3_C3.2,transnetbw,overall,quantile,cov50,50.69877979568672
G3_C3.2,transnetbw,overall,quantile,cov95,96.29563942489595
G3_C3.2,transnetbw,overall,ensemble,wis,186.26115428868192
G3_C3.2,transnetbw,overall,ensemble,lqs,93.13057714434096
G3_C3.2,transnetbw,overall,ensemble,mae_median,305.4416886918413
G3_C3.2,transnetbw,overall,ensemble,cov50,50.69877979568672
G3_C3.2,transnetbw,overall,ensemble,cov95,96.29563942489595
G3_C3.2,transnetbw,overall,ensemble,crps,225.2871322783929
G3_C3.2,transnetbw,overall,ensemble,energy_score,2618.759695495648
G3_C3.3,50hertz,2024,point,rmse,865.9875354904876
G3_C3.3,50hertz,2024,point,r2,0.7836354519524259
G3_C3.3,50hertz,2024,point,mae,665.8804695419772
G3_C3.3,50hertz,2024,point,smape,5.823811887477072
G3_C3.3,50hertz,2024,quantile,wis,392.2877090966919
G3_C3.3,50hertz,2024,quantile,lqs,196.143854548346
G3_C3.3,50hertz,2024,quantile,mae_median,664.4886822498587
G3_C3.3,50hertz,2024,quantile,cov50,51.58253205128205
G3_C3.3,50hertz,2024,quantile,cov95,97.16403388278388
G3_C3.3,50hertz,2024,ensemble,wis,392.2877090966919
G3_C3.3,50hertz,2024,ensemble,lqs,196.143854548346
G3_C3.3,50hertz,2024,ensemble,mae_median,664.4886822498587
G3_C3.3,50hertz,2024,ensemble,cov50,51.58253205128205
G3_C3.3,50hertz,2024,ensemble,cov95,97.16403388278388
G3_C3.3,50hertz,2024,ensemble,crps,481.9501159820135
G3_C3.3,50hertz,2024,ensemble,energy_score,5535.590982652546
G3_C3.3,50hertz,2025,point,rmse,925.288962236559
G3_C3.3,50hertz,2025,point,r2,0.758621536024077
G3_C3.3,50hertz,2025,point,mae,735.9201793806121
G3_C3.3,50hertz,2025,point,smape,6.401099314868521
G3_C3.3,50hertz,2025,quantile,wis,426.97161694840105
G3_C3.3,50hertz,2025,quantile,lqs,213.48580847420052
G3_C3.3,50hertz,2025,quantile,mae_median,734.2780616047062
G3_C3.3,50hertz,2025,quantile,cov50,49.43778538812785
G3_C3.3,50hertz,2025,quantile,cov95,97.84817351598174
G3_C3.3,50hertz,2025,ensemble,wis,426.97161694840105
G3_C3.3,50hertz,2025,ensemble,lqs,213.48580847420052
G3_C3.3,50hertz,2025,ensemble,mae_median,734.2780616047062
G3_C3.3,50hertz,2025,ensemble,cov50,49.43778538812785
G3_C3.3,50hertz,2025,ensemble,cov95,97.84817351598174
G3_C3.3,50hertz,2025,ensemble,crps,524.3439942291485
G3_C3.3,50hertz,2025,ensemble,energy_score,5997.024637540264
G3_C3.3,50hertz,2026H1,point,rmse,930.1804701336221
G3_C3.3,50hertz,2026H1,point,r2,0.8138398476032151
G3_C3.3,50hertz,2026H1,point,mae,702.8330104618694
G3_C3.3,50hertz,2026H1,point,smape,5.878263912585
G3_C3.3,50hertz,2026H1,quantile,wis,414.98866113041663
G3_C3.3,50hertz,2026H1,quantile,lqs,207.49433056520834
G3_C3.3,50hertz,2026H1,quantile,mae_median,696.4334843361838
G3_C3.3,50hertz,2026H1,quantile,cov50,55.448190789473685
G3_C3.3,50hertz,2026H1,quantile,cov95,96.33360745614034
G3_C3.3,50hertz,2026H1,ensemble,wis,414.98866113041663
G3_C3.3,50hertz,2026H1,ensemble,lqs,207.49433056520834
G3_C3.3,50hertz,2026H1,ensemble,mae_median,696.4334843361838
G3_C3.3,50hertz,2026H1,ensemble,cov50,55.448190789473685
G3_C3.3,50hertz,2026H1,ensemble,cov95,96.33360745614034
G3_C3.3,50hertz,2026H1,ensemble,crps,510.31193485951144
G3_C3.3,50hertz,2026H1,ensemble,energy_score,5793.3349917821815
G3_C3.3,amprion,2024,point,rmse,1229.5897885992167
G3_C3.3,amprion,2024,point,r2,0.8613793802682657
G3_C3.3,amprion,2024,point,mae,830.0314473479111
G3_C3.3,amprion,2024,point,smape,4.471023873598598
G3_C3.3,amprion,2024,quantile,wis,504.03760395220274
G3_C3.3,amprion,2024,quantile,lqs,252.01880197610143
G3_C3.3,amprion,2024,quantile,mae_median,813.3611429413239
G3_C3.3,amprion,2024,quantile,cov50,58.26465201465202
G3_C3.3,amprion,2024,quantile,cov95,96.8206272893773
G3_C3.3,amprion,2024,ensemble,wis,504.03760395220274
G3_C3.3,amprion,2024,ensemble,lqs,252.01880197610143
G3_C3.3,amprion,2024,ensemble,mae_median,813.3611429413239
G3_C3.3,amprion,2024,ensemble,cov50,58.26465201465202
G3_C3.3,amprion,2024,ensemble,cov95,96.8206272893773
G3_C3.3,amprion,2024,ensemble,crps,614.0170757263464
G3_C3.3,amprion,2024,ensemble,energy_score,7088.945825107483
G3_C3.3,amprion,2025,point,rmse,1038.8234335404443
G3_C3.3,amprion,2025,point,r2,0.897712782189527
G3_C3.3,amprion,2025,point,mae,742.6044226042281
G3_C3.3,amprion,2025,point,smape,3.8982951780108714
G3_C3.3,amprion,2025,quantile,wis,442.3117694646759
G3_C3.3,amprion,2025,quantile,lqs,221.15588473233794
G3_C3.3,amprion,2025,quantile,mae_median,729.6916706602187
G3_C3.3,amprion,2025,quantile,cov50,58.67294520547945
G3_C3.3,amprion,2025,quantile,cov95,97.6769406392694
G3_C3.3,amprion,2025,ensemble,wis,442.3117694646759
G3_C3.3,amprion,2025,ensemble,lqs,221.15588473233794
G3_C3.3,amprion,2025,ensemble,mae_median,729.6916706602187
G3_C3.3,amprion,2025,ensemble,cov50,58.67294520547945
G3_C3.3,amprion,2025,ensemble,cov95,97.6769406392694
G3_C3.3,amprion,2025,ensemble,crps,543.2400092323036
G3_C3.3,amprion,2025,ensemble,energy_score,6363.092395602251
G3_C3.3,amprion,2026H1,point,rmse,1315.0906450555535
G3_C3.3,amprion,2026H1,point,r2,0.8527048733235847
G3_C3.3,amprion,2026H1,point,mae,928.2226901462589
G3_C3.3,amprion,2026H1,point,smape,4.707383268415877
G3_C3.3,amprion,2026H1,quantile,wis,561.7323932696747
G3_C3.3,amprion,2026H1,quantile,lqs,280.86619663483737
G3_C3.3,amprion,2026H1,quantile,mae_median,923.6549239269164
G3_C3.3,amprion,2026H1,quantile,cov50,58.16200657894737
G3_C3.3,amprion,2026H1,quantile,cov95,95.84018640350878
G3_C3.3,amprion,2026H1,ensemble,wis,561.7323932696747
G3_C3.3,amprion,2026H1,ensemble,lqs,280.86619663483737
G3_C3.3,amprion,2026H1,ensemble,mae_median,923.6549239269164
G3_C3.3,amprion,2026H1,ensemble,cov50,58.16200657894737
G3_C3.3,amprion,2026H1,ensemble,cov95,95.84018640350878
G3_C3.3,amprion,2026H1,ensemble,crps,687.505431861068
G3_C3.3,amprion,2026H1,ensemble,energy_score,7895.9185059252195
G3_C3.3,de_lu,2024,point,rmse,3000.147296946963
G3_C3.3,de_lu,2024,point,r2,0.8942223733071117
G3_C3.3,de_lu,2024,point,mae,1961.8598620571688
G3_C3.3,de_lu,2024,point,smape,3.710016954734129
G3_C3.3,de_lu,2024,quantile,wis,1218.5530866850113
G3_C3.3,de_lu,2024,quantile,lqs,609.2765433425056
G3_C3.3,de_lu,2024,quantile,mae_median,1925.8100779298445
G3_C3.3,de_lu,2024,quantile,cov50,65.62213827838828
G3_C3.3,de_lu,2024,quantile,cov95,98.40029761904762
G3_C3.3,de_lu,2024,ensemble,wis,1218.5530866850113
G3_C3.3,de_lu,2024,ensemble,lqs,609.2765433425056
G3_C3.3,de_lu,2024,ensemble,mae_median,1925.8100779298445
G3_C3.3,de_lu,2024,ensemble,cov50,65.62213827838828
G3_C3.3,de_lu,2024,ensemble,cov95,98.40029761904762
G3_C3.3,de_lu,2024,ensemble,crps,1490.472918419997
G3_C3.3,de_lu,2024,ensemble,energy_score,16762.506107460955
G3_C3.3,de_lu,2025,point,rmse,2753.3007202065082
G3_C3.3,de_lu,2025,point,r2,0.9114874797198161
G3_C3.3,de_lu,2025,point,mae,1899.0438331059308
G3_C3.3,de_lu,2025,point,smape,3.5885728799039307
G3_C3.3,de_lu,2025,quantile,wis,1161.8977689904168
G3_C3.3,de_lu,2025,quantile,lqs,580.9488844952084
G3_C3.3,de_lu,2025,quantile,mae_median,1862.6243983815639
G3_C3.3,de_lu,2025,quantile,cov50,66.58961187214612
G3_C3.3,de_lu,2025,quantile,cov95,98.61586757990868
G3_C3.3,de_lu,2025,ensemble,wis,1161.8977689904168
G3_C3.3,de_lu,2025,ensemble,lqs,580.9488844952084
G3_C3.3,de_lu,2025,ensemble,mae_median,1862.6243983815639
G3_C3.3,de_lu,2025,ensemble,cov50,66.58961187214612
G3_C3.3,de_lu,2025,ensemble,cov95,98.61586757990868
G3_C3.3,de_lu,2025,ensemble,crps,1425.5843633934433
G3_C3.3,de_lu,2025,ensemble,energy_score,16163.969637139111
G3_C3.3,de_lu,2026H1,point,rmse,3509.6818593596636
G3_C3.3,de_lu,2026H1,point,r2,0.8711155866743168
G3_C3.3,de_lu,2026H1,point,mae,2341.736457101264
G3_C3.3,de_lu,2026H1,point,smape,4.3233171134908055
G3_C3.3,de_lu,2026H1,quantile,wis,1455.0278562453439
G3_C3.3,de_lu,2026H1,quantile,lqs,727.513928122672
G3_C3.3,de_lu,2026H1,quantile,mae_median,2315.6469620568973
G3_C3.3,de_lu,2026H1,quantile,cov50,66.4953399122807
G3_C3.3,de_lu,2026H1,quantile,cov95,97.23821271929825
G3_C3.3,de_lu,2026H1,ensemble,wis,1455.0278562453439
G3_C3.3,de_lu,2026H1,ensemble,lqs,727.513928122672
G3_C3.3,de_lu,2026H1,ensemble,mae_median,2315.6469620568973
G3_C3.3,de_lu,2026H1,ensemble,cov50,66.4953399122807
G3_C3.3,de_lu,2026H1,ensemble,cov95,97.23821271929825
G3_C3.3,de_lu,2026H1,ensemble,crps,1785.6438398195958
G3_C3.3,de_lu,2026H1,ensemble,energy_score,20024.789635522564
G3_C3.3,lu,2024,point,rmse,30.57423336586804
G3_C3.3,lu,2024,point,r2,0.9030575691037215
G3_C3.3,lu,2024,point,mae,19.48436039072819
G3_C3.3,lu,2024,point,smape,3.508452964361371
G3_C3.3,lu,2024,quantile,wis,11.810154020181768
G3_C3.3,lu,2024,quantile,lqs,5.905077010090884
G3_C3.3,lu,2024,quantile,mae_median,19.069544563300443
G3_C3.3,lu,2024,quantile,cov50,53.43692765567766
G3_C3.3,lu,2024,quantile,cov95,96.0136217948718
G3_C3.3,lu,2024,ensemble,wis,11.810154020181768
G3_C3.3,lu,2024,ensemble,lqs,5.905077010090884
G3_C3.3,lu,2024,ensemble,mae_median,19.069544563300443
G3_C3.3,lu,2024,ensemble,cov50,53.43692765567766
G3_C3.3,lu,2024,ensemble,cov95,96.0136217948718
G3_C3.3,lu,2024,ensemble,crps,14.278512494385307
G3_C3.3,lu,2024,ensemble,energy_score,163.91982145413624
G3_C3.3,lu,2025,point,rmse,30.070190794774987
G3_C3.3,lu,2025,point,r2,0.9071244813465855
G3_C3.3,lu,2025,point,mae,20.136309459202373
G3_C3.3,lu,2025,point,smape,3.6887816298419045
G3_C3.3,lu,2025,quantile,wis,12.083509387125687
G3_C3.3,lu,2025,quantile,lqs,6.041754693562843
G3_C3.3,lu,2025,quantile,mae_median,19.66205761846255
G3_C3.3,lu,2025,quantile,cov50,54.13527397260274
G3_C3.3,lu,2025,quantile,cov95,96.32705479452055
G3_C3.3,lu,2025,ensemble,wis,12.083509387125687
G3_C3.3,lu,2025,ensemble,lqs,6.041754693562843
G3_C3.3,lu,2025,ensemble,mae_median,19.66205761846255
G3_C3.3,lu,2025,ensemble,cov50,54.13527397260274
G3_C3.3,lu,2025,ensemble,cov95,96.32705479452055
G3_C3.3,lu,2025,ensemble,crps,14.69987230452623
G3_C3.3,lu,2025,ensemble,energy_score,169.82762826200198
G3_C3.3,lu,2026H1,point,rmse,41.281672093686375
G3_C3.3,lu,2026H1,point,r2,0.8288963450206224
G3_C3.3,lu,2026H1,point,mae,27.074497671977205
G3_C3.3,lu,2026H1,point,smape,5.0337377352306385
G3_C3.3,lu,2026H1,quantile,wis,16.318643901818454
G3_C3.3,lu,2026H1,quantile,lqs,8.159321950909227
G3_C3.3,lu,2026H1,quantile,mae_median,26.541928056355662
G3_C3.3,lu,2026H1,quantile,cov50,54.41337719298246
G3_C3.3,lu,2026H1,quantile,cov95,95.7922149122807
G3_C3.3,lu,2026H1,ensemble,wis,16.318643901818454
G3_C3.3,lu,2026H1,ensemble,lqs,8.159321950909227
G3_C3.3,lu,2026H1,ensemble,mae_median,26.541928056355662
G3_C3.3,lu,2026H1,ensemble,cov50,54.41337719298246
G3_C3.3,lu,2026H1,ensemble,cov95,95.7922149122807
G3_C3.3,lu,2026H1,ensemble,crps,19.855965557967536
G3_C3.3,lu,2026H1,ensemble,energy_score,228.52372707216924
G3_C3.3,tennet,2024,point,rmse,864.9643836813298
G3_C3.3,tennet,2024,point,r2,0.9045780781299919
G3_C3.3,tennet,2024,point,mae,570.9563014447425
G3_C3.3,tennet,2024,point,smape,3.6202719399048977
G3_C3.3,tennet,2024,quantile,wis,342.46838867982575
G3_C3.3,tennet,2024,quantile,lqs,171.2341943399129
G3_C3.3,tennet,2024,quantile,mae_median,560.6713992454893
G3_C3.3,tennet,2024,quantile,cov50,54.761904761904766
G3_C3.3,tennet,2024,quantile,cov95,96.78628663003663
G3_C3.3,tennet,2024,ensemble,wis,342.46838867982575
G3_C3.3,tennet,2024,ensemble,lqs,171.2341943399129
G3_C3.3,tennet,2024,ensemble,mae_median,560.6713992454893
G3_C3.3,tennet,2024,ensemble,cov50,54.761904761904766
G3_C3.3,tennet,2024,ensemble,cov95,96.78628663003663
G3_C3.3,tennet,2024,ensemble,crps,416.12216367387225
G3_C3.3,tennet,2024,ensemble,energy_score,4803.131076319004
G3_C3.3,tennet,2025,point,rmse,838.4560054719022
G3_C3.3,tennet,2025,point,r2,0.9133748019209817
G3_C3.3,tennet,2025,point,mae,564.9848218710504
G3_C3.3,tennet,2025,point,smape,3.624511343330373
G3_C3.3,tennet,2025,quantile,wis,338.2559419360909
G3_C3.3,tennet,2025,quantile,lqs,169.12797096804545
G3_C3.3,tennet,2025,quantile,mae_median,555.1753474183523
G3_C3.3,tennet,2025,quantile,cov50,52.708333333333336
G3_C3.3,tennet,2025,quantile,cov95,96.18150684931507
G3_C3.3,tennet,2025,ensemble,wis,338.2559419360909
G3_C3.3,tennet,2025,ensemble,lqs,169.12797096804545
G3_C3.3,tennet,2025,ensemble,mae_median,555.1753474183523
G3_C3.3,tennet,2025,ensemble,cov50,52.708333333333336
G3_C3.3,tennet,2025,ensemble,cov95,96.18150684931507
G3_C3.3,tennet,2025,ensemble,crps,410.5803275149576
G3_C3.3,tennet,2025,ensemble,energy_score,4771.264893048932
G3_C3.3,tennet,2026H1,point,rmse,1185.4878029015358
G3_C3.3,tennet,2026H1,point,r2,0.849219132399629
G3_C3.3,tennet,2026H1,point,mae,809.9339362261907
G3_C3.3,tennet,2026H1,point,smape,5.298373927279107
G3_C3.3,tennet,2026H1,quantile,wis,490.03886936554494
G3_C3.3,tennet,2026H1,quantile,lqs,245.01943468277244
G3_C3.3,tennet,2026H1,quantile,mae_median,803.4976087025425
G3_C3.3,tennet,2026H1,quantile,cov50,53.604714912280706
G3_C3.3,tennet,2026H1,quantile,cov95,94.66145833333334
G3_C3.3,tennet,2026H1,ensemble,wis,490.03886936554494
G3_C3.3,tennet,2026H1,ensemble,lqs,245.01943468277244
G3_C3.3,tennet,2026H1,ensemble,mae_median,803.4976087025425
G3_C3.3,tennet,2026H1,ensemble,cov50,53.604714912280706
G3_C3.3,tennet,2026H1,ensemble,cov95,94.66145833333334
G3_C3.3,tennet,2026H1,ensemble,crps,595.8821188085604
G3_C3.3,tennet,2026H1,ensemble,energy_score,6910.1700373257245
G3_C3.3,transnetbw,2024,point,rmse,482.01254017533864
G3_C3.3,transnetbw,2024,point,r2,0.8761450661962995
G3_C3.3,transnetbw,2024,point,mae,299.8316874255532
G3_C3.3,transnetbw,2024,point,smape,4.698240549470446
G3_C3.3,transnetbw,2024,quantile,wis,181.1399758201012
G3_C3.3,transnetbw,2024,quantile,lqs,90.56998791005061
G3_C3.3,transnetbw,2024,quantile,mae_median,293.48443749675823
G3_C3.3,transnetbw,2024,quantile,cov50,55.24839743589743
G3_C3.3,transnetbw,2024,quantile,cov95,96.10233516483517
G3_C3.3,transnetbw,2024,ensemble,wis,181.1399758201012
G3_C3.3,transnetbw,2024,ensemble,lqs,90.56998791005061
G3_C3.3,transnetbw,2024,ensemble,mae_median,293.48443749675823
G3_C3.3,transnetbw,2024,ensemble,cov50,55.24839743589743
G3_C3.3,transnetbw,2024,ensemble,cov95,96.10233516483517
G3_C3.3,transnetbw,2024,ensemble,crps,218.95476819535875
G3_C3.3,transnetbw,2024,ensemble,energy_score,2531.274472076157
G3_C3.3,transnetbw,2025,point,rmse,454.17780030733
G3_C3.3,transnetbw,2025,point,r2,0.8913429087600261
G3_C3.3,transnetbw,2025,point,mae,290.2225674393975
G3_C3.3,transnetbw,2025,point,smape,4.579400931717282
G3_C3.3,transnetbw,2025,quantile,wis,175.99951345115517
G3_C3.3,transnetbw,2025,quantile,lqs,87.99975672557757
G3_C3.3,transnetbw,2025,quantile,mae_median,286.4953705505984
G3_C3.3,transnetbw,2025,quantile,cov50,54.962899543378995
G3_C3.3,transnetbw,2025,quantile,cov95,96.30707762557078
G3_C3.3,transnetbw,2025,ensemble,wis,175.99951345115517
G3_C3.3,transnetbw,2025,ensemble,lqs,87.99975672557757
G3_C3.3,transnetbw,2025,ensemble,mae_median,286.4953705505984
G3_C3.3,transnetbw,2025,ensemble,cov50,54.962899543378995
G3_C3.3,transnetbw,2025,ensemble,cov95,96.30707762557078
G3_C3.3,transnetbw,2025,ensemble,crps,212.88438626188594
G3_C3.3,transnetbw,2025,ensemble,energy_score,2498.528975719706
G3_C3.3,transnetbw,2026H1,point,rmse,573.0951502244785
G3_C3.3,transnetbw,2026H1,point,r2,0.8202282966039501
G3_C3.3,transnetbw,2026H1,point,mae,366.7803874838693
G3_C3.3,transnetbw,2026H1,point,smape,5.3905836526234925
G3_C3.3,transnetbw,2026H1,quantile,wis,222.55740516702082
G3_C3.3,transnetbw,2026H1,quantile,lqs,111.27870258351042
G3_C3.3,transnetbw,2026H1,quantile,mae_median,363.36498288659885
G3_C3.3,transnetbw,2026H1,quantile,cov50,57.161458333333336
G3_C3.3,transnetbw,2026H1,quantile,cov95,95.38103070175438
G3_C3.3,transnetbw,2026H1,ensemble,wis,222.55740516702082
G3_C3.3,transnetbw,2026H1,ensemble,lqs,111.27870258351042
G3_C3.3,transnetbw,2026H1,ensemble,mae_median,363.36498288659885
G3_C3.3,transnetbw,2026H1,ensemble,cov50,57.161458333333336
G3_C3.3,transnetbw,2026H1,ensemble,cov95,95.38103070175438
G3_C3.3,transnetbw,2026H1,ensemble,crps,270.6415351101009
G3_C3.3,transnetbw,2026H1,ensemble,energy_score,3126.0578386003
G3_C3.3,50hertz,overall,point,rmse,902.1290434518276
G3_C3.3,50hertz,overall,point,r2,0.7836331620790362
G3_C3.3,50hertz,overall,point,mae,701.2735232433681
G3_C3.3,50hertz,overall,point,smape,6.072377856619278
G3_C3.3,50hertz,overall,quantile,wis,410.5739418719472
G3_C3.3,50hertz,overall,quantile,lqs,205.28697093597367
G3_C3.3,50hertz,overall,quantile,mae_median,698.9140322857734
G3_C3.3,50hertz,overall,quantile,cov50,51.3609061672342
G3_C3.3,50hertz,overall,quantile,cov95,97.30419977298524
G3_C3.3,50hertz,overall,ensemble,wis,410.5739418719472
G3_C3.3,50hertz,overall,ensemble,lqs,205.28697093597367
G3_C3.3,50hertz,overall,ensemble,mae_median,698.9140322857734
G3_C3.3,50hertz,overall,ensemble,cov50,51.3609061672342
G3_C3.3,50hertz,overall,ensemble,cov95,97.30419977298524
G3_C3.3,50hertz,overall,ensemble,crps,504.4072806012915
G3_C3.3,50hertz,overall,ensemble,energy_score,5771.232723199335
G3_C3.3,amprion,overall,point,rmse,1170.5320710133974
G3_C3.3,amprion,overall,point,r2,0.8765357582949894
G3_C3.3,amprion,overall,point,mae,810.7513166712988
G3_C3.3,amprion,overall,point,smape,4.274520643317901
G3_C3.3,amprion,overall,quantile,wis,488.4186236892157
G3_C3.3,amprion,overall,quantile,lqs,244.20931184460787
G3_C3.3,amprion,overall,quantile,mae_median,797.7258391129545
G3_C3.3,amprion,overall,quantile,cov50,58.41609912977677
G3_C3.3,amprion,overall,quantile,cov95,97.00624290578888
G3_C3.3,amprion,overall,ensemble,wis,488.4186236892157
G3_C3.3,amprion,overall,ensemble,lqs,244.20931184460787
G3_C3.3,amprion,overall,ensemble,mae_median,797.7258391129545
G3_C3.3,amprion,overall,ensemble,cov50,58.41609912977677
G3_C3.3,amprion,overall,ensemble,cov95,97.00624290578888
G3_C3.3,amprion,overall,ensemble,crps,597.3730358422966
G3_C3.3,amprion,overall,ensemble,energy_score,6927.451325351396
G3_C3.3,de_lu,overall,point,rmse,2997.4601665362607
G3_C3.3,de_lu,overall,point,r2,0.8977762936683021
G3_C3.3,de_lu,overall,point,mae,2001.3756303653422
G3_C3.3,de_lu,overall,point,smape,3.7655158614514863
G3_C3.3,de_lu,overall,quantile,wis,1235.8799584382957
G3_C3.3,de_lu,overall,quantile,lqs,617.9399792191477
G3_C3.3,de_lu,overall,quantile,mae_median,1966.8911600549181
G3_C3.3,de_lu,overall,quantile,cov50,66.17361899356791
G3_C3.3,de_lu,overall,quantile,cov95,98.28911275066213
G3_C3.3,de_lu,overall,ensemble,wis,1235.8799584382957
G3_C3.3,de_lu,overall,ensemble,lqs,617.9399792191477
G3_C3.3,de_lu,overall,ensemble,mae_median,1966.8911600549181
G3_C3.3,de_lu,overall,ensemble,cov50,66.17361899356791
G3_C3.3,de_lu,overall,ensemble,cov95,98.28911275066213
G3_C3.3,de_lu,overall,ensemble,crps,1514.5156624245906
G3_C3.3,de_lu,overall,ensemble,energy_score,17077.377032089662
G3_C3.3,lu,overall,point,rmse,32.47866811858726
G3_C3.3,lu,overall,point,r2,0.8918434290997078
G3_C3.3,lu,overall,point,mae,21.063999751389854
G3_C3.3,lu,overall,point,smape,3.8463227124573103
G3_C3.3,lu,overall,quantile,wis,12.701260911150333
G3_C3.3,lu,overall,quantile,lqs,6.350630455575168
G3_C3.3,lu,overall,quantile,mae_median,20.60424326486521
G3_C3.3,lu,overall,quantile,cov50,53.89472190692395
G3_C3.3,lu,overall,quantile,cov95,96.10527809307605
G3_C3.3,lu,overall,ensemble,wis,12.701260911150333
G3_C3.3,lu,overall,ensemble,lqs,6.350630455575168
G3_C3.3,lu,overall,ensemble,mae_median,20.60424326486521
G3_C3.3,lu,overall,ensemble,cov50,53.89472190692395
G3_C3.3,lu,overall,ensemble,cov95,96.10527809307605
G3_C3.3,lu,overall,ensemble,crps,15.415367427831319
G3_C3.3,lu,overall,ensemble,energy_score,177.51362751408178
G3_C3.3,tennet,overall,point,rmse,918.0665707300583
G3_C3.3,tennet,overall,point,r2,0.8974100189268457
G3_C3.3,tennet,overall,point,mae,609.7134075087408
G3_C3.3,tennet,overall,point,smape,3.9115533069096404
G3_C3.3,tennet,overall,quantile,wis,366.18367812677934
G3_C3.3,tennet,overall,quantile,lqs,183.09183906338967
G3_C3.3,tennet,overall,quantile,mae_median,600.2894752052702
G3_C3.3,tennet,overall,quantile,cov50,53.711454786227776
G3_C3.3,tennet,overall,quantile,cov95,96.16912599318955
G3_C3.3,tennet,overall,ensemble,wis,366.18367812677934
G3_C3.3,tennet,overall,ensemble,lqs,183.09183906338967
G3_C3.3,tennet,overall,ensemble,mae_median,600.2894752052702
G3_C3.3,tennet,overall,ensemble,cov50,53.711454786227776
G3_C3.3,tennet,overall,ensemble,cov95,96.16912599318955
G3_C3.3,tennet,overall,ensemble,crps,444.8403736426223
G3_C3.3,tennet,overall,ensemble,energy_score,5153.45884610271
G3_C3.3,transnetbw,overall,point,rmse,487.97596544806885
G3_C3.3,transnetbw,overall,point,r2,0.8753500078893777
G3_C3.3,transnetbw,overall,point,mae,307.40135100548196
G3_C3.3,transnetbw,overall,point,smape,4.7684558629770954
G3_C3.3,transnetbw,overall,quantile,wis,186.15607172937078
G3_C3.3,transnetbw,overall,quantile,lqs,93.07803586468538
G3_C3.3,transnetbw,overall,quantile,mae_median,302.64542894273717
G3_C3.3,transnetbw,overall,quantile,cov50,55.4601778282255
G3_C3.3,transnetbw,overall,quantile,cov95,96.06271282633371
G3_C3.3,transnetbw,overall,ensemble,wis,186.15607172937078
G3_C3.3,transnetbw,overall,ensemble,lqs,93.07803586468538
G3_C3.3,transnetbw,overall,ensemble,mae_median,302.64542894273717
G3_C3.3,transnetbw,overall,ensemble,cov50,55.4601778282255
G3_C3.3,transnetbw,overall,ensemble,cov95,96.06271282633371
G3_C3.3,transnetbw,overall,ensemble,crps,225.35737791763256
G3_C3.3,transnetbw,overall,ensemble,energy_score,2620.3266463571617
G3_C3.4,50hertz,2024,point,rmse,868.283004807776
G3_C3.4,50hertz,2024,point,r2,0.7824868986399832
G3_C3.4,50hertz,2024,point,mae,668.101503709693
G3_C3.4,50hertz,2024,point,smape,5.842404687822355
G3_C3.4,50hertz,2024,quantile,wis,393.63699160315264
G3_C3.4,50hertz,2024,quantile,lqs,196.81849580157632
G3_C3.4,50hertz,2024,quantile,mae_median,668.1619024166343
G3_C3.4,50hertz,2024,quantile,cov50,50.28903388278388
G3_C3.4,50hertz,2024,quantile,cov95,97.43875915750915
G3_C3.4,50hertz,2024,ensemble,wis,393.63699160315264
G3_C3.4,50hertz,2024,ensemble,lqs,196.81849580157632
G3_C3.4,50hertz,2024,ensemble,mae_median,668.1619024166343
G3_C3.4,50hertz,2024,ensemble,cov50,50.28903388278388
G3_C3.4,50hertz,2024,ensemble,cov95,97.43875915750915
G3_C3.4,50hertz,2024,ensemble,crps,483.4104919117589
G3_C3.4,50hertz,2024,ensemble,energy_score,5536.794043984561
G3_C3.4,50hertz,2025,point,rmse,938.6284152719329
G3_C3.4,50hertz,2025,point,r2,0.7516116906865592
G3_C3.4,50hertz,2025,point,mae,750.2748178889306
G3_C3.4,50hertz,2025,point,smape,6.5191991931642965
G3_C3.4,50hertz,2025,quantile,wis,435.3595989550921
G3_C3.4,50hertz,2025,quantile,lqs,217.67979947754606
G3_C3.4,50hertz,2025,quantile,mae_median,747.4485652416212
G3_C3.4,50hertz,2025,quantile,cov50,47.82819634703196
G3_C3.4,50hertz,2025,quantile,cov95,97.75399543378995
G3_C3.4,50hertz,2025,ensemble,wis,435.3595989550921
G3_C3.4,50hertz,2025,ensemble,lqs,217.67979947754606
G3_C3.4,50hertz,2025,ensemble,mae_median,747.4485652416212
G3_C3.4,50hertz,2025,ensemble,cov50,47.82819634703196
G3_C3.4,50hertz,2025,ensemble,cov95,97.75399543378995
G3_C3.4,50hertz,2025,ensemble,crps,533.4106619799795
G3_C3.4,50hertz,2025,ensemble,energy_score,6077.857499412976
G3_C3.4,50hertz,2026H1,point,rmse,943.2688659533563
G3_C3.4,50hertz,2026H1,point,r2,0.8085641406338822
G3_C3.4,50hertz,2026H1,point,mae,707.0227851742623
G3_C3.4,50hertz,2026H1,point,smape,5.908574816871293
G3_C3.4,50hertz,2026H1,quantile,wis,421.44217966212886
G3_C3.4,50hertz,2026H1,quantile,lqs,210.72108983106446
G3_C3.4,50hertz,2026H1,quantile,mae_median,706.6135328933983
G3_C3.4,50hertz,2026H1,quantile,cov50,54.89309210526315
G3_C3.4,50hertz,2026H1,quantile,cov95,96.47752192982456
G3_C3.4,50hertz,2026H1,ensemble,wis,421.44217966212886
G3_C3.4,50hertz,2026H1,ensemble,lqs,210.72108983106446
G3_C3.4,50hertz,2026H1,ensemble,mae_median,706.6135328933983
G3_C3.4,50hertz,2026H1,ensemble,cov50,54.89309210526315
G3_C3.4,50hertz,2026H1,ensemble,cov95,96.47752192982456
G3_C3.4,50hertz,2026H1,ensemble,crps,517.8809654994129
G3_C3.4,50hertz,2026H1,ensemble,energy_score,5859.908142838446
G3_C3.4,amprion,2024,point,rmse,1218.2800029103983
G3_C3.4,amprion,2024,point,r2,0.8639177216431807
G3_C3.4,amprion,2024,point,mae,822.2413278171636
G3_C3.4,amprion,2024,point,smape,4.442168534785703
G3_C3.4,amprion,2024,quantile,wis,503.2321820248092
G3_C3.4,amprion,2024,quantile,lqs,251.61609101240464
G3_C3.4,amprion,2024,quantile,mae_median,813.5359562777069
G3_C3.4,amprion,2024,quantile,cov50,56.18131868131868
G3_C3.4,amprion,2024,quantile,cov95,96.48008241758241
G3_C3.4,amprion,2024,ensemble,wis,503.2321820248092
G3_C3.4,amprion,2024,ensemble,lqs,251.61609101240464
G3_C3.4,amprion,2024,ensemble,mae_median,813.5359562777069
G3_C3.4,amprion,2024,ensemble,cov50,56.18131868131868
G3_C3.4,amprion,2024,ensemble,cov95,96.48008241758241
G3_C3.4,amprion,2024,ensemble,crps,611.7751107045457
G3_C3.4,amprion,2024,ensemble,energy_score,7074.556016012901
G3_C3.4,amprion,2025,point,rmse,1065.2727824760204
G3_C3.4,amprion,2025,point,r2,0.8924378306769987
G3_C3.4,amprion,2025,point,mae,755.7770730313664
G3_C3.4,amprion,2025,point,smape,3.962964459948741
G3_C3.4,amprion,2025,quantile,wis,450.6304074894161
G3_C3.4,amprion,2025,quantile,lqs,225.31520374470807
G3_C3.4,amprion,2025,quantile,mae_median,744.0083507152451
G3_C3.4,amprion,2025,quantile,cov50,55.71347031963471
G3_C3.4,amprion,2025,quantile,cov95,97.537100456621
G3_C3.4,amprion,2025,ensemble,wis,450.6304074894161
G3_C3.4,amprion,2025,ensemble,lqs,225.31520374470807
G3_C3.4,amprion,2025,ensemble,mae_median,744.0083507152451
G3_C3.4,amprion,2025,ensemble,cov50,55.71347031963471
G3_C3.4,amprion,2025,ensemble,cov95,97.537100456621
G3_C3.4,amprion,2025,ensemble,crps,550.737845716516
G3_C3.4,amprion,2025,ensemble,energy_score,6455.0549229723665
G3_C3.4,amprion,2026H1,point,rmse,1353.799750927942
G3_C3.4,amprion,2026H1,point,r2,0.8439061253106025
G3_C3.4,amprion,2026H1,point,mae,950.8673655877068
G3_C3.4,amprion,2026H1,point,smape,4.827606391149439
G3_C3.4,amprion,2026H1,quantile,wis,576.7848676589639
G3_C3.4,amprion,2026H1,quantile,lqs,288.392433829482
G3_C3.4,amprion,2026H1,quantile,mae_median,957.8935827208402
G3_C3.4,amprion,2026H1,quantile,cov50,54.00904605263158
G3_C3.4,amprion,2026H1,quantile,cov95,96.28563596491229
G3_C3.4,amprion,2026H1,ensemble,wis,576.7848676589639
G3_C3.4,amprion,2026H1,ensemble,lqs,288.392433829482
G3_C3.4,amprion,2026H1,ensemble,mae_median,957.8935827208402
G3_C3.4,amprion,2026H1,ensemble,cov50,54.00904605263158
G3_C3.4,amprion,2026H1,ensemble,cov95,96.28563596491229
G3_C3.4,amprion,2026H1,ensemble,crps,702.9201954399236
G3_C3.4,amprion,2026H1,ensemble,energy_score,8040.725545878529
G3_C3.4,de_lu,2024,point,rmse,2994.385435142373
G3_C3.4,de_lu,2024,point,r2,0.8946282805838857
G3_C3.4,de_lu,2024,point,mae,1972.1201203121827
G3_C3.4,de_lu,2024,point,smape,3.7427756357303332
G3_C3.4,de_lu,2024,quantile,wis,1217.9073198571516
G3_C3.4,de_lu,2024,quantile,lqs,608.9536599285758
G3_C3.4,de_lu,2024,quantile,mae_median,1947.9104251147264
G3_C3.4,de_lu,2024,quantile,cov50,62.977907509157504
G3_C3.4,de_lu,2024,quantile,cov95,98.24576465201466
G3_C3.4,de_lu,2024,ensemble,wis,1217.9073198571516
G3_C3.4,de_lu,2024,ensemble,lqs,608.9536599285758
G3_C3.4,de_lu,2024,ensemble,mae_median,1947.9104251147264
G3_C3.4,de_lu,2024,ensemble,cov50,62.977907509157504
G3_C3.4,de_lu,2024,ensemble,cov95,98.24576465201466
G3_C3.4,de_lu,2024,ensemble,crps,1488.1844965017792
G3_C3.4,de_lu,2024,ensemble,energy_score,16739.594623855544
G3_C3.4,de_lu,2025,point,rmse,2836.5937176952425
G3_C3.4,de_lu,2025,point,r2,0.9060511034489802
G3_C3.4,de_lu,2025,point,mae,1954.5668107222943
G3_C3.4,de_lu,2025,point,smape,3.6888725045289483
G3_C3.4,de_lu,2025,quantile,wis,1186.5282120536742
G3_C3.4,de_lu,2025,quantile,lqs,593.2641060268372
G3_C3.4,de_lu,2025,quantile,mae_median,1915.7277665122717
G3_C3.4,de_lu,2025,quantile,cov50,62.851027397260275
G3_C3.4,de_lu,2025,quantile,cov95,98.52168949771689
G3_C3.4,de_lu,2025,ensemble,wis,1186.5282120536742
G3_C3.4,de_lu,2025,ensemble,lqs,593.2641060268372
G3_C3.4,de_lu,2025,ensemble,mae_median,1915.7277665122717
G3_C3.4,de_lu,2025,ensemble,cov50,62.851027397260275
G3_C3.4,de_lu,2025,ensemble,cov95,98.52168949771689
G3_C3.4,de_lu,2025,ensemble,crps,1451.0837024612874
G3_C3.4,de_lu,2025,ensemble,energy_score,16425.889730732382
G3_C3.4,de_lu,2026H1,point,rmse,3595.234628509514
G3_C3.4,de_lu,2026H1,point,r2,0.8647555745159152
G3_C3.4,de_lu,2026H1,point,mae,2396.7182824644087
G3_C3.4,de_lu,2026H1,point,smape,4.435384920535543
G3_C3.4,de_lu,2026H1,quantile,wis,1482.1299235588067
G3_C3.4,de_lu,2026H1,quantile,lqs,741.0649617794033
G3_C3.4,de_lu,2026H1,quantile,mae_median,2401.7260801293346
G3_C3.4,de_lu,2026H1,quantile,cov50,62.39035087719298
G3_C3.4,de_lu,2026H1,quantile,cov95,97.75219298245614
G3_C3.4,de_lu,2026H1,ensemble,wis,1482.1299235588067
G3_C3.4,de_lu,2026H1,ensemble,lqs,741.0649617794033
G3_C3.4,de_lu,2026H1,ensemble,mae_median,2401.7260801293346
G3_C3.4,de_lu,2026H1,ensemble,cov50,62.39035087719298
G3_C3.4,de_lu,2026H1,ensemble,cov95,97.75219298245614
G3_C3.4,de_lu,2026H1,ensemble,crps,1813.0218599525188
G3_C3.4,de_lu,2026H1,ensemble,energy_score,20282.567897494493
G3_C3.4,lu,2024,point,rmse,30.705473538772043
G3_C3.4,lu,2024,point,r2,0.9022235303573585
G3_C3.4,lu,2024,point,mae,19.651423898221474
G3_C3.4,lu,2024,point,smape,3.547479982948101
G3_C3.4,lu,2024,quantile,wis,11.933881117029856
G3_C3.4,lu,2024,quantile,lqs,5.966940558514926
G3_C3.4,lu,2024,quantile,mae_median,19.318138281853646
G3_C3.4,lu,2024,quantile,cov50,51.808608058608066
G3_C3.4,lu,2024,quantile,cov95,96.1481227106227
G3_C3.4,lu,2024,ensemble,wis,11.933881117029856
G3_C3.4,lu,2024,ensemble,lqs,5.966940558514926
G3_C3.4,lu,2024,ensemble,mae_median,19.318138281853646
G3_C3.4,lu,2024,ensemble,cov50,51.808608058608066
G3_C3.4,lu,2024,ensemble,cov95,96.1481227106227
G3_C3.4,lu,2024,ensemble,crps,14.451402829261538
G3_C3.4,lu,2024,ensemble,energy_score,165.65623519271696
G3_C3.4,lu,2025,point,rmse,30.612473993325022
G3_C3.4,lu,2025,point,r2,0.903744458175116
G3_C3.4,lu,2025,point,mae,20.602877339191608
G3_C3.4,lu,2025,point,smape,3.764803239238812
G3_C3.4,lu,2025,quantile,wis,12.387929785181333
G3_C3.4,lu,2025,quantile,lqs,6.193964892590666
G3_C3.4,lu,2025,quantile,mae_median,20.31913788677198
G3_C3.4,lu,2025,quantile,cov50,51.735159817351594
G3_C3.4,lu,2025,quantile,cov95,96.52111872146119
G3_C3.4,lu,2025,ensemble,wis,12.387929785181333
G3_C3.4,lu,2025,ensemble,lqs,6.193964892590666
G3_C3.4,lu,2025,ensemble,mae_median,20.31913788677198
G3_C3.4,lu,2025,ensemble,cov50,51.735159817351594
G3_C3.4,lu,2025,ensemble,cov95,96.52111872146119
G3_C3.4,lu,2025,ensemble,crps,15.040641610570509
G3_C3.4,lu,2025,ensemble,energy_score,173.574453025947
G3_C3.4,lu,2026H1,point,rmse,44.347579982858605
G3_C3.4,lu,2026H1,point,r2,0.8025375240332883
G3_C3.4,lu,2026H1,point,mae,27.96965318686002
G3_C3.4,lu,2026H1,point,smape,5.231956234181151
G3_C3.4,lu,2026H1,quantile,wis,16.89414372020064
G3_C3.4,lu,2026H1,quantile,lqs,8.44707186010032
G3_C3.4,lu,2026H1,quantile,mae_median,27.92379843036598
G3_C3.4,lu,2026H1,quantile,cov50,51.92571271929825
G3_C3.4,lu,2026H1,quantile,cov95,96.7516447368421
G3_C3.4,lu,2026H1,ensemble,wis,16.89414372020064
G3_C3.4,lu,2026H1,ensemble,lqs,8.44707186010032
G3_C3.4,lu,2026H1,ensemble,mae_median,27.92379843036598
G3_C3.4,lu,2026H1,ensemble,cov50,51.92571271929825
G3_C3.4,lu,2026H1,ensemble,cov95,96.7516447368421
G3_C3.4,lu,2026H1,ensemble,crps,20.538173994067492
G3_C3.4,lu,2026H1,ensemble,energy_score,235.63374372735143
G3_C3.4,tennet,2024,point,rmse,860.9221149821107
G3_C3.4,tennet,2024,point,r2,0.9054678714054952
G3_C3.4,tennet,2024,point,mae,572.4421187592484
G3_C3.4,tennet,2024,point,smape,3.642002385978675
G3_C3.4,tennet,2024,quantile,wis,342.3169860867651
G3_C3.4,tennet,2024,quantile,lqs,171.15849304338252
G3_C3.4,tennet,2024,quantile,mae_median,565.0973323522994
G3_C3.4,tennet,2024,quantile,cov50,51.147550366300365
G3_C3.4,tennet,2024,quantile,cov95,96.70043498168498
G3_C3.4,tennet,2024,ensemble,wis,342.3169860867651
G3_C3.4,tennet,2024,ensemble,lqs,171.15849304338252
G3_C3.4,tennet,2024,ensemble,mae_median,565.0973323522994
G3_C3.4,tennet,2024,ensemble,cov50,51.147550366300365
G3_C3.4,tennet,2024,ensemble,cov95,96.70043498168498
G3_C3.4,tennet,2024,ensemble,crps,414.9972932209978
G3_C3.4,tennet,2024,ensemble,energy_score,4779.569273086202
G3_C3.4,tennet,2025,point,rmse,856.9282069798467
G3_C3.4,tennet,2025,point,r2,0.9095158401749321
G3_C3.4,tennet,2025,point,mae,574.3929254435195
G3_C3.4,tennet,2025,point,smape,3.676483213206258
G3_C3.4,tennet,2025,quantile,wis,344.65160949241044
G3_C3.4,tennet,2025,quantile,lqs,172.32580474620525
G3_C3.4,tennet,2025,quantile,mae_median,566.2691231824343
G3_C3.4,tennet,2025,quantile,cov50,49.240867579908674
G3_C3.4,tennet,2025,quantile,cov95,96.03025114155251
G3_C3.4,tennet,2025,ensemble,wis,344.65160949241044
G3_C3.4,tennet,2025,ensemble,lqs,172.32580474620525
G3_C3.4,tennet,2025,ensemble,mae_median,566.2691231824343
G3_C3.4,tennet,2025,ensemble,cov50,49.240867579908674
G3_C3.4,tennet,2025,ensemble,cov95,96.03025114155251
G3_C3.4,tennet,2025,ensemble,crps,417.18405984464516
G3_C3.4,tennet,2025,ensemble,energy_score,4823.083694927391
G3_C3.4,tennet,2026H1,point,rmse,1201.6357096954048
G3_C3.4,tennet,2026H1,point,r2,0.8450834880649574
G3_C3.4,tennet,2026H1,point,mae,815.5716933709753
G3_C3.4,tennet,2026H1,point,smape,5.349252146576502
G3_C3.4,tennet,2026H1,quantile,wis,490.23081693760395
G3_C3.4,tennet,2026H1,quantile,lqs,245.11540846880197
G3_C3.4,tennet,2026H1,quantile,mae_median,814.8151431611714
G3_C3.4,tennet,2026H1,quantile,cov50,50.520833333333336
G3_C3.4,tennet,2026H1,quantile,cov95,95.25082236842105
G3_C3.4,tennet,2026H1,ensemble,wis,490.23081693760395
G3_C3.4,tennet,2026H1,ensemble,lqs,245.11540846880197
G3_C3.4,tennet,2026H1,ensemble,mae_median,814.8151431611714
G3_C3.4,tennet,2026H1,ensemble,cov50,50.520833333333336
G3_C3.4,tennet,2026H1,ensemble,cov95,95.25082236842105
G3_C3.4,tennet,2026H1,ensemble,crps,596.1364583749704
G3_C3.4,tennet,2026H1,ensemble,energy_score,6901.627224288164
G3_C3.4,transnetbw,2024,point,rmse,482.55457869333077
G3_C3.4,transnetbw,2024,point,r2,0.8758663519039824
G3_C3.4,transnetbw,2024,point,mae,303.5721930413518
G3_C3.4,transnetbw,2024,point,smape,4.7708356499513584
G3_C3.4,transnetbw,2024,quantile,wis,182.10499323170004
G3_C3.4,transnetbw,2024,quantile,lqs,91.05249661585
G3_C3.4,transnetbw,2024,quantile,mae_median,298.5776863335689
G3_C3.4,transnetbw,2024,quantile,cov50,51.19047619047619
G3_C3.4,transnetbw,2024,quantile,cov95,96.32554945054946
G3_C3.4,transnetbw,2024,ensemble,wis,182.10499323170004
G3_C3.4,transnetbw,2024,ensemble,lqs,91.05249661585
G3_C3.4,transnetbw,2024,ensemble,mae_median,298.5776863335689
G3_C3.4,transnetbw,2024,ensemble,cov50,51.19047619047619
G3_C3.4,transnetbw,2024,ensemble,cov95,96.32554945054946
G3_C3.4,transnetbw,2024,ensemble,crps,220.2883560545458
G3_C3.4,transnetbw,2024,ensemble,energy_score,2552.740296029762
G3_C3.4,transnetbw,2025,point,rmse,468.73602703228664
G3_C3.4,transnetbw,2025,point,r2,0.8842654735718893
G3_C3.4,transnetbw,2025,point,mae,299.08747020478296
G3_C3.4,transnetbw,2025,point,smape,4.722600023300275
G3_C3.4,transnetbw,2025,quantile,wis,180.7385092777016
G3_C3.4,transnetbw,2025,quantile,lqs,90.36925463885079
G3_C3.4,transnetbw,2025,quantile,mae_median,294.41611295985393
G3_C3.4,transnetbw,2025,quantile,cov50,50.84474885844749
G3_C3.4,transnetbw,2025,quantile,cov95,96.19577625570777
G3_C3.4,transnetbw,2025,ensemble,wis,180.7385092777016
G3_C3.4,transnetbw,2025,ensemble,lqs,90.36925463885079
G3_C3.4,transnetbw,2025,ensemble,mae_median,294.41611295985393
G3_C3.4,transnetbw,2025,ensemble,cov50,50.84474885844749
G3_C3.4,transnetbw,2025,ensemble,cov95,96.19577625570777
G3_C3.4,transnetbw,2025,ensemble,crps,217.905413395205
G3_C3.4,transnetbw,2025,ensemble,energy_score,2544.519278921694
G3_C3.4,transnetbw,2026H1,point,rmse,583.3041581481408
G3_C3.4,transnetbw,2026H1,point,r2,0.8137664115096792
G3_C3.4,transnetbw,2026H1,point,mae,372.9125383233155
G3_C3.4,transnetbw,2026H1,point,smape,5.500729621073144
G3_C3.4,transnetbw,2026H1,quantile,wis,224.84138323788892
G3_C3.4,transnetbw,2026H1,quantile,lqs,112.42069161894446
G3_C3.4,transnetbw,2026H1,quantile,mae_median,374.69969001301547
G3_C3.4,transnetbw,2026H1,quantile,cov50,53.09758771929825
G3_C3.4,transnetbw,2026H1,quantile,cov95,96.24451754385966
G3_C3.4,transnetbw,2026H1,ensemble,wis,224.84138323788892
G3_C3.4,transnetbw,2026H1,ensemble,lqs,112.42069161894446
G3_C3.4,transnetbw,2026H1,ensemble,mae_median,374.69969001301547
G3_C3.4,transnetbw,2026H1,ensemble,cov50,53.09758771929825
G3_C3.4,transnetbw,2026H1,ensemble,cov95,96.24451754385966
G3_C3.4,transnetbw,2026H1,ensemble,crps,274.0656328302801
G3_C3.4,transnetbw,2026H1,ensemble,energy_score,3155.179006622895
G3_C3.4,50hertz,overall,point,rmse,911.0506075382649
G3_C3.4,50hertz,overall,point,r2,0.7793325011412253
G3_C3.4,50hertz,overall,point,mae,708.8612022999724
G3_C3.4,50hertz,overall,point,smape,6.134218370075757
G3_C3.4,50hertz,overall,quantile,wis,415.72001120408595
G3_C3.4,50hertz,overall,quantile,lqs,207.86000560204303
G3_C3.4,50hertz,overall,quantile,mae_median,707.6446263253612
G3_C3.4,50hertz,overall,quantile,cov50,50.063847900113515
G3_C3.4,50hertz,overall,quantile,cov95,97.40351872871736
G3_C3.4,50hertz,overall,ensemble,wis,415.72001120408595
G3_C3.4,50hertz,overall,ensemble,lqs,207.86000560204303
G3_C3.4,50hertz,overall,ensemble,mae_median,707.6446263253612
G3_C3.4,50hertz,overall,ensemble,cov50,50.063847900113515
G3_C3.4,50hertz,overall,ensemble,cov95,97.40351872871736
G3_C3.4,50hertz,overall,ensemble,crps,510.0728915260881
G3_C3.4,50hertz,overall,ensemble,energy_score,5816.70494552504
G3_C3.4,amprion,overall,point,rmse,1183.0417727158142
G3_C3.4,amprion,overall,point,r2,0.8738826844287505
G3_C3.4,amprion,overall,point,mae,816.8970653248896
G3_C3.4,amprion,overall,point,smape,4.310133423380251
G3_C3.4,amprion,overall,quantile,wis,494.1292995174006
G3_C3.4,amprion,overall,quantile,lqs,247.06464975870034
G3_C3.4,amprion,overall,quantile,mae_median,809.6367317476929
G3_C3.4,amprion,overall,quantile,cov50,55.61270336738555
G3_C3.4,amprion,overall,quantile,cov95,96.88445894816496
G3_C3.4,amprion,overall,ensemble,wis,494.1292995174006
G3_C3.4,amprion,overall,ensemble,lqs,247.06464975870034
G3_C3.4,amprion,overall,ensemble,mae_median,809.6367317476929
G3_C3.4,amprion,overall,ensemble,cov50,55.61270336738555
G3_C3.4,amprion,overall,ensemble,cov95,96.88445894816496
G3_C3.4,amprion,overall,ensemble,crps,602.2126262086848
G3_C3.4,amprion,overall,ensemble,energy_score,6984.589920189725
G3_C3.4,de_lu,overall,point,rmse,3044.382971681754
G3_C3.4,de_lu,overall,point,r2,0.8945507851347216
G3_C3.4,de_lu,overall,point,mae,2038.1041868806606
G3_C3.4,de_lu,overall,point,smape,3.839940185562213
G3_C3.4,de_lu,overall,quantile,wis,1250.4935416668932
G3_C3.4,de_lu,overall,quantile,lqs,625.2467708334467
G3_C3.4,de_lu,overall,quantile,mae_median,2012.874453687172
G3_C3.4,de_lu,overall,quantile,cov50,62.82396897465002
G3_C3.4,de_lu,overall,quantile,cov95,98.27492432841468
G3_C3.4,de_lu,overall,ensemble,wis,1250.4935416668932
G3_C3.4,de_lu,overall,ensemble,lqs,625.2467708334467
G3_C3.4,de_lu,overall,ensemble,mae_median,2012.874453687172
G3_C3.4,de_lu,overall,ensemble,cov50,62.82396897465002
G3_C3.4,de_lu,overall,ensemble,cov95,98.27492432841468
G3_C3.4,de_lu,overall,ensemble,crps,1528.8581507807044
G3_C3.4,de_lu,overall,ensemble,energy_score,17220.8995632462
G3_C3.4,lu,overall,point,rmse,33.42327171915872
G3_C3.4,lu,overall,point,r2,0.8854607313120826
G3_C3.4,lu,overall,point,mae,21.480767096663197
G3_C3.4,lu,overall,point,smape,3.928142160852225
G3_C3.4,lu,overall,quantile,wis,12.977794487696425
G3_C3.4,lu,overall,quantile,lqs,6.488897243848212
G3_C3.4,lu,overall,quantile,mae_median,21.21759934697177
G3_C3.4,lu,overall,quantile,cov50,51.79838251986379
G3_C3.4,lu,overall,quantile,cov95,96.40678206583428
G3_C3.4,lu,overall,ensemble,wis,12.977794487696425
G3_C3.4,lu,overall,ensemble,lqs,6.488897243848212
G3_C3.4,lu,overall,ensemble,mae_median,21.21759934697177
G3_C3.4,lu,overall,ensemble,cov50,51.79838251986379
G3_C3.4,lu,overall,ensemble,cov95,96.40678206583428
G3_C3.4,lu,overall,ensemble,crps,15.745683614991707
G3_C3.4,lu,overall,ensemble,energy_score,181.01007265740864
G3_C3.4,tennet,overall,point,rmse,927.1403517694911
G3_C3.4,tennet,overall,point,r2,0.8953720855963496
G3_C3.4,tennet,overall,point,mae,615.197782528535
G3_C3.4,tennet,overall,point,smape,3.9508417339343365
G3_C3.4,tennet,overall,quantile,wis,368.8039779509966
G3_C3.4,tennet,overall,quantile,lqs,184.40198897549837
G3_C3.4,tennet,overall,quantile,mae_median,608.6669247427055
G3_C3.4,tennet,overall,quantile,cov50,50.24947975785092
G3_C3.4,tennet,overall,quantile,cov95,96.17267309875142
G3_C3.4,tennet,overall,ensemble,wis,368.8039779509966
G3_C3.4,tennet,overall,ensemble,lqs,184.40198897549837
G3_C3.4,tennet,overall,ensemble,mae_median,608.6669247427055
G3_C3.4,tennet,overall,ensemble,cov50,50.24947975785092
G3_C3.4,tennet,overall,ensemble,cov95,96.17267309875142
G3_C3.4,tennet,overall,ensemble,crps,447.15543501558926
G3_C3.4,tennet,overall,ensemble,energy_score,5163.718617643219
G3_C3.4,transnetbw,overall,point,rmse,495.9233468740374
G3_C3.4,transnetbw,overall,point,r2,0.8712567405949938
G3_C3.4,transnetbw,overall,point,mae,313.6775377036797
G3_C3.4,transnetbw,overall,point,smape,4.876781030068118
G3_C3.4,transnetbw,overall,quantile,wis,188.9122175651067
G3_C3.4,transnetbw,overall,quantile,lqs,94.45610878255336
G3_C3.4,transnetbw,overall,quantile,mae_median,309.9869602017527
G3_C3.4,transnetbw,overall,quantile,cov50,51.376276958002265
G3_C3.4,transnetbw,overall,quantile,cov95,96.25780363223609
G3_C3.4,transnetbw,overall,ensemble,wis,188.9122175651067
G3_C3.4,transnetbw,overall,ensemble,lqs,94.45610878255336
G3_C3.4,transnetbw,overall,ensemble,mae_median,309.9869602017527
G3_C3.4,transnetbw,overall,ensemble,cov50,51.376276958002265
G3_C3.4,transnetbw,overall,ensemble,cov95,96.25780363223609
G3_C3.4,transnetbw,overall,ensemble,crps,228.57935718877076
G3_C3.4,transnetbw,overall,ensemble,energy_score,2653.2737951962904
G3_C4,50hertz,2024,point,rmse,800.1895504120798
G3_C4,50hertz,2024,point,r2,0.8152652611221021
G3_C4,50hertz,2024,point,mae,610.4146999999638
G3_C4,50hertz,2024,point,smape,5.30883501941573
G3_C4,50hertz,2024,quantile,wis,358.8239924683204
G3_C4,50hertz,2024,quantile,lqs,179.41199623416023
G3_C4,50hertz,2024,quantile,mae_median,610.6052703058152
G3_C4,50hertz,2024,quantile,cov50,44.926167582417584
G3_C4,50hertz,2024,quantile,cov95,94.12774725274726
G3_C4,50hertz,2024,ensemble,wis,358.8239924683204
G3_C4,50hertz,2024,ensemble,lqs,179.41199623416023
G3_C4,50hertz,2024,ensemble,mae_median,610.6052703058152
G3_C4,50hertz,2024,ensemble,cov50,44.926167582417584
G3_C4,50hertz,2024,ensemble,cov95,94.12774725274726
G3_C4,50hertz,2024,ensemble,crps,438.28186094869994
G3_C4,50hertz,2024,ensemble,energy_score,5100.53333611454
G3_C4,50hertz,2025,point,rmse,871.7716656669159
G3_C4,50hertz,2025,point,r2,0.7857359768460922
G3_C4,50hertz,2025,point,mae,679.8655592434858
G3_C4,50hertz,2025,point,smape,5.936199110416824
G3_C4,50hertz,2025,quantile,wis,397.1651033159341
G3_C4,50hertz,2025,quantile,lqs,198.58255165796706
G3_C4,50hertz,2025,quantile,mae_median,680.3595409781678
G3_C4,50hertz,2025,quantile,cov50,44.01255707762557
G3_C4,50hertz,2025,quantile,cov95,94.69748858447488
G3_C4,50hertz,2025,ensemble,wis,397.1651033159341
G3_C4,50hertz,2025,ensemble,lqs,198.58255165796706
G3_C4,50hertz,2025,ensemble,mae_median,680.3595409781678
G3_C4,50hertz,2025,ensemble,cov50,44.01255707762557
G3_C4,50hertz,2025,ensemble,cov95,94.69748858447488
G3_C4,50hertz,2025,ensemble,crps,486.01477590050405
G3_C4,50hertz,2025,ensemble,energy_score,5620.853171489655
G3_C4,50hertz,2026H1,point,rmse,910.8564129102289
G3_C4,50hertz,2026H1,point,r2,0.8214942818376031
G3_C4,50hertz,2026H1,point,mae,678.5571544398896
G3_C4,50hertz,2026H1,point,smape,5.667106321925213
G3_C4,50hertz,2026H1,quantile,wis,406.2901069081691
G3_C4,50hertz,2026H1,quantile,lqs,203.14505345408458
G3_C4,50hertz,2026H1,quantile,mae_median,680.8832533483674
G3_C4,50hertz,2026H1,quantile,cov50,44.421600877192986
G3_C4,50hertz,2026H1,quantile,cov95,91.55016447368422
G3_C4,50hertz,2026H1,ensemble,wis,406.2901069081691
G3_C4,50hertz,2026H1,ensemble,lqs,203.14505345408458
G3_C4,50hertz,2026H1,ensemble,mae_median,680.8832533483674
G3_C4,50hertz,2026H1,ensemble,cov50,44.421600877192986
G3_C4,50hertz,2026H1,ensemble,cov95,91.55016447368422
G3_C4,50hertz,2026H1,ensemble,crps,494.15529937867063
G3_C4,50hertz,2026H1,ensemble,energy_score,5640.2827183915115
G3_C4,amprion,2024,point,rmse,1123.713957318721
G3_C4,amprion,2024,point,r2,0.8842239067138425
G3_C4,amprion,2024,point,mae,773.0610591388672
G3_C4,amprion,2024,point,smape,4.190668273529052
G3_C4,amprion,2024,quantile,wis,470.9237530188547
G3_C4,amprion,2024,quantile,lqs,235.46187650942738
G3_C4,amprion,2024,quantile,mae_median,769.24279903279
G3_C4,amprion,2024,quantile,cov50,47.23843864468865
G3_C4,amprion,2024,quantile,cov95,93.22916666666666
G3_C4,amprion,2024,ensemble,wis,470.9237530188547
G3_C4,amprion,2024,ensemble,lqs,235.46187650942738
G3_C4,amprion,2024,ensemble,mae_median,769.24279903279
G3_C4,amprion,2024,ensemble,cov50,47.23843864468865
G3_C4,amprion,2024,ensemble,cov95,93.22916666666666
G3_C4,amprion,2024,ensemble,crps,568.5309541240446
G3_C4,amprion,2024,ensemble,energy_score,6656.4801861191745
G3_C4,amprion,2025,point,rmse,1006.2263063309076
G3_C4,amprion,2025,point,r2,0.904031385536755
G3_C4,amprion,2025,point,mae,707.9641969302289
G3_C4,amprion,2025,point,smape,3.716214700494685
G3_C4,amprion,2025,quantile,wis,421.81707043865293
G3_C4,amprion,2025,quantile,lqs,210.9085352193265
G3_C4,amprion,2025,quantile,mae_median,704.2767240699468
G3_C4,amprion,2025,quantile,cov50,46.65239726027397
G3_C4,amprion,2025,quantile,cov95,94.25513698630137
G3_C4,amprion,2025,ensemble,wis,421.81707043865293
G3_C4,amprion,2025,ensemble,lqs,210.9085352193265
G3_C4,amprion,2025,ensemble,mae_median,704.2767240699468
G3_C4,amprion,2025,ensemble,cov50,46.65239726027397
G3_C4,amprion,2025,ensemble,cov95,94.25513698630137
G3_C4,amprion,2025,ensemble,crps,512.4052807166023
G3_C4,amprion,2025,ensemble,energy_score,6068.596964136453
G3_C4,amprion,2026H1,point,rmse,1211.9323443728942
G3_C4,amprion,2026H1,point,r2,0.8749067851618035
G3_C4,amprion,2026H1,point,mae,864.8428418947465
G3_C4,amprion,2026H1,point,smape,4.385362693271625
G3_C4,amprion,2026H1,quantile,wis,527.852947283594
G3_C4,amprion,2026H1,quantile,lqs,263.926473641797
G3_C4,amprion,2026H1,quantile,mae_median,870.8090626364188
G3_C4,amprion,2026H1,quantile,cov50,44.27768640350877
G3_C4,amprion,2026H1,quantile,cov95,91.30345394736842
G3_C4,amprion,2026H1,ensemble,wis,527.852947283594
G3_C4,amprion,2026H1,ensemble,lqs,263.926473641797
G3_C4,amprion,2026H1,ensemble,mae_median,870.8090626364188
G3_C4,amprion,2026H1,ensemble,cov50,44.27768640350877
G3_C4,amprion,2026H1,ensemble,cov95,91.30345394736842
G3_C4,amprion,2026H1,ensemble,crps,636.96117737679
G3_C4,amprion,2026H1,ensemble,energy_score,7389.716018223703
G3_C4,de_lu,2024,point,rmse,2611.9843331589705
G3_C4,de_lu,2024,point,r2,0.9198230006187255
G3_C4,de_lu,2024,point,mae,1727.4910315847042
G3_C4,de_lu,2024,point,smape,3.277925212974875
G3_C4,de_lu,2024,quantile,wis,1058.271316309019
G3_C4,de_lu,2024,quantile,lqs,529.1356581545095
G3_C4,de_lu,2024,quantile,mae_median,1723.7297081886018
G3_C4,de_lu,2024,quantile,cov50,55.84077380952381
G3_C4,de_lu,2024,quantile,cov95,97.43875915750915
G3_C4,de_lu,2024,ensemble,wis,1058.271316309019
G3_C4,de_lu,2024,ensemble,lqs,529.1356581545095
G3_C4,de_lu,2024,ensemble,mae_median,1723.7297081886018
G3_C4,de_lu,2024,ensemble,cov50,55.84077380952381
G3_C4,de_lu,2024,ensemble,cov95,97.43875915750915
G3_C4,de_lu,2024,ensemble,crps,1285.1269256438657
G3_C4,de_lu,2024,ensemble,energy_score,14628.798979172007
G3_C4,de_lu,2025,point,rmse,2586.389249875731
G3_C4,de_lu,2025,point,r2,0.9218938586290267
G3_C4,de_lu,2025,point,mae,1749.6445551865293
G3_C4,de_lu,2025,point,smape,3.3207773343020106
G3_C4,de_lu,2025,quantile,wis,1050.6787209885595
G3_C4,de_lu,2025,quantile,lqs,525.3393604942797
G3_C4,de_lu,2025,quantile,mae_median,1737.8260162213185
G3_C4,de_lu,2025,quantile,cov50,55.94178082191781
G3_C4,de_lu,2025,quantile,cov95,97.38584474885845
G3_C4,de_lu,2025,ensemble,wis,1050.6787209885595
G3_C4,de_lu,2025,ensemble,lqs,525.3393604942797
G3_C4,de_lu,2025,ensemble,mae_median,1737.8260162213185
G3_C4,de_lu,2025,ensemble,cov50,55.94178082191781
G3_C4,de_lu,2025,ensemble,cov95,97.38584474885845
G3_C4,de_lu,2025,ensemble,crps,1281.578729273042
G3_C4,de_lu,2025,ensemble,energy_score,14575.983311307555
G3_C4,de_lu,2026H1,point,rmse,3189.402748701447
G3_C4,de_lu,2026H1,point,r2,0.8935652056249326
G3_C4,de_lu,2026H1,point,mae,2166.4809382579183
G3_C4,de_lu,2026H1,point,smape,4.006282918965908
G3_C4,de_lu,2026H1,quantile,wis,1319.6405164463738
G3_C4,de_lu,2026H1,quantile,lqs,659.8202582231868
G3_C4,de_lu,2026H1,quantile,mae_median,2171.103622754917
G3_C4,de_lu,2026H1,quantile,cov50,52.45339912280702
G3_C4,de_lu,2026H1,quantile,cov95,95.10005482456141
G3_C4,de_lu,2026H1,ensemble,wis,1319.6405164463738
G3_C4,de_lu,2026H1,ensemble,lqs,659.8202582231868
G3_C4,de_lu,2026H1,ensemble,mae_median,2171.103622754917
G3_C4,de_lu,2026H1,ensemble,cov50,52.45339912280702
G3_C4,de_lu,2026H1,ensemble,cov95,95.10005482456141
G3_C4,de_lu,2026H1,ensemble,crps,1599.889344274843
G3_C4,de_lu,2026H1,ensemble,energy_score,17915.037405060768
G3_C4,lu,2024,point,rmse,26.310345424320946
G3_C4,lu,2024,point,r2,0.9282113389408103
G3_C4,lu,2024,point,mae,16.997418423946918
G3_C4,lu,2024,point,smape,3.067049240246955
G3_C4,lu,2024,quantile,wis,10.367793870145848
G3_C4,lu,2024,quantile,lqs,5.183896935072923
G3_C4,lu,2024,quantile,mae_median,16.706458986715518
G3_C4,lu,2024,quantile,cov50,45.452724358974365
G3_C4,lu,2024,quantile,cov95,92.51945970695971
G3_C4,lu,2024,ensemble,wis,10.367793870145848
G3_C4,lu,2024,ensemble,lqs,5.183896935072923
G3_C4,lu,2024,ensemble,mae_median,16.706458986715518
G3_C4,lu,2024,ensemble,cov50,45.452724358974365
G3_C4,lu,2024,ensemble,cov95,92.51945970695971
G3_C4,lu,2024,ensemble,crps,12.434099334544886
G3_C4,lu,2024,ensemble,energy_score,144.85514986601612
G3_C4,lu,2025,point,rmse,28.305161496382713
G3_C4,lu,2025,point,r2,0.917707518431316
G3_C4,lu,2025,point,mae,18.80263910937723
G3_C4,lu,2025,point,smape,3.4702028134299137
G3_C4,lu,2025,quantile,wis,11.439050250914413
G3_C4,lu,2025,quantile,lqs,5.7195251254572055
G3_C4,lu,2025,quantile,mae_median,18.56988795703905
G3_C4,lu,2025,quantile,cov50,45.039954337899545
G3_C4,lu,2025,quantile,cov95,92.77397260273973
G3_C4,lu,2025,ensemble,wis,11.439050250914413
G3_C4,lu,2025,ensemble,lqs,5.7195251254572055
G3_C4,lu,2025,ensemble,mae_median,18.56988795703905
G3_C4,lu,2025,ensemble,cov50,45.039954337899545
G3_C4,lu,2025,ensemble,cov95,92.77397260273973
G3_C4,lu,2025,ensemble,crps,13.758694421182403
G3_C4,lu,2025,ensemble,energy_score,158.93468224277635
G3_C4,lu,2026H1,point,rmse,37.58920344167452
G3_C4,lu,2026H1,point,r2,0.8581364014111553
G3_C4,lu,2026H1,point,mae,24.70743144480921
G3_C4,lu,2026H1,point,smape,4.607225406779646
G3_C4,lu,2026H1,quantile,wis,14.99166086736174
G3_C4,lu,2026H1,quantile,lqs,7.49583043368087
G3_C4,lu,2026H1,quantile,mae_median,24.471676899351152
G3_C4,lu,2026H1,quantile,cov50,42.71518640350877
G3_C4,lu,2026H1,quantile,cov95,92.56441885964912
G3_C4,lu,2026H1,ensemble,wis,14.99166086736174
G3_C4,lu,2026H1,ensemble,lqs,7.49583043368087
G3_C4,lu,2026H1,ensemble,mae_median,24.471676899351152
G3_C4,lu,2026H1,ensemble,cov50,42.71518640350877
G3_C4,lu,2026H1,ensemble,cov95,92.56441885964912
G3_C4,lu,2026H1,ensemble,crps,18.083023388739594
G3_C4,lu,2026H1,ensemble,energy_score,209.28341474370052
G3_C4,tennet,2024,point,rmse,751.1677235381437
G3_C4,tennet,2024,point,r2,0.9280343012231307
G3_C4,tennet,2024,point,mae,492.9575506593393
G3_C4,tennet,2024,point,smape,3.126732438541586
G3_C4,tennet,2024,quantile,wis,298.73277173175745
G3_C4,tennet,2024,quantile,lqs,149.36638586587873
G3_C4,tennet,2024,quantile,mae_median,491.3308239634308
G3_C4,tennet,2024,quantile,cov50,45.91632326007326
G3_C4,tennet,2024,quantile,cov95,94.09913003663004
G3_C4,tennet,2024,ensemble,wis,298.73277173175745
G3_C4,tennet,2024,ensemble,lqs,149.36638586587873
G3_C4,tennet,2024,ensemble,mae_median,491.3308239634308
G3_C4,tennet,2024,ensemble,cov50,45.91632326007326
G3_C4,tennet,2024,ensemble,cov95,94.09913003663004
G3_C4,tennet,2024,ensemble,crps,359.54031606861724
G3_C4,tennet,2024,ensemble,energy_score,4186.87933372007
G3_C4,tennet,2025,point,rmse,766.3964637468525
G3_C4,tennet,2025,point,r2,0.9276246518896104
G3_C4,tennet,2025,point,mae,503.2231549562829
G3_C4,tennet,2025,point,smape,3.2318358166320658
G3_C4,tennet,2025,quantile,wis,306.14524748639946
G3_C4,tennet,2025,quantile,lqs,153.07262374319973
G3_C4,tennet,2025,quantile,mae_median,500.93666417308793
G3_C4,tennet,2025,quantile,cov50,43.74429223744292
G3_C4,tennet,2025,quantile,cov95,92.40011415525115
G3_C4,tennet,2025,ensemble,wis,306.14524748639946
G3_C4,tennet,2025,ensemble,lqs,153.07262374319973
G3_C4,tennet,2025,ensemble,mae_median,500.93666417308793
G3_C4,tennet,2025,ensemble,cov50,43.74429223744292
G3_C4,tennet,2025,ensemble,cov95,92.40011415525115
G3_C4,tennet,2025,ensemble,crps,368.2386730924836
G3_C4,tennet,2025,ensemble,energy_score,4248.835952985658
G3_C4,tennet,2026H1,point,rmse,1036.3235213788848
G3_C4,tennet,2026H1,point,r2,0.8847760474755542
G3_C4,tennet,2026H1,point,mae,713.8264826475701
G3_C4,tennet,2026H1,point,smape,4.697286249934461
G3_C4,tennet,2026H1,quantile,wis,433.87458654386285
G3_C4,tennet,2026H1,quantile,lqs,216.93729327193145
G3_C4,tennet,2026H1,quantile,mae_median,712.3254087283485
G3_C4,tennet,2026H1,quantile,cov50,40.96765350877193
G3_C4,tennet,2026H1,quantile,cov95,91.15268640350878
G3_C4,tennet,2026H1,ensemble,wis,433.87458654386285
G3_C4,tennet,2026H1,ensemble,lqs,216.93729327193145
G3_C4,tennet,2026H1,ensemble,mae_median,712.3254087283485
G3_C4,tennet,2026H1,ensemble,cov50,40.96765350877193
G3_C4,tennet,2026H1,ensemble,cov95,91.15268640350878
G3_C4,tennet,2026H1,ensemble,crps,521.0830581672681
G3_C4,tennet,2026H1,ensemble,energy_score,5999.841585512014
G3_C4,transnetbw,2024,point,rmse,400.254629250169
G3_C4,transnetbw,2024,point,r2,0.914597739829784
G3_C4,transnetbw,2024,point,mae,250.55618623174257
G3_C4,transnetbw,2024,point,smape,3.9671012725690167
G3_C4,transnetbw,2024,quantile,wis,152.61586320648613
G3_C4,transnetbw,2024,quantile,lqs,76.30793160324308
G3_C4,transnetbw,2024,quantile,mae_median,248.10825839926474
G3_C4,transnetbw,2024,quantile,cov50,44.17639652014652
G3_C4,transnetbw,2024,quantile,cov95,92.83424908424908
G3_C4,transnetbw,2024,ensemble,wis,152.61586320648613
G3_C4,transnetbw,2024,ensemble,lqs,76.30793160324308
G3_C4,transnetbw,2024,ensemble,mae_median,248.10825839926474
G3_C4,transnetbw,2024,ensemble,cov50,44.17639652014652
G3_C4,transnetbw,2024,ensemble,cov95,92.83424908424908
G3_C4,transnetbw,2024,ensemble,crps,182.9679383816429
G3_C4,transnetbw,2024,ensemble,energy_score,2126.8653225328494
G3_C4,transnetbw,2025,point,rmse,403.8407604590085
G3_C4,transnetbw,2025,point,r2,0.9140933919441385
G3_C4,transnetbw,2025,point,mae,252.04242514107764
G3_C4,transnetbw,2025,point,smape,4.017127206441059
G3_C4,transnetbw,2025,quantile,wis,154.29215604646282
G3_C4,transnetbw,2025,quantile,lqs,77.14607802323141
G3_C4,transnetbw,2025,quantile,mae_median,249.00990682205824
G3_C4,transnetbw,2025,quantile,cov50,45.05993150684932
G3_C4,transnetbw,2025,quantile,cov95,92.21461187214612
G3_C4,transnetbw,2025,ensemble,wis,154.29215604646282
G3_C4,transnetbw,2025,ensemble,lqs,77.14607802323141
G3_C4,transnetbw,2025,ensemble,mae_median,249.00990682205824
G3_C4,transnetbw,2025,ensemble,cov50,45.05993150684932
G3_C4,transnetbw,2025,ensemble,cov95,92.21461187214612
G3_C4,transnetbw,2025,ensemble,crps,184.97018937565144
G3_C4,transnetbw,2025,ensemble,energy_score,2145.570360978085
G3_C4,transnetbw,2026H1,point,rmse,517.850137940287
G3_C4,transnetbw,2026H1,point,r2,0.8532168986829829
G3_C4,transnetbw,2026H1,point,mae,323.9807286967928
G3_C4,transnetbw,2026H1,point,smape,4.778443698359547
G3_C4,transnetbw,2026H1,quantile,wis,202.9265142310293
G3_C4,transnetbw,2026H1,quantile,lqs,101.46325711551465
G3_C4,transnetbw,2026H1,quantile,mae_median,326.26475636171034
G3_C4,transnetbw,2026H1,quantile,cov50,43.20860745614035
G3_C4,transnetbw,2026H1,quantile,cov95,90.5359100877193
G3_C4,transnetbw,2026H1,ensemble,wis,202.9265142310293
G3_C4,transnetbw,2026H1,ensemble,lqs,101.46325711551465
G3_C4,transnetbw,2026H1,ensemble,mae_median,326.26475636171034
G3_C4,transnetbw,2026H1,ensemble,cov50,43.20860745614035
G3_C4,transnetbw,2026H1,ensemble,cov95,90.5359100877193
G3_C4,transnetbw,2026H1,ensemble,crps,242.56458910332753
G3_C4,transnetbw,2026H1,ensemble,energy_score,2807.1098947485093
G3_C4,50hertz,overall,point,rmse,850.0340297093392
G3_C4,50hertz,overall,point,r2,0.8079006067815591
G3_C4,50hertz,overall,point,mae,650.9450254242024
G3_C4,50hertz,overall,point,smape,5.630566155848013
G3_C4,50hertz,overall,quantile,wis,382.8981750497461
G3_C4,50hertz,overall,quantile,lqs,191.44908752487305
G3_C4,50hertz,overall,quantile,mae_median,651.6297450139612
G3_C4,50hertz,overall,quantile,cov50,44.46060348089292
G3_C4,50hertz,overall,quantile,cov95,93.91907869844873
G3_C4,50hertz,overall,ensemble,wis,382.8981750497461
G3_C4,50hertz,overall,ensemble,lqs,191.44908752487305
G3_C4,50hertz,overall,ensemble,mae_median,651.6297450139612
G3_C4,50hertz,overall,ensemble,cov50,44.46060348089292
G3_C4,50hertz,overall,ensemble,cov95,93.91907869844873
G3_C4,50hertz,overall,ensemble,crps,467.6976119121097
G3_C4,50hertz,overall,ensemble,energy_score,5409.226464398328
G3_C4,amprion,overall,point,rmse,1092.980776643873
G3_C4,amprion,overall,point,r2,0.8923535762686395
G3_C4,amprion,overall,point,mae,761.9265259637715
G3_C4,amprion,overall,point,smape,4.02769210740343
G3_C4,amprion,overall,quantile,wis,460.40082269702356
G3_C4,amprion,overall,quantile,lqs,230.20041134851175
G3_C4,amprion,overall,quantile,mae_median,759.850579630195
G3_C4,amprion,overall,quantile,cov50,46.48481838819523
G3_C4,amprion,overall,quantile,cov95,93.32198259553537
G3_C4,amprion,overall,ensemble,wis,460.40082269702356
G3_C4,amprion,overall,ensemble,lqs,230.20041134851175
G3_C4,amprion,overall,ensemble,mae_median,759.850579630195
G3_C4,amprion,overall,ensemble,cov50,46.48481838819523
G3_C4,amprion,overall,ensemble,cov95,93.32198259553537
G3_C4,amprion,overall,ensemble,crps,557.0843288580977
G3_C4,amprion,overall,ensemble,energy_score,6539.425101506455
G3_C4,de_lu,overall,point,rmse,2710.219173938619
G3_C4,de_lu,overall,point,r2,0.9164293828829587
G3_C4,de_lu,overall,point,mae,1812.4087409252204
G3_C4,de_lu,overall,point,smape,3.421343369155398
G3_C4,de_lu,overall,quantile,wis,1100.2200349570444
G3_C4,de_lu,overall,quantile,lqs,550.1100174785222
G3_C4,de_lu,overall,quantile,mae_median,1806.7558006358454
G3_C4,de_lu,overall,quantile,cov50,55.29819334090049
G3_C4,de_lu,overall,quantile,cov95,97.0133371169126
G3_C4,de_lu,overall,ensemble,wis,1100.2200349570444
G3_C4,de_lu,overall,ensemble,lqs,550.1100174785222
G3_C4,de_lu,overall,ensemble,mae_median,1806.7558006358454
G3_C4,de_lu,overall,ensemble,cov50,55.29819334090049
G3_C4,de_lu,overall,ensemble,cov95,97.0133371169126
G3_C4,de_lu,overall,ensemble,crps,1337.963243415214
G3_C4,de_lu,overall,ensemble,energy_score,15173.896052911581
G3_C4,lu,overall,point,rmse,29.35502084894097
G3_C4,lu,overall,point,r2,0.911647005584862
G3_C4,lu,overall,point,mae,19.075542747843777
G3_C4,lu,overall,point,smape,3.499805008152459
G3_C4,lu,overall,quantile,wis,11.609378844671776
G3_C4,lu,overall,quantile,lqs,5.804689422335889
G3_C4,lu,overall,quantile,mae_median,18.81822368238942
G3_C4,lu,overall,quantile,cov50,44.80940219447597
G3_C4,lu,overall,quantile,cov95,92.63266174801362
G3_C4,lu,overall,ensemble,wis,11.609378844671776
G3_C4,lu,overall,ensemble,lqs,5.804689422335889
G3_C4,lu,overall,ensemble,mae_median,18.81822368238942
G3_C4,lu,overall,ensemble,cov50,44.80940219447597
G3_C4,lu,overall,ensemble,cov95,92.63266174801362
G3_C4,lu,overall,ensemble,crps,13.957497362763148
G3_C4,lu,overall,ensemble,energy_score,161.80421408727094
G3_C4,tennet,overall,point,rmse,813.4919784984555
G3_C4,tennet,overall,point,r2,0.9194504438299202
G3_C4,tennet,overall,point,mae,535.3173954159744
G3_C4,tennet,overall,point,smape,3.4412465274572988
G3_C4,tennet,overall,quantile,wis,325.11995618338557
G3_C4,tennet,overall,quantile,lqs,162.55997809169276
G3_C4,tennet,overall,quantile,mae_median,533.4390062117762
G3_C4,tennet,overall,quantile,cov50,44.16264661369655
G3_C4,tennet,overall,quantile,cov95,92.88687097994703
G3_C4,tennet,overall,ensemble,wis,325.11995618338557
G3_C4,tennet,overall,ensemble,lqs,162.55997809169276
G3_C4,tennet,overall,ensemble,mae_median,533.4390062117762
G3_C4,tennet,overall,ensemble,cov50,44.16264661369655
G3_C4,tennet,overall,ensemble,cov95,92.88687097994703
G3_C4,tennet,overall,ensemble,crps,391.0152276607922
G3_C4,tennet,overall,ensemble,energy_score,4525.340659831665
G3_C4,transnetbw,overall,point,rmse,424.2944471353554
G3_C4,transnetbw,overall,point,r2,0.9057611261836477
G3_C4,transnetbw,overall,point,mae,263.83996336749163
G3_C4,transnetbw,overall,point,smape,4.127809007624019
G3_C4,transnetbw,overall,quantile,wis,161.99051228971206
G3_C4,transnetbw,overall,quantile,lqs,80.99525614485603
G3_C4,transnetbw,overall,quantile,mae_median,261.9662485974615
G3_C4,transnetbw,overall,quantile,cov50,44.37547294740825
G3_C4,transnetbw,overall,quantile,cov95,92.18099697313659
G3_C4,transnetbw,overall,ensemble,wis,161.99051228971206
G3_C4,transnetbw,overall,ensemble,lqs,80.99525614485603
G3_C4,transnetbw,overall,ensemble,mae_median,261.9662485974615
G3_C4,transnetbw,overall,ensemble,cov50,44.37547294740825
G3_C4,transnetbw,overall,ensemble,cov95,92.18099697313659
G3_C4,transnetbw,overall,ensemble,crps,194.0797573629246
G3_C4,transnetbw,overall,ensemble,energy_score,2251.9782782755183
ENTSOE,50hertz,2024,point,rmse,1055.2072738549614
ENTSOE,50hertz,2024,point,r2,0.6799394535376773
ENTSOE,50hertz,2024,point,mae,829.2963775045536
ENTSOE,50hertz,2024,quantile,wis,829.2963775045536
ENTSOE,50hertz,2024,quantile,mae_median,829.2963775045536
ENTSOE,50hertz,2025,point,rmse,1208.1170736201968
ENTSOE,50hertz,2025,point,r2,0.5885076172199959
ENTSOE,50hertz,2025,point,mae,960.8390850790526
ENTSOE,50hertz,2025,quantile,wis,960.8390850790526
ENTSOE,50hertz,2025,quantile,mae_median,960.8390850790526
ENTSOE,50hertz,2026H1,point,rmse,1277.809975959468
ENTSOE,50hertz,2026H1,point,r2,0.639125601831763
ENTSOE,50hertz,2026H1,point,mae,983.8182725748377
ENTSOE,50hertz,2026H1,quantile,wis,983.8182725748377
ENTSOE,50hertz,2026H1,quantile,mae_median,983.8182725748377
ENTSOE,50hertz,overall,point,rmse,1164.3101950778305
ENTSOE,50hertz,overall,point,r2,0.6374636843062393
ENTSOE,50hertz,overall,point,mae,912.7572012109215
ENTSOE,50hertz,overall,quantile,wis,912.7572012109215
ENTSOE,50hertz,overall,quantile,mae_median,912.7572012109215
ENTSOE,tennet,2024,point,rmse,1154.0860080171342
ENTSOE,tennet,2024,point,r2,0.8302493201630582
ENTSOE,tennet,2024,point,mae,880.6425156534608
ENTSOE,tennet,2024,quantile,wis,880.6425156534608
ENTSOE,tennet,2024,quantile,mae_median,880.6425156534608
ENTSOE,tennet,2025,point,rmse,1092.1471391905723
ENTSOE,tennet,2025,point,r2,0.8530241480587948
ENTSOE,tennet,2025,point,mae,830.506901541096
ENTSOE,tennet,2025,quantile,wis,830.506901541096
ENTSOE,tennet,2025,quantile,mae_median,830.506901541096
ENTSOE,tennet,2026H1,point,rmse,1685.8015232012724
ENTSOE,tennet,2026H1,point,r2,0.6702870636469798
ENTSOE,tennet,2026H1,point,mae,1281.1434495615276
ENTSOE,tennet,2026H1,quantile,wis,1281.1434495615276
ENTSOE,tennet,2026H1,quantile,mae_median,1281.1434495615276
ENTSOE,tennet,overall,point,rmse,1257.0702646972604
ENTSOE,tennet,overall,point,r2,0.8052618241479659
ENTSOE,tennet,overall,point,mae,941.223523135764
ENTSOE,tennet,overall,quantile,wis,941.223523135764
ENTSOE,tennet,overall,quantile,mae_median,941.223523135764
ENTSOE,amprion,2024,point,rmse,1200.8521995753515
ENTSOE,amprion,2024,point,r2,0.8678714877437823
ENTSOE,amprion,2024,point,mae,929.4880843398223
ENTSOE,amprion,2024,quantile,wis,929.4880843398223
ENTSOE,amprion,2024,quantile,mae_median,929.4880843398223
ENTSOE,amprion,2025,point,rmse,898.4055757589906
ENTSOE,amprion,2025,point,r2,0.9234962422235119
ENTSOE,amprion,2025,point,mae,700.4699247802511
ENTSOE,amprion,2025,quantile,wis,700.4699247802511
ENTSOE,amprion,2025,quantile,mae_median,700.4699247802511
ENTSOE,amprion,2026H1,point,rmse,1023.9266071385923
ENTSOE,amprion,2026H1,point,r2,0.9060231732467244
ENTSOE,amprion,2026H1,point,mae,821.5236014408565
ENTSOE,amprion,2026H1,quantile,wis,821.5236014408565
ENTSOE,amprion,2026H1,quantile,mae_median,821.5236014408565
ENTSOE,amprion,overall,point,rmse,1053.419915326874
ENTSOE,amprion,overall,point,r2,0.8987647521337156
ENTSOE,amprion,overall,point,mae,816.4141153856955
ENTSOE,amprion,overall,quantile,wis,816.4141153856955
ENTSOE,amprion,overall,quantile,mae_median,816.4141153856955
ENTSOE,transnetbw,2024,point,rmse,477.5589279472177
ENTSOE,transnetbw,2024,point,r2,0.8784907980528086
ENTSOE,transnetbw,2024,point,mae,385.17392304189434
ENTSOE,transnetbw,2024,quantile,wis,385.17392304189434
ENTSOE,transnetbw,2024,quantile,mae_median,385.17392304189434
ENTSOE,transnetbw,2025,point,rmse,533.2238440467363
ENTSOE,transnetbw,2025,point,r2,0.8502298059701031
ENTSOE,transnetbw,2025,point,mae,446.7467229823059
ENTSOE,transnetbw,2025,quantile,wis,446.7467229823059
ENTSOE,transnetbw,2025,quantile,mae_median,446.7467229823059
ENTSOE,transnetbw,2026H1,point,rmse,444.75742798809904
ENTSOE,transnetbw,2026H1,point,r2,0.8894653692946602
ENTSOE,transnetbw,2026H1,point,mae,342.76602972834445
ENTSOE,transnetbw,2026H1,quantile,wis,342.76602972834445
ENTSOE,transnetbw,2026H1,quantile,mae_median,342.76602972834445
ENTSOE,transnetbw,overall,point,rmse,494.44832330568727
ENTSOE,transnetbw,overall,point,r2,0.8717554007008399
ENTSOE,transnetbw,overall,point,mae,401.2777665618055
ENTSOE,transnetbw,overall,quantile,wis,401.2777665618055
ENTSOE,transnetbw,overall,quantile,mae_median,401.2777665618055
ENTSOE,de_lu,2024,point,rmse,2570.4594216631217
ENTSOE,de_lu,2024,point,r2,0.9224497550204094
ENTSOE,de_lu,2024,point,mae,1979.5342832659685
ENTSOE,de_lu,2024,quantile,wis,1979.5342832659685
ENTSOE,de_lu,2024,quantile,mae_median,1979.5342832659685
ENTSOE,de_lu,2025,point,rmse,2480.3502015928157
ENTSOE,de_lu,2025,point,r2,0.9281670971903796
ENTSOE,de_lu,2025,point,mae,1947.352238425856
ENTSOE,de_lu,2025,quantile,wis,1947.352238425856
ENTSOE,de_lu,2025,quantile,mae_median,1947.352238425856
ENTSOE,de_lu,2026H1,point,rmse,2917.3180013698293
ENTSOE,de_lu,2026H1,point,r2,0.9056934589673238
ENTSOE,de_lu,2026H1,point,mae,2294.807741282942
ENTSOE,de_lu,2026H1,quantile,wis,2294.807741282942
ENTSOE,de_lu,2026H1,quantile,mae_median,2294.807741282942
ENTSOE,de_lu,overall,point,rmse,2609.3501866869183
ENTSOE,de_lu,overall,point,r2,0.921582357899728
ENTSOE,de_lu,overall,point,mae,2030.1313385923024
ENTSOE,de_lu,overall,quantile,wis,2030.1313385923024
ENTSOE,de_lu,overall,quantile,mae_median,2030.1313385923024
ENTSOE,lu,2024,point,rmse,19.88391814541634
ENTSOE,lu,2024,point,r2,0.9590652478612123
ENTSOE,lu,2024,point,mae,13.875339405670044
ENTSOE,lu,2024,quantile,wis,13.875339405670044
ENTSOE,lu,2024,quantile,mae_median,13.875339405670044
ENTSOE,lu,2025,point,rmse,37.39453237872925
ENTSOE,lu,2025,point,r2,0.8563700206391904
ENTSOE,lu,2025,point,mae,15.659738042237441
ENTSOE,lu,2025,quantile,wis,15.659738042237441
ENTSOE,lu,2025,quantile,mae_median,15.659738042237441
ENTSOE,lu,2026H1,point,rmse,28.318733136658253
ENTSOE,lu,2026H1,point,r2,0.9146972398682487
ENTSOE,lu,2026H1,point,mae,17.62640721654127
ENTSOE,lu,2026H1,quantile,wis,17.62640721654127
ENTSOE,lu,2026H1,quantile,mae_median,17.62640721654127
ENTSOE,lu,overall,point,rmse,29.61054618610354
ENTSOE,lu,overall,point,r2,0.9090800777200246
ENTSOE,lu,overall,point,mae,15.355618221178759
ENTSOE,lu,overall,quantile,wis,15.355618221178759
ENTSOE,lu,overall,quantile,mae_median,15.355618221178759
