config,area,period,output,metric,value
G1_C1,de_lu,2024,point,rmse,2873.8141041938316
G1_C1,de_lu,2024,point,r2,0.9030808726273345
G1_C1,de_lu,2024,point,mae,1904.8187834335672
G1_C1,de_lu,2024,point,smape,3.6147949839074767
G1_C1,de_lu,2024,quantile,wis,1146.505598521489
G1_C1,de_lu,2024,quantile,lqs,573.2527992607445
G1_C1,de_lu,2024,quantile,mae_median,1882.4469611665459
G1_C1,de_lu,2024,quantile,cov50,50.74567395264117
G1_C1,de_lu,2024,quantile,cov95,95.76787340619308
G1_C1,de_lu,2024,ensemble,wis,1146.505598521489
G1_C1,de_lu,2024,ensemble,lqs,573.2527992607445
G1_C1,de_lu,2024,ensemble,mae_median,1882.4469611665459
G1_C1,de_lu,2024,ensemble,cov50,50.74567395264117
G1_C1,de_lu,2024,ensemble,cov95,95.76787340619308
G1_C1,de_lu,2024,ensemble,crps,1387.64585895735
G1_C1,de_lu,2024,ensemble,energy_score,15793.53381095821
G1_C1,de_lu,2025,point,rmse,2808.9041421597703
G1_C1,de_lu,2025,point,r2,0.9078763265449008
G1_C1,de_lu,2025,point,mae,1910.5442411109275
G1_C1,de_lu,2025,point,smape,3.5727984375759245
G1_C1,de_lu,2025,quantile,wis,1145.1845382287465
G1_C1,de_lu,2025,quantile,lqs,572.5922691143733
G1_C1,de_lu,2025,quantile,mae_median,1877.5307415998502
G1_C1,de_lu,2025,quantile,cov50,52.94235159817352
G1_C1,de_lu,2025,quantile,cov95,95.86187214611871
G1_C1,de_lu,2025,ensemble,wis,1145.1845382287465
G1_C1,de_lu,2025,ensemble,lqs,572.5922691143733
G1_C1,de_lu,2025,ensemble,mae_median,1877.5307415998502
G1_C1,de_lu,2025,ensemble,cov50,52.94235159817352
G1_C1,de_lu,2025,ensemble,cov95,95.86187214611871
G1_C1,de_lu,2025,ensemble,crps,1391.1350609072592
G1_C1,de_lu,2025,ensemble,energy_score,15960.287168704612
G1_C1,de_lu,2026H1,point,rmse,3514.4544670499736
G1_C1,de_lu,2026H1,point,r2,0.8707648238440386
G1_C1,de_lu,2026H1,point,mae,2314.1445641043633
G1_C1,de_lu,2026H1,point,smape,4.250020907768015
G1_C1,de_lu,2026H1,quantile,wis,1406.6582731001545
G1_C1,de_lu,2026H1,quantile,lqs,703.3291365500774
G1_C1,de_lu,2026H1,quantile,mae_median,2280.888928970206
G1_C1,de_lu,2026H1,quantile,cov50,50.390625
G1_C1,de_lu,2026H1,quantile,cov95,93.72258771929825
G1_C1,de_lu,2026H1,ensemble,wis,1406.6582731001545
G1_C1,de_lu,2026H1,ensemble,lqs,703.3291365500774
G1_C1,de_lu,2026H1,ensemble,mae_median,2280.888928970206
G1_C1,de_lu,2026H1,ensemble,cov50,50.390625
G1_C1,de_lu,2026H1,ensemble,cov95,93.72258771929825
G1_C1,de_lu,2026H1,ensemble,crps,1702.0846317581993
G1_C1,de_lu,2026H1,ensemble,energy_score,19345.75797981933
G1_C1,de_lu,overall,point,rmse,2968.3044152467196
G1_C1,de_lu,overall,point,r2,0.8998185937617191
G1_C1,de_lu,overall,point,mae,1977.6469948879246
G1_C1,de_lu,overall,point,smape,3.706783207028412
G1_C1,de_lu,overall,quantile,wis,1190.7423137299897
G1_C1,de_lu,overall,quantile,lqs,595.3711568649949
G1_C1,de_lu,overall,quantile,mae_median,1949.0027470830944
G1_C1,de_lu,overall,quantile,cov50,51.59258210645527
G1_C1,de_lu,overall,quantile,cov95,95.45465269913174
G1_C1,de_lu,overall,ensemble,wis,1190.7423137299897
G1_C1,de_lu,overall,ensemble,lqs,595.3711568649949
G1_C1,de_lu,overall,ensemble,mae_median,1949.0027470830944
G1_C1,de_lu,overall,ensemble,cov50,51.59258210645527
G1_C1,de_lu,overall,ensemble,cov95,95.45465269913174
G1_C1,de_lu,overall,ensemble,crps,1443.215793473144
G1_C1,de_lu,overall,ensemble,energy_score,16473.944965255298
G1_C2.1,de_lu,2024,point,rmse,2878.95771426388
G1_C2.1,de_lu,2024,point,r2,0.9027336265586635
G1_C2.1,de_lu,2024,point,mae,1836.5198803173703
G1_C2.1,de_lu,2024,point,smape,3.477273136917341
G1_C2.1,de_lu,2024,quantile,wis,1120.7045118089516
G1_C2.1,de_lu,2024,quantile,lqs,560.352255904476
G1_C2.1,de_lu,2024,quantile,mae_median,1812.4065764760217
G1_C2.1,de_lu,2024,quantile,cov50,49.92600182149363
G1_C2.1,de_lu,2024,quantile,cov95,95.09050546448088
G1_C2.1,de_lu,2024,ensemble,wis,1120.7045118089516
G1_C2.1,de_lu,2024,ensemble,lqs,560.352255904476
G1_C2.1,de_lu,2024,ensemble,mae_median,1812.4065764760217
G1_C2.1,de_lu,2024,ensemble,cov50,49.92600182149363
G1_C2.1,de_lu,2024,ensemble,cov95,95.09050546448088
G1_C2.1,de_lu,2024,ensemble,crps,1349.0282087541675
G1_C2.1,de_lu,2024,ensemble,energy_score,15351.287271540474
G1_C2.1,de_lu,2025,point,rmse,2803.5321271563807
G1_C2.1,de_lu,2025,point,r2,0.9082283617115455
G1_C2.1,de_lu,2025,point,mae,1910.857402444785
G1_C2.1,de_lu,2025,point,smape,3.6064239792705086
G1_C2.1,de_lu,2025,quantile,wis,1132.1204368907593
G1_C2.1,de_lu,2025,quantile,lqs,566.0602184453796
G1_C2.1,de_lu,2025,quantile,mae_median,1887.5546802438641
G1_C2.1,de_lu,2025,quantile,cov50,47.75970319634703
G1_C2.1,de_lu,2025,quantile,cov95,95.7420091324201
G1_C2.1,de_lu,2025,ensemble,wis,1132.1204368907593
G1_C2.1,de_lu,2025,ensemble,lqs,566.0602184453796
G1_C2.1,de_lu,2025,ensemble,mae_median,1887.5546802438641
G1_C2.1,de_lu,2025,ensemble,cov50,47.75970319634703
G1_C2.1,de_lu,2025,ensemble,cov95,95.7420091324201
G1_C2.1,de_lu,2025,ensemble,crps,1373.8014810976385
G1_C2.1,de_lu,2025,ensemble,energy_score,15654.617134000784
G1_C2.1,de_lu,2026H1,point,rmse,3612.130054668796
G1_C2.1,de_lu,2026H1,point,r2,0.8634814538935487
G1_C2.1,de_lu,2026H1,point,mae,2365.2130926065247
G1_C2.1,de_lu,2026H1,point,smape,4.3894350293222075
G1_C2.1,de_lu,2026H1,quantile,wis,1432.944562972204
G1_C2.1,de_lu,2026H1,quantile,lqs,716.4722814861021
G1_C2.1,de_lu,2026H1,quantile,mae_median,2345.476086182086
G1_C2.1,de_lu,2026H1,quantile,cov50,45.90186403508772
G1_C2.1,de_lu,2026H1,quantile,cov95,93.11266447368422
G1_C2.1,de_lu,2026H1,ensemble,wis,1432.944562972204
G1_C2.1,de_lu,2026H1,ensemble,lqs,716.4722814861021
G1_C2.1,de_lu,2026H1,ensemble,mae_median,2345.476086182086
G1_C2.1,de_lu,2026H1,ensemble,cov50,45.90186403508772
G1_C2.1,de_lu,2026H1,ensemble,cov95,93.11266447368422
G1_C2.1,de_lu,2026H1,ensemble,crps,1724.9671397769018
G1_C2.1,de_lu,2026H1,ensemble,energy_score,19504.453630197968
G1_C2.1,de_lu,overall,point,rmse,2988.387341455257
G1_C2.1,de_lu,overall,point,r2,0.8984583950255388
G1_C2.1,de_lu,overall,point,mae,1958.2577782159635
G1_C2.1,de_lu,overall,point,smape,3.687679326163599
G1_C2.1,de_lu,overall,quantile,wis,1179.1725757179825
G1_C2.1,de_lu,overall,quantile,lqs,589.5862878589912
G1_C2.1,de_lu,overall,quantile,mae_median,1935.2328769863097
G1_C2.1,de_lu,overall,quantile,cov50,48.33781615704039
G1_C2.1,de_lu,overall,quantile,cov95,95.01934692336731
G1_C2.1,de_lu,overall,ensemble,wis,1179.1725757179825
G1_C2.1,de_lu,overall,ensemble,lqs,589.5862878589912
G1_C2.1,de_lu,overall,ensemble,mae_median,1935.2328769863097
G1_C2.1,de_lu,overall,ensemble,cov50,48.33781615704039
G1_C2.1,de_lu,overall,ensemble,cov95,95.01934692336731
G1_C2.1,de_lu,overall,ensemble,crps,1423.982865516141
G1_C2.1,de_lu,overall,ensemble,energy_score,16191.600619574396
G1_C2.2,de_lu,2024,point,rmse,2761.144272222928
G1_C2.2,de_lu,2024,point,r2,0.9105314599736437
G1_C2.2,de_lu,2024,point,mae,1801.8436272813606
G1_C2.2,de_lu,2024,point,smape,3.4215281341696087
G1_C2.2,de_lu,2024,quantile,wis,1089.7035538491193
G1_C2.2,de_lu,2024,quantile,lqs,544.8517769245598
G1_C2.2,de_lu,2024,quantile,mae_median,1780.5793893465534
G1_C2.2,de_lu,2024,quantile,cov50,47.43283242258652
G1_C2.2,de_lu,2024,quantile,cov95,95.17019581056466
G1_C2.2,de_lu,2024,ensemble,wis,1089.7035538491193
G1_C2.2,de_lu,2024,ensemble,lqs,544.8517769245598
G1_C2.2,de_lu,2024,ensemble,mae_median,1780.5793893465534
G1_C2.2,de_lu,2024,ensemble,cov50,47.43283242258652
G1_C2.2,de_lu,2024,ensemble,cov95,95.17019581056466
G1_C2.2,de_lu,2024,ensemble,crps,1311.0234152584587
G1_C2.2,de_lu,2024,ensemble,energy_score,14895.612999994217
G1_C2.2,de_lu,2025,point,rmse,2799.474609136002
G1_C2.2,de_lu,2025,point,r2,0.9084938094392767
G1_C2.2,de_lu,2025,point,mae,1858.0942153308863
G1_C2.2,de_lu,2025,point,smape,3.5067336195663956
G1_C2.2,de_lu,2025,quantile,wis,1122.2430370876684
G1_C2.2,de_lu,2025,quantile,lqs,561.1215185438343
G1_C2.2,de_lu,2025,quantile,mae_median,1839.451372280822
G1_C2.2,de_lu,2025,quantile,cov50,47.17180365296804
G1_C2.2,de_lu,2025,quantile,cov95,94.42922374429223
G1_C2.2,de_lu,2025,ensemble,wis,1122.2430370876684
G1_C2.2,de_lu,2025,ensemble,lqs,561.1215185438343
G1_C2.2,de_lu,2025,ensemble,mae_median,1839.451372280822
G1_C2.2,de_lu,2025,ensemble,cov50,47.17180365296804
G1_C2.2,de_lu,2025,ensemble,cov95,94.42922374429223
G1_C2.2,de_lu,2025,ensemble,crps,1353.3967468159499
G1_C2.2,de_lu,2025,ensemble,energy_score,15359.55133284067
G1_C2.2,de_lu,2026H1,point,rmse,3435.7061675872255
G1_C2.2,de_lu,2026H1,point,r2,0.87649147757205
G1_C2.2,de_lu,2026H1,point,mae,2232.0705856549334
G1_C2.2,de_lu,2026H1,point,smape,4.140298828334391
G1_C2.2,de_lu,2026H1,quantile,wis,1353.9993598844617
G1_C2.2,de_lu,2026H1,quantile,lqs,676.9996799422308
G1_C2.2,de_lu,2026H1,quantile,mae_median,2205.0453368628187
G1_C2.2,de_lu,2026H1,quantile,cov50,44.13377192982456
G1_C2.2,de_lu,2026H1,quantile,cov95,92.29029605263158
G1_C2.2,de_lu,2026H1,ensemble,wis,1353.9993598844617
G1_C2.2,de_lu,2026H1,ensemble,lqs,676.9996799422308
G1_C2.2,de_lu,2026H1,ensemble,mae_median,2205.0453368628187
G1_C2.2,de_lu,2026H1,ensemble,cov50,44.13377192982456
G1_C2.2,de_lu,2026H1,ensemble,cov95,92.29029605263158
G1_C2.2,de_lu,2026H1,ensemble,crps,1622.292324057217
G1_C2.2,de_lu,2026H1,ensemble,energy_score,18235.966967474204
G1_C2.2,de_lu,overall,point,rmse,2903.721157191142
G1_C2.2,de_lu,overall,point,r2,0.9041305876427994
G1_C2.2,de_lu,overall,point,mae,1899.1550228768983
G1_C2.2,de_lu,overall,point,smape,3.580478471296307
G1_C2.2,de_lu,overall,quantile,wis,1148.650183406812
G1_C2.2,de_lu,overall,quantile,lqs,574.3250917034059
G1_C2.2,de_lu,overall,quantile,mae_median,1877.9826711058743
G1_C2.2,de_lu,overall,quantile,cov50,46.75703095507739
G1_C2.2,de_lu,overall,quantile,cov95,94.3681577953945
G1_C2.2,de_lu,overall,ensemble,wis,1148.650183406812
G1_C2.2,de_lu,overall,ensemble,lqs,574.3250917034059
G1_C2.2,de_lu,overall,ensemble,mae_median,1877.9826711058743
G1_C2.2,de_lu,overall,ensemble,cov50,46.75703095507739
G1_C2.2,de_lu,overall,ensemble,cov95,94.3681577953945
G1_C2.2,de_lu,overall,ensemble,crps,1382.120969228895
G1_C2.2,de_lu,overall,ensemble,energy_score,15662.398158030359
G1_C2.3,de_lu,2024,point,rmse,2927.1729188215113
G1_C2.3,de_lu,2024,point,r2,0.8994484178307529
G1_C2.3,de_lu,2024,point,mae,1913.0835436738425
G1_C2.3,de_lu,2024,point,smape,3.629994730413053
G1_C2.3,de_lu,2024,quantile,wis,1161.355809195721
G1_C2.3,de_lu,2024,quantile,lqs,580.6779045978604
G1_C2.3,de_lu,2024,quantile,mae_median,1904.1891368081026
G1_C2.3,de_lu,2024,quantile,cov50,44.28506375227686
G1_C2.3,de_lu,2024,quantile,cov95,93.76423041894353
G1_C2.3,de_lu,2024,ensemble,wis,1161.355809195721
G1_C2.3,de_lu,2024,ensemble,lqs,580.6779045978604
G1_C2.3,de_lu,2024,ensemble,mae_median,1904.1891368081026
G1_C2.3,de_lu,2024,ensemble,cov50,44.28506375227686
G1_C2.3,de_lu,2024,ensemble,cov95,93.76423041894353
G1_C2.3,de_lu,2024,ensemble,crps,1396.2092069368398
G1_C2.3,de_lu,2024,ensemble,energy_score,15880.209124799629
G1_C2.3,de_lu,2025,point,rmse,2890.523274045817
G1_C2.3,de_lu,2025,point,r2,0.9024448162308324
G1_C2.3,de_lu,2025,point,mae,1917.8541949233436
G1_C2.3,de_lu,2025,point,smape,3.6299999324251444
G1_C2.3,de_lu,2025,quantile,wis,1155.181056402931
G1_C2.3,de_lu,2025,quantile,lqs,577.5905282014655
G1_C2.3,de_lu,2025,quantile,mae_median,1896.986554232413
G1_C2.3,de_lu,2025,quantile,cov50,44.91438356164383
G1_C2.3,de_lu,2025,quantile,cov95,94.20376712328768
G1_C2.3,de_lu,2025,ensemble,wis,1155.181056402931
G1_C2.3,de_lu,2025,ensemble,lqs,577.5905282014655
G1_C2.3,de_lu,2025,ensemble,mae_median,1896.986554232413
G1_C2.3,de_lu,2025,ensemble,cov50,44.91438356164383
G1_C2.3,de_lu,2025,ensemble,cov95,94.20376712328768
G1_C2.3,de_lu,2025,ensemble,crps,1389.5306620472768
G1_C2.3,de_lu,2025,ensemble,energy_score,15837.347216731096
G1_C2.3,de_lu,2026H1,point,rmse,3559.164153862136
G1_C2.3,de_lu,2026H1,point,r2,0.8674557369951885
G1_C2.3,de_lu,2026H1,point,mae,2373.296554808697
G1_C2.3,de_lu,2026H1,point,smape,4.365080219583118
G1_C2.3,de_lu,2026H1,quantile,wis,1446.314193660153
G1_C2.3,de_lu,2026H1,quantile,lqs,723.1570968300766
G1_C2.3,de_lu,2026H1,quantile,mae_median,2341.8724700816033
G1_C2.3,de_lu,2026H1,quantile,cov50,43.28399122807017
G1_C2.3,de_lu,2026H1,quantile,cov95,91.71463815789474
G1_C2.3,de_lu,2026H1,ensemble,wis,1446.314193660153
G1_C2.3,de_lu,2026H1,ensemble,lqs,723.1570968300766
G1_C2.3,de_lu,2026H1,ensemble,mae_median,2341.8724700816033
G1_C2.3,de_lu,2026H1,ensemble,cov50,43.28399122807017
G1_C2.3,de_lu,2026H1,ensemble,cov95,91.71463815789474
G1_C2.3,de_lu,2026H1,ensemble,crps,1727.720319819341
G1_C2.3,de_lu,2026H1,ensemble,energy_score,19492.878228826743
G1_C2.3,de_lu,overall,point,rmse,3030.8187087208203
G1_C2.3,de_lu,overall,point,r2,0.8955543958812378
G1_C2.3,de_lu,overall,point,mae,1994.2768227209162
G1_C2.3,de_lu,overall,point,smape,3.756534813185718
G1_C2.3,de_lu,overall,quantile,wis,1207.8562504972217
G1_C2.3,de_lu,overall,quantile,lqs,603.928125248611
G1_C2.3,de_lu,overall,quantile,mae_median,1976.5548491721404
G1_C2.3,de_lu,overall,quantile,cov50,44.37287655719139
G1_C2.3,de_lu,overall,quantile,cov95,93.59310117025292
G1_C2.3,de_lu,overall,ensemble,wis,1207.8562504972217
G1_C2.3,de_lu,overall,ensemble,lqs,603.928125248611
G1_C2.3,de_lu,overall,ensemble,mae_median,1976.5548491721404
G1_C2.3,de_lu,overall,ensemble,cov50,44.37287655719139
G1_C2.3,de_lu,overall,ensemble,cov95,93.59310117025292
G1_C2.3,de_lu,overall,ensemble,crps,1450.5150056610184
G1_C2.3,de_lu,overall,ensemble,energy_score,16484.37798931504
G1_C3.1,de_lu,2024,point,rmse,2856.204826660204
G1_C3.1,de_lu,2024,point,r2,0.904264976350105
G1_C3.1,de_lu,2024,point,mae,1895.0616493846521
G1_C3.1,de_lu,2024,point,smape,3.606937213615318
G1_C3.1,de_lu,2024,quantile,wis,1145.2608566531367
G1_C3.1,de_lu,2024,quantile,lqs,572.6304283265684
G1_C3.1,de_lu,2024,quantile,mae_median,1864.7490280806512
G1_C3.1,de_lu,2024,quantile,cov50,52.52732240437158
G1_C3.1,de_lu,2024,quantile,cov95,96.39401183970855
G1_C3.1,de_lu,2024,ensemble,wis,1145.2608566531367
G1_C3.1,de_lu,2024,ensemble,lqs,572.6304283265684
G1_C3.1,de_lu,2024,ensemble,mae_median,1864.7490280806512
G1_C3.1,de_lu,2024,ensemble,cov50,52.52732240437158
G1_C3.1,de_lu,2024,ensemble,cov95,96.39401183970855
G1_C3.1,de_lu,2024,ensemble,crps,1389.2489061009917
G1_C3.1,de_lu,2024,ensemble,energy_score,15753.238770650541
G1_C3.1,de_lu,2025,point,rmse,2837.1634235290417
G1_C3.1,de_lu,2025,point,r2,0.906013361978318
G1_C3.1,de_lu,2025,point,mae,1938.7685228640507
G1_C3.1,de_lu,2025,point,smape,3.638181153024718
G1_C3.1,de_lu,2025,quantile,wis,1156.7200599989526
G1_C3.1,de_lu,2025,quantile,lqs,578.3600299994763
G1_C3.1,de_lu,2025,quantile,mae_median,1897.663888570063
G1_C3.1,de_lu,2025,quantile,cov50,52.382990867579906
G1_C3.1,de_lu,2025,quantile,cov95,96.62956621004565
G1_C3.1,de_lu,2025,ensemble,wis,1156.7200599989526
G1_C3.1,de_lu,2025,ensemble,lqs,578.3600299994763
G1_C3.1,de_lu,2025,ensemble,mae_median,1897.663888570063
G1_C3.1,de_lu,2025,ensemble,cov50,52.382990867579906
G1_C3.1,de_lu,2025,ensemble,cov95,96.62956621004565
G1_C3.1,de_lu,2025,ensemble,crps,1404.1451684745562
G1_C3.1,de_lu,2025,ensemble,energy_score,16056.862925119607
G1_C3.1,de_lu,2026H1,point,rmse,3575.542612423484
G1_C3.1,de_lu,2026H1,point,r2,0.8662330534941645
G1_C3.1,de_lu,2026H1,point,mae,2396.737316617621
G1_C3.1,de_lu,2026H1,point,smape,4.41627586433673
G1_C3.1,de_lu,2026H1,quantile,wis,1441.8584624394223
G1_C3.1,de_lu,2026H1,quantile,lqs,720.9292312197111
G1_C3.1,de_lu,2026H1,quantile,mae_median,2375.356172911493
G1_C3.1,de_lu,2026H1,quantile,cov50,50.89089912280702
G1_C3.1,de_lu,2026H1,quantile,cov95,95.29879385964912
G1_C3.1,de_lu,2026H1,ensemble,wis,1441.8584624394223
G1_C3.1,de_lu,2026H1,ensemble,lqs,720.9292312197111
G1_C3.1,de_lu,2026H1,ensemble,mae_median,2375.356172911493
G1_C3.1,de_lu,2026H1,ensemble,cov50,50.89089912280702
G1_C3.1,de_lu,2026H1,ensemble,cov95,95.29879385964912
G1_C3.1,de_lu,2026H1,ensemble,crps,1749.0911113244942
G1_C3.1,de_lu,2026H1,ensemble,energy_score,19736.106663021736
G1_C3.1,de_lu,overall,point,rmse,2984.8815928260465
G1_C3.1,de_lu,overall,point,r2,0.8986964970503825
G1_C3.1,de_lu,overall,point,mae,1999.4871422944955
G1_C3.1,de_lu,overall,point,smape,3.759172222442142
G1_C3.1,de_lu,overall,quantile,wis,1201.0541129393634
G1_C3.1,de_lu,overall,quantile,lqs,600.5270564696817
G1_C3.1,de_lu,overall,quantile,mae_median,1966.250964765728
G1_C3.1,de_lu,overall,quantile,cov50,52.18596640241601
G1_C3.1,de_lu,overall,quantile,cov95,96.30285013212533
G1_C3.1,de_lu,overall,ensemble,wis,1201.0541129393634
G1_C3.1,de_lu,overall,ensemble,lqs,600.5270564696817
G1_C3.1,de_lu,overall,ensemble,mae_median,1966.250964765728
G1_C3.1,de_lu,overall,ensemble,cov50,52.18596640241601
G1_C3.1,de_lu,overall,ensemble,cov95,96.30285013212533
G1_C3.1,de_lu,overall,ensemble,crps,1457.3498698159672
G1_C3.1,de_lu,overall,ensemble,energy_score,16564.358516994405
G1_C3.2,de_lu,2024,point,rmse,2965.4497911497187
G1_C3.2,de_lu,2024,point,r2,0.8968015196819105
G1_C3.2,de_lu,2024,point,mae,1970.7884055556028
G1_C3.2,de_lu,2024,point,smape,3.740895767214162
G1_C3.2,de_lu,2024,quantile,wis,1183.3158344539631
G1_C3.2,de_lu,2024,quantile,lqs,591.6579172269816
G1_C3.2,de_lu,2024,quantile,mae_median,1945.2845947557992
G1_C3.2,de_lu,2024,quantile,cov50,50.873747723132965
G1_C3.2,de_lu,2024,quantile,cov95,96.77538706739527
G1_C3.2,de_lu,2024,ensemble,wis,1183.3158344539631
G1_C3.2,de_lu,2024,ensemble,lqs,591.6579172269816
G1_C3.2,de_lu,2024,ensemble,mae_median,1945.2845947557992
G1_C3.2,de_lu,2024,ensemble,cov50,50.873747723132965
G1_C3.2,de_lu,2024,ensemble,cov95,96.77538706739527
G1_C3.2,de_lu,2024,ensemble,crps,1432.581025655299
G1_C3.2,de_lu,2024,ensemble,energy_score,16204.681653860483
G1_C3.2,de_lu,2025,point,rmse,2919.062579121818
G1_C3.2,de_lu,2025,point,r2,0.9005089025980831
G1_C3.2,de_lu,2025,point,mae,2002.256367860425
G1_C3.2,de_lu,2025,point,smape,3.7480744317048815
G1_C3.2,de_lu,2025,quantile,wis,1192.2092446567426
G1_C3.2,de_lu,2025,quantile,lqs,596.1046223283714
G1_C3.2,de_lu,2025,quantile,mae_median,1969.5631867459333
G1_C3.2,de_lu,2025,quantile,cov50,50.887557077625566
G1_C3.2,de_lu,2025,quantile,cov95,96.2271689497717
G1_C3.2,de_lu,2025,ensemble,wis,1192.2092446567426
G1_C3.2,de_lu,2025,ensemble,lqs,596.1046223283714
G1_C3.2,de_lu,2025,ensemble,mae_median,1969.5631867459333
G1_C3.2,de_lu,2025,ensemble,cov50,50.887557077625566
G1_C3.2,de_lu,2025,ensemble,cov95,96.2271689497717
G1_C3.2,de_lu,2025,ensemble,crps,1449.2800207594844
G1_C3.2,de_lu,2025,ensemble,energy_score,16504.22870754687
G1_C3.2,de_lu,2026H1,point,rmse,3682.125801079921
G1_C3.2,de_lu,2026H1,point,r2,0.8581392859263816
G1_C3.2,de_lu,2026H1,point,mae,2469.2851268278
G1_C3.2,de_lu,2026H1,point,smape,4.530894460854104
G1_C3.2,de_lu,2026H1,quantile,wis,1483.40468657394
G1_C3.2,de_lu,2026H1,quantile,lqs,741.7023432869701
G1_C3.2,de_lu,2026H1,quantile,mae_median,2462.7863173346695
G1_C3.2,de_lu,2026H1,quantile,cov50,46.964089912280706
G1_C3.2,de_lu,2026H1,quantile,cov95,94.96299342105263
G1_C3.2,de_lu,2026H1,ensemble,wis,1483.40468657394
G1_C3.2,de_lu,2026H1,ensemble,lqs,741.7023432869701
G1_C3.2,de_lu,2026H1,ensemble,mae_median,2462.7863173346695
G1_C3.2,de_lu,2026H1,ensemble,cov50,46.964089912280706
G1_C3.2,de_lu,2026H1,ensemble,cov95,94.96299342105263
G1_C3.2,de_lu,2026H1,ensemble,crps,1797.364625167184
G1_C3.2,de_lu,2026H1,ensemble,energy_score,20245.676722855762
G1_C3.2,de_lu,overall,point,rmse,3082.395565578287
G1_C3.2,de_lu,overall,point,r2,0.8919693498341926
G1_C3.2,de_lu,overall,point,mae,2069.6075537714964
G1_C3.2,de_lu,overall,point,smape,3.8798538804331697
G1_C3.2,de_lu,overall,quantile,wis,1238.6494700669314
G1_C3.2,de_lu,overall,quantile,lqs,619.3247350334657
G1_C3.2,de_lu,overall,quantile,mae_median,2044.4034485591822
G1_C3.2,de_lu,overall,quantile,cov50,50.20644582861458
G1_C3.2,de_lu,overall,quantile,cov95,96.23678746696866
G1_C3.2,de_lu,overall,ensemble,wis,1238.6494700669314
G1_C3.2,de_lu,overall,ensemble,lqs,619.3247350334657
G1_C3.2,de_lu,overall,ensemble,mae_median,2044.4034485591822
G1_C3.2,de_lu,overall,ensemble,cov50,50.20644582861458
G1_C3.2,de_lu,overall,ensemble,cov95,96.23678746696866
G1_C3.2,de_lu,overall,ensemble,crps,1502.2777870809323
G1_C3.2,de_lu,overall,ensemble,energy_score,17024.12211261792
G1_C3.3,de_lu,2024,point,rmse,2957.685105226258
G1_C3.3,de_lu,2024,point,r2,0.8973412386340759
G1_C3.3,de_lu,2024,point,mae,1961.4347759232664
G1_C3.3,de_lu,2024,point,smape,3.7239474125389425
G1_C3.3,de_lu,2024,quantile,wis,1180.1211518641767
G1_C3.3,de_lu,2024,quantile,lqs,590.0605759320882
G1_C3.3,de_lu,2024,quantile,mae_median,1926.7586352325643
G1_C3.3,de_lu,2024,quantile,cov50,54.252049180327866
G1_C3.3,de_lu,2024,quantile,cov95,96.51923952641167
G1_C3.3,de_lu,2024,ensemble,wis,1180.1211518641767
G1_C3.3,de_lu,2024,ensemble,lqs,590.0605759320882
G1_C3.3,de_lu,2024,ensemble,mae_median,1926.7586352325643
G1_C3.3,de_lu,2024,ensemble,cov50,54.252049180327866
G1_C3.3,de_lu,2024,ensemble,cov95,96.51923952641167
G1_C3.3,de_lu,2024,ensemble,crps,1434.515815413666
G1_C3.3,de_lu,2024,ensemble,energy_score,16198.777668858673
G1_C3.3,de_lu,2025,point,rmse,2833.9008997286232
G1_C3.3,de_lu,2025,point,r2,0.9062293927773565
G1_C3.3,de_lu,2025,point,mae,1952.9026167785719
G1_C3.3,de_lu,2025,point,smape,3.659709456106942
G1_C3.3,de_lu,2025,quantile,wis,1163.7722844538348
G1_C3.3,de_lu,2025,quantile,lqs,581.8861422269175
G1_C3.3,de_lu,2025,quantile,mae_median,1913.6492208366153
G1_C3.3,de_lu,2025,quantile,cov50,55.15981735159817
G1_C3.3,de_lu,2025,quantile,cov95,97.27168949771689
G1_C3.3,de_lu,2025,ensemble,wis,1163.7722844538348
G1_C3.3,de_lu,2025,ensemble,lqs,581.8861422269175
G1_C3.3,de_lu,2025,ensemble,mae_median,1913.6492208366153
G1_C3.3,de_lu,2025,ensemble,cov50,55.15981735159817
G1_C3.3,de_lu,2025,ensemble,cov95,97.27168949771689
G1_C3.3,de_lu,2025,ensemble,crps,1415.3698296352857
G1_C3.3,de_lu,2025,ensemble,energy_score,16161.287102858289
G1_C3.3,de_lu,2026H1,point,rmse,3531.7304318800784
G1_C3.3,de_lu,2026H1,point,r2,0.8694911411624973
G1_C3.3,de_lu,2026H1,point,mae,2393.7458395302956
G1_C3.3,de_lu,2026H1,point,smape,4.409838929929298
G1_C3.3,de_lu,2026H1,quantile,wis,1430.816942151474
G1_C3.3,de_lu,2026H1,quantile,lqs,715.408471075737
G1_C3.3,de_lu,2026H1,quantile,mae_median,2365.3748516713094
G1_C3.3,de_lu,2026H1,quantile,cov50,51.08963815789473
G1_C3.3,de_lu,2026H1,quantile,cov95,94.81222587719299
G1_C3.3,de_lu,2026H1,ensemble,wis,1430.816942151474
G1_C3.3,de_lu,2026H1,ensemble,lqs,715.408471075737
G1_C3.3,de_lu,2026H1,ensemble,mae_median,2365.3748516713094
G1_C3.3,de_lu,2026H1,ensemble,cov50,51.08963815789473
G1_C3.3,de_lu,2026H1,ensemble,cov95,94.81222587719299
G1_C3.3,de_lu,2026H1,ensemble,crps,1738.9549498180563
G1_C3.3,de_lu,2026H1,ensemble,energy_score,19661.384021657137
G1_C3.3,de_lu,overall,point,rmse,3015.4301131769466
G1_C3.3,de_lu,overall,point,r2,0.8966123217785027
G1_C3.3,de_lu,overall,point,mae,2032.3261050064543
G1_C3.3,de_lu,overall,point,smape,3.815463444866976
G1_C3.3,de_lu,overall,quantile,wis,1216.5180074914635
G1_C3.3,de_lu,overall,quantile,lqs,608.2590037457318
G1_C3.3,de_lu,overall,quantile,mae_median,1996.8432656336602
G1_C3.3,de_lu,overall,quantile,cov50,54.08290864477161
G1_C3.3,de_lu,overall,quantile,cov95,96.5364288410721
G1_C3.3,de_lu,overall,ensemble,wis,1216.5180074914635
G1_C3.3,de_lu,overall,ensemble,lqs,608.2590037457318
G1_C3.3,de_lu,overall,ensemble,mae_median,1996.8432656336602
G1_C3.3,de_lu,overall,ensemble,cov50,54.08290864477161
G1_C3.3,de_lu,overall,ensemble,cov95,96.5364288410721
G1_C3.3,de_lu,overall,ensemble,crps,1479.0078466938
G1_C3.3,de_lu,overall,ensemble,energy_score,16779.334983734352
G1_C3.4,de_lu,2024,point,rmse,2970.1528280749762
G1_C3.4,de_lu,2024,point,r2,0.8964739261202306
G1_C3.4,de_lu,2024,point,mae,1973.172780882383
G1_C3.4,de_lu,2024,point,smape,3.7491584675405516
G1_C3.4,de_lu,2024,quantile,wis,1185.514766811734
G1_C3.4,de_lu,2024,quantile,lqs,592.757383405867
G1_C3.4,de_lu,2024,quantile,mae_median,1946.3924424008142
G1_C3.4,de_lu,2024,quantile,cov50,51.411657559198545
G1_C3.4,de_lu,2024,quantile,cov95,96.68431238615665
G1_C3.4,de_lu,2024,ensemble,wis,1185.514766811734
G1_C3.4,de_lu,2024,ensemble,lqs,592.757383405867
G1_C3.4,de_lu,2024,ensemble,mae_median,1946.3924424008142
G1_C3.4,de_lu,2024,ensemble,cov50,51.411657559198545
G1_C3.4,de_lu,2024,ensemble,cov95,96.68431238615665
G1_C3.4,de_lu,2024,ensemble,crps,1436.5686391165436
G1_C3.4,de_lu,2024,ensemble,energy_score,16257.09621239179
G1_C3.4,de_lu,2025,point,rmse,2875.1492093398074
G1_C3.4,de_lu,2025,point,r2,0.9034798060637611
G1_C3.4,de_lu,2025,point,mae,1987.6334353473999
G1_C3.4,de_lu,2025,point,smape,3.729449602003458
G1_C3.4,de_lu,2025,quantile,wis,1178.3609969951212
G1_C3.4,de_lu,2025,quantile,lqs,589.1804984975607
G1_C3.4,de_lu,2025,quantile,mae_median,1953.6748432547092
G1_C3.4,de_lu,2025,quantile,cov50,50.505136986301366
G1_C3.4,de_lu,2025,quantile,cov95,96.99771689497717
G1_C3.4,de_lu,2025,ensemble,wis,1178.3609969951212
G1_C3.4,de_lu,2025,ensemble,lqs,589.1804984975607
G1_C3.4,de_lu,2025,ensemble,mae_median,1953.6748432547092
G1_C3.4,de_lu,2025,ensemble,cov50,50.505136986301366
G1_C3.4,de_lu,2025,ensemble,cov95,96.99771689497717
G1_C3.4,de_lu,2025,ensemble,crps,1429.91886267951
G1_C3.4,de_lu,2025,ensemble,energy_score,16308.288689351088
G1_C3.4,de_lu,2026H1,point,rmse,3596.5258851712974
G1_C3.4,de_lu,2026H1,point,r2,0.8646584088818274
G1_C3.4,de_lu,2026H1,point,mae,2426.0346944618414
G1_C3.4,de_lu,2026H1,point,smape,4.471194269630138
G1_C3.4,de_lu,2026H1,quantile,wis,1457.7334702427902
G1_C3.4,de_lu,2026H1,quantile,lqs,728.8667351213951
G1_C3.4,de_lu,2026H1,quantile,mae_median,2418.0171020407415
G1_C3.4,de_lu,2026H1,quantile,cov50,48.90350877192983
G1_C3.4,de_lu,2026H1,quantile,cov95,95.28508771929825
G1_C3.4,de_lu,2026H1,ensemble,wis,1457.7334702427902
G1_C3.4,de_lu,2026H1,ensemble,lqs,728.8667351213951
G1_C3.4,de_lu,2026H1,ensemble,mae_median,2418.0171020407415
G1_C3.4,de_lu,2026H1,ensemble,cov50,48.90350877192983
G1_C3.4,de_lu,2026H1,ensemble,cov95,95.28508771929825
G1_C3.4,de_lu,2026H1,ensemble,crps,1766.3448312121168
G1_C3.4,de_lu,2026H1,ensemble,energy_score,19921.501580804175
G1_C3.4,de_lu,overall,point,rmse,3049.6398451406085
G1_C3.4,de_lu,overall,point,r2,0.8942531708097048
G1_C3.4,de_lu,overall,point,mae,2057.1061328006267
G1_C3.4,de_lu,overall,point,smape,3.8653030949432448
G1_C3.4,de_lu,overall,quantile,wis,1229.4175040013793
G1_C3.4,de_lu,overall,quantile,lqs,614.7087520006896
G1_C3.4,de_lu,overall,quantile,mae_median,2030.5883932240763
G1_C3.4,de_lu,overall,quantile,cov50,50.605181200452996
G1_C3.4,de_lu,overall,quantile,cov95,96.57299924499812
G1_C3.4,de_lu,overall,ensemble,wis,1229.4175040013793
G1_C3.4,de_lu,overall,ensemble,lqs,614.7087520006896
G1_C3.4,de_lu,overall,ensemble,mae_median,2030.5883932240763
G1_C3.4,de_lu,overall,ensemble,cov50,50.605181200452996
G1_C3.4,de_lu,overall,ensemble,cov95,96.57299924499812
G1_C3.4,de_lu,overall,ensemble,crps,1490.5876796590237
G1_C3.4,de_lu,overall,ensemble,energy_score,16909.049632650935
G1_C4,de_lu,2024,point,rmse,2750.4173490704043
G1_C4,de_lu,2024,point,r2,0.9112252722630243
G1_C4,de_lu,2024,point,mae,1792.7771164757808
G1_C4,de_lu,2024,point,smape,3.4028923732710985
G1_C4,de_lu,2024,quantile,wis,1086.4122334250294
G1_C4,de_lu,2024,quantile,lqs,543.2061167125146
G1_C4,de_lu,2024,quantile,mae_median,1771.1927284212984
G1_C4,de_lu,2024,quantile,cov50,43.89515027322404
G1_C4,de_lu,2024,quantile,cov95,93.34016393442623
G1_C4,de_lu,2024,ensemble,wis,1086.4122334250294
G1_C4,de_lu,2024,ensemble,lqs,543.2061167125146
G1_C4,de_lu,2024,ensemble,mae_median,1771.1927284212984
G1_C4,de_lu,2024,ensemble,cov50,43.89515027322404
G1_C4,de_lu,2024,ensemble,cov95,93.34016393442623
G1_C4,de_lu,2024,ensemble,crps,1304.3834607718695
G1_C4,de_lu,2024,ensemble,energy_score,14851.540124710877
G1_C4,de_lu,2025,point,rmse,2812.6520209845844
G1_C4,de_lu,2025,point,r2,0.9076303240537293
G1_C4,de_lu,2025,point,mae,1862.2792069897014
G1_C4,de_lu,2025,point,smape,3.519585749383246
G1_C4,de_lu,2025,quantile,wis,1127.648035034664
G1_C4,de_lu,2025,quantile,lqs,563.8240175173321
G1_C4,de_lu,2025,quantile,mae_median,1850.871314212614
G1_C4,de_lu,2025,quantile,cov50,43.256278538812786
G1_C4,de_lu,2025,quantile,cov95,93.2562785388128
G1_C4,de_lu,2025,ensemble,wis,1127.648035034664
G1_C4,de_lu,2025,ensemble,lqs,563.8240175173321
G1_C4,de_lu,2025,ensemble,mae_median,1850.871314212614
G1_C4,de_lu,2025,ensemble,cov50,43.256278538812786
G1_C4,de_lu,2025,ensemble,cov95,93.2562785388128
G1_C4,de_lu,2025,ensemble,crps,1354.8452698807153
G1_C4,de_lu,2025,ensemble,energy_score,15419.313396925443
G1_C4,de_lu,2026H1,point,rmse,3460.4522715960056
G1_C4,de_lu,2026H1,point,r2,0.8747058990148173
G1_C4,de_lu,2026H1,point,mae,2218.5464632551057
G1_C4,de_lu,2026H1,point,smape,4.118701113169956
G1_C4,de_lu,2026H1,quantile,wis,1354.0926690733172
G1_C4,de_lu,2026H1,quantile,lqs,677.0463345366586
G1_C4,de_lu,2026H1,quantile,mae_median,2199.243758981668
G1_C4,de_lu,2026H1,quantile,cov50,42.30400219298245
G1_C4,de_lu,2026H1,quantile,cov95,91.65296052631578
G1_C4,de_lu,2026H1,ensemble,wis,1354.0926690733172
G1_C4,de_lu,2026H1,ensemble,lqs,677.0463345366586
G1_C4,de_lu,2026H1,ensemble,mae_median,2199.243758981668
G1_C4,de_lu,2026H1,ensemble,cov50,42.30400219298245
G1_C4,de_lu,2026H1,ensemble,cov95,91.65296052631578
G1_C4,de_lu,2026H1,ensemble,crps,1620.851519143425
G1_C4,de_lu,2026H1,ensemble,energy_score,18254.896038355568
G1_C4,de_lu,overall,point,rmse,2909.817274786243
G1_C4,de_lu,overall,point,r2,0.9037276256076432
G1_C4,de_lu,overall,point,mae,1894.798864774805
G1_C4,de_lu,overall,point,smape,3.5743487840814723
G1_C4,de_lu,overall,quantile,wis,1149.5362354703934
G1_C4,de_lu,overall,quantile,lqs,574.7681177351967
G1_C4,de_lu,overall,quantile,mae_median,1877.8138387938993
G1_C4,de_lu,overall,quantile,cov50,43.3571630804077
G1_C4,de_lu,overall,quantile,cov95,93.01505285013214
G1_C4,de_lu,overall,ensemble,wis,1149.5362354703934
G1_C4,de_lu,overall,ensemble,lqs,574.7681177351967
G1_C4,de_lu,overall,ensemble,mae_median,1877.8138387938993
G1_C4,de_lu,overall,ensemble,cov50,43.3571630804077
G1_C4,de_lu,overall,ensemble,cov95,93.01505285013214
G1_C4,de_lu,overall,ensemble,crps,1379.7194802477532
G1_C4,de_lu,overall,ensemble,energy_score,15672.092042301261
G1_C5,de_lu,2024,point,rmse,2357.1104655976983
G1_C5,de_lu,2024,point,r2,0.9347993352266802
G1_C5,de_lu,2024,point,mae,1576.68555785114
G1_C5,de_lu,2024,point,smape,2.9881236035258145
G1_C5,de_lu,2024,quantile,wis,939.2528368565925
G1_C5,de_lu,2024,quantile,lqs,469.6264184282962
G1_C5,de_lu,2024,quantile,mae_median,1563.869771410398
G1_C5,de_lu,2024,quantile,cov50,47.52390710382514
G1_C5,de_lu,2024,quantile,cov95,95.0535063752277
G1_C5,de_lu,2024,ensemble,wis,939.2528368565925
G1_C5,de_lu,2024,ensemble,lqs,469.6264184282962
G1_C5,de_lu,2024,ensemble,mae_median,1563.869771410398
G1_C5,de_lu,2024,ensemble,cov50,47.52390710382514
G1_C5,de_lu,2024,ensemble,cov95,95.0535063752277
G1_C5,de_lu,2024,ensemble,crps,1139.2796488787358
G1_C5,de_lu,2024,ensemble,energy_score,13199.958501078314
G1_C5,de_lu,2025,point,rmse,2326.7221365911964
G1_C5,de_lu,2025,point,r2,0.9367899034481171
G1_C5,de_lu,2025,point,mae,1616.464984440624
G1_C5,de_lu,2025,point,smape,3.0394175926945612
G1_C5,de_lu,2025,quantile,wis,953.0901068792991
G1_C5,de_lu,2025,quantile,lqs,476.54505343964956
G1_C5,de_lu,2025,quantile,mae_median,1606.359701954659
G1_C5,de_lu,2025,quantile,cov50,46.840753424657535
G1_C5,de_lu,2025,quantile,cov95,95.7277397260274
G1_C5,de_lu,2025,ensemble,wis,953.0901068792991
G1_C5,de_lu,2025,ensemble,lqs,476.54505343964956
G1_C5,de_lu,2025,ensemble,mae_median,1606.359701954659
G1_C5,de_lu,2025,ensemble,cov50,46.840753424657535
G1_C5,de_lu,2025,ensemble,cov95,95.7277397260274
G1_C5,de_lu,2025,ensemble,crps,1160.7758196209284
G1_C5,de_lu,2025,ensemble,energy_score,13442.108107569942
G1_C5,de_lu,2026H1,point,rmse,2646.699385968802
G1_C5,de_lu,2026H1,point,r2,0.9267050369301965
G1_C5,de_lu,2026H1,point,mae,1806.946380848372
G1_C5,de_lu,2026H1,point,smape,3.3077570721873286
G1_C5,de_lu,2026H1,quantile,wis,1076.8344961999564
G1_C5,de_lu,2026H1,quantile,lqs,538.4172480999785
G1_C5,de_lu,2026H1,quantile,mae_median,1798.1034209825248
G1_C5,de_lu,2026H1,quantile,cov50,43.90762061403509
G1_C5,de_lu,2026H1,quantile,cov95,93.33881578947368
G1_C5,de_lu,2026H1,ensemble,wis,1076.8344961999564
G1_C5,de_lu,2026H1,ensemble,lqs,538.4172480999785
G1_C5,de_lu,2026H1,ensemble,mae_median,1798.1034209825248
G1_C5,de_lu,2026H1,ensemble,cov50,43.90762061403509
G1_C5,de_lu,2026H1,ensemble,cov95,93.33881578947368
G1_C5,de_lu,2026H1,ensemble,crps,1305.2703611498794
G1_C5,de_lu,2026H1,ensemble,energy_score,15007.206437285022
G1_C5,de_lu,overall,point,rmse,2397.2012542364832
G1_C5,de_lu,overall,point,r2,0.9346599834862073
G1_C5,de_lu,overall,point,mae,1632.766119346883
G1_C5,de_lu,overall,point,smape,3.064348510981242
G1_C5,de_lu,overall,quantile,wis,968.6560257336924
G1_C5,de_lu,overall,quantile,lqs,484.3280128668463
G1_C5,de_lu,overall,quantile,mae_median,1621.754640474519
G1_C5,de_lu,overall,quantile,cov50,46.61900717251793
G1_C5,de_lu,overall,quantile,cov95,95.0370422801057
G1_C5,de_lu,overall,ensemble,wis,968.6560257336924
G1_C5,de_lu,overall,ensemble,lqs,484.3280128668463
G1_C5,de_lu,overall,ensemble,mae_median,1621.754640474519
G1_C5,de_lu,overall,ensemble,cov50,46.61900717251793
G1_C5,de_lu,overall,ensemble,cov95,95.0370422801057
G1_C5,de_lu,overall,ensemble,crps,1176.7390946161242
G1_C5,de_lu,overall,ensemble,energy_score,13611.154755520969
G1_C6,de_lu,2024,point,rmse,2503.882811965881
G1_C6,de_lu,2024,point,r2,0.9264267146813191
G1_C6,de_lu,2024,point,mae,1745.3628956795546
G1_C6,de_lu,2024,point,smape,3.3032514150206658
G1_C6,de_lu,2024,quantile,wis,1042.3828258305218
G1_C6,de_lu,2024,quantile,lqs,521.191412915261
G1_C6,de_lu,2024,quantile,mae_median,1717.8068091082403
G1_C6,de_lu,2024,quantile,cov50,55.28802367941712
G1_C6,de_lu,2024,quantile,cov95,97.90528233151184
G1_C6,de_lu,2024,ensemble,wis,1042.3828258305218
G1_C6,de_lu,2024,ensemble,lqs,521.191412915261
G1_C6,de_lu,2024,ensemble,mae_median,1717.8068091082403
G1_C6,de_lu,2024,ensemble,cov50,55.28802367941712
G1_C6,de_lu,2024,ensemble,cov95,97.90528233151184
G1_C6,de_lu,2024,ensemble,crps,1276.5167065465253
G1_C6,de_lu,2024,ensemble,energy_score,14656.907972403957
G1_C6,de_lu,2025,point,rmse,2503.071627907707
G1_C6,de_lu,2025,point,r2,0.926845008315562
G1_C6,de_lu,2025,point,mae,1805.454522856025
G1_C6,de_lu,2025,point,smape,3.3779344281605375
G1_C6,de_lu,2025,quantile,wis,1071.3867435450554
G1_C6,de_lu,2025,quantile,lqs,535.6933717725278
G1_C6,de_lu,2025,quantile,mae_median,1780.1895470179438
G1_C6,de_lu,2025,quantile,cov50,56.13013698630137
G1_C6,de_lu,2025,quantile,cov95,98.53310502283105
G1_C6,de_lu,2025,ensemble,wis,1071.3867435450554
G1_C6,de_lu,2025,ensemble,lqs,535.6933717725278
G1_C6,de_lu,2025,ensemble,mae_median,1780.1895470179438
G1_C6,de_lu,2025,ensemble,cov50,56.13013698630137
G1_C6,de_lu,2025,ensemble,cov95,98.53310502283105
G1_C6,de_lu,2025,ensemble,crps,1315.6490833907494
G1_C6,de_lu,2025,ensemble,energy_score,15197.17737898112
G1_C6,de_lu,2026H1,point,rmse,2808.1508170447287
G1_C6,de_lu,2026H1,point,r2,0.9174901581866857
G1_C6,de_lu,2026H1,point,mae,2027.036468550003
G1_C6,de_lu,2026H1,point,smape,3.6816117037589478
G1_C6,de_lu,2026H1,quantile,wis,1203.1121557021418
G1_C6,de_lu,2026H1,quantile,lqs,601.5560778510709
G1_C6,de_lu,2026H1,quantile,mae_median,2006.4115180280805
G1_C6,de_lu,2026H1,quantile,cov50,55.62637061403509
G1_C6,de_lu,2026H1,quantile,cov95,97.49177631578947
G1_C6,de_lu,2026H1,ensemble,wis,1203.1121557021418
G1_C6,de_lu,2026H1,ensemble,lqs,601.5560778510709
G1_C6,de_lu,2026H1,ensemble,mae_median,2006.4115180280805
G1_C6,de_lu,2026H1,ensemble,cov50,55.62637061403509
G1_C6,de_lu,2026H1,ensemble,cov95,97.49177631578947
G1_C6,de_lu,2026H1,ensemble,crps,1472.6092368734178
G1_C6,de_lu,2026H1,ensemble,energy_score,16912.27440610606
G1_C6,de_lu,overall,point,rmse,2558.5108348729977
G1_C6,de_lu,overall,point,r2,0.9255705570966888
G1_C6,de_lu,overall,point,mae,1818.6899930699508
G1_C6,de_lu,overall,point,smape,3.3992537521489465
G1_C6,de_lu,overall,quantile,wis,1082.0400037538413
G1_C6,de_lu,overall,quantile,lqs,541.0200018769208
G1_C6,de_lu,overall,quantile,mae_median,1793.2740968691207
G1_C6,de_lu,overall,quantile,cov50,55.694365798414495
G1_C6,de_lu,overall,quantile,cov95,98.09362023405058
G1_C6,de_lu,overall,ensemble,wis,1082.0400037538413
G1_C6,de_lu,overall,ensemble,lqs,541.0200018769208
G1_C6,de_lu,overall,ensemble,mae_median,1793.2740968691207
G1_C6,de_lu,overall,ensemble,cov50,55.694365798414495
G1_C6,de_lu,overall,ensemble,cov95,98.09362023405058
G1_C6,de_lu,overall,ensemble,crps,1326.4480566686425
G1_C6,de_lu,overall,ensemble,energy_score,15268.475391796237
G2_C1,50hertz,2024,point,rmse,872.7832129810806
G2_C1,50hertz,2024,point,r2,0.781037693674145
G2_C1,50hertz,2024,point,mae,675.860700659294
G2_C1,50hertz,2024,point,smape,5.911087518952012
G2_C1,50hertz,2024,quantile,wis,393.4275905001003
G2_C1,50hertz,2024,quantile,lqs,196.7137952500501
G2_C1,50hertz,2024,quantile,mae_median,670.5343148297864
G2_C1,50hertz,2024,quantile,cov50,48.78756830601093
G2_C1,50hertz,2024,quantile,cov95,96.2431693989071
G2_C1,50hertz,2024,ensemble,wis,393.4275905001003
G2_C1,50hertz,2024,ensemble,lqs,196.7137952500501
G2_C1,50hertz,2024,ensemble,mae_median,670.5343148297864
G2_C1,50hertz,2024,ensemble,cov50,48.78756830601093
G2_C1,50hertz,2024,ensemble,cov95,96.2431693989071
G2_C1,50hertz,2024,ensemble,crps,483.09862849592184
G2_C1,50hertz,2024,ensemble,energy_score,5536.597290033591
G2_C1,50hertz,2025,point,rmse,985.8076770071883
G2_C1,50hertz,2025,point,r2,0.7260141412506429
G2_C1,50hertz,2025,point,mae,785.1689213046592
G2_C1,50hertz,2025,point,smape,6.81055479749604
G2_C1,50hertz,2025,quantile,wis,450.93146747680663
G2_C1,50hertz,2025,quantile,lqs,225.46573373840334
G2_C1,50hertz,2025,quantile,mae_median,778.2007936938143
G2_C1,50hertz,2025,quantile,cov50,45.55365296803653
G2_C1,50hertz,2025,quantile,cov95,96.70947488584474
G2_C1,50hertz,2025,ensemble,wis,450.93146747680663
G2_C1,50hertz,2025,ensemble,lqs,225.46573373840334
G2_C1,50hertz,2025,ensemble,mae_median,778.2007936938143
G2_C1,50hertz,2025,ensemble,cov50,45.55365296803653
G2_C1,50hertz,2025,ensemble,cov95,96.70947488584474
G2_C1,50hertz,2025,ensemble,crps,553.9303938277502
G2_C1,50hertz,2025,ensemble,energy_score,6304.646987428458
G2_C1,50hertz,2026H1,point,rmse,1047.486847431148
G2_C1,50hertz,2026H1,point,r2,0.7639252985986247
G2_C1,50hertz,2026H1,point,mae,777.1419419674215
G2_C1,50hertz,2026H1,point,smape,6.41809143104371
G2_C1,50hertz,2026H1,quantile,wis,463.6087245434075
G2_C1,50hertz,2026H1,quantile,lqs,231.80436227170372
G2_C1,50hertz,2026H1,quantile,mae_median,768.1609115327533
G2_C1,50hertz,2026H1,quantile,cov50,53.94736842105263
G2_C1,50hertz,2026H1,quantile,cov95,95.16858552631578
G2_C1,50hertz,2026H1,ensemble,wis,463.6087245434075
G2_C1,50hertz,2026H1,ensemble,lqs,231.80436227170372
G2_C1,50hertz,2026H1,ensemble,mae_median,768.1609115327533
G2_C1,50hertz,2026H1,ensemble,cov50,53.94736842105263
G2_C1,50hertz,2026H1,ensemble,cov95,95.16858552631578
G2_C1,50hertz,2026H1,ensemble,crps,569.0904050509397
G2_C1,50hertz,2026H1,ensemble,energy_score,6368.653044260203
G2_C1,amprion,2024,point,rmse,1169.1247220348946
G2_C1,amprion,2024,point,r2,0.8747611366571887
G2_C1,amprion,2024,point,mae,790.5844745902251
G2_C1,amprion,2024,point,smape,4.277495678111923
G2_C1,amprion,2024,quantile,wis,477.06020121362997
G2_C1,amprion,2024,quantile,lqs,238.53010060681498
G2_C1,amprion,2024,quantile,mae_median,775.0569509840441
G2_C1,amprion,2024,quantile,cov50,52.09471766848816
G2_C1,amprion,2024,quantile,cov95,95.2698087431694
G2_C1,amprion,2024,ensemble,wis,477.06020121362997
G2_C1,amprion,2024,ensemble,lqs,238.53010060681498
G2_C1,amprion,2024,ensemble,mae_median,775.0569509840441
G2_C1,amprion,2024,ensemble,cov50,52.09471766848816
G2_C1,amprion,2024,ensemble,cov95,95.2698087431694
G2_C1,amprion,2024,ensemble,crps,578.1954249652958
G2_C1,amprion,2024,ensemble,energy_score,6715.176172085903
G2_C1,amprion,2025,point,rmse,1006.4419740919762
G2_C1,amprion,2025,point,r2,0.903990242596747
G2_C1,amprion,2025,point,mae,713.7558697141128
G2_C1,amprion,2025,point,smape,3.7199485174763756
G2_C1,amprion,2025,quantile,wis,421.9980228442202
G2_C1,amprion,2025,quantile,lqs,210.9990114221101
G2_C1,amprion,2025,quantile,mae_median,699.2019576687001
G2_C1,amprion,2025,quantile,cov50,51.60102739726027
G2_C1,amprion,2025,quantile,cov95,96.26997716894977
G2_C1,amprion,2025,ensemble,wis,421.9980228442202
G2_C1,amprion,2025,ensemble,lqs,210.9990114221101
G2_C1,amprion,2025,ensemble,mae_median,699.2019576687001
G2_C1,amprion,2025,ensemble,cov50,51.60102739726027
G2_C1,amprion,2025,ensemble,cov95,96.26997716894977
G2_C1,amprion,2025,ensemble,crps,514.33889627257
G2_C1,amprion,2025,ensemble,energy_score,6085.555567543377
G2_C1,amprion,2026H1,point,rmse,1280.9446438582504
G2_C1,amprion,2026H1,point,r2,0.8602545342067995
G2_C1,amprion,2026H1,point,mae,900.340554509673
G2_C1,amprion,2026H1,point,smape,4.547698104710266
G2_C1,amprion,2026H1,quantile,wis,542.0595505156373
G2_C1,amprion,2026H1,quantile,lqs,271.0297752578187
G2_C1,amprion,2026H1,quantile,mae_median,897.552575788103
G2_C1,amprion,2026H1,quantile,cov50,51.93941885964912
G2_C1,amprion,2026H1,quantile,cov95,95.1548793859649
G2_C1,amprion,2026H1,ensemble,wis,542.0595505156373
G2_C1,amprion,2026H1,ensemble,lqs,271.0297752578187
G2_C1,amprion,2026H1,ensemble,mae_median,897.552575788103
G2_C1,amprion,2026H1,ensemble,cov50,51.93941885964912
G2_C1,amprion,2026H1,ensemble,cov95,95.1548793859649
G2_C1,amprion,2026H1,ensemble,crps,661.4382628280636
G2_C1,amprion,2026H1,ensemble,energy_score,7629.410997865636
G2_C1,de_lu,2024,point,rmse,2801.595193979162
G2_C1,de_lu,2024,point,r2,0.907890819388822
G2_C1,de_lu,2024,point,mae,1848.0515466776162
G2_C1,de_lu,2024,point,smape,3.509669656326739
G2_C1,de_lu,2024,quantile,wis,1132.0115726856109
G2_C1,de_lu,2024,quantile,lqs,566.0057863428054
G2_C1,de_lu,2024,quantile,mae_median,1809.8377040087873
G2_C1,de_lu,2024,quantile,cov50,63.1716757741348
G2_C1,de_lu,2024,quantile,cov95,98.00774134790528
G2_C1,de_lu,2024,ensemble,wis,1132.0115726856109
G2_C1,de_lu,2024,ensemble,lqs,566.0057863428054
G2_C1,de_lu,2024,ensemble,mae_median,1809.8377040087873
G2_C1,de_lu,2024,ensemble,cov50,63.1716757741348
G2_C1,de_lu,2024,ensemble,cov95,98.00774134790528
G2_C1,de_lu,2024,ensemble,crps,1382.3695184104824
G2_C1,de_lu,2024,ensemble,energy_score,15592.29899987426
G2_C1,de_lu,2025,point,rmse,2724.9452552452785
G2_C1,de_lu,2025,point,r2,0.9133012225621839
G2_C1,de_lu,2025,point,mae,1883.3244647162976
G2_C1,de_lu,2025,point,smape,3.5303229260148496
G2_C1,de_lu,2025,quantile,wis,1133.7417148308268
G2_C1,de_lu,2025,quantile,lqs,566.8708574154135
G2_C1,de_lu,2025,quantile,mae_median,1841.373699355451
G2_C1,de_lu,2025,quantile,cov50,62.531392694063925
G2_C1,de_lu,2025,quantile,cov95,98.36472602739727
G2_C1,de_lu,2025,ensemble,wis,1133.7417148308268
G2_C1,de_lu,2025,ensemble,lqs,566.8708574154135
G2_C1,de_lu,2025,ensemble,mae_median,1841.373699355451
G2_C1,de_lu,2025,ensemble,cov50,62.531392694063925
G2_C1,de_lu,2025,ensemble,cov95,98.36472602739727
G2_C1,de_lu,2025,ensemble,crps,1390.0355652069507
G2_C1,de_lu,2025,ensemble,energy_score,15825.74325988271
G2_C1,de_lu,2026H1,point,rmse,3473.1339498995367
G2_C1,de_lu,2026H1,point,r2,0.8737858741817496
G2_C1,de_lu,2026H1,point,mae,2332.030555966035
G2_C1,de_lu,2026H1,point,smape,4.2631966149340474
G2_C1,de_lu,2026H1,quantile,wis,1433.9900862746272
G2_C1,de_lu,2026H1,quantile,lqs,716.9950431373137
G2_C1,de_lu,2026H1,quantile,mae_median,2298.762112661424
G2_C1,de_lu,2026H1,quantile,cov50,63.95970394736842
G2_C1,de_lu,2026H1,quantile,cov95,97.30674342105263
G2_C1,de_lu,2026H1,ensemble,wis,1433.9900862746272
G2_C1,de_lu,2026H1,ensemble,lqs,716.9950431373137
G2_C1,de_lu,2026H1,ensemble,mae_median,2298.762112661424
G2_C1,de_lu,2026H1,ensemble,cov50,63.95970394736842
G2_C1,de_lu,2026H1,ensemble,cov95,97.30674342105263
G2_C1,de_lu,2026H1,ensemble,crps,1761.2536173928881
G2_C1,de_lu,2026H1,ensemble,energy_score,19727.9452760429
G2_C1,lu,2024,point,rmse,29.064162129678852
G2_C1,lu,2024,point,r2,0.9125413147964728
G2_C1,lu,2024,point,mae,18.463682065506966
G2_C1,lu,2024,point,smape,3.3330985597553098
G2_C1,lu,2024,quantile,wis,11.206497660989362
G2_C1,lu,2024,quantile,lqs,5.603248830494681
G2_C1,lu,2024,quantile,mae_median,17.90779688726401
G2_C1,lu,2024,quantile,cov50,49.490551001821494
G2_C1,lu,2024,quantile,cov95,94.84858834244079
G2_C1,lu,2024,ensemble,wis,11.206497660989362
G2_C1,lu,2024,ensemble,lqs,5.603248830494681
G2_C1,lu,2024,ensemble,mae_median,17.90779688726401
G2_C1,lu,2024,ensemble,cov50,49.490551001821494
G2_C1,lu,2024,ensemble,cov95,94.84858834244079
G2_C1,lu,2024,ensemble,crps,13.466016845812016
G2_C1,lu,2024,ensemble,energy_score,154.41949110642443
G2_C1,lu,2025,point,rmse,28.734109426667175
G2_C1,lu,2025,point,r2,0.915194431990157
G2_C1,lu,2025,point,mae,19.273514496409994
G2_C1,lu,2025,point,smape,3.5148489505011393
G2_C1,lu,2025,quantile,wis,11.567401151368825
G2_C1,lu,2025,quantile,lqs,5.783700575684413
G2_C1,lu,2025,quantile,mae_median,18.723563662531607
G2_C1,lu,2025,quantile,cov50,50.61358447488584
G2_C1,lu,2025,quantile,cov95,95.91609589041096
G2_C1,lu,2025,ensemble,wis,11.567401151368825
G2_C1,lu,2025,ensemble,lqs,5.783700575684413
G2_C1,lu,2025,ensemble,mae_median,18.723563662531607
G2_C1,lu,2025,ensemble,cov50,50.61358447488584
G2_C1,lu,2025,ensemble,cov95,95.91609589041096
G2_C1,lu,2025,ensemble,crps,14.050639902101397
G2_C1,lu,2025,ensemble,energy_score,162.83169156411873
G2_C1,lu,2026H1,point,rmse,47.40863790027561
G2_C1,lu,2026H1,point,r2,0.774337350695014
G2_C1,lu,2026H1,point,mae,27.426511481009985
G2_C1,lu,2026H1,point,smape,5.187321598175817
G2_C1,lu,2026H1,quantile,wis,16.41467242735644
G2_C1,lu,2026H1,quantile,lqs,8.207336213678222
G2_C1,lu,2026H1,quantile,mae_median,26.73351767838408
G2_C1,lu,2026H1,quantile,cov50,49.86293859649123
G2_C1,lu,2026H1,quantile,cov95,94.5860745614035
G2_C1,lu,2026H1,ensemble,wis,16.41467242735644
G2_C1,lu,2026H1,ensemble,lqs,8.207336213678222
G2_C1,lu,2026H1,ensemble,mae_median,26.73351767838408
G2_C1,lu,2026H1,ensemble,cov50,49.86293859649123
G2_C1,lu,2026H1,ensemble,cov95,94.5860745614035
G2_C1,lu,2026H1,ensemble,crps,19.876369921294078
G2_C1,lu,2026H1,ensemble,energy_score,227.824147439909
G2_C1,tennet,2024,point,rmse,825.4746762877668
G2_C1,tennet,2024,point,r2,0.913155427820765
G2_C1,tennet,2024,point,mae,550.0196812688182
G2_C1,tennet,2024,point,smape,3.498937897395033
G2_C1,tennet,2024,quantile,wis,328.71265865350944
G2_C1,tennet,2024,quantile,lqs,164.35632932675475
G2_C1,tennet,2024,quantile,mae_median,537.3556158903084
G2_C1,tennet,2024,quantile,cov50,52.14025500910747
G2_C1,tennet,2024,quantile,cov95,96.283014571949
G2_C1,tennet,2024,ensemble,wis,328.71265865350944
G2_C1,tennet,2024,ensemble,lqs,164.35632932675475
G2_C1,tennet,2024,ensemble,mae_median,537.3556158903084
G2_C1,tennet,2024,ensemble,cov50,52.14025500910747
G2_C1,tennet,2024,ensemble,cov95,96.283014571949
G2_C1,tennet,2024,ensemble,crps,398.4760671927416
G2_C1,tennet,2024,ensemble,energy_score,4597.932450266109
G2_C1,tennet,2025,point,rmse,850.6836368812552
G2_C1,tennet,2025,point,r2,0.91082977972352
G2_C1,tennet,2025,point,mae,575.1510604405711
G2_C1,tennet,2025,point,smape,3.6568119211312013
G2_C1,tennet,2025,quantile,wis,343.9237584155859
G2_C1,tennet,2025,quantile,lqs,171.96187920779295
G2_C1,tennet,2025,quantile,mae_median,564.6448931689677
G2_C1,tennet,2025,quantile,cov50,51.68093607305936
G2_C1,tennet,2025,quantile,cov95,95.31107305936072
G2_C1,tennet,2025,ensemble,wis,343.9237584155859
G2_C1,tennet,2025,ensemble,lqs,171.96187920779295
G2_C1,tennet,2025,ensemble,mae_median,564.6448931689677
G2_C1,tennet,2025,ensemble,cov50,51.68093607305936
G2_C1,tennet,2025,ensemble,cov95,95.31107305936072
G2_C1,tennet,2025,ensemble,crps,417.87425102758664
G2_C1,tennet,2025,ensemble,energy_score,4855.040042169027
G2_C1,tennet,2026H1,point,rmse,1184.8493718459843
G2_C1,tennet,2026H1,point,r2,0.8493814913332215
G2_C1,tennet,2026H1,point,mae,814.2461061523361
G2_C1,tennet,2026H1,point,smape,5.287095012769262
G2_C1,tennet,2026H1,quantile,wis,491.72125026154094
G2_C1,tennet,2026H1,quantile,lqs,245.8606251307705
G2_C1,tennet,2026H1,quantile,mae_median,799.024369009453
G2_C1,tennet,2026H1,quantile,cov50,53.289473684210535
G2_C1,tennet,2026H1,quantile,cov95,94.42845394736842
G2_C1,tennet,2026H1,ensemble,wis,491.72125026154094
G2_C1,tennet,2026H1,ensemble,lqs,245.8606251307705
G2_C1,tennet,2026H1,ensemble,mae_median,799.024369009453
G2_C1,tennet,2026H1,ensemble,cov50,53.289473684210535
G2_C1,tennet,2026H1,ensemble,cov95,94.42845394736842
G2_C1,tennet,2026H1,ensemble,crps,600.2907477485032
G2_C1,tennet,2026H1,ensemble,energy_score,6945.763430569653
G2_C1,transnetbw,2024,point,rmse,445.63704166075803
G2_C1,transnetbw,2024,point,r2,0.8941921727359183
G2_C1,transnetbw,2024,point,mae,279.7102838988167
G2_C1,transnetbw,2024,point,smape,4.406519451167073
G2_C1,transnetbw,2024,quantile,wis,167.12259473879178
G2_C1,transnetbw,2024,quantile,lqs,83.56129736939589
G2_C1,transnetbw,2024,quantile,mae_median,269.32913956855816
G2_C1,transnetbw,2024,quantile,cov50,52.678164845173036
G2_C1,transnetbw,2024,quantile,cov95,96.07809653916212
G2_C1,transnetbw,2024,ensemble,wis,167.12259473879178
G2_C1,transnetbw,2024,ensemble,lqs,83.56129736939589
G2_C1,transnetbw,2024,ensemble,mae_median,269.32913956855816
G2_C1,transnetbw,2024,ensemble,cov50,52.678164845173036
G2_C1,transnetbw,2024,ensemble,cov95,96.07809653916212
G2_C1,transnetbw,2024,ensemble,crps,201.61987844738934
G2_C1,transnetbw,2024,ensemble,energy_score,2349.456920255862
G2_C1,transnetbw,2025,point,rmse,448.4843785235321
G2_C1,transnetbw,2025,point,r2,0.8940500123472916
G2_C1,transnetbw,2025,point,mae,286.094067330254
G2_C1,transnetbw,2025,point,smape,4.49355732658598
G2_C1,transnetbw,2025,quantile,wis,172.08190681913916
G2_C1,transnetbw,2025,quantile,lqs,86.0409534095696
G2_C1,transnetbw,2025,quantile,mae_median,281.395967199629
G2_C1,transnetbw,2025,quantile,cov50,50.92465753424658
G2_C1,transnetbw,2025,quantile,cov95,95.83333333333334
G2_C1,transnetbw,2025,ensemble,wis,172.08190681913916
G2_C1,transnetbw,2025,ensemble,lqs,86.0409534095696
G2_C1,transnetbw,2025,ensemble,mae_median,281.395967199629
G2_C1,transnetbw,2025,ensemble,cov50,50.92465753424658
G2_C1,transnetbw,2025,ensemble,cov95,95.83333333333334
G2_C1,transnetbw,2025,ensemble,crps,208.45462363116704
G2_C1,transnetbw,2025,ensemble,energy_score,2454.8776848325947
G2_C1,transnetbw,2026H1,point,rmse,580.2920372533395
G2_C1,transnetbw,2026H1,point,r2,0.8156848264954959
G2_C1,transnetbw,2026H1,point,mae,367.5158103609396
G2_C1,transnetbw,2026H1,point,smape,5.396813586340256
G2_C1,transnetbw,2026H1,quantile,wis,221.59042255958084
G2_C1,transnetbw,2026H1,quantile,lqs,110.79521127979046
G2_C1,transnetbw,2026H1,quantile,mae_median,363.41480161432634
G2_C1,transnetbw,2026H1,quantile,cov50,52.57675438596491
G2_C1,transnetbw,2026H1,quantile,cov95,94.33251096491229
G2_C1,transnetbw,2026H1,ensemble,wis,221.59042255958084
G2_C1,transnetbw,2026H1,ensemble,lqs,110.79521127979046
G2_C1,transnetbw,2026H1,ensemble,mae_median,363.41480161432634
G2_C1,transnetbw,2026H1,ensemble,cov50,52.57675438596491
G2_C1,transnetbw,2026H1,ensemble,cov95,94.33251096491229
G2_C1,transnetbw,2026H1,ensemble,crps,269.3599236757107
G2_C1,transnetbw,2026H1,ensemble,energy_score,3124.811666761885
G2_C1,50hertz,overall,point,rmse,952.0155536278743
G2_C1,50hertz,overall,point,r2,0.7593860144957368
G2_C1,50hertz,overall,point,mae,738.4793294411668
G2_C1,50hertz,overall,point,smape,6.3701703630137425
G2_C1,50hertz,overall,quantile,wis,429.27860688864
G2_C1,50hertz,overall,quantile,lqs,214.63930344432
G2_C1,50hertz,overall,quantile,mae_median,731.8451953328681
G2_C1,50hertz,overall,quantile,cov50,48.33899584748962
G2_C1,50hertz,overall,quantile,cov95,96.25094375235939
G2_C1,50hertz,overall,ensemble,wis,429.27860688864
G2_C1,50hertz,overall,ensemble,lqs,214.63930344432
G2_C1,50hertz,overall,ensemble,mae_median,731.8451953328681
G2_C1,50hertz,overall,ensemble,cov50,48.33899584748962
G2_C1,50hertz,overall,ensemble,cov95,96.25094375235939
G2_C1,50hertz,overall,ensemble,crps,527.1805587139061
G2_C1,50hertz,overall,ensemble,energy_score,5997.311462390977
G2_C1,amprion,overall,point,rmse,1125.927507943071
G2_C1,amprion,overall,point,r2,0.8858232776380585
G2_C1,amprion,overall,point,mae,777.7197898427451
G2_C1,amprion,overall,point,smape,4.093538775746094
G2_C1,amprion,overall,quantile,wis,465.48852056705067
G2_C1,amprion,overall,quantile,lqs,232.74426028352542
G2_C1,amprion,overall,quantile,mae_median,764.7877124904048
G2_C1,amprion,overall,quantile,cov50,51.863910909777275
G2_C1,amprion,overall,quantile,cov95,95.66345790864477
G2_C1,amprion,overall,ensemble,wis,465.48852056705067
G2_C1,amprion,overall,ensemble,lqs,232.74426028352542
G2_C1,amprion,overall,ensemble,mae_median,764.7877124904048
G2_C1,amprion,overall,ensemble,cov50,51.863910909777275
G2_C1,amprion,overall,ensemble,cov95,95.66345790864477
G2_C1,amprion,overall,ensemble,crps,566.1289225669898
G2_C1,amprion,overall,ensemble,energy_score,6612.290750636863
G2_C1,de_lu,overall,point,rmse,2898.134460678774
G2_C1,de_lu,overall,point,r2,0.9044991341028322
G2_C1,de_lu,overall,point,mae,1945.9444396515219
G2_C1,de_lu,overall,point,smape,3.6479194197972618
G2_C1,de_lu,overall,quantile,wis,1184.7094616420484
G2_C1,de_lu,overall,quantile,lqs,592.3547308210242
G2_C1,de_lu,overall,quantile,mae_median,1907.0371925894588
G2_C1,de_lu,overall,quantile,cov50,63.04265760664401
G2_C1,de_lu,overall,quantile,cov95,98.03463571158927
G2_C1,de_lu,overall,ensemble,wis,1184.7094616420484
G2_C1,de_lu,overall,ensemble,lqs,592.3547308210242
G2_C1,de_lu,overall,ensemble,mae_median,1907.0371925894588
G2_C1,de_lu,overall,ensemble,cov50,63.04265760664401
G2_C1,de_lu,overall,ensemble,cov95,98.03463571158927
G2_C1,de_lu,overall,ensemble,crps,1450.759654453559
G2_C1,de_lu,overall,ensemble,energy_score,16400.708273804856
G2_C1,lu,overall,point,rmse,32.837901783829174
G2_C1,lu,overall,point,r2,0.8895070547840411
G2_C1,lu,overall,point,mae,20.341302573362082
G2_C1,lu,overall,point,smape,3.7274142952730287
G2_C1,lu,overall,quantile,wis,12.252219448618241
G2_C1,lu,overall,quantile,lqs,6.126109724309121
G2_C1,lu,overall,quantile,mae_median,19.764268499067995
G2_C1,lu,overall,quantile,cov50,50.01887504718761
G2_C1,lu,overall,quantile,cov95,95.2446677991695
G2_C1,lu,overall,ensemble,wis,12.252219448618241
G2_C1,lu,overall,ensemble,lqs,6.126109724309121
G2_C1,lu,overall,ensemble,mae_median,19.764268499067995
G2_C1,lu,overall,ensemble,cov50,50.01887504718761
G2_C1,lu,overall,ensemble,cov95,95.2446677991695
G2_C1,lu,overall,ensemble,crps,14.81115963518789
G2_C1,lu,overall,ensemble,energy_score,170.53269714237925
G2_C1,tennet,overall,point,rmse,907.325352605786
G2_C1,tennet,overall,point,r2,0.8998106257653777
G2_C1,tennet,overall,point,mae,605.8921274522661
G2_C1,tennet,overall,point,smape,3.8720113970559433
G2_C1,tennet,overall,quantile,wis,363.060741708525
G2_C1,tennet,overall,quantile,lqs,181.53037085426246
G2_C1,tennet,overall,quantile,mae_median,593.6797797417473
G2_C1,tennet,overall,quantile,cov50,52.14821630804077
G2_C1,tennet,overall,quantile,cov95,95.56200453001132
G2_C1,tennet,overall,ensemble,wis,363.060741708525
G2_C1,tennet,overall,ensemble,lqs,181.53037085426246
G2_C1,tennet,overall,ensemble,mae_median,593.6797797417473
G2_C1,tennet,overall,ensemble,cov50,52.14821630804077
G2_C1,tennet,overall,ensemble,cov95,95.56200453001132
G2_C1,tennet,overall,ensemble,crps,441.23503496646094
G2_C1,tennet,overall,ensemble,energy_score,5108.3679882623765
G2_C1,transnetbw,overall,point,rmse,472.6788913876914
G2_C1,transnetbw,overall,point,r2,0.8830809587676651
G2_C1,transnetbw,overall,point,mae,297.46398828694504
G2_C1,transnetbw,overall,point,smape,4.612967393493488
G2_C1,transnetbw,overall,quantile,wis,178.54870882496022
G2_C1,transnetbw,overall,quantile,lqs,89.27435441248012
G2_C1,transnetbw,overall,quantile,mae_median,290.51307242959734
G2_C1,transnetbw,overall,quantile,cov50,51.93587202718006
G2_C1,transnetbw,overall,quantile,cov95,95.67643450358626
G2_C1,transnetbw,overall,ensemble,wis,178.54870882496022
G2_C1,transnetbw,overall,ensemble,lqs,89.27435441248012
G2_C1,transnetbw,overall,ensemble,mae_median,290.51307242959734
G2_C1,transnetbw,overall,ensemble,cov50,51.93587202718006
G2_C1,transnetbw,overall,ensemble,cov95,95.67643450358626
G2_C1,transnetbw,overall,ensemble,crps,216.10591340410926
G2_C1,transnetbw,overall,ensemble,energy_score,2526.503919734257
G2_C2.1,50hertz,2024,point,rmse,893.6573871744689
G2_C2.1,50hertz,2024,point,r2,0.7704386927205882
G2_C2.1,50hertz,2024,point,mae,695.4284615200525
G2_C2.1,50hertz,2024,point,smape,6.064463065884227
G2_C2.1,50hertz,2024,quantile,wis,403.8371637123678
G2_C2.1,50hertz,2024,quantile,lqs,201.9185818561839
G2_C2.1,50hertz,2024,quantile,mae_median,692.1108923656693
G2_C2.1,50hertz,2024,quantile,cov50,46.27447632058288
G2_C2.1,50hertz,2024,quantile,cov95,96.03540528233151
G2_C2.1,50hertz,2024,ensemble,wis,403.8371637123678
G2_C2.1,50hertz,2024,ensemble,lqs,201.9185818561839
G2_C2.1,50hertz,2024,ensemble,mae_median,692.1108923656693
G2_C2.1,50hertz,2024,ensemble,cov50,46.27447632058288
G2_C2.1,50hertz,2024,ensemble,cov95,96.03540528233151
G2_C2.1,50hertz,2024,ensemble,crps,494.6705783944187
G2_C2.1,50hertz,2024,ensemble,energy_score,5650.690251359929
G2_C2.1,50hertz,2025,point,rmse,984.6523181609447
G2_C2.1,50hertz,2025,point,r2,0.7266559834574171
G2_C2.1,50hertz,2025,point,mae,773.2626292417509
G2_C2.1,50hertz,2025,point,smape,6.724185999274902
G2_C2.1,50hertz,2025,quantile,wis,449.24785063203717
G2_C2.1,50hertz,2025,quantile,lqs,224.62392531601859
G2_C2.1,50hertz,2025,quantile,mae_median,770.9151759375446
G2_C2.1,50hertz,2025,quantile,cov50,47.014840182648406
G2_C2.1,50hertz,2025,quantile,cov95,96.55251141552512
G2_C2.1,50hertz,2025,ensemble,wis,449.24785063203717
G2_C2.1,50hertz,2025,ensemble,lqs,224.62392531601859
G2_C2.1,50hertz,2025,ensemble,mae_median,770.9151759375446
G2_C2.1,50hertz,2025,ensemble,cov50,47.014840182648406
G2_C2.1,50hertz,2025,ensemble,cov95,96.55251141552512
G2_C2.1,50hertz,2025,ensemble,crps,551.1598866783033
G2_C2.1,50hertz,2025,ensemble,energy_score,6267.414911733094
G2_C2.1,50hertz,2026H1,point,rmse,1041.858552010491
G2_C2.1,50hertz,2026H1,point,r2,0.7664554086849344
G2_C2.1,50hertz,2026H1,point,mae,773.3847381970015
G2_C2.1,50hertz,2026H1,point,smape,6.429042615465779
G2_C2.1,50hertz,2026H1,quantile,wis,459.31658456288386
G2_C2.1,50hertz,2026H1,quantile,lqs,229.65829228144193
G2_C2.1,50hertz,2026H1,quantile,mae_median,772.194756220232
G2_C2.1,50hertz,2026H1,quantile,cov50,49.58196271929825
G2_C2.1,50hertz,2026H1,quantile,cov95,94.03782894736842
G2_C2.1,50hertz,2026H1,ensemble,wis,459.31658456288386
G2_C2.1,50hertz,2026H1,ensemble,lqs,229.65829228144193
G2_C2.1,50hertz,2026H1,ensemble,mae_median,772.194756220232
G2_C2.1,50hertz,2026H1,ensemble,cov50,49.58196271929825
G2_C2.1,50hertz,2026H1,ensemble,cov95,94.03782894736842
G2_C2.1,50hertz,2026H1,ensemble,crps,563.4559566620459
G2_C2.1,50hertz,2026H1,ensemble,energy_score,6319.780758380672
G2_C2.1,amprion,2024,point,rmse,1233.0589921220717
G2_C2.1,amprion,2024,point,r2,0.8606890870053236
G2_C2.1,amprion,2024,point,mae,834.3907026686671
G2_C2.1,amprion,2024,point,smape,4.517039451886174
G2_C2.1,amprion,2024,quantile,wis,509.12783339315007
G2_C2.1,amprion,2024,quantile,lqs,254.56391669657506
G2_C2.1,amprion,2024,quantile,mae_median,826.2043051376669
G2_C2.1,amprion,2024,quantile,cov50,50.22768670309654
G2_C2.1,amprion,2024,quantile,cov95,94.85712659380692
G2_C2.1,amprion,2024,ensemble,wis,509.12783339315007
G2_C2.1,amprion,2024,ensemble,lqs,254.56391669657506
G2_C2.1,amprion,2024,ensemble,mae_median,826.2043051376669
G2_C2.1,amprion,2024,ensemble,cov50,50.22768670309654
G2_C2.1,amprion,2024,ensemble,cov95,94.85712659380692
G2_C2.1,amprion,2024,ensemble,crps,613.9569638761493
G2_C2.1,amprion,2024,ensemble,energy_score,7081.38309522707
G2_C2.1,amprion,2025,point,rmse,1077.4915063209064
G2_C2.1,amprion,2025,point,r2,0.8899561943391562
G2_C2.1,amprion,2025,point,mae,745.5136719178129
G2_C2.1,amprion,2025,point,smape,3.9139111930587367
G2_C2.1,amprion,2025,quantile,wis,446.91044496139057
G2_C2.1,amprion,2025,quantile,lqs,223.45522248069528
G2_C2.1,amprion,2025,quantile,mae_median,739.9488722666239
G2_C2.1,amprion,2025,quantile,cov50,52.03481735159817
G2_C2.1,amprion,2025,quantile,cov95,96.46974885844749
G2_C2.1,amprion,2025,ensemble,wis,446.91044496139057
G2_C2.1,amprion,2025,ensemble,lqs,223.45522248069528
G2_C2.1,amprion,2025,ensemble,mae_median,739.9488722666239
G2_C2.1,amprion,2025,ensemble,cov50,52.03481735159817
G2_C2.1,amprion,2025,ensemble,cov95,96.46974885844749
G2_C2.1,amprion,2025,ensemble,crps,543.7831816688565
G2_C2.1,amprion,2025,ensemble,energy_score,6359.044051557937
G2_C2.1,amprion,2026H1,point,rmse,1320.3315733712795
G2_C2.1,amprion,2026H1,point,r2,0.8515285263919388
G2_C2.1,amprion,2026H1,point,mae,923.7431255084886
G2_C2.1,amprion,2026H1,point,smape,4.696095661848951
G2_C2.1,amprion,2026H1,quantile,wis,552.7411461166072
G2_C2.1,amprion,2026H1,quantile,lqs,276.3705730583036
G2_C2.1,amprion,2026H1,quantile,mae_median,917.491262405963
G2_C2.1,amprion,2026H1,quantile,cov50,48.87609649122807
G2_C2.1,amprion,2026H1,quantile,cov95,94.68201754385966
G2_C2.1,amprion,2026H1,ensemble,wis,552.7411461166072
G2_C2.1,amprion,2026H1,ensemble,lqs,276.3705730583036
G2_C2.1,amprion,2026H1,ensemble,mae_median,917.491262405963
G2_C2.1,amprion,2026H1,ensemble,cov50,48.87609649122807
G2_C2.1,amprion,2026H1,ensemble,cov95,94.68201754385966
G2_C2.1,amprion,2026H1,ensemble,crps,672.1653902848484
G2_C2.1,amprion,2026H1,ensemble,energy_score,7742.89629572432
G2_C2.1,de_lu,2024,point,rmse,2865.188420607744
G2_C2.1,de_lu,2024,point,r2,0.9036618003341439
G2_C2.1,de_lu,2024,point,mae,1860.4668061607179
G2_C2.1,de_lu,2024,point,smape,3.5341182229919283
G2_C2.1,de_lu,2024,quantile,wis,1147.0694697227486
G2_C2.1,de_lu,2024,quantile,lqs,573.5347348613744
G2_C2.1,de_lu,2024,quantile,mae_median,1835.7627192044483
G2_C2.1,de_lu,2024,quantile,cov50,61.6547131147541
G2_C2.1,de_lu,2024,quantile,cov95,98.01058743169399
G2_C2.1,de_lu,2024,ensemble,wis,1147.0694697227486
G2_C2.1,de_lu,2024,ensemble,lqs,573.5347348613744
G2_C2.1,de_lu,2024,ensemble,mae_median,1835.7627192044483
G2_C2.1,de_lu,2024,ensemble,cov50,61.6547131147541
G2_C2.1,de_lu,2024,ensemble,cov95,98.01058743169399
G2_C2.1,de_lu,2024,ensemble,crps,1393.7359439583859
G2_C2.1,de_lu,2024,ensemble,energy_score,15630.327312671287
G2_C2.1,de_lu,2025,point,rmse,2774.846740710901
G2_C2.1,de_lu,2025,point,r2,0.9100967456368723
G2_C2.1,de_lu,2025,point,mae,1854.7527589237623
G2_C2.1,de_lu,2025,point,smape,3.5137962286297166
G2_C2.1,de_lu,2025,quantile,wis,1130.6090429102076
G2_C2.1,de_lu,2025,quantile,lqs,565.3045214551038
G2_C2.1,de_lu,2025,quantile,mae_median,1829.4426815443421
G2_C2.1,de_lu,2025,quantile,cov50,61.20148401826484
G2_C2.1,de_lu,2025,quantile,cov95,98.4703196347032
G2_C2.1,de_lu,2025,ensemble,wis,1130.6090429102076
G2_C2.1,de_lu,2025,ensemble,lqs,565.3045214551038
G2_C2.1,de_lu,2025,ensemble,mae_median,1829.4426815443421
G2_C2.1,de_lu,2025,ensemble,cov50,61.20148401826484
G2_C2.1,de_lu,2025,ensemble,cov95,98.4703196347032
G2_C2.1,de_lu,2025,ensemble,crps,1379.8790905635306
G2_C2.1,de_lu,2025,ensemble,energy_score,15518.520595493479
G2_C2.1,de_lu,2026H1,point,rmse,3544.481731066364
G2_C2.1,de_lu,2026H1,point,r2,0.8685470364213224
G2_C2.1,de_lu,2026H1,point,mae,2370.5513873274554
G2_C2.1,de_lu,2026H1,point,smape,4.3881098750401035
G2_C2.1,de_lu,2026H1,quantile,wis,1424.992912711722
G2_C2.1,de_lu,2026H1,quantile,lqs,712.4964563558609
G2_C2.1,de_lu,2026H1,quantile,mae_median,2334.2997692059857
G2_C2.1,de_lu,2026H1,quantile,cov50,59.45038377192983
G2_C2.1,de_lu,2026H1,quantile,cov95,96.67626096491229
G2_C2.1,de_lu,2026H1,ensemble,wis,1424.992912711722
G2_C2.1,de_lu,2026H1,ensemble,lqs,712.4964563558609
G2_C2.1,de_lu,2026H1,ensemble,mae_median,2334.2997692059857
G2_C2.1,de_lu,2026H1,ensemble,cov50,59.45038377192983
G2_C2.1,de_lu,2026H1,ensemble,cov95,96.67626096491229
G2_C2.1,de_lu,2026H1,ensemble,crps,1738.7795181300266
G2_C2.1,de_lu,2026H1,ensemble,energy_score,19328.859963892886
G2_C2.1,lu,2024,point,rmse,28.934216056485802
G2_C2.1,lu,2024,point,r2,0.913321623298464
G2_C2.1,lu,2024,point,mae,17.77688938374469
G2_C2.1,lu,2024,point,smape,3.2070271096550194
G2_C2.1,lu,2024,quantile,wis,10.889117793807047
G2_C2.1,lu,2024,quantile,lqs,5.444558896903522
G2_C2.1,lu,2024,quantile,mae_median,17.278887605677532
G2_C2.1,lu,2024,quantile,cov50,48.26104280510018
G2_C2.1,lu,2024,quantile,cov95,94.08299180327869
G2_C2.1,lu,2024,ensemble,wis,10.889117793807047
G2_C2.1,lu,2024,ensemble,lqs,5.444558896903522
G2_C2.1,lu,2024,ensemble,mae_median,17.278887605677532
G2_C2.1,lu,2024,ensemble,cov50,48.26104280510018
G2_C2.1,lu,2024,ensemble,cov95,94.08299180327869
G2_C2.1,lu,2024,ensemble,crps,13.02039570282165
G2_C2.1,lu,2024,ensemble,energy_score,149.87939252275362
G2_C2.1,lu,2025,point,rmse,30.627541396156303
G2_C2.1,lu,2025,point,r2,0.9036496812585955
G2_C2.1,lu,2025,point,mae,19.61778242829255
G2_C2.1,lu,2025,point,smape,3.610720986610742
G2_C2.1,lu,2025,quantile,wis,11.965757246258965
G2_C2.1,lu,2025,quantile,lqs,5.9828786231294835
G2_C2.1,lu,2025,quantile,mae_median,19.266217030327503
G2_C2.1,lu,2025,quantile,cov50,48.1763698630137
G2_C2.1,lu,2025,quantile,cov95,93.39326484018264
G2_C2.1,lu,2025,ensemble,wis,11.965757246258965
G2_C2.1,lu,2025,ensemble,lqs,5.9828786231294835
G2_C2.1,lu,2025,ensemble,mae_median,19.266217030327503
G2_C2.1,lu,2025,ensemble,cov50,48.1763698630137
G2_C2.1,lu,2025,ensemble,cov95,93.39326484018264
G2_C2.1,lu,2025,ensemble,crps,14.401255633569276
G2_C2.1,lu,2025,ensemble,energy_score,165.86448224661368
G2_C2.1,lu,2026H1,point,rmse,44.54097851435713
G2_C2.1,lu,2026H1,point,r2,0.8008115122256546
G2_C2.1,lu,2026H1,point,mae,26.2733625425946
G2_C2.1,lu,2026H1,point,smape,4.955172659064395
G2_C2.1,lu,2026H1,quantile,wis,16.179584303058483
G2_C2.1,lu,2026H1,quantile,lqs,8.089792151529242
G2_C2.1,lu,2026H1,quantile,mae_median,26.11394083228449
G2_C2.1,lu,2026H1,quantile,cov50,46.23766447368421
G2_C2.1,lu,2026H1,quantile,cov95,93.18804824561403
G2_C2.1,lu,2026H1,ensemble,wis,16.179584303058483
G2_C2.1,lu,2026H1,ensemble,lqs,8.089792151529242
G2_C2.1,lu,2026H1,ensemble,mae_median,26.11394083228449
G2_C2.1,lu,2026H1,ensemble,cov50,46.23766447368421
G2_C2.1,lu,2026H1,ensemble,cov95,93.18804824561403
G2_C2.1,lu,2026H1,ensemble,crps,19.394676232539034
G2_C2.1,lu,2026H1,ensemble,energy_score,222.21446587276077
G2_C2.1,tennet,2024,point,rmse,855.4145424535998
G2_C2.1,tennet,2024,point,r2,0.906741499278986
G2_C2.1,tennet,2024,point,mae,541.6728531159345
G2_C2.1,tennet,2024,point,smape,3.4418882176309005
G2_C2.1,tennet,2024,quantile,wis,328.5853753531756
G2_C2.1,tennet,2024,quantile,lqs,164.29268767658783
G2_C2.1,tennet,2024,quantile,mae_median,529.4202488766863
G2_C2.1,tennet,2024,quantile,cov50,51.79018670309654
G2_C2.1,tennet,2024,quantile,cov95,95.68533697632058
G2_C2.1,tennet,2024,ensemble,wis,328.5853753531756
G2_C2.1,tennet,2024,ensemble,lqs,164.29268767658783
G2_C2.1,tennet,2024,ensemble,mae_median,529.4202488766863
G2_C2.1,tennet,2024,ensemble,cov50,51.79018670309654
G2_C2.1,tennet,2024,ensemble,cov95,95.68533697632058
G2_C2.1,tennet,2024,ensemble,crps,396.40814697733265
G2_C2.1,tennet,2024,ensemble,energy_score,4560.941875693677
G2_C2.1,tennet,2025,point,rmse,853.9445152411749
G2_C2.1,tennet,2025,point,r2,0.9101448469671326
G2_C2.1,tennet,2025,point,mae,553.5681451597886
G2_C2.1,tennet,2025,point,smape,3.549097254823508
G2_C2.1,tennet,2025,quantile,wis,335.70298227308024
G2_C2.1,tennet,2025,quantile,lqs,167.85149113654012
G2_C2.1,tennet,2025,quantile,mae_median,546.9308288915347
G2_C2.1,tennet,2025,quantile,cov50,50.271118721461185
G2_C2.1,tennet,2025,quantile,cov95,94.98573059360731
G2_C2.1,tennet,2025,ensemble,wis,335.70298227308024
G2_C2.1,tennet,2025,ensemble,lqs,167.85149113654012
G2_C2.1,tennet,2025,ensemble,mae_median,546.9308288915347
G2_C2.1,tennet,2025,ensemble,cov50,50.271118721461185
G2_C2.1,tennet,2025,ensemble,cov95,94.98573059360731
G2_C2.1,tennet,2025,ensemble,crps,405.7160362034095
G2_C2.1,tennet,2025,ensemble,energy_score,4665.410066209709
G2_C2.1,tennet,2026H1,point,rmse,1198.2751747518848
G2_C2.1,tennet,2026H1,point,r2,0.8459487659198779
G2_C2.1,tennet,2026H1,point,mae,811.10934125703
G2_C2.1,tennet,2026H1,point,smape,5.364853205609688
G2_C2.1,tennet,2026H1,quantile,wis,484.2762603777969
G2_C2.1,tennet,2026H1,quantile,lqs,242.13813018889846
G2_C2.1,tennet,2026H1,quantile,mae_median,795.7616342634234
G2_C2.1,tennet,2026H1,quantile,cov50,46.24451754385965
G2_C2.1,tennet,2026H1,quantile,cov95,93.56496710526315
G2_C2.1,tennet,2026H1,ensemble,wis,484.2762603777969
G2_C2.1,tennet,2026H1,ensemble,lqs,242.13813018889846
G2_C2.1,tennet,2026H1,ensemble,mae_median,795.7616342634234
G2_C2.1,tennet,2026H1,ensemble,cov50,46.24451754385965
G2_C2.1,tennet,2026H1,ensemble,cov95,93.56496710526315
G2_C2.1,tennet,2026H1,ensemble,crps,585.4761076207067
G2_C2.1,tennet,2026H1,ensemble,energy_score,6709.306739444248
G2_C2.1,transnetbw,2024,point,rmse,429.65429226627697
G2_C2.1,transnetbw,2024,point,r2,0.9016456571871505
G2_C2.1,transnetbw,2024,point,mae,250.19886964932806
G2_C2.1,transnetbw,2024,point,smape,3.9723059340356683
G2_C2.1,transnetbw,2024,quantile,wis,154.14880102713468
G2_C2.1,transnetbw,2024,quantile,lqs,77.07440051356734
G2_C2.1,transnetbw,2024,quantile,mae_median,246.48933193352704
G2_C2.1,transnetbw,2024,quantile,cov50,48.6879553734062
G2_C2.1,transnetbw,2024,quantile,cov95,94.5099043715847
G2_C2.1,transnetbw,2024,ensemble,wis,154.14880102713468
G2_C2.1,transnetbw,2024,ensemble,lqs,77.07440051356734
G2_C2.1,transnetbw,2024,ensemble,mae_median,246.48933193352704
G2_C2.1,transnetbw,2024,ensemble,cov50,48.6879553734062
G2_C2.1,transnetbw,2024,ensemble,cov95,94.5099043715847
G2_C2.1,transnetbw,2024,ensemble,crps,184.44889122237396
G2_C2.1,transnetbw,2024,ensemble,energy_score,2132.002857183944
G2_C2.1,transnetbw,2025,point,rmse,427.960760795579
G2_C2.1,transnetbw,2025,point,r2,0.9035251368068254
G2_C2.1,transnetbw,2025,point,mae,253.22331945525107
G2_C2.1,transnetbw,2025,point,smape,4.037662018030376
G2_C2.1,transnetbw,2025,quantile,wis,155.36997499634793
G2_C2.1,transnetbw,2025,quantile,lqs,77.68498749817397
G2_C2.1,transnetbw,2025,quantile,mae_median,248.28877949039267
G2_C2.1,transnetbw,2025,quantile,cov50,48.085045662100455
G2_C2.1,transnetbw,2025,quantile,cov95,94.28367579908675
G2_C2.1,transnetbw,2025,ensemble,wis,155.36997499634793
G2_C2.1,transnetbw,2025,ensemble,lqs,77.68498749817397
G2_C2.1,transnetbw,2025,ensemble,mae_median,248.28877949039267
G2_C2.1,transnetbw,2025,ensemble,cov50,48.085045662100455
G2_C2.1,transnetbw,2025,ensemble,cov95,94.28367579908675
G2_C2.1,transnetbw,2025,ensemble,crps,185.8489245969423
G2_C2.1,transnetbw,2025,ensemble,energy_score,2156.7669240095856
G2_C2.1,transnetbw,2026H1,point,rmse,561.2483251209737
G2_C2.1,transnetbw,2026H1,point,r2,0.8275838342278423
G2_C2.1,transnetbw,2026H1,point,mae,337.6432738669833
G2_C2.1,transnetbw,2026H1,point,smape,4.976409363283402
G2_C2.1,transnetbw,2026H1,quantile,wis,211.10787761801
G2_C2.1,transnetbw,2026H1,quantile,lqs,105.55393880900502
G2_C2.1,transnetbw,2026H1,quantile,mae_median,333.55800687221057
G2_C2.1,transnetbw,2026H1,quantile,cov50,51.54879385964912
G2_C2.1,transnetbw,2026H1,quantile,cov95,93.60608552631578
G2_C2.1,transnetbw,2026H1,ensemble,wis,211.10787761801
G2_C2.1,transnetbw,2026H1,ensemble,lqs,105.55393880900502
G2_C2.1,transnetbw,2026H1,ensemble,mae_median,333.55800687221057
G2_C2.1,transnetbw,2026H1,ensemble,cov50,51.54879385964912
G2_C2.1,transnetbw,2026H1,ensemble,cov95,93.60608552631578
G2_C2.1,transnetbw,2026H1,ensemble,crps,251.48855538095603
G2_C2.1,transnetbw,2026H1,ensemble,energy_score,2887.481216538275
G2_C2.1,50hertz,overall,point,rmse,958.4633462489127
G2_C2.1,50hertz,overall,point,r2,0.756115725856375
G2_C2.1,50hertz,overall,point,mae,741.0216951251671
G2_C2.1,50hertz,overall,point,smape,6.399927349263606
G2_C2.1,50hertz,overall,quantile,wis,432.1585370928409
G2_C2.1,50hertz,overall,quantile,lqs,216.0792685464205
G2_C2.1,50hertz,overall,quantile,mae_median,738.4713802587928
G2_C2.1,50hertz,overall,quantile,cov50,47.14986787466969
G2_C2.1,50hertz,overall,quantile,cov95,95.90529445073612
G2_C2.1,50hertz,overall,ensemble,wis,432.1585370928409
G2_C2.1,50hertz,overall,ensemble,lqs,216.0792685464205
G2_C2.1,50hertz,overall,ensemble,mae_median,738.4713802587928
G2_C2.1,50hertz,overall,ensemble,cov50,47.14986787466969
G2_C2.1,50hertz,overall,ensemble,cov95,95.90529445073612
G2_C2.1,50hertz,overall,ensemble,crps,529.861943083317
G2_C2.1,50hertz,overall,ensemble,energy_score,6020.799263934513
G2_C2.1,amprion,overall,point,rmse,1187.5236135467446
G2_C2.1,amprion,overall,point,r2,0.8729890335279464
G2_C2.1,amprion,overall,point,mae,813.0333437191666
G2_C2.1,amprion,overall,point,smape,4.298551036758572
G2_C2.1,amprion,overall,quantile,wis,490.91704829278
G2_C2.1,amprion,overall,quantile,lqs,245.45852414639003
G2_C2.1,amprion,overall,quantile,mae_median,806.2636307399887
G2_C2.1,amprion,overall,quantile,cov50,50.742025292563234
G2_C2.1,amprion,overall,quantile,cov95,95.4935824839562
G2_C2.1,amprion,overall,ensemble,wis,490.91704829278
G2_C2.1,amprion,overall,ensemble,lqs,245.45852414639003
G2_C2.1,amprion,overall,ensemble,mae_median,806.2636307399887
G2_C2.1,amprion,overall,ensemble,cov50,50.742025292563234
G2_C2.1,amprion,overall,ensemble,cov95,95.4935824839562
G2_C2.1,amprion,overall,ensemble,crps,594.9697048823332
G2_C2.1,amprion,overall,ensemble,energy_score,6896.667642833353
G2_C2.1,de_lu,overall,point,rmse,2957.7340689261614
G2_C2.1,de_lu,overall,point,r2,0.9005308297782443
G2_C2.1,de_lu,overall,point,mae,1945.911006722275
G2_C2.1,de_lu,overall,point,smape,3.672724342096249
G2_C2.1,de_lu,overall,quantile,wis,1188.1071906148738
G2_C2.1,de_lu,overall,quantile,lqs,594.053595307437
G2_C2.1,de_lu,overall,quantile,mae_median,1918.9686284392105
G2_C2.1,de_lu,overall,quantile,cov50,61.08791053227633
G2_C2.1,de_lu,overall,quantile,cov95,97.97093242733106
G2_C2.1,de_lu,overall,ensemble,wis,1188.1071906148738
G2_C2.1,de_lu,overall,ensemble,lqs,594.053595307437
G2_C2.1,de_lu,overall,ensemble,mae_median,1918.9686284392105
G2_C2.1,de_lu,overall,ensemble,cov50,61.08791053227633
G2_C2.1,de_lu,overall,ensemble,cov95,97.97093242733106
G2_C2.1,de_lu,overall,ensemble,crps,1447.40397542494
G2_C2.1,de_lu,overall,ensemble,energy_score,16220.777495248618
G2_C2.1,lu,overall,point,rmse,32.80662708717059
G2_C2.1,lu,overall,point,r2,0.889717420708213
G2_C2.1,lu,overall,point,mae,20.00043398329753
G2_C2.1,lu,overall,point,smape,3.674825964240596
G2_C2.1,lu,overall,quantile,wis,12.244864463740418
G2_C2.1,lu,overall,quantile,lqs,6.122432231870211
G2_C2.1,lu,overall,quantile,mae_median,19.621246983300978
G2_C2.1,lu,overall,quantile,cov50,47.8777368818422
G2_C2.1,lu,overall,quantile,cov95,93.64382785956965
G2_C2.1,lu,overall,ensemble,wis,12.244864463740418
G2_C2.1,lu,overall,ensemble,lqs,6.122432231870211
G2_C2.1,lu,overall,ensemble,mae_median,19.621246983300978
G2_C2.1,lu,overall,ensemble,cov50,47.8777368818422
G2_C2.1,lu,overall,ensemble,cov95,93.64382785956965
G2_C2.1,lu,overall,ensemble,crps,14.688464236502202
G2_C2.1,lu,overall,ensemble,energy_score,168.9388363488125
G2_C2.1,tennet,overall,point,rmse,922.986710605452
G2_C2.1,tennet,overall,point,r2,0.8963220341636801
G2_C2.1,tennet,overall,point,mae,592.9708460870028
G2_C2.1,tennet,overall,point,smape,3.8172245446389157
G2_C2.1,tennet,overall,quantile,wis,358.32823044888073
G2_C2.1,tennet,overall,quantile,lqs,179.16411522444037
G2_C2.1,tennet,overall,quantile,mae_median,582.5066048044367
G2_C2.1,tennet,overall,quantile,cov50,50.20762551906379
G2_C2.1,tennet,overall,quantile,cov95,95.03114382785957
G2_C2.1,tennet,overall,ensemble,wis,358.32823044888073
G2_C2.1,tennet,overall,ensemble,lqs,179.16411522444037
G2_C2.1,tennet,overall,ensemble,mae_median,582.5066048044367
G2_C2.1,tennet,overall,ensemble,cov50,50.20762551906379
G2_C2.1,tennet,overall,ensemble,cov95,95.03114382785957
G2_C2.1,tennet,overall,ensemble,crps,432.8019290671525
G2_C2.1,tennet,overall,ensemble,energy_score,4973.945668251365
G2_C2.1,transnetbw,overall,point,rmse,454.3666097451902
G2_C2.1,transnetbw,overall,point,r2,0.8919647089760606
G2_C2.1,transnetbw,overall,point,mae,266.50178428154265
G2_C2.1,transnetbw,overall,point,smape,4.172168552273181
G2_C2.1,transnetbw,overall,quantile,wis,164.45854977070871
G2_C2.1,transnetbw,overall,quantile,lqs,82.22927488535437
G2_C2.1,transnetbw,overall,quantile,mae_median,262.22119710785984
G2_C2.1,transnetbw,overall,quantile,cov50,48.93120045300113
G2_C2.1,transnetbw,overall,quantile,cov95,94.26080596451492
G2_C2.1,transnetbw,overall,ensemble,wis,164.45854977070871
G2_C2.1,transnetbw,overall,ensemble,lqs,82.22927488535437
G2_C2.1,transnetbw,overall,ensemble,mae_median,262.22119710785984
G2_C2.1,transnetbw,overall,ensemble,cov50,48.93120045300113
G2_C2.1,transnetbw,overall,ensemble,cov95,94.26080596451492
G2_C2.1,transnetbw,overall,ensemble,crps,196.56785060382572
G2_C2.1,transnetbw,overall,ensemble,energy_score,2272.287789248743
G2_C2.2,50hertz,2024,point,rmse,855.8179072434572
G2_C2.2,50hertz,2024,point,r2,0.7894674121442299
G2_C2.2,50hertz,2024,point,mae,659.3887851045324
G2_C2.2,50hertz,2024,point,smape,5.7467306289468505
G2_C2.2,50hertz,2024,quantile,wis,385.6549266203028
G2_C2.2,50hertz,2024,quantile,lqs,192.82746331015136
G2_C2.2,50hertz,2024,quantile,mae_median,657.9637263741693
G2_C2.2,50hertz,2024,quantile,cov50,46.33709016393443
G2_C2.2,50hertz,2024,quantile,cov95,95.92725409836066
G2_C2.2,50hertz,2024,ensemble,wis,385.6549266203028
G2_C2.2,50hertz,2024,ensemble,lqs,192.82746331015136
G2_C2.2,50hertz,2024,ensemble,mae_median,657.9637263741693
G2_C2.2,50hertz,2024,ensemble,cov50,46.33709016393443
G2_C2.2,50hertz,2024,ensemble,cov95,95.92725409836066
G2_C2.2,50hertz,2024,ensemble,crps,471.7101482578669
G2_C2.2,50hertz,2024,ensemble,energy_score,5400.093446974745
G2_C2.2,50hertz,2025,point,rmse,951.4291253871556
G2_C2.2,50hertz,2025,point,r2,0.7447906153697672
G2_C2.2,50hertz,2025,point,mae,744.4170908857831
G2_C2.2,50hertz,2025,point,smape,6.465097838798137
G2_C2.2,50hertz,2025,quantile,wis,430.7477879940559
G2_C2.2,50hertz,2025,quantile,lqs,215.37389399702798
G2_C2.2,50hertz,2025,quantile,mae_median,743.7157243573193
G2_C2.2,50hertz,2025,quantile,cov50,45.26541095890411
G2_C2.2,50hertz,2025,quantile,cov95,96.06449771689498
G2_C2.2,50hertz,2025,ensemble,wis,430.7477879940559
G2_C2.2,50hertz,2025,ensemble,lqs,215.37389399702798
G2_C2.2,50hertz,2025,ensemble,mae_median,743.7157243573193
G2_C2.2,50hertz,2025,ensemble,cov50,45.26541095890411
G2_C2.2,50hertz,2025,ensemble,cov95,96.06449771689498
G2_C2.2,50hertz,2025,ensemble,crps,528.0414613615086
G2_C2.2,50hertz,2025,ensemble,energy_score,6019.855913476322
G2_C2.2,50hertz,2026H1,point,rmse,1030.675532455472
G2_C2.2,50hertz,2026H1,point,r2,0.7714421065727799
G2_C2.2,50hertz,2026H1,point,mae,759.1014174062781
G2_C2.2,50hertz,2026H1,point,smape,6.309716889618082
G2_C2.2,50hertz,2026H1,quantile,wis,451.66567370183844
G2_C2.2,50hertz,2026H1,quantile,lqs,225.83283685091925
G2_C2.2,50hertz,2026H1,quantile,mae_median,759.6966298506887
G2_C2.2,50hertz,2026H1,quantile,cov50,46.14172149122807
G2_C2.2,50hertz,2026H1,quantile,cov95,92.96189692982456
G2_C2.2,50hertz,2026H1,ensemble,wis,451.66567370183844
G2_C2.2,50hertz,2026H1,ensemble,lqs,225.83283685091925
G2_C2.2,50hertz,2026H1,ensemble,mae_median,759.6966298506887
G2_C2.2,50hertz,2026H1,ensemble,cov50,46.14172149122807
G2_C2.2,50hertz,2026H1,ensemble,cov95,92.96189692982456
G2_C2.2,50hertz,2026H1,ensemble,crps,552.2155211623482
G2_C2.2,50hertz,2026H1,ensemble,energy_score,6200.158460011959
G2_C2.2,amprion,2024,point,rmse,1201.8121750978264
G2_C2.2,amprion,2024,point,r2,0.8676601530992878
G2_C2.2,amprion,2024,point,mae,822.5193809890199
G2_C2.2,amprion,2024,point,smape,4.456064175483277
G2_C2.2,amprion,2024,quantile,wis,500.8411814303118
G2_C2.2,amprion,2024,quantile,lqs,250.42059071515592
G2_C2.2,amprion,2024,quantile,mae_median,814.1369416295572
G2_C2.2,amprion,2024,quantile,cov50,49.157559198542806
G2_C2.2,amprion,2024,quantile,cov95,94.0915300546448
G2_C2.2,amprion,2024,ensemble,wis,500.8411814303118
G2_C2.2,amprion,2024,ensemble,lqs,250.42059071515592
G2_C2.2,amprion,2024,ensemble,mae_median,814.1369416295572
G2_C2.2,amprion,2024,ensemble,cov50,49.157559198542806
G2_C2.2,amprion,2024,ensemble,cov95,94.0915300546448
G2_C2.2,amprion,2024,ensemble,crps,603.3015473131235
G2_C2.2,amprion,2024,ensemble,energy_score,6972.258578856178
G2_C2.2,amprion,2025,point,rmse,1091.5232163040737
G2_C2.2,amprion,2025,point,r2,0.8870714256861182
G2_C2.2,amprion,2025,point,mae,748.9272979469781
G2_C2.2,amprion,2025,point,smape,3.9362649083374426
G2_C2.2,amprion,2025,quantile,wis,449.3805490981191
G2_C2.2,amprion,2025,quantile,lqs,224.69027454905955
G2_C2.2,amprion,2025,quantile,mae_median,743.6861866276843
G2_C2.2,amprion,2025,quantile,cov50,49.1837899543379
G2_C2.2,amprion,2025,quantile,cov95,95.63926940639269
G2_C2.2,amprion,2025,ensemble,wis,449.3805490981191
G2_C2.2,amprion,2025,ensemble,lqs,224.69027454905955
G2_C2.2,amprion,2025,ensemble,mae_median,743.6861866276843
G2_C2.2,amprion,2025,ensemble,cov50,49.1837899543379
G2_C2.2,amprion,2025,ensemble,cov95,95.63926940639269
G2_C2.2,amprion,2025,ensemble,crps,545.526103751075
G2_C2.2,amprion,2025,ensemble,energy_score,6371.595185982662
G2_C2.2,amprion,2026H1,point,rmse,1291.9472259451256
G2_C2.2,amprion,2026H1,point,r2,0.8578435567288655
G2_C2.2,amprion,2026H1,point,mae,909.7422323505255
G2_C2.2,amprion,2026H1,point,smape,4.617684382666303
G2_C2.2,amprion,2026H1,quantile,wis,548.684004026319
G2_C2.2,amprion,2026H1,quantile,lqs,274.3420020131595
G2_C2.2,amprion,2026H1,quantile,mae_median,903.8774173415869
G2_C2.2,amprion,2026H1,quantile,cov50,48.82127192982456
G2_C2.2,amprion,2026H1,quantile,cov95,93.00986842105263
G2_C2.2,amprion,2026H1,ensemble,wis,548.684004026319
G2_C2.2,amprion,2026H1,ensemble,lqs,274.3420020131595
G2_C2.2,amprion,2026H1,ensemble,mae_median,903.8774173415869
G2_C2.2,amprion,2026H1,ensemble,cov50,48.82127192982456
G2_C2.2,amprion,2026H1,ensemble,cov95,93.00986842105263
G2_C2.2,amprion,2026H1,ensemble,crps,665.5267217515911
G2_C2.2,amprion,2026H1,ensemble,energy_score,7672.524616435464
G2_C2.2,de_lu,2024,point,rmse,2778.885583706308
G2_C2.2,de_lu,2024,point,r2,0.9093780333345037
G2_C2.2,de_lu,2024,point,mae,1801.3957393150422
G2_C2.2,de_lu,2024,point,smape,3.4232550902544303
G2_C2.2,de_lu,2024,quantile,wis,1107.0657927173352
G2_C2.2,de_lu,2024,quantile,lqs,553.5328963586676
G2_C2.2,de_lu,2024,quantile,mae_median,1782.9295195959057
G2_C2.2,de_lu,2024,quantile,cov50,59.61976320582878
G2_C2.2,de_lu,2024,quantile,cov95,97.9365892531876
G2_C2.2,de_lu,2024,ensemble,wis,1107.0657927173352
G2_C2.2,de_lu,2024,ensemble,lqs,553.5328963586676
G2_C2.2,de_lu,2024,ensemble,mae_median,1782.9295195959057
G2_C2.2,de_lu,2024,ensemble,cov50,59.61976320582878
G2_C2.2,de_lu,2024,ensemble,cov95,97.9365892531876
G2_C2.2,de_lu,2024,ensemble,crps,1342.8362179505186
G2_C2.2,de_lu,2024,ensemble,energy_score,15086.079760910612
G2_C2.2,de_lu,2025,point,rmse,2765.988701833263
G2_C2.2,de_lu,2025,point,r2,0.9106698190288274
G2_C2.2,de_lu,2025,point,mae,1816.4428765628188
G2_C2.2,de_lu,2025,point,smape,3.4384125028897246
G2_C2.2,de_lu,2025,quantile,wis,1102.3612386917987
G2_C2.2,de_lu,2025,quantile,lqs,551.1806193458993
G2_C2.2,de_lu,2025,quantile,mae_median,1798.0333848614798
G2_C2.2,de_lu,2025,quantile,cov50,59.64326484018265
G2_C2.2,de_lu,2025,quantile,cov95,98.09360730593608
G2_C2.2,de_lu,2025,ensemble,wis,1102.3612386917987
G2_C2.2,de_lu,2025,ensemble,lqs,551.1806193458993
G2_C2.2,de_lu,2025,ensemble,mae_median,1798.0333848614798
G2_C2.2,de_lu,2025,ensemble,cov50,59.64326484018265
G2_C2.2,de_lu,2025,ensemble,cov95,98.09360730593608
G2_C2.2,de_lu,2025,ensemble,crps,1344.3587944270355
G2_C2.2,de_lu,2025,ensemble,energy_score,15121.220869710276
G2_C2.2,de_lu,2026H1,point,rmse,3449.492107545967
G2_C2.2,de_lu,2026H1,point,r2,0.8754983209764987
G2_C2.2,de_lu,2026H1,point,mae,2274.4464837072255
G2_C2.2,de_lu,2026H1,point,smape,4.2229791630560145
G2_C2.2,de_lu,2026H1,quantile,wis,1379.5079789327779
G2_C2.2,de_lu,2026H1,quantile,lqs,689.7539894663888
G2_C2.2,de_lu,2026H1,quantile,mae_median,2242.989750143623
G2_C2.2,de_lu,2026H1,quantile,cov50,57.86732456140351
G2_C2.2,de_lu,2026H1,quantile,cov95,96.6077302631579
G2_C2.2,de_lu,2026H1,ensemble,wis,1379.5079789327779
G2_C2.2,de_lu,2026H1,ensemble,lqs,689.7539894663888
G2_C2.2,de_lu,2026H1,ensemble,mae_median,2242.989750143623
G2_C2.2,de_lu,2026H1,ensemble,cov50,57.86732456140351
G2_C2.2,de_lu,2026H1,ensemble,cov95,96.6077302631579
G2_C2.2,de_lu,2026H1,ensemble,crps,1676.768079537867
G2_C2.2,de_lu,2026H1,ensemble,energy_score,18620.49499460468
G2_C2.2,lu,2024,point,rmse,28.934216056485802
G2_C2.2,lu,2024,point,r2,0.913321623298464
G2_C2.2,lu,2024,point,mae,17.77688938374469
G2_C2.2,lu,2024,point,smape,3.2070271096550194
G2_C2.2,lu,2024,quantile,wis,10.889117793807047
G2_C2.2,lu,2024,quantile,lqs,5.444558896903522
G2_C2.2,lu,2024,quantile,mae_median,17.278887605677532
G2_C2.2,lu,2024,quantile,cov50,48.26104280510018
G2_C2.2,lu,2024,quantile,cov95,94.08299180327869
G2_C2.2,lu,2024,ensemble,wis,10.889117793807047
G2_C2.2,lu,2024,ensemble,lqs,5.444558896903522
G2_C2.2,lu,2024,ensemble,mae_median,17.278887605677532
G2_C2.2,lu,2024,ensemble,cov50,48.26104280510018
G2_C2.2,lu,2024,ensemble,cov95,94.08299180327869
G2_C2.2,lu,2024,ensemble,crps,13.02039570282165
G2_C2.2,lu,2024,ensemble,energy_score,149.87939252275362
G2_C2.2,lu,2025,point,rmse,30.627541396156303
G2_C2.2,lu,2025,point,r2,0.9036496812585955
G2_C2.2,lu,2025,point,mae,19.61778242829255
G2_C2.2,lu,2025,point,smape,3.610720986610742
G2_C2.2,lu,2025,quantile,wis,11.965757246258965
G2_C2.2,lu,2025,quantile,lqs,5.9828786231294835
G2_C2.2,lu,2025,quantile,mae_median,19.266217030327503
G2_C2.2,lu,2025,quantile,cov50,48.1763698630137
G2_C2.2,lu,2025,quantile,cov95,93.39326484018264
G2_C2.2,lu,2025,ensemble,wis,11.965757246258965
G2_C2.2,lu,2025,ensemble,lqs,5.9828786231294835
G2_C2.2,lu,2025,ensemble,mae_median,19.266217030327503
G2_C2.2,lu,2025,ensemble,cov50,48.1763698630137
G2_C2.2,lu,2025,ensemble,cov95,93.39326484018264
G2_C2.2,lu,2025,ensemble,crps,14.401255633569276
G2_C2.2,lu,2025,ensemble,energy_score,165.86448224661368
G2_C2.2,lu,2026H1,point,rmse,44.54097851435713
G2_C2.2,lu,2026H1,point,r2,0.8008115122256546
G2_C2.2,lu,2026H1,point,mae,26.2733625425946
G2_C2.2,lu,2026H1,point,smape,4.955172659064395
G2_C2.2,lu,2026H1,quantile,wis,16.179584303058483
G2_C2.2,lu,2026H1,quantile,lqs,8.089792151529242
G2_C2.2,lu,2026H1,quantile,mae_median,26.11394083228449
G2_C2.2,lu,2026H1,quantile,cov50,46.23766447368421
G2_C2.2,lu,2026H1,quantile,cov95,93.18804824561403
G2_C2.2,lu,2026H1,ensemble,wis,16.179584303058483
G2_C2.2,lu,2026H1,ensemble,lqs,8.089792151529242
G2_C2.2,lu,2026H1,ensemble,mae_median,26.11394083228449
G2_C2.2,lu,2026H1,ensemble,cov50,46.23766447368421
G2_C2.2,lu,2026H1,ensemble,cov95,93.18804824561403
G2_C2.2,lu,2026H1,ensemble,crps,19.394676232539034
G2_C2.2,lu,2026H1,ensemble,energy_score,222.21446587276077
G2_C2.2,tennet,2024,point,rmse,808.5704103581205
G2_C2.2,tennet,2024,point,r2,0.916675856274049
G2_C2.2,tennet,2024,point,mae,506.8445014113315
G2_C2.2,tennet,2024,point,smape,3.2286929982167387
G2_C2.2,tennet,2024,quantile,wis,309.77321000846484
G2_C2.2,tennet,2024,quantile,lqs,154.88660500423245
G2_C2.2,tennet,2024,quantile,mae_median,501.1988273567797
G2_C2.2,tennet,2024,quantile,cov50,49.79792805100182
G2_C2.2,tennet,2024,quantile,cov95,94.75466757741347
G2_C2.2,tennet,2024,ensemble,wis,309.77321000846484
G2_C2.2,tennet,2024,ensemble,lqs,154.88660500423245
G2_C2.2,tennet,2024,ensemble,mae_median,501.1988273567797
G2_C2.2,tennet,2024,ensemble,cov50,49.79792805100182
G2_C2.2,tennet,2024,ensemble,cov95,94.75466757741347
G2_C2.2,tennet,2024,ensemble,crps,373.023700933151
G2_C2.2,tennet,2024,ensemble,energy_score,4300.74925895994
G2_C2.2,tennet,2025,point,rmse,827.212572115482
G2_C2.2,tennet,2025,point,r2,0.9156824587433716
G2_C2.2,tennet,2025,point,mae,525.8821955168105
G2_C2.2,tennet,2025,point,smape,3.384246266230142
G2_C2.2,tennet,2025,quantile,wis,322.16908713354104
G2_C2.2,tennet,2025,quantile,lqs,161.08454356677052
G2_C2.2,tennet,2025,quantile,mae_median,522.2438090305276
G2_C2.2,tennet,2025,quantile,cov50,47.51141552511415
G2_C2.2,tennet,2025,quantile,cov95,93.11358447488584
G2_C2.2,tennet,2025,ensemble,wis,322.16908713354104
G2_C2.2,tennet,2025,ensemble,lqs,161.08454356677052
G2_C2.2,tennet,2025,ensemble,mae_median,522.2438090305276
G2_C2.2,tennet,2025,ensemble,cov50,47.51141552511415
G2_C2.2,tennet,2025,ensemble,cov95,93.11358447488584
G2_C2.2,tennet,2025,ensemble,crps,387.1634596638238
G2_C2.2,tennet,2025,ensemble,energy_score,4424.727838066967
G2_C2.2,tennet,2026H1,point,rmse,1128.0779057615246
G2_C2.2,tennet,2026H1,point,r2,0.8634693227394219
G2_C2.2,tennet,2026H1,point,mae,753.1651311591203
G2_C2.2,tennet,2026H1,point,smape,5.023873368690502
G2_C2.2,tennet,2026H1,quantile,wis,448.0736805509266
G2_C2.2,tennet,2026H1,quantile,lqs,224.03684027546333
G2_C2.2,tennet,2026H1,quantile,mae_median,735.9471950469434
G2_C2.2,tennet,2026H1,quantile,cov50,44.620339912280706
G2_C2.2,tennet,2026H1,quantile,cov95,92.98930921052632
G2_C2.2,tennet,2026H1,ensemble,wis,448.0736805509266
G2_C2.2,tennet,2026H1,ensemble,lqs,224.03684027546333
G2_C2.2,tennet,2026H1,ensemble,mae_median,735.9471950469434
G2_C2.2,tennet,2026H1,ensemble,cov50,44.620339912280706
G2_C2.2,tennet,2026H1,ensemble,cov95,92.98930921052632
G2_C2.2,tennet,2026H1,ensemble,crps,538.923150552424
G2_C2.2,tennet,2026H1,ensemble,energy_score,6156.23337572935
G2_C2.2,transnetbw,2024,point,rmse,432.28630987122926
G2_C2.2,transnetbw,2024,point,r2,0.9004369492888877
G2_C2.2,transnetbw,2024,point,mae,246.3989135492705
G2_C2.2,transnetbw,2024,point,smape,3.921395242516991
G2_C2.2,transnetbw,2024,quantile,wis,153.41075654760473
G2_C2.2,transnetbw,2024,quantile,lqs,76.70537827380238
G2_C2.2,transnetbw,2024,quantile,mae_median,242.47470479107076
G2_C2.2,transnetbw,2024,quantile,cov50,46.59039162112932
G2_C2.2,transnetbw,2024,quantile,cov95,93.3686247723133
G2_C2.2,transnetbw,2024,ensemble,wis,153.41075654760473
G2_C2.2,transnetbw,2024,ensemble,lqs,76.70537827380238
G2_C2.2,transnetbw,2024,ensemble,mae_median,242.47470479107076
G2_C2.2,transnetbw,2024,ensemble,cov50,46.59039162112932
G2_C2.2,transnetbw,2024,ensemble,cov95,93.3686247723133
G2_C2.2,transnetbw,2024,ensemble,crps,182.34484836827173
G2_C2.2,transnetbw,2024,ensemble,energy_score,2095.87207210226
G2_C2.2,transnetbw,2025,point,rmse,422.583123071629
G2_C2.2,transnetbw,2025,point,r2,0.9059344570925194
G2_C2.2,transnetbw,2025,point,mae,248.08038442443066
G2_C2.2,transnetbw,2025,point,smape,3.9599106621054934
G2_C2.2,transnetbw,2025,quantile,wis,153.09547781480012
G2_C2.2,transnetbw,2025,quantile,lqs,76.54773890740005
G2_C2.2,transnetbw,2025,quantile,mae_median,243.7745160545872
G2_C2.2,transnetbw,2025,quantile,cov50,45.91609589041096
G2_C2.2,transnetbw,2025,quantile,cov95,92.23173515981735
G2_C2.2,transnetbw,2025,ensemble,wis,153.09547781480012
G2_C2.2,transnetbw,2025,ensemble,lqs,76.54773890740005
G2_C2.2,transnetbw,2025,ensemble,mae_median,243.7745160545872
G2_C2.2,transnetbw,2025,ensemble,cov50,45.91609589041096
G2_C2.2,transnetbw,2025,ensemble,cov95,92.23173515981735
G2_C2.2,transnetbw,2025,ensemble,crps,182.72426966075952
G2_C2.2,transnetbw,2025,ensemble,energy_score,2108.3357259018385
G2_C2.2,transnetbw,2026H1,point,rmse,562.0408169152337
G2_C2.2,transnetbw,2026H1,point,r2,0.8270965815866318
G2_C2.2,transnetbw,2026H1,point,mae,329.95286440250965
G2_C2.2,transnetbw,2026H1,point,smape,4.895285240829882
G2_C2.2,transnetbw,2026H1,quantile,wis,209.09244225008445
G2_C2.2,transnetbw,2026H1,quantile,lqs,104.54622112504224
G2_C2.2,transnetbw,2026H1,quantile,mae_median,328.9106685052169
G2_C2.2,transnetbw,2026H1,quantile,cov50,48.29358552631579
G2_C2.2,transnetbw,2026H1,quantile,cov95,91.91337719298247
G2_C2.2,transnetbw,2026H1,ensemble,wis,209.09244225008445
G2_C2.2,transnetbw,2026H1,ensemble,lqs,104.54622112504224
G2_C2.2,transnetbw,2026H1,ensemble,mae_median,328.9106685052169
G2_C2.2,transnetbw,2026H1,ensemble,cov50,48.29358552631579
G2_C2.2,transnetbw,2026H1,ensemble,cov95,91.91337719298247
G2_C2.2,transnetbw,2026H1,ensemble,crps,248.9865821145545
G2_C2.2,transnetbw,2026H1,ensemble,energy_score,2851.646736948744
G2_C2.2,50hertz,overall,point,rmse,927.7037411580985
G2_C2.2,50hertz,overall,point,r2,0.7715183137974249
G2_C2.2,50hertz,overall,point,mae,711.700961457898
G2_C2.2,50hertz,overall,point,smape,6.140590134289712
G2_C2.2,50hertz,overall,quantile,wis,415.6577895396836
G2_C2.2,50hertz,overall,quantile,lqs,207.82889476984184
G2_C2.2,50hertz,overall,quantile,mae_median,710.9228210426638
G2_C2.2,50hertz,overall,quantile,cov50,45.86046621366553
G2_C2.2,50hertz,overall,quantile,cov95,95.47352774631936
G2_C2.2,50hertz,overall,ensemble,wis,415.6577895396836
G2_C2.2,50hertz,overall,ensemble,lqs,207.82889476984184
G2_C2.2,50hertz,overall,ensemble,mae_median,710.9228210426638
G2_C2.2,50hertz,overall,ensemble,cov50,45.86046621366553
G2_C2.2,50hertz,overall,ensemble,cov95,95.47352774631936
G2_C2.2,50hertz,overall,ensemble,crps,508.8536884212988
G2_C2.2,50hertz,overall,ensemble,energy_score,5794.004185655077
G2_C2.2,amprion,overall,point,rmse,1174.0926411957698
G2_C2.2,amprion,overall,point,r2,0.8758457918208165
G2_C2.2,amprion,overall,point,mae,807.1136766816628
G2_C2.2,amprion,overall,point,smape,4.269019485770468
G2_C2.2,amprion,overall,quantile,wis,487.8049166889106
G2_C2.2,amprion,overall,quantile,lqs,243.9024583444553
G2_C2.2,amprion,overall,quantile,mae_median,800.4631327196422
G2_C2.2,amprion,overall,quantile,cov50,49.1105134012835
G2_C2.2,amprion,overall,quantile,cov95,94.54511136277841
G2_C2.2,amprion,overall,ensemble,wis,487.8049166889106
G2_C2.2,amprion,overall,ensemble,lqs,243.9024583444553
G2_C2.2,amprion,overall,ensemble,mae_median,800.4631327196422
G2_C2.2,amprion,overall,ensemble,cov50,49.1105134012835
G2_C2.2,amprion,overall,ensemble,cov95,94.54511136277841
G2_C2.2,amprion,overall,ensemble,crps,590.1307541245609
G2_C2.2,amprion,overall,ensemble,energy_score,6844.510333457784
G2_C2.2,de_lu,overall,point,rmse,2900.282633663656
G2_C2.2,de_lu,overall,point,r2,0.9043575061590016
G2_C2.2,de_lu,overall,point,mae,1889.046835853038
G2_C2.2,de_lu,overall,point,smape,3.5671854579528715
G2_C2.2,de_lu,overall,quantile,wis,1152.019416823141
G2_C2.2,de_lu,overall,quantile,lqs,576.0097084115705
G2_C2.2,de_lu,overall,quantile,mae_median,1868.3678727841138
G2_C2.2,de_lu,overall,quantile,cov50,59.327812382030956
G2_C2.2,de_lu,overall,quantile,cov95,97.77274443186108
G2_C2.2,de_lu,overall,ensemble,wis,1152.019416823141
G2_C2.2,de_lu,overall,ensemble,lqs,576.0097084115705
G2_C2.2,de_lu,overall,ensemble,mae_median,1868.3678727841138
G2_C2.2,de_lu,overall,ensemble,cov50,59.327812382030956
G2_C2.2,de_lu,overall,ensemble,cov95,97.77274443186108
G2_C2.2,de_lu,overall,ensemble,crps,1400.9487699043186
G2_C2.2,de_lu,overall,ensemble,energy_score,15709.021573179438
G2_C2.2,lu,overall,point,rmse,32.80662708717059
G2_C2.2,lu,overall,point,r2,0.889717420708213
G2_C2.2,lu,overall,point,mae,20.00043398329753
G2_C2.2,lu,overall,point,smape,3.674825964240596
G2_C2.2,lu,overall,quantile,wis,12.244864463740418
G2_C2.2,lu,overall,quantile,lqs,6.122432231870211
G2_C2.2,lu,overall,quantile,mae_median,19.621246983300978
G2_C2.2,lu,overall,quantile,cov50,47.8777368818422
G2_C2.2,lu,overall,quantile,cov95,93.64382785956965
G2_C2.2,lu,overall,ensemble,wis,12.244864463740418
G2_C2.2,lu,overall,ensemble,lqs,6.122432231870211
G2_C2.2,lu,overall,ensemble,mae_median,19.621246983300978
G2_C2.2,lu,overall,ensemble,cov50,47.8777368818422
G2_C2.2,lu,overall,ensemble,cov95,93.64382785956965
G2_C2.2,lu,overall,ensemble,crps,14.688464236502202
G2_C2.2,lu,overall,ensemble,energy_score,168.9388363488125
G2_C2.2,tennet,overall,point,rmse,879.1515219142776
G2_C2.2,tennet,overall,point,r2,0.9059360880603057
G2_C2.2,tennet,overall,point,mae,557.1157291238612
G2_C2.2,tennet,overall,point,smape,3.602016168247207
G2_C2.2,tennet,overall,quantile,wis,338.70431609352374
G2_C2.2,tennet,overall,quantile,lqs,169.35215804676187
G2_C2.2,tennet,overall,quantile,mae_median,550.3077403803617
G2_C2.2,tennet,overall,quantile,cov50,47.96149490373726
G2_C2.2,tennet,overall,quantile,cov95,93.7724141185353
G2_C2.2,tennet,overall,ensemble,wis,338.70431609352374
G2_C2.2,tennet,overall,ensemble,lqs,169.35215804676187
G2_C2.2,tennet,overall,ensemble,mae_median,550.3077403803617
G2_C2.2,tennet,overall,ensemble,cov50,47.96149490373726
G2_C2.2,tennet,overall,ensemble,cov95,93.7724141185353
G2_C2.2,tennet,overall,ensemble,crps,407.4265642160785
G2_C2.2,tennet,overall,ensemble,energy_score,4671.401316856899
G2_C2.2,transnetbw,overall,point,rmse,453.4885974783283
G2_C2.2,transnetbw,overall,point,r2,0.8923818376082062
G2_C2.2,transnetbw,overall,point,mae,261.47698534896
G2_C2.2,transnetbw,overall,point,smape,4.104961955873008
G2_C2.2,transnetbw,overall,quantile,wis,162.86550115610217
G2_C2.2,transnetbw,overall,quantile,lqs,81.4327505780511
G2_C2.2,transnetbw,overall,quantile,mae_median,257.8911233592856
G2_C2.2,transnetbw,overall,quantile,cov50,46.60485088712722
G2_C2.2,transnetbw,overall,quantile,cov95,92.64816912042279
G2_C2.2,transnetbw,overall,ensemble,wis,162.86550115610217
G2_C2.2,transnetbw,overall,ensemble,lqs,81.4327505780511
G2_C2.2,transnetbw,overall,ensemble,mae_median,257.8911233592856
G2_C2.2,transnetbw,overall,ensemble,cov50,46.60485088712722
G2_C2.2,transnetbw,overall,ensemble,cov95,92.64816912042279
G2_C2.2,transnetbw,overall,ensemble,crps,193.97342402081193
G2_C2.2,transnetbw,overall,ensemble,energy_score,2231.1234681311525
G2_C2.3,50hertz,2024,point,rmse,880.794926612323
G2_C2.3,50hertz,2024,point,r2,0.7769993141586107
G2_C2.3,50hertz,2024,point,mae,668.8055375543403
G2_C2.3,50hertz,2024,point,smape,5.833134008411076
G2_C2.3,50hertz,2024,quantile,wis,397.0836691894392
G2_C2.3,50hertz,2024,quantile,lqs,198.5418345947196
G2_C2.3,50hertz,2024,quantile,mae_median,667.6150798509942
G2_C2.3,50hertz,2024,quantile,cov50,41.99965846994536
G2_C2.3,50hertz,2024,quantile,cov95,91.96265938069217
G2_C2.3,50hertz,2024,ensemble,wis,397.0836691894392
G2_C2.3,50hertz,2024,ensemble,lqs,198.5418345947196
G2_C2.3,50hertz,2024,ensemble,mae_median,667.6150798509942
G2_C2.3,50hertz,2024,ensemble,cov50,41.99965846994536
G2_C2.3,50hertz,2024,ensemble,cov95,91.96265938069217
G2_C2.3,50hertz,2024,ensemble,crps,483.23877267918317
G2_C2.3,50hertz,2024,ensemble,energy_score,5547.564962216453
G2_C2.3,50hertz,2025,point,rmse,926.5236653838725
G2_C2.3,50hertz,2025,point,r2,0.7579769166520569
G2_C2.3,50hertz,2025,point,mae,717.2311824211423
G2_C2.3,50hertz,2025,point,smape,6.225741273841968
G2_C2.3,50hertz,2025,quantile,wis,420.871135508264
G2_C2.3,50hertz,2025,quantile,lqs,210.43556775413202
G2_C2.3,50hertz,2025,quantile,mae_median,718.2452000535104
G2_C2.3,50hertz,2025,quantile,cov50,41.62385844748858
G2_C2.3,50hertz,2025,quantile,cov95,93.45890410958904
G2_C2.3,50hertz,2025,ensemble,wis,420.871135508264
G2_C2.3,50hertz,2025,ensemble,lqs,210.43556775413202
G2_C2.3,50hertz,2025,ensemble,mae_median,718.2452000535104
G2_C2.3,50hertz,2025,ensemble,cov50,41.62385844748858
G2_C2.3,50hertz,2025,ensemble,cov95,93.45890410958904
G2_C2.3,50hertz,2025,ensemble,crps,514.4510517859095
G2_C2.3,50hertz,2025,ensemble,energy_score,5924.857543265044
G2_C2.3,50hertz,2026H1,point,rmse,1042.3194728032804
G2_C2.3,50hertz,2026H1,point,r2,0.7662487215692928
G2_C2.3,50hertz,2026H1,point,mae,779.8409256144614
G2_C2.3,50hertz,2026H1,point,smape,6.4965656678880075
G2_C2.3,50hertz,2026H1,quantile,wis,465.8987117916576
G2_C2.3,50hertz,2026H1,quantile,lqs,232.94935589582877
G2_C2.3,50hertz,2026H1,quantile,mae_median,778.524962410107
G2_C2.3,50hertz,2026H1,quantile,cov50,41.193804824561404
G2_C2.3,50hertz,2026H1,quantile,cov95,89.41200657894737
G2_C2.3,50hertz,2026H1,ensemble,wis,465.8987117916576
G2_C2.3,50hertz,2026H1,ensemble,lqs,232.94935589582877
G2_C2.3,50hertz,2026H1,ensemble,mae_median,778.524962410107
G2_C2.3,50hertz,2026H1,ensemble,cov50,41.193804824561404
G2_C2.3,50hertz,2026H1,ensemble,cov95,89.41200657894737
G2_C2.3,50hertz,2026H1,ensemble,crps,565.9903366199419
G2_C2.3,50hertz,2026H1,ensemble,energy_score,6370.7663731664925
G2_C2.3,amprion,2024,point,rmse,1252.2202155193502
G2_C2.3,amprion,2024,point,r2,0.8563257792109971
G2_C2.3,amprion,2024,point,mae,867.6089721711108
G2_C2.3,amprion,2024,point,smape,4.7144300406390975
G2_C2.3,amprion,2024,quantile,wis,525.8370378072223
G2_C2.3,amprion,2024,quantile,lqs,262.91851890361113
G2_C2.3,amprion,2024,quantile,mae_median,861.449638956471
G2_C2.3,amprion,2024,quantile,cov50,45.03073770491803
G2_C2.3,amprion,2024,quantile,cov95,93.64469489981785
G2_C2.3,amprion,2024,ensemble,wis,525.8370378072223
G2_C2.3,amprion,2024,ensemble,lqs,262.91851890361113
G2_C2.3,amprion,2024,ensemble,mae_median,861.449638956471
G2_C2.3,amprion,2024,ensemble,cov50,45.03073770491803
G2_C2.3,amprion,2024,ensemble,cov95,93.64469489981785
G2_C2.3,amprion,2024,ensemble,crps,633.4086065267793
G2_C2.3,amprion,2024,ensemble,energy_score,7305.276163674616
G2_C2.3,amprion,2025,point,rmse,1102.7551726759893
G2_C2.3,amprion,2025,point,r2,0.8847353601399273
G2_C2.3,amprion,2025,point,mae,765.720918863669
G2_C2.3,amprion,2025,point,smape,4.03236250867611
G2_C2.3,amprion,2025,quantile,wis,457.36239433084415
G2_C2.3,amprion,2025,quantile,lqs,228.68119716542213
G2_C2.3,amprion,2025,quantile,mae_median,762.129192893461
G2_C2.3,amprion,2025,quantile,cov50,48.81278538812786
G2_C2.3,amprion,2025,quantile,cov95,95.51369863013699
G2_C2.3,amprion,2025,ensemble,wis,457.36239433084415
G2_C2.3,amprion,2025,ensemble,lqs,228.68119716542213
G2_C2.3,amprion,2025,ensemble,mae_median,762.129192893461
G2_C2.3,amprion,2025,ensemble,cov50,48.81278538812786
G2_C2.3,amprion,2025,ensemble,cov95,95.51369863013699
G2_C2.3,amprion,2025,ensemble,crps,556.0749640703563
G2_C2.3,amprion,2025,ensemble,energy_score,6509.409665932993
G2_C2.3,amprion,2026H1,point,rmse,1296.8158624402463
G2_C2.3,amprion,2026H1,point,r2,0.8567701194853867
G2_C2.3,amprion,2026H1,point,mae,911.1720514020208
G2_C2.3,amprion,2026H1,point,smape,4.61939115826404
G2_C2.3,amprion,2026H1,quantile,wis,555.8622438259926
G2_C2.3,amprion,2026H1,quantile,lqs,277.9311219129963
G2_C2.3,amprion,2026H1,quantile,mae_median,912.5345324850518
G2_C2.3,amprion,2026H1,quantile,cov50,47.58086622807017
G2_C2.3,amprion,2026H1,quantile,cov95,93.0921052631579
G2_C2.3,amprion,2026H1,ensemble,wis,555.8622438259926
G2_C2.3,amprion,2026H1,ensemble,lqs,277.9311219129963
G2_C2.3,amprion,2026H1,ensemble,mae_median,912.5345324850518
G2_C2.3,amprion,2026H1,ensemble,cov50,47.58086622807017
G2_C2.3,amprion,2026H1,ensemble,cov95,93.0921052631579
G2_C2.3,amprion,2026H1,ensemble,crps,671.445637251347
G2_C2.3,amprion,2026H1,ensemble,energy_score,7749.26913662435
G2_C2.3,de_lu,2024,point,rmse,2921.141797005153
G2_C2.3,de_lu,2024,point,r2,0.8998623421919126
G2_C2.3,de_lu,2024,point,mae,1932.2406550544201
G2_C2.3,de_lu,2024,point,smape,3.6803617140105467
G2_C2.3,de_lu,2024,quantile,wis,1172.200533045022
G2_C2.3,de_lu,2024,quantile,lqs,586.1002665225111
G2_C2.3,de_lu,2024,quantile,mae_median,1917.5417005223135
G2_C2.3,de_lu,2024,quantile,cov50,55.020491803278695
G2_C2.3,de_lu,2024,quantile,cov95,97.41575591985429
G2_C2.3,de_lu,2024,ensemble,wis,1172.200533045022
G2_C2.3,de_lu,2024,ensemble,lqs,586.1002665225111
G2_C2.3,de_lu,2024,ensemble,mae_median,1917.5417005223135
G2_C2.3,de_lu,2024,ensemble,cov50,55.020491803278695
G2_C2.3,de_lu,2024,ensemble,cov95,97.41575591985429
G2_C2.3,de_lu,2024,ensemble,crps,1418.753708901842
G2_C2.3,de_lu,2024,ensemble,energy_score,15926.383386522144
G2_C2.3,de_lu,2025,point,rmse,2815.0531234566024
G2_C2.3,de_lu,2025,point,r2,0.9074725485991413
G2_C2.3,de_lu,2025,point,mae,1890.76832663511
G2_C2.3,de_lu,2025,point,smape,3.577294010737341
G2_C2.3,de_lu,2025,quantile,wis,1133.336855690939
G2_C2.3,de_lu,2025,quantile,lqs,566.6684278454694
G2_C2.3,de_lu,2025,quantile,mae_median,1877.1938006664882
G2_C2.3,de_lu,2025,quantile,cov50,55.56221461187215
G2_C2.3,de_lu,2025,quantile,cov95,98.06506849315069
G2_C2.3,de_lu,2025,ensemble,wis,1133.336855690939
G2_C2.3,de_lu,2025,ensemble,lqs,566.6684278454694
G2_C2.3,de_lu,2025,ensemble,mae_median,1877.1938006664882
G2_C2.3,de_lu,2025,ensemble,cov50,55.56221461187215
G2_C2.3,de_lu,2025,ensemble,cov95,98.06506849315069
G2_C2.3,de_lu,2025,ensemble,crps,1380.0944378838071
G2_C2.3,de_lu,2025,ensemble,energy_score,15577.110525230799
G2_C2.3,de_lu,2026H1,point,rmse,3584.5656505746906
G2_C2.3,de_lu,2026H1,point,r2,0.8655570681506934
G2_C2.3,de_lu,2026H1,point,mae,2391.518319895413
G2_C2.3,de_lu,2026H1,point,smape,4.42753629540312
G2_C2.3,de_lu,2026H1,quantile,wis,1445.0511346778396
G2_C2.3,de_lu,2026H1,quantile,lqs,722.5255673389199
G2_C2.3,de_lu,2026H1,quantile,mae_median,2364.275012803283
G2_C2.3,de_lu,2026H1,quantile,cov50,55.09183114035088
G2_C2.3,de_lu,2026H1,quantile,cov95,95.86759868421053
G2_C2.3,de_lu,2026H1,ensemble,wis,1445.0511346778396
G2_C2.3,de_lu,2026H1,ensemble,lqs,722.5255673389199
G2_C2.3,de_lu,2026H1,ensemble,mae_median,2364.275012803283
G2_C2.3,de_lu,2026H1,ensemble,cov50,55.09183114035088
G2_C2.3,de_lu,2026H1,ensemble,cov95,95.86759868421053
G2_C2.3,de_lu,2026H1,ensemble,crps,1754.1077291701988
G2_C2.3,de_lu,2026H1,ensemble,energy_score,19526.934327105635
G2_C2.3,lu,2024,point,rmse,28.93421470285222
G2_C2.3,lu,2024,point,r2,0.9133216314086378
G2_C2.3,lu,2024,point,mae,17.776888734313083
G2_C2.3,lu,2024,point,smape,3.207027001044307
G2_C2.3,lu,2024,quantile,wis,10.889117605964474
G2_C2.3,lu,2024,quantile,lqs,5.444558802982237
G2_C2.3,lu,2024,quantile,mae_median,17.278887830633497
G2_C2.3,lu,2024,quantile,cov50,48.26104280510018
G2_C2.3,lu,2024,quantile,cov95,94.08299180327869
G2_C2.3,lu,2024,ensemble,wis,10.889117605964474
G2_C2.3,lu,2024,ensemble,lqs,5.444558802982237
G2_C2.3,lu,2024,ensemble,mae_median,17.278887830633497
G2_C2.3,lu,2024,ensemble,cov50,48.26104280510018
G2_C2.3,lu,2024,ensemble,cov95,94.08299180327869
G2_C2.3,lu,2024,ensemble,crps,13.020395475933594
G2_C2.3,lu,2024,ensemble,energy_score,149.87939104033183
G2_C2.3,lu,2025,point,rmse,30.627540968120492
G2_C2.3,lu,2025,point,r2,0.903649683951687
G2_C2.3,lu,2025,point,mae,19.617782722316207
G2_C2.3,lu,2025,point,smape,3.6107209880168774
G2_C2.3,lu,2025,quantile,wis,11.965757263592758
G2_C2.3,lu,2025,quantile,lqs,5.98287863179638
G2_C2.3,lu,2025,quantile,mae_median,19.266217489310485
G2_C2.3,lu,2025,quantile,cov50,48.1763698630137
G2_C2.3,lu,2025,quantile,cov95,93.39326484018264
G2_C2.3,lu,2025,ensemble,wis,11.965757263592758
G2_C2.3,lu,2025,ensemble,lqs,5.98287863179638
G2_C2.3,lu,2025,ensemble,mae_median,19.266217489310485
G2_C2.3,lu,2025,ensemble,cov50,48.1763698630137
G2_C2.3,lu,2025,ensemble,cov95,93.39326484018264
G2_C2.3,lu,2025,ensemble,crps,14.401255587155923
G2_C2.3,lu,2025,ensemble,energy_score,165.86448090853293
G2_C2.3,lu,2026H1,point,rmse,44.54097450086881
G2_C2.3,lu,2026H1,point,r2,0.8008115481225144
G2_C2.3,lu,2026H1,point,mae,26.273362086770938
G2_C2.3,lu,2026H1,point,smape,4.955172517608167
G2_C2.3,lu,2026H1,quantile,wis,16.17958403938636
G2_C2.3,lu,2026H1,quantile,lqs,8.08979201969318
G2_C2.3,lu,2026H1,quantile,mae_median,26.11394011493736
G2_C2.3,lu,2026H1,quantile,cov50,46.23766447368421
G2_C2.3,lu,2026H1,quantile,cov95,93.18804824561403
G2_C2.3,lu,2026H1,ensemble,wis,16.17958403938636
G2_C2.3,lu,2026H1,ensemble,lqs,8.08979201969318
G2_C2.3,lu,2026H1,ensemble,mae_median,26.11394011493736
G2_C2.3,lu,2026H1,ensemble,cov50,46.23766447368421
G2_C2.3,lu,2026H1,ensemble,cov95,93.18804824561403
G2_C2.3,lu,2026H1,ensemble,crps,19.394675416000215
G2_C2.3,lu,2026H1,ensemble,energy_score,222.21445815134078
G2_C2.3,tennet,2024,point,rmse,849.6802676763151
G2_C2.3,tennet,2024,point,r2,0.907987625983721
G2_C2.3,tennet,2024,point,mae,547.8049568473663
G2_C2.3,tennet,2024,point,smape,3.4834568510619555
G2_C2.3,tennet,2024,quantile,wis,332.87847315992906
G2_C2.3,tennet,2024,quantile,lqs,166.43923657996453
G2_C2.3,tennet,2024,quantile,mae_median,543.005509432322
G2_C2.3,tennet,2024,quantile,cov50,47.142531876138435
G2_C2.3,tennet,2024,quantile,cov95,94.37044626593807
G2_C2.3,tennet,2024,ensemble,wis,332.87847315992906
G2_C2.3,tennet,2024,ensemble,lqs,166.43923657996453
G2_C2.3,tennet,2024,ensemble,mae_median,543.005509432322
G2_C2.3,tennet,2024,ensemble,cov50,47.142531876138435
G2_C2.3,tennet,2024,ensemble,cov95,94.37044626593807
G2_C2.3,tennet,2024,ensemble,crps,399.5525058063654
G2_C2.3,tennet,2024,ensemble,energy_score,4605.170146230101
G2_C2.3,tennet,2025,point,rmse,835.4135614543967
G2_C2.3,tennet,2025,point,r2,0.9140023223810477
G2_C2.3,tennet,2025,point,mae,554.7981417604317
G2_C2.3,tennet,2025,point,smape,3.5610040236944194
G2_C2.3,tennet,2025,quantile,wis,333.40553731081604
G2_C2.3,tennet,2025,quantile,lqs,166.70276865540805
G2_C2.3,tennet,2025,quantile,mae_median,549.5107777789669
G2_C2.3,tennet,2025,quantile,cov50,45.31963470319635
G2_C2.3,tennet,2025,quantile,cov95,94.24086757990867
G2_C2.3,tennet,2025,ensemble,wis,333.40553731081604
G2_C2.3,tennet,2025,ensemble,lqs,166.70276865540805
G2_C2.3,tennet,2025,ensemble,mae_median,549.5107777789669
G2_C2.3,tennet,2025,ensemble,cov50,45.31963470319635
G2_C2.3,tennet,2025,ensemble,cov95,94.24086757990867
G2_C2.3,tennet,2025,ensemble,crps,401.8493549445983
G2_C2.3,tennet,2025,ensemble,energy_score,4623.449747604033
G2_C2.3,tennet,2026H1,point,rmse,1220.100807423699
G2_C2.3,tennet,2026H1,point,r2,0.8402858160044565
G2_C2.3,tennet,2026H1,point,mae,822.8814774843629
G2_C2.3,tennet,2026H1,point,smape,5.440223916041012
G2_C2.3,tennet,2026H1,quantile,wis,492.02946848327906
G2_C2.3,tennet,2026H1,quantile,lqs,246.0147342416395
G2_C2.3,tennet,2026H1,quantile,mae_median,810.2619744851631
G2_C2.3,tennet,2026H1,quantile,cov50,44.66831140350877
G2_C2.3,tennet,2026H1,quantile,cov95,92.74945175438597
G2_C2.3,tennet,2026H1,ensemble,wis,492.02946848327906
G2_C2.3,tennet,2026H1,ensemble,lqs,246.0147342416395
G2_C2.3,tennet,2026H1,ensemble,mae_median,810.2619744851631
G2_C2.3,tennet,2026H1,ensemble,cov50,44.66831140350877
G2_C2.3,tennet,2026H1,ensemble,cov95,92.74945175438597
G2_C2.3,tennet,2026H1,ensemble,crps,594.9972958833657
G2_C2.3,tennet,2026H1,ensemble,energy_score,6808.051751897556
G2_C2.3,transnetbw,2024,point,rmse,451.4679230818919
G2_C2.3,transnetbw,2024,point,r2,0.8914052001230193
G2_C2.3,transnetbw,2024,point,mae,265.4358143239713
G2_C2.3,transnetbw,2024,point,smape,4.211916884791178
G2_C2.3,transnetbw,2024,quantile,wis,163.20074330317038
G2_C2.3,transnetbw,2024,quantile,lqs,81.60037165158519
G2_C2.3,transnetbw,2024,quantile,mae_median,261.15530194864465
G2_C2.3,transnetbw,2024,quantile,cov50,45.998406193078324
G2_C2.3,transnetbw,2024,quantile,cov95,93.72723132969034
G2_C2.3,transnetbw,2024,ensemble,wis,163.20074330317038
G2_C2.3,transnetbw,2024,ensemble,lqs,81.60037165158519
G2_C2.3,transnetbw,2024,ensemble,mae_median,261.15530194864465
G2_C2.3,transnetbw,2024,ensemble,cov50,45.998406193078324
G2_C2.3,transnetbw,2024,ensemble,cov95,93.72723132969034
G2_C2.3,transnetbw,2024,ensemble,crps,194.62670090034217
G2_C2.3,transnetbw,2024,ensemble,energy_score,2239.771472417362
G2_C2.3,transnetbw,2025,point,rmse,440.57870686958205
G2_C2.3,transnetbw,2025,point,r2,0.897752363614099
G2_C2.3,transnetbw,2025,point,mae,264.37521246569185
G2_C2.3,transnetbw,2025,point,smape,4.2313317010870986
G2_C2.3,transnetbw,2025,quantile,wis,162.8120095127725
G2_C2.3,transnetbw,2025,quantile,lqs,81.40600475638624
G2_C2.3,transnetbw,2025,quantile,mae_median,262.3549361992656
G2_C2.3,transnetbw,2025,quantile,cov50,46.12157534246575
G2_C2.3,transnetbw,2025,quantile,cov95,93.20776255707763
G2_C2.3,transnetbw,2025,ensemble,wis,162.8120095127725
G2_C2.3,transnetbw,2025,ensemble,lqs,81.40600475638624
G2_C2.3,transnetbw,2025,ensemble,mae_median,262.3549361992656
G2_C2.3,transnetbw,2025,ensemble,cov50,46.12157534246575
G2_C2.3,transnetbw,2025,ensemble,cov95,93.20776255707763
G2_C2.3,transnetbw,2025,ensemble,crps,194.90670335323904
G2_C2.3,transnetbw,2025,ensemble,energy_score,2250.857485655685
G2_C2.3,transnetbw,2026H1,point,rmse,562.5284958808896
G2_C2.3,transnetbw,2026H1,point,r2,0.826796397186337
G2_C2.3,transnetbw,2026H1,point,mae,340.2917096746854
G2_C2.3,transnetbw,2026H1,point,smape,5.003940500800782
G2_C2.3,transnetbw,2026H1,quantile,wis,212.59118920920523
G2_C2.3,transnetbw,2026H1,quantile,lqs,106.29559460460261
G2_C2.3,transnetbw,2026H1,quantile,mae_median,334.6790604594716
G2_C2.3,transnetbw,2026H1,quantile,cov50,46.182839912280706
G2_C2.3,transnetbw,2026H1,quantile,cov95,92.54385964912281
G2_C2.3,transnetbw,2026H1,ensemble,wis,212.59118920920523
G2_C2.3,transnetbw,2026H1,ensemble,lqs,106.29559460460261
G2_C2.3,transnetbw,2026H1,ensemble,mae_median,334.6790604594716
G2_C2.3,transnetbw,2026H1,ensemble,cov50,46.182839912280706
G2_C2.3,transnetbw,2026H1,ensemble,cov95,92.54385964912281
G2_C2.3,transnetbw,2026H1,ensemble,crps,252.88004270145836
G2_C2.3,transnetbw,2026H1,ensemble,energy_score,2897.332462375326
G2_C2.3,50hertz,overall,point,rmse,929.2118830244342
G2_C2.3,50hertz,overall,point,r2,0.7707748374684396
G2_C2.3,50hertz,overall,point,mae,707.936612708951
G2_C2.3,50hertz,overall,point,smape,6.109626946262456
G2_C2.3,50hertz,overall,quantile,wis,418.7623913660058
G2_C2.3,50hertz,overall,quantile,lqs,209.38119568300286
G2_C2.3,50hertz,overall,quantile,mae_median,707.6358001487331
G2_C2.3,50hertz,overall,quantile,cov50,41.705596451491125
G2_C2.3,50hertz,overall,quantile,cov95,92.1420819177048
G2_C2.3,50hertz,overall,ensemble,wis,418.7623913660058
G2_C2.3,50hertz,overall,ensemble,lqs,209.38119568300286
G2_C2.3,50hertz,overall,ensemble,mae_median,707.6358001487331
G2_C2.3,50hertz,overall,ensemble,cov50,41.705596451491125
G2_C2.3,50hertz,overall,ensemble,cov95,92.1420819177048
G2_C2.3,50hertz,overall,ensemble,crps,510.385680485469
G2_C2.3,50hertz,overall,ensemble,energy_score,5845.230201794189
G2_C2.3,amprion,overall,point,rmse,1200.8852178678308
G2_C2.3,amprion,overall,point,r2,0.8701147871847001
G2_C2.3,amprion,overall,point,mae,832.991133650026
G2_C2.3,amprion,overall,point,smape,4.416128161491307
G2_C2.3,amprion,overall,quantile,wis,502.7006691163673
G2_C2.3,amprion,overall,quantile,lqs,251.35033455818365
G2_C2.3,amprion,overall,quantile,mae_median,829.1879639885725
G2_C2.3,amprion,overall,quantile,cov50,47.033078520196305
G2_C2.3,amprion,overall,quantile,cov95,94.32214986787467
G2_C2.3,amprion,overall,ensemble,wis,502.7006691163673
G2_C2.3,amprion,overall,ensemble,lqs,251.35033455818365
G2_C2.3,amprion,overall,ensemble,mae_median,829.1879639885725
G2_C2.3,amprion,overall,ensemble,cov50,47.033078520196305
G2_C2.3,amprion,overall,ensemble,cov95,94.32214986787467
G2_C2.3,amprion,overall,ensemble,crps,607.9894096678211
G2_C2.3,amprion,overall,ensemble,energy_score,7052.723117482847
G2_C2.3,de_lu,overall,point,rmse,3004.0779285148074
G2_C2.3,de_lu,overall,point,r2,0.8973893033054723
G2_C2.3,de_lu,overall,point,mae,1994.1577617166881
G2_C2.3,de_lu,overall,point,smape,3.7663762379935037
G2_C2.3,de_lu,overall,quantile,wis,1203.1043260393005
G2_C2.3,de_lu,overall,quantile,lqs,601.5521630196503
G2_C2.3,de_lu,overall,quantile,mae_median,1977.7642147004915
G2_C2.3,de_lu,overall,quantile,cov50,55.2567006417516
G2_C2.3,de_lu,overall,quantile,cov95,97.41765760664401
G2_C2.3,de_lu,overall,ensemble,wis,1203.1043260393005
G2_C2.3,de_lu,overall,ensemble,lqs,601.5521630196503
G2_C2.3,de_lu,overall,ensemble,mae_median,1977.7642147004915
G2_C2.3,de_lu,overall,ensemble,cov50,55.2567006417516
G2_C2.3,de_lu,overall,ensemble,cov95,97.41765760664401
G2_C2.3,de_lu,overall,ensemble,crps,1460.5013614037757
G2_C2.3,de_lu,overall,ensemble,energy_score,16401.807110867954
G2_C2.3,lu,overall,point,rmse,32.80662548914029
G2_C2.3,lu,overall,point,r2,0.8897174314520727
G2_C2.3,lu,overall,point,mae,20.000433757183675
G2_C2.3,lu,overall,point,smape,3.674825895452795
G2_C2.3,lu,overall,quantile,wis,12.244864347656943
G2_C2.3,lu,overall,quantile,lqs,6.122432173828472
G2_C2.3,lu,overall,quantile,mae_median,19.621247142786714
G2_C2.3,lu,overall,quantile,cov50,47.8777368818422
G2_C2.3,lu,overall,quantile,cov95,93.64382785956965
G2_C2.3,lu,overall,ensemble,wis,12.244864347656943
G2_C2.3,lu,overall,ensemble,lqs,6.122432173828472
G2_C2.3,lu,overall,ensemble,mae_median,19.621247142786714
G2_C2.3,lu,overall,ensemble,cov50,47.8777368818422
G2_C2.3,lu,overall,ensemble,cov95,93.64382785956965
G2_C2.3,lu,overall,ensemble,crps,14.68846398271307
G2_C2.3,lu,overall,ensemble,energy_score,168.9388338520722
G2_C2.3,tennet,overall,point,rmse,918.6932240082054
G2_C2.3,tennet,overall,point,r2,0.8972843548900947
G2_C2.3,tennet,overall,point,mae,598.0474751147416
G2_C2.3,tennet,overall,point,smape,3.8523507490094824
G2_C2.3,tennet,overall,quantile,wis,360.4926630854364
G2_C2.3,tennet,overall,quantile,lqs,180.2463315427182
G2_C2.3,tennet,overall,quantile,mae_median,591.7001930501671
G2_C2.3,tennet,overall,quantile,cov50,45.9630992827482
G2_C2.3,tennet,overall,quantile,cov95,94.03784446961117
G2_C2.3,tennet,overall,ensemble,wis,360.4926630854364
G2_C2.3,tennet,overall,ensemble,lqs,180.2463315427182
G2_C2.3,tennet,overall,ensemble,mae_median,591.7001930501671
G2_C2.3,tennet,overall,ensemble,cov50,45.9630992827482
G2_C2.3,tennet,overall,ensemble,cov95,94.03784446961117
G2_C2.3,tennet,overall,ensemble,crps,434.14588975558286
G2_C2.3,tennet,overall,ensemble,energy_score,4991.931254455399
G2_C2.3,transnetbw,overall,point,rmse,468.18116094189367
G2_C2.3,transnetbw,overall,point,r2,0.8852954363199563
G2_C2.3,transnetbw,overall,point,mae,277.88312623227995
G2_C2.3,transnetbw,overall,point,smape,4.356281547963852
G2_C2.3,transnetbw,overall,quantile,wis,171.5421475435125
G2_C2.3,transnetbw,overall,quantile,lqs,85.77107377175626
G2_C2.3,transnetbw,overall,quantile,mae_median,274.3075984323619
G2_C2.3,transnetbw,overall,quantile,cov50,46.08106832767082
G2_C2.3,transnetbw,overall,quantile,cov95,93.30879577198942
G2_C2.3,transnetbw,overall,ensemble,wis,171.5421475435125
G2_C2.3,transnetbw,overall,ensemble,lqs,85.77107377175626
G2_C2.3,transnetbw,overall,ensemble,mae_median,274.3075984323619
G2_C2.3,transnetbw,overall,ensemble,cov50,46.08106832767082
G2_C2.3,transnetbw,overall,ensemble,cov95,93.30879577198942
G2_C2.3,transnetbw,overall,ensemble,crps,204.7701990306672
G2_C2.3,transnetbw,overall,ensemble,energy_score,2357.5468578144155
G2_C3.1,50hertz,2024,point,rmse,899.7949506628115
G2_C3.1,50hertz,2024,point,r2,0.7672746493566687
G2_C3.1,50hertz,2024,point,mae,698.608591176216
G2_C3.1,50hertz,2024,point,smape,6.110185747542087
G2_C3.1,50hertz,2024,quantile,wis,410.74680925368574
G2_C3.1,50hertz,2024,quantile,lqs,205.37340462684287
G2_C3.1,50hertz,2024,quantile,mae_median,693.0591235462738
G2_C3.1,50hertz,2024,quantile,cov50,51.02743624772314
G2_C3.1,50hertz,2024,quantile,cov95,97.01161202185791
G2_C3.1,50hertz,2024,ensemble,wis,410.74680925368574
G2_C3.1,50hertz,2024,ensemble,lqs,205.37340462684287
G2_C3.1,50hertz,2024,ensemble,mae_median,693.0591235462738
G2_C3.1,50hertz,2024,ensemble,cov50,51.02743624772314
G2_C3.1,50hertz,2024,ensemble,cov95,97.01161202185791
G2_C3.1,50hertz,2024,ensemble,crps,504.29853528504555
G2_C3.1,50hertz,2024,ensemble,energy_score,5737.866836711668
G2_C3.1,50hertz,2025,point,rmse,1014.7679079917624
G2_C3.1,50hertz,2025,point,r2,0.7096798331858507
G2_C3.1,50hertz,2025,point,mae,810.1565942955287
G2_C3.1,50hertz,2025,point,smape,7.025051682295478
G2_C3.1,50hertz,2025,quantile,wis,468.3046278802072
G2_C3.1,50hertz,2025,quantile,lqs,234.15231394010362
G2_C3.1,50hertz,2025,quantile,mae_median,805.0477111886639
G2_C3.1,50hertz,2025,quantile,cov50,47.462899543378995
G2_C3.1,50hertz,2025,quantile,cov95,97.78538812785388
G2_C3.1,50hertz,2025,ensemble,wis,468.3046278802072
G2_C3.1,50hertz,2025,ensemble,lqs,234.15231394010362
G2_C3.1,50hertz,2025,ensemble,mae_median,805.0477111886639
G2_C3.1,50hertz,2025,ensemble,cov50,47.462899543378995
G2_C3.1,50hertz,2025,ensemble,cov95,97.78538812785388
G2_C3.1,50hertz,2025,ensemble,crps,574.5493882053346
G2_C3.1,50hertz,2025,ensemble,energy_score,6485.509311552698
G2_C3.1,50hertz,2026H1,point,rmse,1054.7902610779954
G2_C3.1,50hertz,2026H1,point,r2,0.7606218454484674
G2_C3.1,50hertz,2026H1,point,mae,780.9686990053947
G2_C3.1,50hertz,2026H1,point,smape,6.478776733224641
G2_C3.1,50hertz,2026H1,quantile,wis,466.0647849039312
G2_C3.1,50hertz,2026H1,quantile,lqs,233.03239245196556
G2_C3.1,50hertz,2026H1,quantile,mae_median,771.9223168182373
G2_C3.1,50hertz,2026H1,quantile,cov50,55.078125
G2_C3.1,50hertz,2026H1,quantile,cov95,96.40899122807018
G2_C3.1,50hertz,2026H1,ensemble,wis,466.0647849039312
G2_C3.1,50hertz,2026H1,ensemble,lqs,233.03239245196556
G2_C3.1,50hertz,2026H1,ensemble,mae_median,771.9223168182373
G2_C3.1,50hertz,2026H1,ensemble,cov50,55.078125
G2_C3.1,50hertz,2026H1,ensemble,cov95,96.40899122807018
G2_C3.1,50hertz,2026H1,ensemble,crps,573.5031694935308
G2_C3.1,50hertz,2026H1,ensemble,energy_score,6395.4526825723015
G2_C3.1,amprion,2024,point,rmse,1195.2931557028094
G2_C3.1,amprion,2024,point,r2,0.8690919678095714
G2_C3.1,amprion,2024,point,mae,811.4076863020423
G2_C3.1,amprion,2024,point,smape,4.402883066386605
G2_C3.1,amprion,2024,quantile,wis,495.38588486479017
G2_C3.1,amprion,2024,quantile,lqs,247.6929424323951
G2_C3.1,amprion,2024,quantile,mae_median,792.9163709395563
G2_C3.1,amprion,2024,quantile,cov50,56.36384335154827
G2_C3.1,amprion,2024,quantile,cov95,96.39685792349727
G2_C3.1,amprion,2024,ensemble,wis,495.38588486479017
G2_C3.1,amprion,2024,ensemble,lqs,247.6929424323951
G2_C3.1,amprion,2024,ensemble,mae_median,792.9163709395563
G2_C3.1,amprion,2024,ensemble,cov50,56.36384335154827
G2_C3.1,amprion,2024,ensemble,cov95,96.39685792349727
G2_C3.1,amprion,2024,ensemble,crps,601.4373449309305
G2_C3.1,amprion,2024,ensemble,energy_score,6935.240213040509
G2_C3.1,amprion,2025,point,rmse,1085.3195748246671
G2_C3.1,amprion,2025,point,r2,0.888351430631559
G2_C3.1,amprion,2025,point,mae,765.2317057745968
G2_C3.1,amprion,2025,point,smape,4.003872771200165
G2_C3.1,amprion,2025,quantile,wis,455.6718221866153
G2_C3.1,amprion,2025,quantile,lqs,227.8359110933077
G2_C3.1,amprion,2025,quantile,mae_median,744.9375780471515
G2_C3.1,amprion,2025,quantile,cov50,56.03310502283105
G2_C3.1,amprion,2025,quantile,cov95,97.42009132420091
G2_C3.1,amprion,2025,ensemble,wis,455.6718221866153
G2_C3.1,amprion,2025,ensemble,lqs,227.8359110933077
G2_C3.1,amprion,2025,ensemble,mae_median,744.9375780471515
G2_C3.1,amprion,2025,ensemble,cov50,56.03310502283105
G2_C3.1,amprion,2025,ensemble,cov95,97.42009132420091
G2_C3.1,amprion,2025,ensemble,crps,556.8432857006933
G2_C3.1,amprion,2025,ensemble,energy_score,6511.770042388916
G2_C3.1,amprion,2026H1,point,rmse,1381.191942568689
G2_C3.1,amprion,2026H1,point,r2,0.8375255506543808
G2_C3.1,amprion,2026H1,point,mae,978.5149398145429
G2_C3.1,amprion,2026H1,point,smape,4.963736839971738
G2_C3.1,amprion,2026H1,quantile,wis,588.9942778455859
G2_C3.1,amprion,2026H1,quantile,lqs,294.49713892279294
G2_C3.1,amprion,2026H1,quantile,mae_median,974.511643933962
G2_C3.1,amprion,2026H1,quantile,cov50,55.46189692982456
G2_C3.1,amprion,2026H1,quantile,cov95,97.265625
G2_C3.1,amprion,2026H1,ensemble,wis,588.9942778455859
G2_C3.1,amprion,2026H1,ensemble,lqs,294.49713892279294
G2_C3.1,amprion,2026H1,ensemble,mae_median,974.511643933962
G2_C3.1,amprion,2026H1,ensemble,cov50,55.46189692982456
G2_C3.1,amprion,2026H1,ensemble,cov95,97.265625
G2_C3.1,amprion,2026H1,ensemble,crps,721.3093200302645
G2_C3.1,amprion,2026H1,ensemble,energy_score,8196.208756259652
G2_C3.1,de_lu,2024,point,rmse,2855.5635960323157
G2_C3.1,de_lu,2024,point,r2,0.9043079573980946
G2_C3.1,de_lu,2024,point,mae,1891.635574538739
G2_C3.1,de_lu,2024,point,smape,3.599521311508432
G2_C3.1,de_lu,2024,quantile,wis,1179.6551259557173
G2_C3.1,de_lu,2024,quantile,lqs,589.8275629778586
G2_C3.1,de_lu,2024,quantile,mae_median,1847.6463191789903
G2_C3.1,de_lu,2024,quantile,cov50,65.9209927140255
G2_C3.1,de_lu,2024,quantile,cov95,98.07604735883424
G2_C3.1,de_lu,2024,ensemble,wis,1179.6551259557173
G2_C3.1,de_lu,2024,ensemble,lqs,589.8275629778586
G2_C3.1,de_lu,2024,ensemble,mae_median,1847.6463191789903
G2_C3.1,de_lu,2024,ensemble,cov50,65.9209927140255
G2_C3.1,de_lu,2024,ensemble,cov95,98.07604735883424
G2_C3.1,de_lu,2024,ensemble,crps,1441.1605757607656
G2_C3.1,de_lu,2024,ensemble,energy_score,16167.290551183934
G2_C3.1,de_lu,2025,point,rmse,2840.4342378790593
G2_C3.1,de_lu,2025,point,r2,0.9057965327031806
G2_C3.1,de_lu,2025,point,mae,1974.5436722707793
G2_C3.1,de_lu,2025,point,smape,3.7153975802330432
G2_C3.1,de_lu,2025,quantile,wis,1196.9952449870746
G2_C3.1,de_lu,2025,quantile,lqs,598.4976224935373
G2_C3.1,de_lu,2025,quantile,mae_median,1921.0632212980522
G2_C3.1,de_lu,2025,quantile,cov50,64.49486301369863
G2_C3.1,de_lu,2025,quantile,cov95,98.82990867579909
G2_C3.1,de_lu,2025,ensemble,wis,1196.9952449870746
G2_C3.1,de_lu,2025,ensemble,lqs,598.4976224935373
G2_C3.1,de_lu,2025,ensemble,mae_median,1921.0632212980522
G2_C3.1,de_lu,2025,ensemble,cov50,64.49486301369863
G2_C3.1,de_lu,2025,ensemble,cov95,98.82990867579909
G2_C3.1,de_lu,2025,ensemble,crps,1465.8075037182496
G2_C3.1,de_lu,2025,ensemble,energy_score,16547.207041107216
G2_C3.1,de_lu,2026H1,point,rmse,3632.8687135466334
G2_C3.1,de_lu,2026H1,point,r2,0.8619093404510096
G2_C3.1,de_lu,2026H1,point,mae,2464.475847217902
G2_C3.1,de_lu,2026H1,point,smape,4.5296097729409075
G2_C3.1,de_lu,2026H1,quantile,wis,1512.5587871329508
G2_C3.1,de_lu,2026H1,quantile,lqs,756.2793935664755
G2_C3.1,de_lu,2026H1,quantile,mae_median,2435.7787766688425
G2_C3.1,de_lu,2026H1,quantile,cov50,65.86485745614034
G2_C3.1,de_lu,2026H1,quantile,cov95,98.28673245614034
G2_C3.1,de_lu,2026H1,ensemble,wis,1512.5587871329508
G2_C3.1,de_lu,2026H1,ensemble,lqs,756.2793935664755
G2_C3.1,de_lu,2026H1,ensemble,mae_median,2435.7787766688425
G2_C3.1,de_lu,2026H1,ensemble,cov50,65.86485745614034
G2_C3.1,de_lu,2026H1,ensemble,cov95,98.28673245614034
G2_C3.1,de_lu,2026H1,ensemble,crps,1857.5820479052884
G2_C3.1,de_lu,2026H1,ensemble,energy_score,20639.2361087253
G2_C3.1,lu,2024,point,rmse,30.140130821078127
G2_C3.1,lu,2024,point,r2,0.9059459296407397
G2_C3.1,lu,2024,point,mae,19.06973535537521
G2_C3.1,lu,2024,point,smape,3.450104135286397
G2_C3.1,lu,2024,quantile,wis,11.647218469920793
G2_C3.1,lu,2024,quantile,lqs,5.823609234960395
G2_C3.1,lu,2024,quantile,mae_median,18.649506454328804
G2_C3.1,lu,2024,quantile,cov50,51.357581967213115
G2_C3.1,lu,2024,quantile,cov95,95.5231102003643
G2_C3.1,lu,2024,ensemble,wis,11.647218469920793
G2_C3.1,lu,2024,ensemble,lqs,5.823609234960395
G2_C3.1,lu,2024,ensemble,mae_median,18.649506454328804
G2_C3.1,lu,2024,ensemble,cov50,51.357581967213115
G2_C3.1,lu,2024,ensemble,cov95,95.5231102003643
G2_C3.1,lu,2024,ensemble,crps,14.037395452324994
G2_C3.1,lu,2024,ensemble,energy_score,160.37104249734475
G2_C3.1,lu,2025,point,rmse,30.051073654773244
G2_C3.1,lu,2025,point,r2,0.9072425351303384
G2_C3.1,lu,2025,point,mae,20.401664406984835
G2_C3.1,lu,2025,point,smape,3.7236778620850104
G2_C3.1,lu,2025,quantile,wis,12.210742286809722
G2_C3.1,lu,2025,quantile,lqs,6.105371143404861
G2_C3.1,lu,2025,quantile,mae_median,19.84657914132593
G2_C3.1,lu,2025,quantile,cov50,51.29566210045662
G2_C3.1,lu,2025,quantile,cov95,96.63812785388129
G2_C3.1,lu,2025,ensemble,wis,12.210742286809722
G2_C3.1,lu,2025,ensemble,lqs,6.105371143404861
G2_C3.1,lu,2025,ensemble,mae_median,19.84657914132593
G2_C3.1,lu,2025,ensemble,cov50,51.29566210045662
G2_C3.1,lu,2025,ensemble,cov95,96.63812785388129
G2_C3.1,lu,2025,ensemble,crps,14.825899758111303
G2_C3.1,lu,2025,ensemble,energy_score,170.86181195334672
G2_C3.1,lu,2026H1,point,rmse,46.37872185616186
G2_C3.1,lu,2026H1,point,r2,0.7840355445457526
G2_C3.1,lu,2026H1,point,mae,28.93770415614637
G2_C3.1,lu,2026H1,point,smape,5.432261092068584
G2_C3.1,lu,2026H1,quantile,wis,17.191935058490007
G2_C3.1,lu,2026H1,quantile,lqs,8.595967529245005
G2_C3.1,lu,2026H1,quantile,mae_median,28.33899971465355
G2_C3.1,lu,2026H1,quantile,cov50,49.27357456140351
G2_C3.1,lu,2026H1,quantile,cov95,95.91557017543859
G2_C3.1,lu,2026H1,ensemble,wis,17.191935058490007
G2_C3.1,lu,2026H1,ensemble,lqs,8.595967529245005
G2_C3.1,lu,2026H1,ensemble,mae_median,28.33899971465355
G2_C3.1,lu,2026H1,ensemble,cov50,49.27357456140351
G2_C3.1,lu,2026H1,ensemble,cov95,95.91557017543859
G2_C3.1,lu,2026H1,ensemble,crps,20.828142104556274
G2_C3.1,lu,2026H1,ensemble,energy_score,237.8340103862301
G2_C3.1,tennet,2024,point,rmse,832.3381783652115
G2_C3.1,tennet,2024,point,r2,0.9117052660798772
G2_C3.1,tennet,2024,point,mae,550.313975204665
G2_C3.1,tennet,2024,point,smape,3.513293032361606
G2_C3.1,tennet,2024,quantile,wis,331.81169122798065
G2_C3.1,tennet,2024,quantile,lqs,165.90584561399035
G2_C3.1,tennet,2024,quantile,mae_median,536.6559090613971
G2_C3.1,tennet,2024,quantile,cov50,54.04713114754098
G2_C3.1,tennet,2024,quantile,cov95,96.67008196721312
G2_C3.1,tennet,2024,ensemble,wis,331.81169122798065
G2_C3.1,tennet,2024,ensemble,lqs,165.90584561399035
G2_C3.1,tennet,2024,ensemble,mae_median,536.6559090613971
G2_C3.1,tennet,2024,ensemble,cov50,54.04713114754098
G2_C3.1,tennet,2024,ensemble,cov95,96.67008196721312
G2_C3.1,tennet,2024,ensemble,crps,402.3066739877052
G2_C3.1,tennet,2024,ensemble,energy_score,4638.381022134084
G2_C3.1,tennet,2025,point,rmse,861.2203598802733
G2_C3.1,tennet,2025,point,r2,0.908607142158626
G2_C3.1,tennet,2025,point,mae,580.8311497512038
G2_C3.1,tennet,2025,point,smape,3.701350688343335
G2_C3.1,tennet,2025,quantile,wis,347.83788485369683
G2_C3.1,tennet,2025,quantile,lqs,173.91894242684842
G2_C3.1,tennet,2025,quantile,mae_median,567.9163719617312
G2_C3.1,tennet,2025,quantile,cov50,51.70376712328767
G2_C3.1,tennet,2025,quantile,cov95,96.02739726027397
G2_C3.1,tennet,2025,ensemble,wis,347.83788485369683
G2_C3.1,tennet,2025,ensemble,lqs,173.91894242684842
G2_C3.1,tennet,2025,ensemble,mae_median,567.9163719617312
G2_C3.1,tennet,2025,ensemble,cov50,51.70376712328767
G2_C3.1,tennet,2025,ensemble,cov95,96.02739726027397
G2_C3.1,tennet,2025,ensemble,crps,422.01141500265015
G2_C3.1,tennet,2025,ensemble,energy_score,4882.838244489013
G2_C3.1,tennet,2026H1,point,rmse,1221.6637707651803
G2_C3.1,tennet,2026H1,point,r2,0.839876362456041
G2_C3.1,tennet,2026H1,point,mae,836.7172085785573
G2_C3.1,tennet,2026H1,point,smape,5.460164374832986
G2_C3.1,tennet,2026H1,quantile,wis,502.24773727847315
G2_C3.1,tennet,2026H1,quantile,lqs,251.1238686392366
G2_C3.1,tennet,2026H1,quantile,mae_median,825.0901523148385
G2_C3.1,tennet,2026H1,quantile,cov50,54.05701754385965
G2_C3.1,tennet,2026H1,quantile,cov95,95.48382675438597
G2_C3.1,tennet,2026H1,ensemble,wis,502.24773727847315
G2_C3.1,tennet,2026H1,ensemble,lqs,251.1238686392366
G2_C3.1,tennet,2026H1,ensemble,mae_median,825.0901523148385
G2_C3.1,tennet,2026H1,ensemble,cov50,54.05701754385965
G2_C3.1,tennet,2026H1,ensemble,cov95,95.48382675438597
G2_C3.1,tennet,2026H1,ensemble,crps,613.4252150508761
G2_C3.1,tennet,2026H1,ensemble,energy_score,7059.11036851175
G2_C3.1,transnetbw,2024,point,rmse,457.9226399058063
G2_C3.1,transnetbw,2024,point,r2,0.88827780418031
G2_C3.1,transnetbw,2024,point,mae,286.4949270733117
G2_C3.1,transnetbw,2024,point,smape,4.534437974170206
G2_C3.1,transnetbw,2024,quantile,wis,173.09991634735078
G2_C3.1,transnetbw,2024,quantile,lqs,86.54995817367539
G2_C3.1,transnetbw,2024,quantile,mae_median,277.66414753286784
G2_C3.1,transnetbw,2024,quantile,cov50,53.12215391621129
G2_C3.1,transnetbw,2024,quantile,cov95,96.24601548269581
G2_C3.1,transnetbw,2024,ensemble,wis,173.09991634735078
G2_C3.1,transnetbw,2024,ensemble,lqs,86.54995817367539
G2_C3.1,transnetbw,2024,ensemble,mae_median,277.66414753286784
G2_C3.1,transnetbw,2024,ensemble,cov50,53.12215391621129
G2_C3.1,transnetbw,2024,ensemble,cov95,96.24601548269581
G2_C3.1,transnetbw,2024,ensemble,crps,208.67691404658126
G2_C3.1,transnetbw,2024,ensemble,energy_score,2423.9800085450147
G2_C3.1,transnetbw,2025,point,rmse,459.6563726580088
G2_C3.1,transnetbw,2025,point,r2,0.8887057209144077
G2_C3.1,transnetbw,2025,point,mae,292.30593782118
G2_C3.1,transnetbw,2025,point,smape,4.605430970080096
G2_C3.1,transnetbw,2025,quantile,wis,176.60864253620193
G2_C3.1,transnetbw,2025,quantile,lqs,88.30432126810096
G2_C3.1,transnetbw,2025,quantile,mae_median,286.54536949045956
G2_C3.1,transnetbw,2025,quantile,cov50,51.97488584474886
G2_C3.1,transnetbw,2025,quantile,cov95,96.37842465753424
G2_C3.1,transnetbw,2025,ensemble,wis,176.60864253620193
G2_C3.1,transnetbw,2025,ensemble,lqs,88.30432126810096
G2_C3.1,transnetbw,2025,ensemble,mae_median,286.54536949045956
G2_C3.1,transnetbw,2025,ensemble,cov50,51.97488584474886
G2_C3.1,transnetbw,2025,ensemble,cov95,96.37842465753424
G2_C3.1,transnetbw,2025,ensemble,crps,213.30500433811196
G2_C3.1,transnetbw,2025,ensemble,energy_score,2499.2934954315688
G2_C3.1,transnetbw,2026H1,point,rmse,590.9928531262419
G2_C3.1,transnetbw,2026H1,point,r2,0.8088244602862609
G2_C3.1,transnetbw,2026H1,point,mae,381.0160764136318
G2_C3.1,transnetbw,2026H1,point,smape,5.605202816995513
G2_C3.1,transnetbw,2026H1,quantile,wis,227.70900200323803
G2_C3.1,transnetbw,2026H1,quantile,lqs,113.85450100161904
G2_C3.1,transnetbw,2026H1,quantile,mae_median,377.62165525202164
G2_C3.1,transnetbw,2026H1,quantile,cov50,52.45339912280702
G2_C3.1,transnetbw,2026H1,quantile,cov95,95.24396929824562
G2_C3.1,transnetbw,2026H1,ensemble,wis,227.70900200323803
G2_C3.1,transnetbw,2026H1,ensemble,lqs,113.85450100161904
G2_C3.1,transnetbw,2026H1,ensemble,mae_median,377.62165525202164
G2_C3.1,transnetbw,2026H1,ensemble,cov50,52.45339912280702
G2_C3.1,transnetbw,2026H1,ensemble,cov95,95.24396929824562
G2_C3.1,transnetbw,2026H1,ensemble,crps,277.0785693336187
G2_C3.1,transnetbw,2026H1,ensemble,energy_score,3195.163800737747
G2_C3.1,50hertz,overall,point,rmse,976.1003862195503
G2_C3.1,50hertz,overall,point,r2,0.7470575338927185
G2_C3.1,50hertz,overall,point,mae,758.8959722957904
G2_C3.1,50hertz,overall,point,smape,6.551807373826046
G2_C3.1,50hertz,overall,quantile,wis,444.061572671033
G2_C3.1,50hertz,overall,quantile,lqs,222.0307863355165
G2_C3.1,50hertz,overall,quantile,mae_median,752.9266658642928
G2_C3.1,50hertz,overall,quantile,cov50,50.251274065685166
G2_C3.1,50hertz,overall,quantile,cov95,97.22772744431862
G2_C3.1,50hertz,overall,ensemble,wis,444.061572671033
G2_C3.1,50hertz,overall,ensemble,lqs,222.0307863355165
G2_C3.1,50hertz,overall,ensemble,mae_median,752.9266658642928
G2_C3.1,50hertz,overall,ensemble,cov50,50.251274065685166
G2_C3.1,50hertz,overall,ensemble,cov95,97.22772744431862
G2_C3.1,50hertz,overall,ensemble,crps,545.2505915880979
G2_C3.1,50hertz,overall,ensemble,energy_score,6160.112082337707
G2_C3.1,amprion,overall,point,rmse,1186.381270221346
G2_C3.1,amprion,overall,point,r2,0.8732332734624079
G2_C3.1,amprion,overall,point,mae,821.0861343670281
G2_C3.1,amprion,overall,point,smape,4.334492370850806
G2_C3.1,amprion,overall,quantile,wis,495.0833286423067
G2_C3.1,amprion,overall,quantile,lqs,247.54166432115335
G2_C3.1,amprion,overall,quantile,mae_median,804.3435760238392
G2_C3.1,amprion,overall,quantile,cov50,56.071866742166854
G2_C3.1,amprion,overall,quantile,cov95,96.96937523593809
G2_C3.1,amprion,overall,ensemble,wis,495.0833286423067
G2_C3.1,amprion,overall,ensemble,lqs,247.54166432115335
G2_C3.1,amprion,overall,ensemble,mae_median,804.3435760238392
G2_C3.1,amprion,overall,ensemble,cov50,56.071866742166854
G2_C3.1,amprion,overall,ensemble,cov95,96.96937523593809
G2_C3.1,amprion,overall,ensemble,crps,603.6386004191096
G2_C3.1,amprion,overall,ensemble,energy_score,6977.256754695637
G2_C3.1,de_lu,overall,point,rmse,2997.8008488285323
G2_C3.1,de_lu,overall,point,r2,0.8978176694198161
G2_C3.1,de_lu,overall,point,mae,2024.515729826879
G2_C3.1,de_lu,overall,point,smape,3.8075261634022253
G2_C3.1,de_lu,overall,quantile,wis,1244.1290783287466
G2_C3.1,de_lu,overall,quantile,lqs,622.0645391643733
G2_C3.1,de_lu,overall,quantile,mae_median,1979.235563586595
G2_C3.1,de_lu,overall,quantile,cov50,65.32181955454888
G2_C3.1,de_lu,overall,quantile,cov95,98.4239335598339
G2_C3.1,de_lu,overall,ensemble,wis,1244.1290783287466
G2_C3.1,de_lu,overall,ensemble,lqs,622.0645391643733
G2_C3.1,de_lu,overall,ensemble,mae_median,1979.235563586595
G2_C3.1,de_lu,overall,ensemble,cov50,65.32181955454888
G2_C3.1,de_lu,overall,ensemble,cov95,98.4239335598339
G2_C3.1,de_lu,overall,ensemble,crps,1523.0316884113308
G2_C3.1,de_lu,overall,ensemble,energy_score,17094.136806640658
G2_C3.1,lu,overall,point,rmse,33.467987659717764
G2_C3.1,lu,overall,point,r2,0.8852261496835052
G2_C3.1,lu,overall,point,mae,21.318982650454178
G2_C3.1,lu,overall,point,smape,3.9043988892075596
G2_C3.1,lu,overall,quantile,wis,12.834628565761086
G2_C3.1,lu,overall,quantile,lqs,6.417314282880544
G2_C3.1,lu,overall,quantile,mae_median,20.812286189689292
G2_C3.1,lu,overall,quantile,cov50,50.973244620611545
G2_C3.1,lu,overall,quantile,cov95,96.05157606644016
G2_C3.1,lu,overall,ensemble,wis,12.834628565761086
G2_C3.1,lu,overall,ensemble,lqs,6.417314282880544
G2_C3.1,lu,overall,ensemble,mae_median,20.812286189689292
G2_C3.1,lu,overall,ensemble,cov50,50.973244620611545
G2_C3.1,lu,overall,ensemble,cov95,96.05157606644016
G2_C3.1,lu,overall,ensemble,crps,15.532296429393119
G2_C3.1,lu,overall,ensemble,energy_score,178.04205265651947
G2_C3.1,tennet,overall,point,rmse,922.3136439029385
G2_C3.1,tennet,overall,point,r2,0.8964731885460017
G2_C3.1,tennet,overall,point,mae,612.230238151798
G2_C3.1,tennet,overall,point,smape,3.9261644802539957
G2_C3.1,tennet,overall,quantile,wis,367.7752695666684
G2_C3.1,tennet,overall,quantile,lqs,183.8876347833342
G2_C3.1,tennet,overall,quantile,mae_median,599.2290392235093
G2_C3.1,tennet,overall,quantile,cov50,53.08017176292941
G2_C3.1,tennet,overall,quantile,cov95,96.20021706304266
G2_C3.1,tennet,overall,ensemble,wis,367.7752695666684
G2_C3.1,tennet,overall,ensemble,lqs,183.8876347833342
G2_C3.1,tennet,overall,ensemble,mae_median,599.2290392235093
G2_C3.1,tennet,overall,ensemble,cov50,53.08017176292941
G2_C3.1,tennet,overall,ensemble,cov95,96.20021706304266
G2_C3.1,tennet,overall,ensemble,crps,446.79393187225435
G2_C3.1,tennet,overall,ensemble,energy_score,5156.136114782957
G2_C3.1,transnetbw,overall,point,rmse,484.1260140375273
G2_C3.1,transnetbw,overall,point,r2,0.8773494025287475
G2_C3.1,transnetbw,overall,point,mae,305.1678983334483
G2_C3.1,transnetbw,overall,point,smape,4.748105810655547
G2_C3.1,transnetbw,overall,quantile,wis,183.95072730842162
G2_C3.1,transnetbw,overall,quantile,lqs,91.97536365421081
G2_C3.1,transnetbw,overall,quantile,mae_median,298.5420492178422
G2_C3.1,transnetbw,overall,quantile,cov50,52.53279539448849
G2_C3.1,transnetbw,overall,quantile,cov95,96.12825594563986
G2_C3.1,transnetbw,overall,ensemble,wis,183.95072730842162
G2_C3.1,transnetbw,overall,ensemble,lqs,91.97536365421081
G2_C3.1,transnetbw,overall,ensemble,mae_median,298.5420492178422
G2_C3.1,transnetbw,overall,ensemble,cov50,52.53279539448849
G2_C3.1,transnetbw,overall,ensemble,cov95,96.12825594563986
G2_C3.1,transnetbw,overall,ensemble,crps,222.3646881802601
G2_C3.1,transnetbw,overall,ensemble,energy_score,2587.863767465612
G2_C3.2,50hertz,2024,point,rmse,930.7976462149552
G2_C3.2,50hertz,2024,point,r2,0.7509611268259515
G2_C3.2,50hertz,2024,point,mae,722.3414426690462
G2_C3.2,50hertz,2024,point,smape,6.310246378300855
G2_C3.2,50hertz,2024,quantile,wis,420.15072128280616
G2_C3.2,50hertz,2024,quantile,lqs,210.07536064140305
G2_C3.2,50hertz,2024,quantile,mae_median,714.5848707761226
G2_C3.2,50hertz,2024,quantile,cov50,48.85587431693989
G2_C3.2,50hertz,2024,quantile,cov95,96.60746812386157
G2_C3.2,50hertz,2024,ensemble,wis,420.15072128280616
G2_C3.2,50hertz,2024,ensemble,lqs,210.07536064140305
G2_C3.2,50hertz,2024,ensemble,mae_median,714.5848707761226
G2_C3.2,50hertz,2024,ensemble,cov50,48.85587431693989
G2_C3.2,50hertz,2024,ensemble,cov95,96.60746812386157
G2_C3.2,50hertz,2024,ensemble,crps,515.4516814273293
G2_C3.2,50hertz,2024,ensemble,energy_score,5862.2490619811915
G2_C3.2,50hertz,2025,point,rmse,1054.163075408531
G2_C3.2,50hertz,2025,point,r2,0.686700749318732
G2_C3.2,50hertz,2025,point,mae,839.1613584525318
G2_C3.2,50hertz,2025,point,smape,7.269950519770399
G2_C3.2,50hertz,2025,quantile,wis,484.0531743454412
G2_C3.2,50hertz,2025,quantile,lqs,242.0265871727206
G2_C3.2,50hertz,2025,quantile,mae_median,834.4384836448078
G2_C3.2,50hertz,2025,quantile,cov50,45.67351598173516
G2_C3.2,50hertz,2025,quantile,cov95,97.14611872146118
G2_C3.2,50hertz,2025,ensemble,wis,484.0531743454412
G2_C3.2,50hertz,2025,ensemble,lqs,242.0265871727206
G2_C3.2,50hertz,2025,ensemble,mae_median,834.4384836448078
G2_C3.2,50hertz,2025,ensemble,cov50,45.67351598173516
G2_C3.2,50hertz,2025,ensemble,cov95,97.14611872146118
G2_C3.2,50hertz,2025,ensemble,crps,594.0673060065667
G2_C3.2,50hertz,2025,ensemble,energy_score,6691.391198694706
G2_C3.2,50hertz,2026H1,point,rmse,1073.0772504208287
G2_C3.2,50hertz,2026H1,point,r2,0.7522496552211103
G2_C3.2,50hertz,2026H1,point,mae,801.957150515691
G2_C3.2,50hertz,2026H1,point,smape,6.636326797166639
G2_C3.2,50hertz,2026H1,quantile,wis,477.3872812135462
G2_C3.2,50hertz,2026H1,quantile,lqs,238.69364060677313
G2_C3.2,50hertz,2026H1,quantile,mae_median,797.3573624535276
G2_C3.2,50hertz,2026H1,quantile,cov50,52.90570175438597
G2_C3.2,50hertz,2026H1,quantile,cov95,95.53865131578947
G2_C3.2,50hertz,2026H1,ensemble,wis,477.3872812135462
G2_C3.2,50hertz,2026H1,ensemble,lqs,238.69364060677313
G2_C3.2,50hertz,2026H1,ensemble,mae_median,797.3573624535276
G2_C3.2,50hertz,2026H1,ensemble,cov50,52.90570175438597
G2_C3.2,50hertz,2026H1,ensemble,cov95,95.53865131578947
G2_C3.2,50hertz,2026H1,ensemble,crps,586.6509559585318
G2_C3.2,50hertz,2026H1,ensemble,energy_score,6544.901949559864
G2_C3.2,amprion,2024,point,rmse,1243.198143135009
G2_C3.2,amprion,2024,point,r2,0.8583886266113558
G2_C3.2,amprion,2024,point,mae,848.1003587214641
G2_C3.2,amprion,2024,point,smape,4.58514316362217
G2_C3.2,amprion,2024,quantile,wis,512.1832812398433
G2_C3.2,amprion,2024,quantile,lqs,256.0916406199216
G2_C3.2,amprion,2024,quantile,mae_median,834.9477593976671
G2_C3.2,amprion,2024,quantile,cov50,52.376479963570134
G2_C3.2,amprion,2024,quantile,cov95,95.99271402550092
G2_C3.2,amprion,2024,ensemble,wis,512.1832812398433
G2_C3.2,amprion,2024,ensemble,lqs,256.0916406199216
G2_C3.2,amprion,2024,ensemble,mae_median,834.9477593976671
G2_C3.2,amprion,2024,ensemble,cov50,52.376479963570134
G2_C3.2,amprion,2024,ensemble,cov95,95.99271402550092
G2_C3.2,amprion,2024,ensemble,crps,620.2876530316273
G2_C3.2,amprion,2024,ensemble,energy_score,7140.44644067296
G2_C3.2,amprion,2025,point,rmse,1087.067764323043
G2_C3.2,amprion,2025,point,r2,0.8879914628259628
G2_C3.2,amprion,2025,point,mae,768.9451654969635
G2_C3.2,amprion,2025,point,smape,4.008771344007454
G2_C3.2,amprion,2025,quantile,wis,453.47018297707666
G2_C3.2,amprion,2025,quantile,lqs,226.73509148853836
G2_C3.2,amprion,2025,quantile,mae_median,749.5152504849904
G2_C3.2,amprion,2025,quantile,cov50,52.84246575342466
G2_C3.2,amprion,2025,quantile,cov95,97.25456621004567
G2_C3.2,amprion,2025,ensemble,wis,453.47018297707666
G2_C3.2,amprion,2025,ensemble,lqs,226.73509148853836
G2_C3.2,amprion,2025,ensemble,mae_median,749.5152504849904
G2_C3.2,amprion,2025,ensemble,cov50,52.84246575342466
G2_C3.2,amprion,2025,ensemble,cov95,97.25456621004567
G2_C3.2,amprion,2025,ensemble,crps,553.5562490642903
G2_C3.2,amprion,2025,ensemble,energy_score,6481.684193005025
G2_C3.2,amprion,2026H1,point,rmse,1387.6872441873775
G2_C3.2,amprion,2026H1,point,r2,0.8359938273104269
G2_C3.2,amprion,2026H1,point,mae,983.8666134140751
G2_C3.2,amprion,2026H1,point,smape,4.967167713159509
G2_C3.2,amprion,2026H1,quantile,wis,587.6275296072602
G2_C3.2,amprion,2026H1,quantile,lqs,293.8137648036301
G2_C3.2,amprion,2026H1,quantile,mae_median,984.0285876182796
G2_C3.2,amprion,2026H1,quantile,cov50,50.04111842105263
G2_C3.2,amprion,2026H1,quantile,cov95,95.80592105263158
G2_C3.2,amprion,2026H1,ensemble,wis,587.6275296072602
G2_C3.2,amprion,2026H1,ensemble,lqs,293.8137648036301
G2_C3.2,amprion,2026H1,ensemble,mae_median,984.0285876182796
G2_C3.2,amprion,2026H1,ensemble,cov50,50.04111842105263
G2_C3.2,amprion,2026H1,ensemble,cov95,95.80592105263158
G2_C3.2,amprion,2026H1,ensemble,crps,717.2710859295355
G2_C3.2,amprion,2026H1,ensemble,energy_score,8184.0454053124395
G2_C3.2,de_lu,2024,point,rmse,3011.923220453756
G2_C3.2,de_lu,2024,point,r2,0.8935415975205385
G2_C3.2,de_lu,2024,point,mae,2012.881117530556
G2_C3.2,de_lu,2024,point,smape,3.8223604092304124
G2_C3.2,de_lu,2024,quantile,wis,1227.462948763216
G2_C3.2,de_lu,2024,quantile,lqs,613.7314743816081
G2_C3.2,de_lu,2024,quantile,mae_median,1978.7423359572374
G2_C3.2,de_lu,2024,quantile,cov50,61.41279599271403
G2_C3.2,de_lu,2024,quantile,cov95,98.27811930783243
G2_C3.2,de_lu,2024,ensemble,wis,1227.462948763216
G2_C3.2,de_lu,2024,ensemble,lqs,613.7314743816081
G2_C3.2,de_lu,2024,ensemble,mae_median,1978.7423359572374
G2_C3.2,de_lu,2024,ensemble,cov50,61.41279599271403
G2_C3.2,de_lu,2024,ensemble,cov95,98.27811930783243
G2_C3.2,de_lu,2024,ensemble,crps,1495.7274146918762
G2_C3.2,de_lu,2024,ensemble,energy_score,16749.520814335563
G2_C3.2,de_lu,2025,point,rmse,2918.948900516244
G2_C3.2,de_lu,2025,point,r2,0.9005166515165713
G2_C3.2,de_lu,2025,point,mae,2036.1858609213336
G2_C3.2,de_lu,2025,point,smape,3.8279347507991406
G2_C3.2,de_lu,2025,quantile,wis,1220.9919876268946
G2_C3.2,de_lu,2025,quantile,lqs,610.4959938134473
G2_C3.2,de_lu,2025,quantile,mae_median,1989.6416772415096
G2_C3.2,de_lu,2025,quantile,cov50,61.00742009132421
G2_C3.2,de_lu,2025,quantile,cov95,98.71575342465754
G2_C3.2,de_lu,2025,ensemble,wis,1220.9919876268946
G2_C3.2,de_lu,2025,ensemble,lqs,610.4959938134473
G2_C3.2,de_lu,2025,ensemble,mae_median,1989.6416772415096
G2_C3.2,de_lu,2025,ensemble,cov50,61.00742009132421
G2_C3.2,de_lu,2025,ensemble,cov95,98.71575342465754
G2_C3.2,de_lu,2025,ensemble,crps,1493.745319253891
G2_C3.2,de_lu,2025,ensemble,energy_score,16824.955796399005
G2_C3.2,de_lu,2026H1,point,rmse,3712.7964076583326
G2_C3.2,de_lu,2026H1,point,r2,0.8557661595187976
G2_C3.2,de_lu,2026H1,point,mae,2526.3800242420043
G2_C3.2,de_lu,2026H1,point,smape,4.627005228411276
G2_C3.2,de_lu,2026H1,quantile,wis,1539.5552408017202
G2_C3.2,de_lu,2026H1,quantile,lqs,769.77762040086
G2_C3.2,de_lu,2026H1,quantile,mae_median,2513.7999284248044
G2_C3.2,de_lu,2026H1,quantile,cov50,60.807291666666664
G2_C3.2,de_lu,2026H1,quantile,cov95,97.62883771929825
G2_C3.2,de_lu,2026H1,ensemble,wis,1539.5552408017202
G2_C3.2,de_lu,2026H1,ensemble,lqs,769.77762040086
G2_C3.2,de_lu,2026H1,ensemble,mae_median,2513.7999284248044
G2_C3.2,de_lu,2026H1,ensemble,cov50,60.807291666666664
G2_C3.2,de_lu,2026H1,ensemble,cov95,97.62883771929825
G2_C3.2,de_lu,2026H1,ensemble,crps,1886.3218647882732
G2_C3.2,de_lu,2026H1,ensemble,energy_score,20977.379199422136
G2_C3.2,lu,2024,point,rmse,29.06416176301446
G2_C3.2,lu,2024,point,r2,0.9125413170031758
G2_C3.2,lu,2024,point,mae,18.46368232632188
G2_C3.2,lu,2024,point,smape,3.3330985872540646
G2_C3.2,lu,2024,quantile,wis,11.206497523362344
G2_C3.2,lu,2024,quantile,lqs,5.603248761681174
G2_C3.2,lu,2024,quantile,mae_median,17.907796861207334
G2_C3.2,lu,2024,quantile,cov50,49.490551001821494
G2_C3.2,lu,2024,quantile,cov95,94.84858834244079
G2_C3.2,lu,2024,ensemble,wis,11.206497523362344
G2_C3.2,lu,2024,ensemble,lqs,5.603248761681174
G2_C3.2,lu,2024,ensemble,mae_median,17.907796861207334
G2_C3.2,lu,2024,ensemble,cov50,49.490551001821494
G2_C3.2,lu,2024,ensemble,cov95,94.84858834244079
G2_C3.2,lu,2024,ensemble,crps,13.466016790705318
G2_C3.2,lu,2024,ensemble,energy_score,154.41948966308564
G2_C3.2,lu,2025,point,rmse,28.734109863097125
G2_C3.2,lu,2025,point,r2,0.9151944294140069
G2_C3.2,lu,2025,point,mae,19.27351418577635
G2_C3.2,lu,2025,point,smape,3.5148488925018375
G2_C3.2,lu,2025,quantile,wis,11.567401271723394
G2_C3.2,lu,2025,quantile,lqs,5.783700635861697
G2_C3.2,lu,2025,quantile,mae_median,18.723563571083385
G2_C3.2,lu,2025,quantile,cov50,50.61358447488584
G2_C3.2,lu,2025,quantile,cov95,95.91609589041096
G2_C3.2,lu,2025,ensemble,wis,11.567401271723394
G2_C3.2,lu,2025,ensemble,lqs,5.783700635861697
G2_C3.2,lu,2025,ensemble,mae_median,18.723563571083385
G2_C3.2,lu,2025,ensemble,cov50,50.61358447488584
G2_C3.2,lu,2025,ensemble,cov95,95.91609589041096
G2_C3.2,lu,2025,ensemble,crps,14.05063993079289
G2_C3.2,lu,2025,ensemble,energy_score,162.83169214149422
G2_C3.2,lu,2026H1,point,rmse,47.408639834350126
G2_C3.2,lu,2026H1,point,r2,0.7743373322828255
G2_C3.2,lu,2026H1,point,mae,27.42651244384659
G2_C3.2,lu,2026H1,point,smape,5.187321783252328
G2_C3.2,lu,2026H1,quantile,wis,16.41467327140004
G2_C3.2,lu,2026H1,quantile,lqs,8.20733663570002
G2_C3.2,lu,2026H1,quantile,mae_median,26.733518109210635
G2_C3.2,lu,2026H1,quantile,cov50,49.86293859649123
G2_C3.2,lu,2026H1,quantile,cov95,94.5860745614035
G2_C3.2,lu,2026H1,ensemble,wis,16.41467327140004
G2_C3.2,lu,2026H1,ensemble,lqs,8.20733663570002
G2_C3.2,lu,2026H1,ensemble,mae_median,26.733518109210635
G2_C3.2,lu,2026H1,ensemble,cov50,49.86293859649123
G2_C3.2,lu,2026H1,ensemble,cov95,94.5860745614035
G2_C3.2,lu,2026H1,ensemble,crps,19.876370396909678
G2_C3.2,lu,2026H1,ensemble,energy_score,227.82415230673905
G2_C3.2,tennet,2024,point,rmse,868.8357639930977
G2_C3.2,tennet,2024,point,r2,0.9037921410318588
G2_C3.2,tennet,2024,point,mae,578.577466422776
G2_C3.2,tennet,2024,point,smape,3.681941401969295
G2_C3.2,tennet,2024,quantile,wis,343.7699599020703
G2_C3.2,tennet,2024,quantile,lqs,171.88497995103515
G2_C3.2,tennet,2024,quantile,mae_median,566.580582381007
G2_C3.2,tennet,2024,quantile,cov50,50.62898451730419
G2_C3.2,tennet,2024,quantile,cov95,97.01161202185791
G2_C3.2,tennet,2024,ensemble,wis,343.7699599020703
G2_C3.2,tennet,2024,ensemble,lqs,171.88497995103515
G2_C3.2,tennet,2024,ensemble,mae_median,566.580582381007
G2_C3.2,tennet,2024,ensemble,cov50,50.62898451730419
G2_C3.2,tennet,2024,ensemble,cov95,97.01161202185791
G2_C3.2,tennet,2024,ensemble,crps,417.3091076824599
G2_C3.2,tennet,2024,ensemble,energy_score,4786.455992878733
G2_C3.2,tennet,2025,point,rmse,886.4229883331693
G2_C3.2,tennet,2025,point,r2,0.9031798609269073
G2_C3.2,tennet,2025,point,mae,596.5470162843391
G2_C3.2,tennet,2025,point,smape,3.798382650454373
G2_C3.2,tennet,2025,quantile,wis,356.47463085424965
G2_C3.2,tennet,2025,quantile,lqs,178.23731542712488
G2_C3.2,tennet,2025,quantile,mae_median,586.9102977469945
G2_C3.2,tennet,2025,quantile,cov50,49.77168949771689
G2_C3.2,tennet,2025,quantile,cov95,95.72203196347033
G2_C3.2,tennet,2025,ensemble,wis,356.47463085424965
G2_C3.2,tennet,2025,ensemble,lqs,178.23731542712488
G2_C3.2,tennet,2025,ensemble,mae_median,586.9102977469945
G2_C3.2,tennet,2025,ensemble,cov50,49.77168949771689
G2_C3.2,tennet,2025,ensemble,cov95,95.72203196347033
G2_C3.2,tennet,2025,ensemble,crps,432.76603398441523
G2_C3.2,tennet,2025,ensemble,energy_score,4986.0840581025395
G2_C3.2,tennet,2026H1,point,rmse,1244.8085548928525
G2_C3.2,tennet,2026H1,point,r2,0.8337517101461183
G2_C3.2,tennet,2026H1,point,mae,865.1483484835136
G2_C3.2,tennet,2026H1,point,smape,5.618633305934046
G2_C3.2,tennet,2026H1,quantile,wis,515.4845564814518
G2_C3.2,tennet,2026H1,quantile,lqs,257.74227824072585
G2_C3.2,tennet,2026H1,quantile,mae_median,857.0153970556426
G2_C3.2,tennet,2026H1,quantile,cov50,49.26672149122807
G2_C3.2,tennet,2026H1,quantile,cov95,94.82593201754386
G2_C3.2,tennet,2026H1,ensemble,wis,515.4845564814518
G2_C3.2,tennet,2026H1,ensemble,lqs,257.74227824072585
G2_C3.2,tennet,2026H1,ensemble,mae_median,857.0153970556426
G2_C3.2,tennet,2026H1,ensemble,cov50,49.26672149122807
G2_C3.2,tennet,2026H1,ensemble,cov95,94.82593201754386
G2_C3.2,tennet,2026H1,ensemble,crps,627.2494173534268
G2_C3.2,tennet,2026H1,ensemble,energy_score,7222.757762199274
G2_C3.2,transnetbw,2024,point,rmse,468.82806807606835
G2_C3.2,transnetbw,2024,point,r2,0.8828931120277941
G2_C3.2,transnetbw,2024,point,mae,292.9504548625034
G2_C3.2,transnetbw,2024,point,smape,4.609122456751239
G2_C3.2,transnetbw,2024,quantile,wis,175.72391318398007
G2_C3.2,transnetbw,2024,quantile,lqs,87.86195659199007
G2_C3.2,transnetbw,2024,quantile,mae_median,284.6779987878574
G2_C3.2,transnetbw,2024,quantile,cov50,50.61760018214936
G2_C3.2,transnetbw,2024,quantile,cov95,96.56762295081968
G2_C3.2,transnetbw,2024,ensemble,wis,175.72391318398007
G2_C3.2,transnetbw,2024,ensemble,lqs,87.86195659199007
G2_C3.2,transnetbw,2024,ensemble,mae_median,284.6779987878574
G2_C3.2,transnetbw,2024,ensemble,cov50,50.61760018214936
G2_C3.2,transnetbw,2024,ensemble,cov95,96.56762295081968
G2_C3.2,transnetbw,2024,ensemble,crps,212.2732485728232
G2_C3.2,transnetbw,2024,ensemble,energy_score,2464.9745630550597
G2_C3.2,transnetbw,2025,point,rmse,464.4422655970202
G2_C3.2,transnetbw,2025,point,r2,0.8863760875419979
G2_C3.2,transnetbw,2025,point,mae,293.8550041202635
G2_C3.2,transnetbw,2025,point,smape,4.62892424159862
G2_C3.2,transnetbw,2025,quantile,wis,177.63239355045044
G2_C3.2,transnetbw,2025,quantile,lqs,88.81619677522522
G2_C3.2,transnetbw,2025,quantile,mae_median,289.0411411827666
G2_C3.2,transnetbw,2025,quantile,cov50,49.589041095890416
G2_C3.2,transnetbw,2025,quantile,cov95,96.3670091324201
G2_C3.2,transnetbw,2025,ensemble,wis,177.63239355045044
G2_C3.2,transnetbw,2025,ensemble,lqs,88.81619677522522
G2_C3.2,transnetbw,2025,ensemble,mae_median,289.0411411827666
G2_C3.2,transnetbw,2025,ensemble,cov50,49.589041095890416
G2_C3.2,transnetbw,2025,ensemble,cov95,96.3670091324201
G2_C3.2,transnetbw,2025,ensemble,crps,214.56617306770755
G2_C3.2,transnetbw,2025,ensemble,energy_score,2510.485916419386
G2_C3.2,transnetbw,2026H1,point,rmse,592.9760900495065
G2_C3.2,transnetbw,2026H1,point,r2,0.8075392245969157
G2_C3.2,transnetbw,2026H1,point,mae,374.40489996489583
G2_C3.2,transnetbw,2026H1,point,smape,5.530989258867438
G2_C3.2,transnetbw,2026H1,quantile,wis,227.54867995292264
G2_C3.2,transnetbw,2026H1,quantile,lqs,113.7743399764613
G2_C3.2,transnetbw,2026H1,quantile,mae_median,374.95638300979346
G2_C3.2,transnetbw,2026H1,quantile,cov50,51.63788377192983
G2_C3.2,transnetbw,2026H1,quantile,cov95,95.02467105263158
G2_C3.2,transnetbw,2026H1,ensemble,wis,227.54867995292264
G2_C3.2,transnetbw,2026H1,ensemble,lqs,113.7743399764613
G2_C3.2,transnetbw,2026H1,ensemble,mae_median,374.95638300979346
G2_C3.2,transnetbw,2026H1,ensemble,cov50,51.63788377192983
G2_C3.2,transnetbw,2026H1,ensemble,cov95,95.02467105263158
G2_C3.2,transnetbw,2026H1,ensemble,crps,276.3190431628815
G2_C3.2,transnetbw,2026H1,ensemble,energy_score,3189.4211120262503
G2_C3.2,50hertz,overall,point,rmse,1008.3084458292885
G2_C3.2,50hertz,overall,point,r2,0.7300896184266289
G2_C3.2,50hertz,overall,point,mae,784.3356180412571
G2_C3.2,50hertz,overall,point,smape,6.763084696878413
G2_C3.2,50hertz,overall,quantile,wis,456.41839113256185
G2_C3.2,50hertz,overall,quantile,lqs,228.20919556628093
G2_C3.2,50hertz,overall,quantile,mae_median,778.3764760219161
G2_C3.2,50hertz,overall,quantile,cov50,48.23754246885617
G2_C3.2,50hertz,overall,quantile,cov95,96.64614005285013
G2_C3.2,50hertz,overall,ensemble,wis,456.41839113256185
G2_C3.2,50hertz,overall,ensemble,lqs,228.20919556628093
G2_C3.2,50hertz,overall,ensemble,mae_median,778.3764760219161
G2_C3.2,50hertz,overall,ensemble,cov50,48.23754246885617
G2_C3.2,50hertz,overall,ensemble,cov95,96.64614005285013
G2_C3.2,50hertz,overall,ensemble,crps,560.2047875430309
G2_C3.2,50hertz,overall,ensemble,energy_score,6322.498347159437
G2_C3.2,amprion,overall,point,rmse,1208.5470565556807
G2_C3.2,amprion,overall,point,r2,0.8684521233900719
G2_C3.2,amprion,overall,point,mae,838.7513498724654
G2_C3.2,amprion,overall,point,smape,4.4126539420709845
G2_C3.2,amprion,overall,quantile,wis,500.9004328660466
G2_C3.2,amprion,overall,quantile,lqs,250.4502164330233
G2_C3.2,amprion,overall,quantile,mae_median,825.2959135725325
G2_C3.2,amprion,overall,quantile,cov50,52.16709135522839
G2_C3.2,amprion,overall,quantile,cov95,96.4821630804077
G2_C3.2,amprion,overall,ensemble,wis,500.9004328660466
G2_C3.2,amprion,overall,ensemble,lqs,250.4502164330233
G2_C3.2,amprion,overall,ensemble,mae_median,825.2959135725325
G2_C3.2,amprion,overall,ensemble,cov50,52.16709135522839
G2_C3.2,amprion,overall,ensemble,cov95,96.4821630804077
G2_C3.2,amprion,overall,ensemble,crps,609.3980939743273
G2_C3.2,amprion,overall,ensemble,energy_score,7047.783725187574
G2_C3.2,de_lu,overall,point,rmse,3107.261358682618
G2_C3.2,de_lu,overall,point,r2,0.8902193454322158
G2_C3.2,de_lu,overall,point,mae,2110.90837138987
G2_C3.2,de_lu,overall,point,smape,3.963176544211247
G2_C3.2,de_lu,overall,quantile,wis,1278.5117908641168
G2_C3.2,de_lu,overall,quantile,lqs,639.2558954320584
G2_C3.2,de_lu,overall,quantile,mae_median,2075.3527704123107
G2_C3.2,de_lu,overall,quantile,cov50,61.140996602491505
G2_C3.2,de_lu,overall,quantile,cov95,98.34725368063421
G2_C3.2,de_lu,overall,ensemble,wis,1278.5117908641168
G2_C3.2,de_lu,overall,ensemble,lqs,639.2558954320584
G2_C3.2,de_lu,overall,ensemble,mae_median,2075.3527704123107
G2_C3.2,de_lu,overall,ensemble,cov50,61.140996602491505
G2_C3.2,de_lu,overall,ensemble,cov95,98.34725368063421
G2_C3.2,de_lu,overall,ensemble,crps,1562.1451854504128
G2_C3.2,de_lu,overall,ensemble,energy_score,17508.488246936147
G2_C3.2,lu,overall,point,rmse,32.83790228783303
G2_C3.2,lu,overall,point,r2,0.8895070513922976
G2_C3.2,lu,overall,point,mae,20.341302718807313
G2_C3.2,lu,overall,point,smape,3.7274143145555065
G2_C3.2,lu,overall,quantile,wis,12.252219586616606
G2_C3.2,lu,overall,quantile,lqs,6.126109793308304
G2_C3.2,lu,overall,quantile,mae_median,19.764268524628918
G2_C3.2,lu,overall,quantile,cov50,50.01887504718761
G2_C3.2,lu,overall,quantile,cov95,95.2446677991695
G2_C3.2,lu,overall,ensemble,wis,12.252219586616606
G2_C3.2,lu,overall,ensemble,lqs,6.126109793308304
G2_C3.2,lu,overall,ensemble,mae_median,19.764268524628918
G2_C3.2,lu,overall,ensemble,cov50,50.01887504718761
G2_C3.2,lu,overall,ensemble,cov95,95.2446677991695
G2_C3.2,lu,overall,ensemble,crps,14.811159706079078
G2_C3.2,lu,overall,ensemble,energy_score,170.53269762056522
G2_C3.2,tennet,overall,point,rmse,951.0160252926169
G2_C3.2,tennet,overall,point,r2,0.8899294232514359
G2_C3.2,tennet,overall,point,mae,635.3358580113406
G2_C3.2,tennet,overall,point,smape,4.063456945683559
G2_C3.2,tennet,overall,quantile,wis,378.5806321303958
G2_C3.2,tennet,overall,quantile,lqs,189.2903160651979
G2_C3.2,tennet,overall,quantile,mae_median,624.9797193449142
G2_C3.2,tennet,overall,quantile,cov50,50.04010947527369
G2_C3.2,tennet,overall,quantile,cov95,96.10230275575688
G2_C3.2,tennet,overall,ensemble,wis,378.5806321303958
G2_C3.2,tennet,overall,ensemble,lqs,189.2903160651979
G2_C3.2,tennet,overall,ensemble,mae_median,624.9797193449142
G2_C3.2,tennet,overall,ensemble,cov50,50.04010947527369
G2_C3.2,tennet,overall,ensemble,cov95,96.10230275575688
G2_C3.2,tennet,overall,ensemble,crps,459.8376526090745
G2_C3.2,tennet,overall,ensemble,energy_score,5288.36099032314
G2_C3.2,transnetbw,overall,point,rmse,490.7132634358111
G2_C3.2,transnetbw,overall,point,r2,0.8739890104335939
G2_C3.2,transnetbw,overall,point,mae,307.34596577376743
G2_C3.2,transnetbw,overall,point,smape,4.775998340546207
G2_C3.2,transnetbw,overall,quantile,wis,185.43394702615555
G2_C3.2,transnetbw,overall,quantile,lqs,92.71697351307779
G2_C3.2,transnetbw,overall,quantile,mae_median,302.02212265634677
G2_C3.2,transnetbw,overall,quantile,cov50,50.36806342015855
G2_C3.2,transnetbw,overall,quantile,cov95,96.21909211023028
G2_C3.2,transnetbw,overall,ensemble,wis,185.43394702615555
G2_C3.2,transnetbw,overall,ensemble,lqs,92.71697351307779
G2_C3.2,transnetbw,overall,ensemble,mae_median,302.02212265634677
G2_C3.2,transnetbw,overall,ensemble,cov50,50.36806342015855
G2_C3.2,transnetbw,overall,ensemble,cov95,96.21909211023028
G2_C3.2,transnetbw,overall,ensemble,crps,224.24593058677752
G2_C3.2,transnetbw,overall,ensemble,energy_score,2608.4938375982083
G2_C3.3,50hertz,2024,point,rmse,898.4360981018302
G2_C3.3,50hertz,2024,point,r2,0.7679770330480137
G2_C3.3,50hertz,2024,point,mae,701.2391553896949
G2_C3.3,50hertz,2024,point,smape,6.137230076916121
G2_C3.3,50hertz,2024,quantile,wis,408.8048998732298
G2_C3.3,50hertz,2024,quantile,lqs,204.40244993661491
G2_C3.3,50hertz,2024,quantile,mae_median,694.8294745167661
G2_C3.3,50hertz,2024,quantile,cov50,51.605191256830594
G2_C3.3,50hertz,2024,quantile,cov95,97.11976320582878
G2_C3.3,50hertz,2024,ensemble,wis,408.8048998732298
G2_C3.3,50hertz,2024,ensemble,lqs,204.40244993661491
G2_C3.3,50hertz,2024,ensemble,mae_median,694.8294745167661
G2_C3.3,50hertz,2024,ensemble,cov50,51.605191256830594
G2_C3.3,50hertz,2024,ensemble,cov95,97.11976320582878
G2_C3.3,50hertz,2024,ensemble,crps,502.9138248034319
G2_C3.3,50hertz,2024,ensemble,energy_score,5728.14342569602
G2_C3.3,50hertz,2025,point,rmse,1004.2960504416508
G2_C3.3,50hertz,2025,point,r2,0.7156408117287898
G2_C3.3,50hertz,2025,point,mae,801.9239996450113
G2_C3.3,50hertz,2025,point,smape,6.958874602826967
G2_C3.3,50hertz,2025,quantile,wis,461.59742634517585
G2_C3.3,50hertz,2025,quantile,lqs,230.79871317258795
G2_C3.3,50hertz,2025,quantile,mae_median,797.9492145657194
G2_C3.3,50hertz,2025,quantile,cov50,48.59303652968037
G2_C3.3,50hertz,2025,quantile,cov95,97.88242009132419
G2_C3.3,50hertz,2025,ensemble,wis,461.59742634517585
G2_C3.3,50hertz,2025,ensemble,lqs,230.79871317258795
G2_C3.3,50hertz,2025,ensemble,mae_median,797.9492145657194
G2_C3.3,50hertz,2025,ensemble,cov50,48.59303652968037
G2_C3.3,50hertz,2025,ensemble,cov95,97.88242009132419
G2_C3.3,50hertz,2025,ensemble,crps,567.7852432429495
G2_C3.3,50hertz,2025,ensemble,energy_score,6432.318254734937
G2_C3.3,50hertz,2026H1,point,rmse,1045.8302511664906
G2_C3.3,50hertz,2026H1,point,r2,0.7646714105395633
G2_C3.3,50hertz,2026H1,point,mae,790.9579213553471
G2_C3.3,50hertz,2026H1,point,smape,6.568620934499505
G2_C3.3,50hertz,2026H1,quantile,wis,465.519636690635
G2_C3.3,50hertz,2026H1,quantile,lqs,232.75981834531748
G2_C3.3,50hertz,2026H1,quantile,mae_median,781.9459446617259
G2_C3.3,50hertz,2026H1,quantile,cov50,52.6110197368421
G2_C3.3,50hertz,2026H1,quantile,cov95,96.1485745614035
G2_C3.3,50hertz,2026H1,ensemble,wis,465.519636690635
G2_C3.3,50hertz,2026H1,ensemble,lqs,232.75981834531748
G2_C3.3,50hertz,2026H1,ensemble,mae_median,781.9459446617259
G2_C3.3,50hertz,2026H1,ensemble,cov50,52.6110197368421
G2_C3.3,50hertz,2026H1,ensemble,cov95,96.1485745614035
G2_C3.3,50hertz,2026H1,ensemble,crps,571.7740231082902
G2_C3.3,50hertz,2026H1,ensemble,energy_score,6393.729807831374
G2_C3.3,amprion,2024,point,rmse,1217.736863994393
G2_C3.3,amprion,2024,point,r2,0.8641297620395008
G2_C3.3,amprion,2024,point,mae,834.3401735459952
G2_C3.3,amprion,2024,point,smape,4.509394275570503
G2_C3.3,amprion,2024,quantile,wis,504.441924323514
G2_C3.3,amprion,2024,quantile,lqs,252.220962161757
G2_C3.3,amprion,2024,quantile,mae_median,815.7781110318493
G2_C3.3,amprion,2024,quantile,cov50,56.15607923497268
G2_C3.3,amprion,2024,quantile,cov95,96.7042349726776
G2_C3.3,amprion,2024,ensemble,wis,504.441924323514
G2_C3.3,amprion,2024,ensemble,lqs,252.220962161757
G2_C3.3,amprion,2024,ensemble,mae_median,815.7781110318493
G2_C3.3,amprion,2024,ensemble,cov50,56.15607923497268
G2_C3.3,amprion,2024,ensemble,cov95,96.7042349726776
G2_C3.3,amprion,2024,ensemble,crps,613.974227478097
G2_C3.3,amprion,2024,ensemble,energy_score,7061.71686053923
G2_C3.3,amprion,2025,point,rmse,1082.7885689677764
G2_C3.3,amprion,2025,point,r2,0.8888715607245828
G2_C3.3,amprion,2025,point,mae,771.6503506433897
G2_C3.3,amprion,2025,point,smape,4.038773378173223
G2_C3.3,amprion,2025,quantile,wis,454.6619329586372
G2_C3.3,amprion,2025,quantile,lqs,227.33096647931862
G2_C3.3,amprion,2025,quantile,mae_median,749.0876676764233
G2_C3.3,amprion,2025,quantile,cov50,56.31278538812785
G2_C3.3,amprion,2025,quantile,cov95,97.75114155251141
G2_C3.3,amprion,2025,ensemble,wis,454.6619329586372
G2_C3.3,amprion,2025,ensemble,lqs,227.33096647931862
G2_C3.3,amprion,2025,ensemble,mae_median,749.0876676764233
G2_C3.3,amprion,2025,ensemble,cov50,56.31278538812785
G2_C3.3,amprion,2025,ensemble,cov95,97.75114155251141
G2_C3.3,amprion,2025,ensemble,crps,557.5042338759564
G2_C3.3,amprion,2025,ensemble,energy_score,6506.3229754975655
G2_C3.3,amprion,2026H1,point,rmse,1329.0727877808986
G2_C3.3,amprion,2026H1,point,r2,0.8495561171840441
G2_C3.3,amprion,2026H1,point,mae,947.3799809422553
G2_C3.3,amprion,2026H1,point,smape,4.811141044718668
G2_C3.3,amprion,2026H1,quantile,wis,568.9677899815438
G2_C3.3,amprion,2026H1,quantile,lqs,284.48389499077194
G2_C3.3,amprion,2026H1,quantile,mae_median,939.0712693545693
G2_C3.3,amprion,2026H1,quantile,cov50,55.41392543859649
G2_C3.3,amprion,2026H1,quantile,cov95,96.05263157894737
G2_C3.3,amprion,2026H1,ensemble,wis,568.9677899815438
G2_C3.3,amprion,2026H1,ensemble,lqs,284.48389499077194
G2_C3.3,amprion,2026H1,ensemble,mae_median,939.0712693545693
G2_C3.3,amprion,2026H1,ensemble,cov50,55.41392543859649
G2_C3.3,amprion,2026H1,ensemble,cov95,96.05263157894737
G2_C3.3,amprion,2026H1,ensemble,crps,695.6473612697067
G2_C3.3,amprion,2026H1,ensemble,energy_score,7962.180132273146
G2_C3.3,de_lu,2024,point,rmse,2920.4773993943845
G2_C3.3,de_lu,2024,point,r2,0.8999078885290224
G2_C3.3,de_lu,2024,point,mae,1951.3038257536884
G2_C3.3,de_lu,2024,point,smape,3.705165776867843
G2_C3.3,de_lu,2024,quantile,wis,1198.6326551127793
G2_C3.3,de_lu,2024,quantile,lqs,599.3163275563898
G2_C3.3,de_lu,2024,quantile,mae_median,1898.0252783651383
G2_C3.3,de_lu,2024,quantile,cov50,65.45992714025502
G2_C3.3,de_lu,2024,quantile,cov95,98.33219489981785
G2_C3.3,de_lu,2024,ensemble,wis,1198.6326551127793
G2_C3.3,de_lu,2024,ensemble,lqs,599.3163275563898
G2_C3.3,de_lu,2024,ensemble,mae_median,1898.0252783651383
G2_C3.3,de_lu,2024,ensemble,cov50,65.45992714025502
G2_C3.3,de_lu,2024,ensemble,cov95,98.33219489981785
G2_C3.3,de_lu,2024,ensemble,crps,1469.2400428198782
G2_C3.3,de_lu,2024,ensemble,energy_score,16434.444883589018
G2_C3.3,de_lu,2025,point,rmse,2832.670991650681
G2_C3.3,de_lu,2025,point,r2,0.9063107676772094
G2_C3.3,de_lu,2025,point,mae,1979.7381352167445
G2_C3.3,de_lu,2025,point,smape,3.724132378369975
G2_C3.3,de_lu,2025,quantile,wis,1195.0074820836776
G2_C3.3,de_lu,2025,quantile,lqs,597.5037410418388
G2_C3.3,de_lu,2025,quantile,mae_median,1923.2538888054012
G2_C3.3,de_lu,2025,quantile,cov50,65.3310502283105
G2_C3.3,de_lu,2025,quantile,cov95,98.82134703196347
G2_C3.3,de_lu,2025,ensemble,wis,1195.0074820836776
G2_C3.3,de_lu,2025,ensemble,lqs,597.5037410418388
G2_C3.3,de_lu,2025,ensemble,mae_median,1923.2538888054012
G2_C3.3,de_lu,2025,ensemble,cov50,65.3310502283105
G2_C3.3,de_lu,2025,ensemble,cov95,98.82134703196347
G2_C3.3,de_lu,2025,ensemble,crps,1467.5539201795082
G2_C3.3,de_lu,2025,ensemble,energy_score,16571.104488364093
G2_C3.3,de_lu,2026H1,point,rmse,3550.6923169165784
G2_C3.3,de_lu,2026H1,point,r2,0.868085973157807
G2_C3.3,de_lu,2026H1,point,mae,2434.8545958238374
G2_C3.3,de_lu,2026H1,point,smape,4.482573392974515
G2_C3.3,de_lu,2026H1,quantile,wis,1488.6905677672846
G2_C3.3,de_lu,2026H1,quantile,lqs,744.3452838836423
G2_C3.3,de_lu,2026H1,quantile,mae_median,2404.2806276176843
G2_C3.3,de_lu,2026H1,quantile,cov50,64.78207236842105
G2_C3.3,de_lu,2026H1,quantile,cov95,97.83442982456141
G2_C3.3,de_lu,2026H1,ensemble,wis,1488.6905677672846
G2_C3.3,de_lu,2026H1,ensemble,lqs,744.3452838836423
G2_C3.3,de_lu,2026H1,ensemble,mae_median,2404.2806276176843
G2_C3.3,de_lu,2026H1,ensemble,cov50,64.78207236842105
G2_C3.3,de_lu,2026H1,ensemble,cov95,97.83442982456141
G2_C3.3,de_lu,2026H1,ensemble,crps,1827.0721561105543
G2_C3.3,de_lu,2026H1,ensemble,energy_score,20368.669498408668
G2_C3.3,lu,2024,point,rmse,29.06416176301446
G2_C3.3,lu,2024,point,r2,0.9125413170031758
G2_C3.3,lu,2024,point,mae,18.46368232632188
G2_C3.3,lu,2024,point,smape,3.3330985872540646
G2_C3.3,lu,2024,quantile,wis,11.206497523362344
G2_C3.3,lu,2024,quantile,lqs,5.603248761681174
G2_C3.3,lu,2024,quantile,mae_median,17.907796861207334
G2_C3.3,lu,2024,quantile,cov50,49.490551001821494
G2_C3.3,lu,2024,quantile,cov95,94.84858834244079
G2_C3.3,lu,2024,ensemble,wis,11.206497523362344
G2_C3.3,lu,2024,ensemble,lqs,5.603248761681174
G2_C3.3,lu,2024,ensemble,mae_median,17.907796861207334
G2_C3.3,lu,2024,ensemble,cov50,49.490551001821494
G2_C3.3,lu,2024,ensemble,cov95,94.84858834244079
G2_C3.3,lu,2024,ensemble,crps,13.466016790705318
G2_C3.3,lu,2024,ensemble,energy_score,154.41948966308564
G2_C3.3,lu,2025,point,rmse,28.734109863097125
G2_C3.3,lu,2025,point,r2,0.9151944294140069
G2_C3.3,lu,2025,point,mae,19.27351418577635
G2_C3.3,lu,2025,point,smape,3.5148488925018375
G2_C3.3,lu,2025,quantile,wis,11.567401271723394
G2_C3.3,lu,2025,quantile,lqs,5.783700635861697
G2_C3.3,lu,2025,quantile,mae_median,18.723563571083385
G2_C3.3,lu,2025,quantile,cov50,50.61358447488584
G2_C3.3,lu,2025,quantile,cov95,95.91609589041096
G2_C3.3,lu,2025,ensemble,wis,11.567401271723394
G2_C3.3,lu,2025,ensemble,lqs,5.783700635861697
G2_C3.3,lu,2025,ensemble,mae_median,18.723563571083385
G2_C3.3,lu,2025,ensemble,cov50,50.61358447488584
G2_C3.3,lu,2025,ensemble,cov95,95.91609589041096
G2_C3.3,lu,2025,ensemble,crps,14.05063993079289
G2_C3.3,lu,2025,ensemble,energy_score,162.83169214149422
G2_C3.3,lu,2026H1,point,rmse,47.408639834350126
G2_C3.3,lu,2026H1,point,r2,0.7743373322828255
G2_C3.3,lu,2026H1,point,mae,27.42651244384659
G2_C3.3,lu,2026H1,point,smape,5.187321783252328
G2_C3.3,lu,2026H1,quantile,wis,16.41467327140004
G2_C3.3,lu,2026H1,quantile,lqs,8.20733663570002
G2_C3.3,lu,2026H1,quantile,mae_median,26.733518109210635
G2_C3.3,lu,2026H1,quantile,cov50,49.86293859649123
G2_C3.3,lu,2026H1,quantile,cov95,94.5860745614035
G2_C3.3,lu,2026H1,ensemble,wis,16.41467327140004
G2_C3.3,lu,2026H1,ensemble,lqs,8.20733663570002
G2_C3.3,lu,2026H1,ensemble,mae_median,26.733518109210635
G2_C3.3,lu,2026H1,ensemble,cov50,49.86293859649123
G2_C3.3,lu,2026H1,ensemble,cov95,94.5860745614035
G2_C3.3,lu,2026H1,ensemble,crps,19.876370396909678
G2_C3.3,lu,2026H1,ensemble,energy_score,227.82415230673905
G2_C3.3,tennet,2024,point,rmse,864.7271713299604
G2_C3.3,tennet,2024,point,r2,0.9046998944021012
G2_C3.3,tennet,2024,point,mae,574.5360230854612
G2_C3.3,tennet,2024,point,smape,3.6580678390698056
G2_C3.3,tennet,2024,quantile,wis,342.60478705102196
G2_C3.3,tennet,2024,quantile,lqs,171.302393525511
G2_C3.3,tennet,2024,quantile,mae_median,560.4860662319273
G2_C3.3,tennet,2024,quantile,cov50,53.88775045537341
G2_C3.3,tennet,2024,quantile,cov95,96.65585154826958
G2_C3.3,tennet,2024,ensemble,wis,342.60478705102196
G2_C3.3,tennet,2024,ensemble,lqs,171.302393525511
G2_C3.3,tennet,2024,ensemble,mae_median,560.4860662319273
G2_C3.3,tennet,2024,ensemble,cov50,53.88775045537341
G2_C3.3,tennet,2024,ensemble,cov95,96.65585154826958
G2_C3.3,tennet,2024,ensemble,crps,416.5101312962199
G2_C3.3,tennet,2024,ensemble,energy_score,4773.296160694835
G2_C3.3,tennet,2025,point,rmse,864.0091278989476
G2_C3.3,tennet,2025,point,r2,0.9080142947264574
G2_C3.3,tennet,2025,point,mae,586.2824754503091
G2_C3.3,tennet,2025,point,smape,3.736465369614833
G2_C3.3,tennet,2025,quantile,wis,348.8050464081869
G2_C3.3,tennet,2025,quantile,lqs,174.40252320409348
G2_C3.3,tennet,2025,quantile,mae_median,573.2917616605575
G2_C3.3,tennet,2025,quantile,cov50,53.58447488584475
G2_C3.3,tennet,2025,quantile,cov95,96.287100456621
G2_C3.3,tennet,2025,ensemble,wis,348.8050464081869
G2_C3.3,tennet,2025,ensemble,lqs,174.40252320409348
G2_C3.3,tennet,2025,ensemble,mae_median,573.2917616605575
G2_C3.3,tennet,2025,ensemble,cov50,53.58447488584475
G2_C3.3,tennet,2025,ensemble,cov95,96.287100456621
G2_C3.3,tennet,2025,ensemble,crps,423.7972801460035
G2_C3.3,tennet,2025,ensemble,energy_score,4908.185373229406
G2_C3.3,tennet,2026H1,point,rmse,1209.3376900991514
G2_C3.3,tennet,2026H1,point,r2,0.8430912240710727
G2_C3.3,tennet,2026H1,point,mae,837.9897624855391
G2_C3.3,tennet,2026H1,point,smape,5.468424293226836
G2_C3.3,tennet,2026H1,quantile,wis,503.2170647059257
G2_C3.3,tennet,2026H1,quantile,lqs,251.60853235296287
G2_C3.3,tennet,2026H1,quantile,mae_median,827.2060292856318
G2_C3.3,tennet,2026H1,quantile,cov50,53.87198464912281
G2_C3.3,tennet,2026H1,quantile,cov95,94.61348684210526
G2_C3.3,tennet,2026H1,ensemble,wis,503.2170647059257
G2_C3.3,tennet,2026H1,ensemble,lqs,251.60853235296287
G2_C3.3,tennet,2026H1,ensemble,mae_median,827.2060292856318
G2_C3.3,tennet,2026H1,ensemble,cov50,53.87198464912281
G2_C3.3,tennet,2026H1,ensemble,cov95,94.61348684210526
G2_C3.3,tennet,2026H1,ensemble,crps,613.5035834410073
G2_C3.3,tennet,2026H1,ensemble,energy_score,7072.745325625646
G2_C3.3,transnetbw,2024,point,rmse,455.6039590045447
G2_C3.3,transnetbw,2024,point,r2,0.889406345366231
G2_C3.3,transnetbw,2024,point,mae,288.9190266672042
G2_C3.3,transnetbw,2024,point,smape,4.553490569282844
G2_C3.3,transnetbw,2024,quantile,wis,172.59508424619943
G2_C3.3,transnetbw,2024,quantile,lqs,86.2975421230997
G2_C3.3,transnetbw,2024,quantile,mae_median,278.32496629530834
G2_C3.3,transnetbw,2024,quantile,cov50,54.69034608378871
G2_C3.3,transnetbw,2024,quantile,cov95,96.4537795992714
G2_C3.3,transnetbw,2024,ensemble,wis,172.59508424619943
G2_C3.3,transnetbw,2024,ensemble,lqs,86.2975421230997
G2_C3.3,transnetbw,2024,ensemble,mae_median,278.32496629530834
G2_C3.3,transnetbw,2024,ensemble,cov50,54.69034608378871
G2_C3.3,transnetbw,2024,ensemble,cov95,96.4537795992714
G2_C3.3,transnetbw,2024,ensemble,crps,208.853578878841
G2_C3.3,transnetbw,2024,ensemble,energy_score,2421.8938575728375
G2_C3.3,transnetbw,2025,point,rmse,459.66348121752424
G2_C3.3,transnetbw,2025,point,r2,0.8887022785684677
G2_C3.3,transnetbw,2025,point,mae,296.3516799729067
G2_C3.3,transnetbw,2025,point,smape,4.675950630468973
G2_C3.3,transnetbw,2025,quantile,wis,177.8258855970403
G2_C3.3,transnetbw,2025,quantile,lqs,88.91294279852016
G2_C3.3,transnetbw,2025,quantile,mae_median,289.85294042957605
G2_C3.3,transnetbw,2025,quantile,cov50,52.67408675799087
G2_C3.3,transnetbw,2025,quantile,cov95,96.46689497716895
G2_C3.3,transnetbw,2025,ensemble,wis,177.8258855970403
G2_C3.3,transnetbw,2025,ensemble,lqs,88.91294279852016
G2_C3.3,transnetbw,2025,ensemble,mae_median,289.85294042957605
G2_C3.3,transnetbw,2025,ensemble,cov50,52.67408675799087
G2_C3.3,transnetbw,2025,ensemble,cov95,96.46689497716895
G2_C3.3,transnetbw,2025,ensemble,crps,215.18024393574672
G2_C3.3,transnetbw,2025,ensemble,energy_score,2520.5965890885113
G2_C3.3,transnetbw,2026H1,point,rmse,579.5221311466414
G2_C3.3,transnetbw,2026H1,point,r2,0.8161735846779578
G2_C3.3,transnetbw,2026H1,point,mae,368.98680159637144
G2_C3.3,transnetbw,2026H1,point,smape,5.439456024381598
G2_C3.3,transnetbw,2026H1,quantile,wis,223.6824767474593
G2_C3.3,transnetbw,2026H1,quantile,lqs,111.84123837372962
G2_C3.3,transnetbw,2026H1,quantile,mae_median,367.3017325021844
G2_C3.3,transnetbw,2026H1,quantile,cov50,55.078125
G2_C3.3,transnetbw,2026H1,quantile,cov95,95.27823464912281
G2_C3.3,transnetbw,2026H1,ensemble,wis,223.6824767474593
G2_C3.3,transnetbw,2026H1,ensemble,lqs,111.84123837372962
G2_C3.3,transnetbw,2026H1,ensemble,mae_median,367.3017325021844
G2_C3.3,transnetbw,2026H1,ensemble,cov50,55.078125
G2_C3.3,transnetbw,2026H1,ensemble,cov95,95.27823464912281
G2_C3.3,transnetbw,2026H1,ensemble,crps,272.1873329379636
G2_C3.3,transnetbw,2026H1,ensemble,energy_score,3147.2452312721143
G2_C3.3,50hertz,overall,point,rmse,969.422139836109
G2_C3.3,50hertz,overall,point,r2,0.7505068379597656
G2_C3.3,50hertz,overall,point,mae,758.3028253556855
G2_C3.3,50hertz,overall,point,smape,6.551127769226578
G2_C3.3,50hertz,overall,quantile,wis,440.390304356249
G2_C3.3,50hertz,overall,quantile,lqs,220.19515217812446
G2_C3.3,50hertz,overall,quantile,mae_median,752.451681289022
G2_C3.3,50hertz,overall,quantile,cov50,50.53322008305021
G2_C3.3,50hertz,overall,quantile,cov95,97.2678369195923
G2_C3.3,50hertz,overall,ensemble,wis,440.390304356249
G2_C3.3,50hertz,overall,ensemble,lqs,220.19515217812446
G2_C3.3,50hertz,overall,ensemble,mae_median,752.451681289022
G2_C3.3,50hertz,overall,ensemble,cov50,50.53322008305021
G2_C3.3,50hertz,overall,ensemble,cov95,97.2678369195923
G2_C3.3,50hertz,overall,ensemble,crps,541.5829277170925
G2_C3.3,50hertz,overall,ensemble,energy_score,6133.797947421704
G2_C3.3,amprion,overall,point,rmse,1184.6367381839977
G2_C3.3,amprion,overall,point,r2,0.8736058114072001
G2_C3.3,amprion,overall,point,mae,827.885207934195
G2_C3.3,amprion,overall,point,smape,4.366799577224538
G2_C3.3,amprion,overall,quantile,wis,494.9722014830163
G2_C3.3,amprion,overall,quantile,lqs,247.48610074150815
G2_C3.3,amprion,overall,quantile,mae_median,809.4344510548651
G2_C3.3,amprion,overall,quantile,cov50,56.09310117025292
G2_C3.3,amprion,overall,quantile,cov95,97.02482068705172
G2_C3.3,amprion,overall,ensemble,wis,494.9722014830163
G2_C3.3,amprion,overall,ensemble,lqs,247.48610074150815
G2_C3.3,amprion,overall,ensemble,mae_median,809.4344510548651
G2_C3.3,amprion,overall,ensemble,cov50,56.09310117025292
G2_C3.3,amprion,overall,ensemble,cov95,97.02482068705172
G2_C3.3,amprion,overall,ensemble,crps,604.6908397901506
G2_C3.3,amprion,overall,ensemble,energy_score,6987.143416896362
G2_C3.3,de_lu,overall,point,rmse,3003.7310175699017
G2_C3.3,de_lu,overall,point,r2,0.8974130009053594
G2_C3.3,de_lu,overall,point,mae,2046.296170039847
G2_C3.3,de_lu,overall,point,smape,3.846829159876327
G2_C3.3,de_lu,overall,quantile,wis,1247.0648346913326
G2_C3.3,de_lu,overall,quantile,lqs,623.5324173456663
G2_C3.3,de_lu,overall,quantile,mae_median,1995.6008796075876
G2_C3.3,de_lu,overall,quantile,cov50,65.28996791241978
G2_C3.3,de_lu,overall,quantile,cov95,98.44870705926765
G2_C3.3,de_lu,overall,ensemble,wis,1247.0648346913326
G2_C3.3,de_lu,overall,ensemble,lqs,623.5324173456663
G2_C3.3,de_lu,overall,ensemble,mae_median,1995.6008796075876
G2_C3.3,de_lu,overall,ensemble,cov50,65.28996791241978
G2_C3.3,de_lu,overall,ensemble,cov95,98.44870705926765
G2_C3.3,de_lu,overall,ensemble,crps,1530.1404351827862
G2_C3.3,de_lu,overall,ensemble,energy_score,17168.17409898595
G2_C3.3,lu,overall,point,rmse,32.83790228783303
G2_C3.3,lu,overall,point,r2,0.8895070513922976
G2_C3.3,lu,overall,point,mae,20.341302718807313
G2_C3.3,lu,overall,point,smape,3.7274143145555065
G2_C3.3,lu,overall,quantile,wis,12.252219586616606
G2_C3.3,lu,overall,quantile,lqs,6.126109793308304
G2_C3.3,lu,overall,quantile,mae_median,19.764268524628918
G2_C3.3,lu,overall,quantile,cov50,50.01887504718761
G2_C3.3,lu,overall,quantile,cov95,95.2446677991695
G2_C3.3,lu,overall,ensemble,wis,12.252219586616606
G2_C3.3,lu,overall,ensemble,lqs,6.126109793308304
G2_C3.3,lu,overall,ensemble,mae_median,19.764268524628918
G2_C3.3,lu,overall,ensemble,cov50,50.01887504718761
G2_C3.3,lu,overall,ensemble,cov95,95.2446677991695
G2_C3.3,lu,overall,ensemble,crps,14.811159706079078
G2_C3.3,lu,overall,ensemble,energy_score,170.53269762056522
G2_C3.3,tennet,overall,point,rmse,932.8860632379188
G2_C3.3,tennet,overall,point,r2,0.8940861434756108
G2_C3.3,tennet,overall,point,mae,624.7426182179429
G2_C3.3,tennet,overall,point,smape,4.002110058413864
G2_C3.3,tennet,overall,quantile,wis,372.81561476213244
G2_C3.3,tennet,overall,quantile,lqs,186.40780738106622
G2_C3.3,tennet,overall,quantile,mae_median,611.692762965351
G2_C3.3,tennet,overall,quantile,cov50,53.759673461683654
G2_C3.3,tennet,overall,quantile,cov95,96.15184975462438
G2_C3.3,tennet,overall,ensemble,wis,372.81561476213244
G2_C3.3,tennet,overall,ensemble,lqs,186.40780738106622
G2_C3.3,tennet,overall,ensemble,mae_median,611.692762965351
G2_C3.3,tennet,overall,ensemble,cov50,53.759673461683654
G2_C3.3,tennet,overall,ensemble,cov95,96.15184975462438
G2_C3.3,tennet,overall,ensemble,crps,453.43291052179035
G2_C3.3,tennet,overall,ensemble,energy_score,5224.882611028473
G2_C3.3,transnetbw,overall,point,rmse,480.8237237615686
G2_C3.3,transnetbw,overall,point,r2,0.8790169291155511
G2_C3.3,transnetbw,overall,point,mae,305.77431573381216
G2_C3.3,transnetbw,overall,point,smape,4.756621567593091
G2_C3.3,transnetbw,overall,quantile,wis,183.55151250582392
G2_C3.3,transnetbw,overall,quantile,lqs,91.77575625291196
G2_C3.3,transnetbw,overall,quantile,mae_median,298.4067092425936
G2_C3.3,transnetbw,overall,quantile,cov50,53.92365043412608
G2_C3.3,transnetbw,overall,quantile,cov95,96.2568422046055
G2_C3.3,transnetbw,overall,ensemble,wis,183.55151250582392
G2_C3.3,transnetbw,overall,ensemble,lqs,91.77575625291196
G2_C3.3,transnetbw,overall,ensemble,mae_median,298.4067092425936
G2_C3.3,transnetbw,overall,ensemble,cov50,53.92365043412608
G2_C3.3,transnetbw,overall,ensemble,cov95,96.2568422046055
G2_C3.3,transnetbw,overall,ensemble,crps,222.37109118094432
G2_C3.3,transnetbw,overall,ensemble,energy_score,2587.5562650535976
G2_C3.4,50hertz,2024,point,rmse,923.4094998573137
G2_C3.4,50hertz,2024,point,r2,0.7548988966857696
G2_C3.4,50hertz,2024,point,mae,715.4028367431175
G2_C3.4,50hertz,2024,point,smape,6.252878922052803
G2_C3.4,50hertz,2024,quantile,wis,419.48920453660475
G2_C3.4,50hertz,2024,quantile,lqs,209.74460226830237
G2_C3.4,50hertz,2024,quantile,mae_median,711.8715729599139
G2_C3.4,50hertz,2024,quantile,cov50,49.954462659380695
G2_C3.4,50hertz,2024,quantile,cov95,96.93761384335154
G2_C3.4,50hertz,2024,ensemble,wis,419.48920453660475
G2_C3.4,50hertz,2024,ensemble,lqs,209.74460226830237
G2_C3.4,50hertz,2024,ensemble,mae_median,711.8715729599139
G2_C3.4,50hertz,2024,ensemble,cov50,49.954462659380695
G2_C3.4,50hertz,2024,ensemble,cov95,96.93761384335154
G2_C3.4,50hertz,2024,ensemble,crps,514.8128173838813
G2_C3.4,50hertz,2024,ensemble,energy_score,5855.67057120814
G2_C3.4,50hertz,2025,point,rmse,1010.0354761947693
G2_C3.4,50hertz,2025,point,r2,0.7123813705469317
G2_C3.4,50hertz,2025,point,mae,808.7878903861997
G2_C3.4,50hertz,2025,point,smape,7.019840989798393
G2_C3.4,50hertz,2025,quantile,wis,466.269767018101
G2_C3.4,50hertz,2025,quantile,lqs,233.13488350905055
G2_C3.4,50hertz,2025,quantile,mae_median,803.8462270443155
G2_C3.4,50hertz,2025,quantile,cov50,47.24600456621005
G2_C3.4,50hertz,2025,quantile,cov95,97.7568493150685
G2_C3.4,50hertz,2025,ensemble,wis,466.269767018101
G2_C3.4,50hertz,2025,ensemble,lqs,233.13488350905055
G2_C3.4,50hertz,2025,ensemble,mae_median,803.8462270443155
G2_C3.4,50hertz,2025,ensemble,cov50,47.24600456621005
G2_C3.4,50hertz,2025,ensemble,cov95,97.7568493150685
G2_C3.4,50hertz,2025,ensemble,crps,572.1008644739411
G2_C3.4,50hertz,2025,ensemble,energy_score,6467.345437140686
G2_C3.4,50hertz,2026H1,point,rmse,1044.5661142304377
G2_C3.4,50hertz,2026H1,point,r2,0.7652399689057907
G2_C3.4,50hertz,2026H1,point,mae,779.894431252756
G2_C3.4,50hertz,2026H1,point,smape,6.477439968915176
G2_C3.4,50hertz,2026H1,quantile,wis,464.24605057504886
G2_C3.4,50hertz,2026H1,quantile,lqs,232.12302528752443
G2_C3.4,50hertz,2026H1,quantile,mae_median,776.3112475454765
G2_C3.4,50hertz,2026H1,quantile,cov50,52.17242324561403
G2_C3.4,50hertz,2026H1,quantile,cov95,95.8264802631579
G2_C3.4,50hertz,2026H1,ensemble,wis,464.24605057504886
G2_C3.4,50hertz,2026H1,ensemble,lqs,232.12302528752443
G2_C3.4,50hertz,2026H1,ensemble,mae_median,776.3112475454765
G2_C3.4,50hertz,2026H1,ensemble,cov50,52.17242324561403
G2_C3.4,50hertz,2026H1,ensemble,cov95,95.8264802631579
G2_C3.4,50hertz,2026H1,ensemble,crps,569.5309995319042
G2_C3.4,50hertz,2026H1,ensemble,energy_score,6377.663181059113
G2_C3.4,amprion,2024,point,rmse,1244.6172952983452
G2_C3.4,amprion,2024,point,r2,0.8580651338617946
G2_C3.4,amprion,2024,point,mae,856.0060819412662
G2_C3.4,amprion,2024,point,smape,4.634502783058888
G2_C3.4,amprion,2024,quantile,wis,518.9111175450907
G2_C3.4,amprion,2024,quantile,lqs,259.4555587725453
G2_C3.4,amprion,2024,quantile,mae_median,840.8162552268203
G2_C3.4,amprion,2024,quantile,cov50,53.919057377049185
G2_C3.4,amprion,2024,quantile,cov95,96.09801912568307
G2_C3.4,amprion,2024,ensemble,wis,518.9111175450907
G2_C3.4,amprion,2024,ensemble,lqs,259.4555587725453
G2_C3.4,amprion,2024,ensemble,mae_median,840.8162552268203
G2_C3.4,amprion,2024,ensemble,cov50,53.919057377049185
G2_C3.4,amprion,2024,ensemble,cov95,96.09801912568307
G2_C3.4,amprion,2024,ensemble,crps,629.2488877511333
G2_C3.4,amprion,2024,ensemble,energy_score,7240.332776707757
G2_C3.4,amprion,2025,point,rmse,1118.2713083563508
G2_C3.4,amprion,2025,point,r2,0.881468916300162
G2_C3.4,amprion,2025,point,mae,789.4818223673141
G2_C3.4,amprion,2025,point,smape,4.129647089622548
G2_C3.4,amprion,2025,quantile,wis,466.63459966452604
G2_C3.4,amprion,2025,quantile,lqs,233.31729983226302
G2_C3.4,amprion,2025,quantile,mae_median,770.6550405326323
G2_C3.4,amprion,2025,quantile,cov50,53.52454337899544
G2_C3.4,amprion,2025,quantile,cov95,97.36586757990867
G2_C3.4,amprion,2025,ensemble,wis,466.63459966452604
G2_C3.4,amprion,2025,ensemble,lqs,233.31729983226302
G2_C3.4,amprion,2025,ensemble,mae_median,770.6550405326323
G2_C3.4,amprion,2025,ensemble,cov50,53.52454337899544
G2_C3.4,amprion,2025,ensemble,cov95,97.36586757990867
G2_C3.4,amprion,2025,ensemble,crps,570.6416205336378
G2_C3.4,amprion,2025,ensemble,energy_score,6663.426636017804
G2_C3.4,amprion,2026H1,point,rmse,1389.3005006832982
G2_C3.4,amprion,2026H1,point,r2,0.8356122747369411
G2_C3.4,amprion,2026H1,point,mae,988.5503545640478
G2_C3.4,amprion,2026H1,point,smape,5.015457609900807
G2_C3.4,amprion,2026H1,quantile,wis,593.8731655636146
G2_C3.4,amprion,2026H1,quantile,lqs,296.9365827818073
G2_C3.4,amprion,2026H1,quantile,mae_median,990.5012036816834
G2_C3.4,amprion,2026H1,quantile,cov50,51.66529605263158
G2_C3.4,amprion,2026H1,quantile,cov95,96.01151315789474
G2_C3.4,amprion,2026H1,ensemble,wis,593.8731655636146
G2_C3.4,amprion,2026H1,ensemble,lqs,296.9365827818073
G2_C3.4,amprion,2026H1,ensemble,mae_median,990.5012036816834
G2_C3.4,amprion,2026H1,ensemble,cov50,51.66529605263158
G2_C3.4,amprion,2026H1,ensemble,cov95,96.01151315789474
G2_C3.4,amprion,2026H1,ensemble,crps,724.1126193007111
G2_C3.4,amprion,2026H1,ensemble,energy_score,8254.137875060122
G2_C3.4,de_lu,2024,point,rmse,3022.0849181995222
G2_C3.4,de_lu,2024,point,r2,0.8928220419892768
G2_C3.4,de_lu,2024,point,mae,2024.837503624057
G2_C3.4,de_lu,2024,point,smape,3.8496252348704645
G2_C3.4,de_lu,2024,quantile,wis,1238.5315244804583
G2_C3.4,de_lu,2024,quantile,lqs,619.2657622402292
G2_C3.4,de_lu,2024,quantile,mae_median,1986.9429414286558
G2_C3.4,de_lu,2024,quantile,cov50,62.23531420765027
G2_C3.4,de_lu,2024,quantile,cov95,98.19842896174863
G2_C3.4,de_lu,2024,ensemble,wis,1238.5315244804583
G2_C3.4,de_lu,2024,ensemble,lqs,619.2657622402292
G2_C3.4,de_lu,2024,ensemble,mae_median,1986.9429414286558
G2_C3.4,de_lu,2024,ensemble,cov50,62.23531420765027
G2_C3.4,de_lu,2024,ensemble,cov95,98.19842896174863
G2_C3.4,de_lu,2024,ensemble,crps,1511.5054352837626
G2_C3.4,de_lu,2024,ensemble,energy_score,16932.58350157151
G2_C3.4,de_lu,2025,point,rmse,2909.1810161724015
G2_C3.4,de_lu,2025,point,r2,0.9011813537577515
G2_C3.4,de_lu,2025,point,mae,2031.798746079744
G2_C3.4,de_lu,2025,point,smape,3.8247307614578707
G2_C3.4,de_lu,2025,quantile,wis,1219.0851613163625
G2_C3.4,de_lu,2025,quantile,lqs,609.5425806581814
G2_C3.4,de_lu,2025,quantile,mae_median,1980.8466378666524
G2_C3.4,de_lu,2025,quantile,cov50,61.595319634703195
G2_C3.4,de_lu,2025,quantile,cov95,98.69292237442923
G2_C3.4,de_lu,2025,ensemble,wis,1219.0851613163625
G2_C3.4,de_lu,2025,ensemble,lqs,609.5425806581814
G2_C3.4,de_lu,2025,ensemble,mae_median,1980.8466378666524
G2_C3.4,de_lu,2025,ensemble,cov50,61.595319634703195
G2_C3.4,de_lu,2025,ensemble,cov95,98.69292237442923
G2_C3.4,de_lu,2025,ensemble,crps,1492.2530233435175
G2_C3.4,de_lu,2025,ensemble,energy_score,16821.47595143456
G2_C3.4,de_lu,2026H1,point,rmse,3662.295736978537
G2_C3.4,de_lu,2026H1,point,r2,0.8596631513347973
G2_C3.4,de_lu,2026H1,point,mae,2502.566345245101
G2_C3.4,de_lu,2026H1,point,smape,4.607709400278582
G2_C3.4,de_lu,2026H1,quantile,wis,1525.623250976476
G2_C3.4,de_lu,2026H1,quantile,lqs,762.8116254882382
G2_C3.4,de_lu,2026H1,quantile,mae_median,2499.1707718972384
G2_C3.4,de_lu,2026H1,quantile,cov50,60.958059210526315
G2_C3.4,de_lu,2026H1,quantile,cov95,97.75904605263158
G2_C3.4,de_lu,2026H1,ensemble,wis,1525.623250976476
G2_C3.4,de_lu,2026H1,ensemble,lqs,762.8116254882382
G2_C3.4,de_lu,2026H1,ensemble,mae_median,2499.1707718972384
G2_C3.4,de_lu,2026H1,ensemble,cov50,60.958059210526315
G2_C3.4,de_lu,2026H1,ensemble,cov95,97.75904605263158
G2_C3.4,de_lu,2026H1,ensemble,crps,1865.8505811049934
G2_C3.4,de_lu,2026H1,ensemble,energy_score,20772.21322423348
G2_C3.4,lu,2024,point,rmse,30.140131986889077
G2_C3.4,lu,2024,point,r2,0.9059459223647748
G2_C3.4,lu,2024,point,mae,19.06973524697117
G2_C3.4,lu,2024,point,smape,3.450104137662708
G2_C3.4,lu,2024,quantile,wis,11.647218247204835
G2_C3.4,lu,2024,quantile,lqs,5.8236091236024174
G2_C3.4,lu,2024,quantile,mae_median,18.64950600094265
G2_C3.4,lu,2024,quantile,cov50,51.357581967213115
G2_C3.4,lu,2024,quantile,cov95,95.52026411657559
G2_C3.4,lu,2024,ensemble,wis,11.647218247204835
G2_C3.4,lu,2024,ensemble,lqs,5.8236091236024174
G2_C3.4,lu,2024,ensemble,mae_median,18.64950600094265
G2_C3.4,lu,2024,ensemble,cov50,51.357581967213115
G2_C3.4,lu,2024,ensemble,cov95,95.52026411657559
G2_C3.4,lu,2024,ensemble,crps,14.037395361945947
G2_C3.4,lu,2024,ensemble,energy_score,160.37104165499375
G2_C3.4,lu,2025,point,rmse,30.05107448696371
G2_C3.4,lu,2025,point,r2,0.9072425299929593
G2_C3.4,lu,2025,point,mae,20.401665269874496
G2_C3.4,lu,2025,point,smape,3.7236780504223037
G2_C3.4,lu,2025,quantile,wis,12.210742654773416
G2_C3.4,lu,2025,quantile,lqs,6.105371327386709
G2_C3.4,lu,2025,quantile,mae_median,19.846579805849675
G2_C3.4,lu,2025,quantile,cov50,51.29566210045662
G2_C3.4,lu,2025,quantile,cov95,96.63812785388129
G2_C3.4,lu,2025,ensemble,wis,12.210742654773416
G2_C3.4,lu,2025,ensemble,lqs,6.105371327386709
G2_C3.4,lu,2025,ensemble,mae_median,19.846579805849675
G2_C3.4,lu,2025,ensemble,cov50,51.29566210045662
G2_C3.4,lu,2025,ensemble,cov95,96.63812785388129
G2_C3.4,lu,2025,ensemble,crps,14.825900307383234
G2_C3.4,lu,2025,ensemble,energy_score,170.86181654677043
G2_C3.4,lu,2026H1,point,rmse,46.37872129181052
G2_C3.4,lu,2026H1,point,r2,0.7840355498016038
G2_C3.4,lu,2026H1,point,mae,28.93770352335119
G2_C3.4,lu,2026H1,point,smape,5.432260924784414
G2_C3.4,lu,2026H1,quantile,wis,17.19193422969265
G2_C3.4,lu,2026H1,quantile,lqs,8.595967114846326
G2_C3.4,lu,2026H1,quantile,mae_median,28.338998560205695
G2_C3.4,lu,2026H1,quantile,cov50,49.27357456140351
G2_C3.4,lu,2026H1,quantile,cov95,95.91557017543859
G2_C3.4,lu,2026H1,ensemble,wis,17.19193422969265
G2_C3.4,lu,2026H1,ensemble,lqs,8.595967114846326
G2_C3.4,lu,2026H1,ensemble,mae_median,28.338998560205695
G2_C3.4,lu,2026H1,ensemble,cov50,49.27357456140351
G2_C3.4,lu,2026H1,ensemble,cov95,95.91557017543859
G2_C3.4,lu,2026H1,ensemble,crps,20.828141554629507
G2_C3.4,lu,2026H1,ensemble,energy_score,237.83400699018358
G2_C3.4,tennet,2024,point,rmse,878.4259249280734
G2_C3.4,tennet,2024,point,r2,0.901656545416297
G2_C3.4,tennet,2024,point,mae,578.0431655346442
G2_C3.4,tennet,2024,point,smape,3.685650164893131
G2_C3.4,tennet,2024,quantile,wis,346.1838979428957
G2_C3.4,tennet,2024,quantile,lqs,173.09194897144783
G2_C3.4,tennet,2024,quantile,mae_median,568.3317200885488
G2_C3.4,tennet,2024,quantile,cov50,51.243738615664846
G2_C3.4,tennet,2024,quantile,cov95,96.68715846994536
G2_C3.4,tennet,2024,ensemble,wis,346.1838979428957
G2_C3.4,tennet,2024,ensemble,lqs,173.09194897144783
G2_C3.4,tennet,2024,ensemble,mae_median,568.3317200885488
G2_C3.4,tennet,2024,ensemble,cov50,51.243738615664846
G2_C3.4,tennet,2024,ensemble,cov95,96.68715846994536
G2_C3.4,tennet,2024,ensemble,crps,419.87323128879984
G2_C3.4,tennet,2024,ensemble,energy_score,4816.907629144975
G2_C3.4,tennet,2025,point,rmse,864.7572109583006
G2_C3.4,tennet,2025,point,r2,0.9078549382204347
G2_C3.4,tennet,2025,point,mae,583.5113977247835
G2_C3.4,tennet,2025,point,smape,3.7212050333551945
G2_C3.4,tennet,2025,quantile,wis,350.27569994927677
G2_C3.4,tennet,2025,quantile,lqs,175.13784997463839
G2_C3.4,tennet,2025,quantile,mae_median,574.1739287744809
G2_C3.4,tennet,2025,quantile,cov50,50.42522831050228
G2_C3.4,tennet,2025,quantile,cov95,96.12157534246575
G2_C3.4,tennet,2025,ensemble,wis,350.27569994927677
G2_C3.4,tennet,2025,ensemble,lqs,175.13784997463839
G2_C3.4,tennet,2025,ensemble,mae_median,574.1739287744809
G2_C3.4,tennet,2025,ensemble,cov50,50.42522831050228
G2_C3.4,tennet,2025,ensemble,cov95,96.12157534246575
G2_C3.4,tennet,2025,ensemble,crps,424.33766146700805
G2_C3.4,tennet,2025,ensemble,energy_score,4896.415501432253
G2_C3.4,tennet,2026H1,point,rmse,1228.459072163128
G2_C3.4,tennet,2026H1,point,r2,0.8380900861345009
G2_C3.4,tennet,2026H1,point,mae,845.0728400936142
G2_C3.4,tennet,2026H1,point,smape,5.516939661476828
G2_C3.4,tennet,2026H1,quantile,wis,504.9825447590745
G2_C3.4,tennet,2026H1,quantile,lqs,252.49127237953718
G2_C3.4,tennet,2026H1,quantile,mae_median,842.2613037468091
G2_C3.4,tennet,2026H1,quantile,cov50,51.2952302631579
G2_C3.4,tennet,2026H1,quantile,cov95,95.02467105263158
G2_C3.4,tennet,2026H1,ensemble,wis,504.9825447590745
G2_C3.4,tennet,2026H1,ensemble,lqs,252.49127237953718
G2_C3.4,tennet,2026H1,ensemble,mae_median,842.2613037468091
G2_C3.4,tennet,2026H1,ensemble,cov50,51.2952302631579
G2_C3.4,tennet,2026H1,ensemble,cov95,95.02467105263158
G2_C3.4,tennet,2026H1,ensemble,crps,614.7820984401202
G2_C3.4,tennet,2026H1,ensemble,energy_score,7088.678639217936
G2_C3.4,transnetbw,2024,point,rmse,478.8680541211049
G2_C3.4,transnetbw,2024,point,r2,0.8778237017143504
G2_C3.4,transnetbw,2024,point,mae,301.9710561983835
G2_C3.4,transnetbw,2024,point,smape,4.7624059648920145
G2_C3.4,transnetbw,2024,quantile,wis,180.86085647387753
G2_C3.4,transnetbw,2024,quantile,lqs,90.43042823693878
G2_C3.4,transnetbw,2024,quantile,mae_median,294.2765125123182
G2_C3.4,transnetbw,2024,quantile,cov50,49.416552823315115
G2_C3.4,transnetbw,2024,quantile,cov95,95.75079690346084
G2_C3.4,transnetbw,2024,ensemble,wis,180.86085647387753
G2_C3.4,transnetbw,2024,ensemble,lqs,90.43042823693878
G2_C3.4,transnetbw,2024,ensemble,mae_median,294.2765125123182
G2_C3.4,transnetbw,2024,ensemble,cov50,49.416552823315115
G2_C3.4,transnetbw,2024,ensemble,cov95,95.75079690346084
G2_C3.4,transnetbw,2024,ensemble,crps,218.30119002134484
G2_C3.4,transnetbw,2024,ensemble,energy_score,2533.8915354407713
G2_C3.4,transnetbw,2025,point,rmse,472.04308545456854
G2_C3.4,transnetbw,2025,point,r2,0.8826266364103441
G2_C3.4,transnetbw,2025,point,mae,300.59760860149254
G2_C3.4,transnetbw,2025,point,smape,4.746565435833867
G2_C3.4,transnetbw,2025,quantile,wis,181.78952052575852
G2_C3.4,transnetbw,2025,quantile,lqs,90.89476026287926
G2_C3.4,transnetbw,2025,quantile,mae_median,294.54225998412534
G2_C3.4,transnetbw,2025,quantile,cov50,48.955479452054796
G2_C3.4,transnetbw,2025,quantile,cov95,95.66780821917808
G2_C3.4,transnetbw,2025,ensemble,wis,181.78952052575852
G2_C3.4,transnetbw,2025,ensemble,lqs,90.89476026287926
G2_C3.4,transnetbw,2025,ensemble,mae_median,294.54225998412534
G2_C3.4,transnetbw,2025,ensemble,cov50,48.955479452054796
G2_C3.4,transnetbw,2025,ensemble,cov95,95.66780821917808
G2_C3.4,transnetbw,2025,ensemble,crps,219.13379580211202
G2_C3.4,transnetbw,2025,ensemble,energy_score,2563.253679478634
G2_C3.4,transnetbw,2026H1,point,rmse,581.2532599826171
G2_C3.4,transnetbw,2026H1,point,r2,0.8150737043109936
G2_C3.4,transnetbw,2026H1,point,mae,368.3136292536583
G2_C3.4,transnetbw,2026H1,point,smape,5.440942666095311
G2_C3.4,transnetbw,2026H1,quantile,wis,224.43367478646726
G2_C3.4,transnetbw,2026H1,quantile,lqs,112.21683739323366
G2_C3.4,transnetbw,2026H1,quantile,mae_median,369.064479327687
G2_C3.4,transnetbw,2026H1,quantile,cov50,51.171875
G2_C3.4,transnetbw,2026H1,quantile,cov95,95.28508771929825
G2_C3.4,transnetbw,2026H1,ensemble,wis,224.43367478646726
G2_C3.4,transnetbw,2026H1,ensemble,lqs,112.21683739323366
G2_C3.4,transnetbw,2026H1,ensemble,mae_median,369.064479327687
G2_C3.4,transnetbw,2026H1,ensemble,cov50,51.171875
G2_C3.4,transnetbw,2026H1,ensemble,cov95,95.28508771929825
G2_C3.4,transnetbw,2026H1,ensemble,crps,272.4435225137772
G2_C3.4,transnetbw,2026H1,ensemble,energy_score,3151.5853051373765
G2_C3.4,50hertz,overall,point,rmse,981.3062440325506
G2_C3.4,50hertz,overall,point,r2,0.744352291799306
G2_C3.4,50hertz,overall,point,mae,765.1064233175117
G2_C3.4,50hertz,overall,point,smape,6.608569107613642
G2_C3.4,50hertz,overall,quantile,wis,446.5310458770233
G2_C3.4,50hertz,overall,quantile,lqs,223.26552293851168
G2_C3.4,50hertz,overall,quantile,mae_median,760.9832142711393
G2_C3.4,50hertz,overall,quantile,cov50,49.21668554171386
G2_C3.4,50hertz,overall,quantile,cov95,97.08498489996225
G2_C3.4,50hertz,overall,ensemble,wis,446.5310458770233
G2_C3.4,50hertz,overall,ensemble,lqs,223.26552293851168
G2_C3.4,50hertz,overall,ensemble,mae_median,760.9832142711393
G2_C3.4,50hertz,overall,ensemble,cov50,49.21668554171386
G2_C3.4,50hertz,overall,ensemble,cov95,97.08498489996225
G2_C3.4,50hertz,overall,ensemble,crps,547.9128183741093
G2_C3.4,50hertz,overall,ensemble,energy_score,6198.370687587219
G2_C3.4,amprion,overall,point,rmse,1221.1740057572674
G2_C3.4,amprion,overall,point,r2,0.8656889282010447
G2_C3.4,amprion,overall,point,mae,851.323607076227
G2_C3.4,amprion,overall,point,smape,4.491391577595364
G2_C3.4,amprion,overall,quantile,wis,510.2059106055771
G2_C3.4,amprion,overall,quantile,lqs,255.10295530278864
G2_C3.4,amprion,overall,quantile,mae_median,837.5809990566738
G2_C3.4,amprion,overall,quantile,cov50,53.36801623254058
G2_C3.4,amprion,overall,quantile,cov95,96.60721026802567
G2_C3.4,amprion,overall,ensemble,wis,510.2059106055771
G2_C3.4,amprion,overall,ensemble,lqs,255.10295530278864
G2_C3.4,amprion,overall,ensemble,mae_median,837.5809990566738
G2_C3.4,amprion,overall,ensemble,cov50,53.36801623254058
G2_C3.4,amprion,overall,ensemble,cov95,96.60721026802567
G2_C3.4,amprion,overall,ensemble,crps,621.3526642643269
G2_C3.4,amprion,overall,ensemble,energy_score,7176.377661869396
G2_C3.4,de_lu,overall,point,rmse,3097.231493447575
G2_C3.4,de_lu,overall,point,r2,0.8909269190532977
G2_C3.4,de_lu,overall,point,mae,2109.951475790223
G2_C3.4,de_lu,overall,point,smape,3.9698317018539715
G2_C3.4,de_lu,overall,quantile,wis,1279.9132004402543
G2_C3.4,de_lu,overall,quantile,lqs,639.956600220127
G2_C3.4,de_lu,overall,quantile,mae_median,2072.5980710221925
G2_C3.4,de_lu,overall,quantile,cov50,61.75089656474141
G2_C3.4,de_lu,overall,quantile,cov95,98.32719894299736
G2_C3.4,de_lu,overall,ensemble,wis,1279.9132004402543
G2_C3.4,de_lu,overall,ensemble,lqs,639.956600220127
G2_C3.4,de_lu,overall,ensemble,mae_median,2072.5980710221925
G2_C3.4,de_lu,overall,ensemble,cov50,61.75089656474141
G2_C3.4,de_lu,overall,ensemble,cov95,98.32719894299736
G2_C3.4,de_lu,overall,ensemble,crps,1564.5443161519818
G2_C3.4,de_lu,overall,ensemble,energy_score,17547.611204906316
G2_C3.4,lu,overall,point,rmse,33.467988269145955
G2_C3.4,lu,overall,point,r2,0.8852261455036052
G2_C3.4,lu,overall,point,mae,21.31898285327862
G2_C3.4,lu,overall,point,smape,3.9043989392479306
G2_C3.4,lu,overall,quantile,wis,12.834628482879445
G2_C3.4,lu,overall,quantile,lqs,6.417314241439722
G2_C3.4,lu,overall,quantile,mae_median,20.81228607772526
G2_C3.4,lu,overall,quantile,cov50,50.973244620611545
G2_C3.4,lu,overall,quantile,cov95,96.05039637599094
G2_C3.4,lu,overall,ensemble,wis,12.834628482879445
G2_C3.4,lu,overall,ensemble,lqs,6.417314241439722
G2_C3.4,lu,overall,ensemble,mae_median,20.81228607772526
G2_C3.4,lu,overall,ensemble,cov50,50.973244620611545
G2_C3.4,lu,overall,ensemble,cov95,96.05039637599094
G2_C3.4,lu,overall,ensemble,crps,15.532296524315722
G2_C3.4,lu,overall,ensemble,energy_score,178.0420536215253
G2_C3.4,tennet,overall,point,rmse,942.7263210612984
G2_C3.4,tennet,overall,point,r2,0.8918399604504302
G2_C3.4,tennet,overall,point,mae,626.270136409349
G2_C3.4,tennet,overall,point,smape,4.0155862129898185
G2_C3.4,tennet,overall,quantile,wis,375.2109670803682
G2_C3.4,tennet,overall,quantile,lqs,187.60548354018414
G2_C3.4,tennet,overall,quantile,mae_median,617.9010325307014
G2_C3.4,tennet,overall,quantile,cov50,50.914260098150244
G2_C3.4,tennet,overall,quantile,cov95,96.16718573046433
G2_C3.4,tennet,overall,ensemble,wis,375.2109670803682
G2_C3.4,tennet,overall,ensemble,lqs,187.60548354018414
G2_C3.4,tennet,overall,ensemble,mae_median,617.9010325307014
G2_C3.4,tennet,overall,ensemble,cov50,50.914260098150244
G2_C3.4,tennet,overall,ensemble,cov95,96.16718573046433
G2_C3.4,tennet,overall,ensemble,crps,455.27036019259003
G2_C3.4,tennet,overall,ensemble,energy_score,5240.836923500521
G2_C3.4,transnetbw,overall,point,rmse,495.2940124520598
G2_C3.4,transnetbw,overall,point,r2,0.8716254351190784
G2_C3.4,transnetbw,overall,point,mae,312.82356212311345
G2_C3.4,transnetbw,overall,point,smape,4.872661667583608
G2_C3.4,transnetbw,overall,quantile,wis,188.74537602365126
G2_C3.4,transnetbw,overall,quantile,lqs,94.37268801182564
G2_C3.4,transnetbw,overall,quantile,mae_median,307.26039561893845
G2_C3.4,transnetbw,overall,quantile,cov50,49.52812382030955
G2_C3.4,transnetbw,overall,quantile,cov95,95.63632502831257
G2_C3.4,transnetbw,overall,ensemble,wis,188.74537602365126
G2_C3.4,transnetbw,overall,ensemble,lqs,94.37268801182564
G2_C3.4,transnetbw,overall,ensemble,mae_median,307.26039561893845
G2_C3.4,transnetbw,overall,ensemble,cov50,49.52812382030955
G2_C3.4,transnetbw,overall,ensemble,cov95,95.63632502831257
G2_C3.4,transnetbw,overall,ensemble,crps,227.96544330427776
G2_C3.4,transnetbw,overall,ensemble,energy_score,2652.3588463894735
G2_C4,50hertz,2024,point,rmse,839.0616952929287
G2_C4,50hertz,2024,point,r2,0.7976308161105211
G2_C4,50hertz,2024,point,mae,643.3774659963399
G2_C4,50hertz,2024,point,smape,5.603920848819529
G2_C4,50hertz,2024,quantile,wis,378.1865974383467
G2_C4,50hertz,2024,quantile,lqs,189.09329871917336
G2_C4,50hertz,2024,quantile,mae_median,642.3011128332141
G2_C4,50hertz,2024,quantile,cov50,44.13422131147541
G2_C4,50hertz,2024,quantile,cov95,94.92543260473589
G2_C4,50hertz,2024,ensemble,wis,378.1865974383467
G2_C4,50hertz,2024,ensemble,lqs,189.09329871917336
G2_C4,50hertz,2024,ensemble,mae_median,642.3011128332141
G2_C4,50hertz,2024,ensemble,cov50,44.13422131147541
G2_C4,50hertz,2024,ensemble,cov95,94.92543260473589
G2_C4,50hertz,2024,ensemble,crps,461.64422642070963
G2_C4,50hertz,2024,ensemble,energy_score,5305.179709258693
G2_C4,50hertz,2025,point,rmse,923.8369554499222
G2_C4,50hertz,2025,point,r2,0.7593785064080993
G2_C4,50hertz,2025,point,mae,723.1259978568445
G2_C4,50hertz,2025,point,smape,6.289694993993231
G2_C4,50hertz,2025,quantile,wis,419.13012610663986
G2_C4,50hertz,2025,quantile,lqs,209.56506305331996
G2_C4,50hertz,2025,quantile,mae_median,721.4640663885248
G2_C4,50hertz,2025,quantile,cov50,43.84988584474886
G2_C4,50hertz,2025,quantile,cov95,95.27111872146119
G2_C4,50hertz,2025,ensemble,wis,419.13012610663986
G2_C4,50hertz,2025,ensemble,lqs,209.56506305331996
G2_C4,50hertz,2025,ensemble,mae_median,721.4640663885248
G2_C4,50hertz,2025,ensemble,cov50,43.84988584474886
G2_C4,50hertz,2025,ensemble,cov95,95.27111872146119
G2_C4,50hertz,2025,ensemble,crps,513.4936813390212
G2_C4,50hertz,2025,ensemble,energy_score,5876.563645301777
G2_C4,50hertz,2026H1,point,rmse,1021.04146072923
G2_C4,50hertz,2026H1,point,r2,0.7756949522402594
G2_C4,50hertz,2026H1,point,mae,754.4117611098645
G2_C4,50hertz,2026H1,point,smape,6.276419064086461
G2_C4,50hertz,2026H1,quantile,wis,449.3571364220402
G2_C4,50hertz,2026H1,quantile,lqs,224.6785682110201
G2_C4,50hertz,2026H1,quantile,mae_median,756.7153051875599
G2_C4,50hertz,2026H1,quantile,cov50,44.229714912280706
G2_C4,50hertz,2026H1,quantile,cov95,92.07099780701753
G2_C4,50hertz,2026H1,ensemble,wis,449.3571364220402
G2_C4,50hertz,2026H1,ensemble,lqs,224.6785682110201
G2_C4,50hertz,2026H1,ensemble,mae_median,756.7153051875599
G2_C4,50hertz,2026H1,ensemble,cov50,44.229714912280706
G2_C4,50hertz,2026H1,ensemble,cov95,92.07099780701753
G2_C4,50hertz,2026H1,ensemble,crps,547.4401521238484
G2_C4,50hertz,2026H1,ensemble,energy_score,6158.5501680775415
G2_C4,amprion,2024,point,rmse,1192.1029152973892
G2_C4,amprion,2024,point,r2,0.8697898230034837
G2_C4,amprion,2024,point,mae,818.6603695342192
G2_C4,amprion,2024,point,smape,4.4323859064563536
G2_C4,amprion,2024,quantile,wis,498.95754702856766
G2_C4,amprion,2024,quantile,lqs,249.4787735142839
G2_C4,amprion,2024,quantile,mae_median,812.3780568868574
G2_C4,amprion,2024,quantile,cov50,47.08276411657559
G2_C4,amprion,2024,quantile,cov95,93.31454918032787
G2_C4,amprion,2024,ensemble,wis,498.95754702856766
G2_C4,amprion,2024,ensemble,lqs,249.4787735142839
G2_C4,amprion,2024,ensemble,mae_median,812.3780568868574
G2_C4,amprion,2024,ensemble,cov50,47.08276411657559
G2_C4,amprion,2024,ensemble,cov95,93.31454918032787
G2_C4,amprion,2024,ensemble,crps,600.355067267851
G2_C4,amprion,2024,ensemble,energy_score,6957.069726532424
G2_C4,amprion,2025,point,rmse,1093.3538246713654
G2_C4,amprion,2025,point,r2,0.8866923199683229
G2_C4,amprion,2025,point,mae,754.6422926078249
G2_C4,amprion,2025,point,smape,3.964285110857916
G2_C4,amprion,2025,quantile,wis,450.7084070868129
G2_C4,amprion,2025,quantile,lqs,225.35420354340644
G2_C4,amprion,2025,quantile,mae_median,749.4138720675122
G2_C4,amprion,2025,quantile,cov50,46.64954337899543
G2_C4,amprion,2025,quantile,cov95,94.79166666666666
G2_C4,amprion,2025,ensemble,wis,450.7084070868129
G2_C4,amprion,2025,ensemble,lqs,225.35420354340644
G2_C4,amprion,2025,ensemble,mae_median,749.4138720675122
G2_C4,amprion,2025,ensemble,cov50,46.64954337899543
G2_C4,amprion,2025,ensemble,cov95,94.79166666666666
G2_C4,amprion,2025,ensemble,crps,546.3743662505567
G2_C4,amprion,2025,ensemble,energy_score,6402.8703511777185
G2_C4,amprion,2026H1,point,rmse,1289.4040725147372
G2_C4,amprion,2026H1,point,r2,0.8584026659768877
G2_C4,amprion,2026H1,point,mae,903.5144896770889
G2_C4,amprion,2026H1,point,smape,4.59153668604741
G2_C4,amprion,2026H1,quantile,wis,548.5212890597887
G2_C4,amprion,2026H1,quantile,lqs,274.26064452989436
G2_C4,amprion,2026H1,quantile,mae_median,899.7108522323663
G2_C4,amprion,2026H1,quantile,cov50,48.20449561403509
G2_C4,amprion,2026H1,quantile,cov95,92.77686403508771
G2_C4,amprion,2026H1,ensemble,wis,548.5212890597887
G2_C4,amprion,2026H1,ensemble,lqs,274.26064452989436
G2_C4,amprion,2026H1,ensemble,mae_median,899.7108522323663
G2_C4,amprion,2026H1,ensemble,cov50,48.20449561403509
G2_C4,amprion,2026H1,ensemble,cov95,92.77686403508771
G2_C4,amprion,2026H1,ensemble,crps,664.6036745194994
G2_C4,amprion,2026H1,ensemble,energy_score,7673.378123835992
G2_C4,de_lu,2024,point,rmse,2759.765310807717
G2_C4,de_lu,2024,point,r2,0.9106208018152718
G2_C4,de_lu,2024,point,mae,1794.7784264077711
G2_C4,de_lu,2024,point,smape,3.410563615371023
G2_C4,de_lu,2024,quantile,wis,1095.1907288535251
G2_C4,de_lu,2024,quantile,lqs,547.5953644267627
G2_C4,de_lu,2024,quantile,mae_median,1778.1140971058599
G2_C4,de_lu,2024,quantile,cov50,56.822062841530055
G2_C4,de_lu,2024,quantile,cov95,97.68328779599271
G2_C4,de_lu,2024,ensemble,wis,1095.1907288535251
G2_C4,de_lu,2024,ensemble,lqs,547.5953644267627
G2_C4,de_lu,2024,ensemble,mae_median,1778.1140971058599
G2_C4,de_lu,2024,ensemble,cov50,56.822062841530055
G2_C4,de_lu,2024,ensemble,cov95,97.68328779599271
G2_C4,de_lu,2024,ensemble,crps,1325.3584328924521
G2_C4,de_lu,2024,ensemble,energy_score,14932.560225875157
G2_C4,de_lu,2025,point,rmse,2755.2460975171434
G2_C4,de_lu,2025,point,r2,0.9113623563877165
G2_C4,de_lu,2025,point,mae,1808.9591826317169
G2_C4,de_lu,2025,point,smape,3.425535236625178
G2_C4,de_lu,2025,quantile,wis,1090.3824852983198
G2_C4,de_lu,2025,quantile,lqs,545.19124264916
G2_C4,de_lu,2025,quantile,mae_median,1791.9416415549015
G2_C4,de_lu,2025,quantile,cov50,57.01769406392694
G2_C4,de_lu,2025,quantile,cov95,97.73687214611873
G2_C4,de_lu,2025,ensemble,wis,1090.3824852983198
G2_C4,de_lu,2025,ensemble,lqs,545.19124264916
G2_C4,de_lu,2025,ensemble,mae_median,1791.9416415549015
G2_C4,de_lu,2025,ensemble,cov50,57.01769406392694
G2_C4,de_lu,2025,ensemble,cov95,97.73687214611873
G2_C4,de_lu,2025,ensemble,crps,1328.445476864509
G2_C4,de_lu,2025,ensemble,energy_score,15011.037387123331
G2_C4,de_lu,2026H1,point,rmse,3456.8120222286675
G2_C4,de_lu,2026H1,point,r2,0.8749693685478039
G2_C4,de_lu,2026H1,point,mae,2256.437237535901
G2_C4,de_lu,2026H1,point,smape,4.196785320465407
G2_C4,de_lu,2026H1,quantile,wis,1371.5104361977099
G2_C4,de_lu,2026H1,quantile,lqs,685.755218098855
G2_C4,de_lu,2026H1,quantile,mae_median,2232.2416582399774
G2_C4,de_lu,2026H1,quantile,cov50,57.39446271929825
G2_C4,de_lu,2026H1,quantile,cov95,96.50493421052632
G2_C4,de_lu,2026H1,ensemble,wis,1371.5104361977099
G2_C4,de_lu,2026H1,ensemble,lqs,685.755218098855
G2_C4,de_lu,2026H1,ensemble,mae_median,2232.2416582399774
G2_C4,de_lu,2026H1,ensemble,cov50,57.39446271929825
G2_C4,de_lu,2026H1,ensemble,cov95,96.50493421052632
G2_C4,de_lu,2026H1,ensemble,crps,1664.4762692647275
G2_C4,de_lu,2026H1,ensemble,energy_score,18526.906796987605
G2_C4,lu,2024,point,rmse,28.725480937892176
G2_C4,lu,2024,point,r2,0.914567729932014
G2_C4,lu,2024,point,mae,17.577762172577874
G2_C4,lu,2024,point,smape,3.1698355888545033
G2_C4,lu,2024,quantile,wis,10.821126762323084
G2_C4,lu,2024,quantile,lqs,5.410563381161543
G2_C4,lu,2024,quantile,mae_median,17.132625028565066
G2_C4,lu,2024,quantile,cov50,48.801798724954466
G2_C4,lu,2024,quantile,cov95,94.35336976320583
G2_C4,lu,2024,ensemble,wis,10.821126762323084
G2_C4,lu,2024,ensemble,lqs,5.410563381161543
G2_C4,lu,2024,ensemble,mae_median,17.132625028565066
G2_C4,lu,2024,ensemble,cov50,48.801798724954466
G2_C4,lu,2024,ensemble,cov95,94.35336976320583
G2_C4,lu,2024,ensemble,crps,12.922507309056057
G2_C4,lu,2024,ensemble,energy_score,148.68460723141175
G2_C4,lu,2025,point,rmse,30.12818489911239
G2_C4,lu,2025,point,r2,0.9067658919005949
G2_C4,lu,2025,point,mae,19.379261761188115
G2_C4,lu,2025,point,smape,3.5678220316401035
G2_C4,lu,2025,quantile,wis,11.816185174145373
G2_C4,lu,2025,quantile,lqs,5.908092587072686
G2_C4,lu,2025,quantile,mae_median,19.026284624596165
G2_C4,lu,2025,quantile,cov50,48.17351598173516
G2_C4,lu,2025,quantile,cov95,93.59874429223744
G2_C4,lu,2025,ensemble,wis,11.816185174145373
G2_C4,lu,2025,ensemble,lqs,5.908092587072686
G2_C4,lu,2025,ensemble,mae_median,19.026284624596165
G2_C4,lu,2025,ensemble,cov50,48.17351598173516
G2_C4,lu,2025,ensemble,cov95,93.59874429223744
G2_C4,lu,2025,ensemble,crps,14.224279120857666
G2_C4,lu,2025,ensemble,energy_score,164.0445258769003
G2_C4,lu,2026H1,point,rmse,41.4322326305664
G2_C4,lu,2026H1,point,r2,0.827645986940392
G2_C4,lu,2026H1,point,mae,25.421698559347508
G2_C4,lu,2026H1,point,smape,4.76915324005378
G2_C4,lu,2026H1,quantile,wis,15.586479205566173
G2_C4,lu,2026H1,quantile,lqs,7.793239602783086
G2_C4,lu,2026H1,quantile,mae_median,25.09192228128105
G2_C4,lu,2026H1,quantile,cov50,46.580317982456144
G2_C4,lu,2026H1,quantile,cov95,93.82538377192982
G2_C4,lu,2026H1,ensemble,wis,15.586479205566173
G2_C4,lu,2026H1,ensemble,lqs,7.793239602783086
G2_C4,lu,2026H1,ensemble,mae_median,25.09192228128105
G2_C4,lu,2026H1,ensemble,cov50,46.580317982456144
G2_C4,lu,2026H1,ensemble,cov95,93.82538377192982
G2_C4,lu,2026H1,ensemble,crps,18.709301496854128
G2_C4,lu,2026H1,ensemble,energy_score,215.01993384138854
G2_C4,tennet,2024,point,rmse,803.8230561901269
G2_C4,tennet,2024,point,r2,0.9176514249183323
G2_C4,tennet,2024,point,mae,501.9460702292033
G2_C4,tennet,2024,point,smape,3.1976460724899387
G2_C4,tennet,2024,quantile,wis,307.1157644224462
G2_C4,tennet,2024,quantile,lqs,153.5578822112231
G2_C4,tennet,2024,quantile,mae_median,497.6790171160811
G2_C4,tennet,2024,quantile,cov50,46.9148451730419
G2_C4,tennet,2024,quantile,cov95,93.92645719489981
G2_C4,tennet,2024,ensemble,wis,307.1157644224462
G2_C4,tennet,2024,ensemble,lqs,153.5578822112231
G2_C4,tennet,2024,ensemble,mae_median,497.6790171160811
G2_C4,tennet,2024,ensemble,cov50,46.9148451730419
G2_C4,tennet,2024,ensemble,cov95,93.92645719489981
G2_C4,tennet,2024,ensemble,crps,368.9694123161628
G2_C4,tennet,2024,ensemble,energy_score,4266.181776678665
G2_C4,tennet,2025,point,rmse,821.3512940359441
G2_C4,tennet,2025,point,r2,0.9168731023495902
G2_C4,tennet,2025,point,mae,520.4166311502681
G2_C4,tennet,2025,point,smape,3.351865091586982
G2_C4,tennet,2025,quantile,wis,320.0893170602654
G2_C4,tennet,2025,quantile,lqs,160.0446585301327
G2_C4,tennet,2025,quantile,mae_median,517.0821872132741
G2_C4,tennet,2025,quantile,cov50,44.29509132420091
G2_C4,tennet,2025,quantile,cov95,91.92922374429223
G2_C4,tennet,2025,ensemble,wis,320.0893170602654
G2_C4,tennet,2025,ensemble,lqs,160.0446585301327
G2_C4,tennet,2025,ensemble,mae_median,517.0821872132741
G2_C4,tennet,2025,ensemble,cov50,44.29509132420091
G2_C4,tennet,2025,ensemble,cov95,91.92922374429223
G2_C4,tennet,2025,ensemble,crps,383.3253869707005
G2_C4,tennet,2025,ensemble,energy_score,4395.349502091765
G2_C4,tennet,2026H1,point,rmse,1130.2462606483687
G2_C4,tennet,2026H1,point,r2,0.86294394858631
G2_C4,tennet,2026H1,point,mae,743.1651311279271
G2_C4,tennet,2026H1,point,smape,4.957916828578038
G2_C4,tennet,2026H1,quantile,wis,445.80651405612207
G2_C4,tennet,2026H1,quantile,lqs,222.90325702806103
G2_C4,tennet,2026H1,quantile,mae_median,729.6008126402737
G2_C4,tennet,2026H1,quantile,cov50,44.00356359649123
G2_C4,tennet,2026H1,quantile,cov95,92.22861842105263
G2_C4,tennet,2026H1,ensemble,wis,445.80651405612207
G2_C4,tennet,2026H1,ensemble,lqs,222.90325702806103
G2_C4,tennet,2026H1,ensemble,mae_median,729.6008126402737
G2_C4,tennet,2026H1,ensemble,cov50,44.00356359649123
G2_C4,tennet,2026H1,ensemble,cov95,92.22861842105263
G2_C4,tennet,2026H1,ensemble,crps,536.2613111644702
G2_C4,tennet,2026H1,ensemble,energy_score,6145.545030442796
G2_C4,transnetbw,2024,point,rmse,436.21262794639335
G2_C4,transnetbw,2024,point,r2,0.8986201372363485
G2_C4,transnetbw,2024,point,mae,252.26786888148365
G2_C4,transnetbw,2024,point,smape,4.013509514650228
G2_C4,transnetbw,2024,quantile,wis,156.32828646676873
G2_C4,transnetbw,2024,quantile,lqs,78.1641432333844
G2_C4,transnetbw,2024,quantile,mae_median,247.75514656692258
G2_C4,transnetbw,2024,quantile,cov50,44.44444444444444
G2_C4,transnetbw,2024,quantile,cov95,92.39526411657559
G2_C4,transnetbw,2024,ensemble,wis,156.32828646676873
G2_C4,transnetbw,2024,ensemble,lqs,78.1641432333844
G2_C4,transnetbw,2024,ensemble,mae_median,247.75514656692258
G2_C4,transnetbw,2024,ensemble,cov50,44.44444444444444
G2_C4,transnetbw,2024,ensemble,cov95,92.39526411657559
G2_C4,transnetbw,2024,ensemble,crps,185.5699314979975
G2_C4,transnetbw,2024,ensemble,energy_score,2133.132153260941
G2_C4,transnetbw,2025,point,rmse,430.90301191652736
G2_C4,transnetbw,2025,point,r2,0.9021940380098113
G2_C4,transnetbw,2025,point,mae,254.33215681686912
G2_C4,transnetbw,2025,point,smape,4.0652808160798575
G2_C4,transnetbw,2025,quantile,wis,156.92383994232372
G2_C4,transnetbw,2025,quantile,lqs,78.46191997116185
G2_C4,transnetbw,2025,quantile,mae_median,251.1322533056529
G2_C4,transnetbw,2025,quantile,cov50,43.544520547945204
G2_C4,transnetbw,2025,quantile,cov95,91.7208904109589
G2_C4,transnetbw,2025,ensemble,wis,156.92383994232372
G2_C4,transnetbw,2025,ensemble,lqs,78.46191997116185
G2_C4,transnetbw,2025,ensemble,mae_median,251.1322533056529
G2_C4,transnetbw,2025,ensemble,cov50,43.544520547945204
G2_C4,transnetbw,2025,ensemble,cov95,91.7208904109589
G2_C4,transnetbw,2025,ensemble,crps,187.03535827682012
G2_C4,transnetbw,2025,ensemble,energy_score,2157.94395612828
G2_C4,transnetbw,2026H1,point,rmse,560.9672840910313
G2_C4,transnetbw,2026H1,point,r2,0.8277564632857459
G2_C4,transnetbw,2026H1,point,mae,328.6656247066093
G2_C4,transnetbw,2026H1,point,smape,4.87688000356101
G2_C4,transnetbw,2026H1,quantile,wis,208.90156607708846
G2_C4,transnetbw,2026H1,quantile,lqs,104.45078303854423
G2_C4,transnetbw,2026H1,quantile,mae_median,328.8678758329425
G2_C4,transnetbw,2026H1,quantile,cov50,46.88870614035088
G2_C4,transnetbw,2026H1,quantile,cov95,91.68037280701753
G2_C4,transnetbw,2026H1,ensemble,wis,208.90156607708846
G2_C4,transnetbw,2026H1,ensemble,lqs,104.45078303854423
G2_C4,transnetbw,2026H1,ensemble,mae_median,328.8678758329425
G2_C4,transnetbw,2026H1,ensemble,cov50,46.88870614035088
G2_C4,transnetbw,2026H1,ensemble,cov95,91.68037280701753
G2_C4,transnetbw,2026H1,ensemble,crps,247.9802641777433
G2_C4,transnetbw,2026H1,ensemble,energy_score,2846.479026238104
G2_C4,50hertz,overall,point,rmse,907.7838504103936
G2_C4,50hertz,overall,point,r2,0.7812250043430851
G2_C4,50hertz,overall,point,mae,695.4560922549355
G2_C4,50hertz,overall,point,smape,6.003159004775331
G2_C4,50hertz,overall,quantile,wis,407.3624863278693
G2_C4,50hertz,overall,quantile,lqs,203.68124316393465
G2_C4,50hertz,overall,quantile,mae_median,694.7194993400645
G2_C4,50hertz,overall,quantile,cov50,44.03312570781427
G2_C4,50hertz,overall,quantile,cov95,94.57696300490751
G2_C4,50hertz,overall,ensemble,wis,407.3624863278693
G2_C4,50hertz,overall,ensemble,lqs,203.68124316393465
G2_C4,50hertz,overall,ensemble,mae_median,694.7194993400645
G2_C4,50hertz,overall,ensemble,cov50,44.03312570781427
G2_C4,50hertz,overall,ensemble,cov95,94.57696300490751
G2_C4,50hertz,overall,ensemble,crps,497.84584788397217
G2_C4,50hertz,overall,ensemble,energy_score,5688.268550024481
G2_C4,amprion,overall,point,rmse,1170.2062158779527
G2_C4,amprion,overall,point,r2,0.8766663700959677
G2_C4,amprion,overall,point,mae,806.8044558123419
G2_C4,amprion,overall,point,smape,4.266286391285811
G2_C4,amprion,overall,quantile,wis,487.5450359413707
G2_C4,amprion,overall,quantile,lqs,243.77251797068539
G2_C4,amprion,overall,quantile,mae_median,801.3844639462643
G2_C4,amprion,overall,quantile,cov50,47.096781804454515
G2_C4,amprion,overall,quantile,cov95,93.83257833144583
G2_C4,amprion,overall,ensemble,wis,487.5450359413707
G2_C4,amprion,overall,ensemble,lqs,243.77251797068539
G2_C4,amprion,overall,ensemble,mae_median,801.3844639462643
G2_C4,amprion,overall,ensemble,cov50,47.096781804454515
G2_C4,amprion,overall,ensemble,cov95,93.83257833144583
G2_C4,amprion,overall,ensemble,crps,589.1011968612124
G2_C4,amprion,overall,ensemble,energy_score,6851.289550298759
G2_C4,de_lu,overall,point,rmse,2889.9703669289174
G2_C4,de_lu,overall,point,r2,0.9050364313537764
G2_C4,de_lu,overall,point,mae,1880.1103803298731
G2_C4,de_lu,overall,point,smape,3.5520928802998037
G2_C4,de_lu,overall,quantile,wis,1140.7689696447667
G2_C4,de_lu,overall,quantile,lqs,570.3844848223832
G2_C4,de_lu,overall,quantile,mae_median,1862.0036135455948
G2_C4,de_lu,overall,quantile,cov50,57.001462816157044
G2_C4,de_lu,overall,quantile,cov95,97.5025953189883
G2_C4,de_lu,overall,ensemble,wis,1140.7689696447667
G2_C4,de_lu,overall,ensemble,lqs,570.3844848223832
G2_C4,de_lu,overall,ensemble,mae_median,1862.0036135455948
G2_C4,de_lu,overall,ensemble,cov50,57.001462816157044
G2_C4,de_lu,overall,ensemble,cov95,97.5025953189883
G2_C4,de_lu,overall,ensemble,crps,1385.0103945893793
G2_C4,de_lu,overall,ensemble,energy_score,15583.732188122807
G2_C4,lu,overall,point,rmse,31.823534583233872
G2_C4,lu,overall,point,r2,0.8962279062341412
G2_C4,lu,overall,point,mae,19.67269499322535
G2_C4,lu,overall,point,smape,3.6096558998386867
G2_C4,lu,overall,quantile,wis,12.052757443736542
G2_C4,lu,overall,quantile,lqs,6.026378721868271
G2_C4,lu,overall,quantile,mae_median,19.28551170462869
G2_C4,lu,overall,quantile,cov50,48.15968289920725
G2_C4,lu,overall,quantile,cov95,93.95054737636845
G2_C4,lu,overall,ensemble,wis,12.052757443736542
G2_C4,lu,overall,ensemble,lqs,6.026378721868271
G2_C4,lu,overall,ensemble,mae_median,19.28551170462869
G2_C4,lu,overall,ensemble,cov50,48.15968289920725
G2_C4,lu,overall,ensemble,cov95,93.95054737636845
G2_C4,lu,overall,ensemble,crps,14.456753546715051
G2_C4,lu,overall,ensemble,energy_score,166.45282914570373
G2_C4,tennet,overall,point,rmse,875.5474500632727
G2_C4,tennet,overall,point,r2,0.9067057351543052
G2_C4,tennet,overall,point,mae,551.1046795075665
G2_C4,tennet,overall,point,smape,3.5644083566301568
G2_C4,tennet,overall,quantile,wis,336.3528433093349
G2_C4,tennet,overall,quantile,lqs,168.17642165466748
G2_C4,tennet,overall,quantile,mae_median,545.6226977561181
G2_C4,tennet,overall,quantile,cov50,45.330785201963
G2_C4,tennet,overall,quantile,cov95,92.80860702151756
G2_C4,tennet,overall,ensemble,wis,336.3528433093349
G2_C4,tennet,overall,ensemble,lqs,168.17642165466748
G2_C4,tennet,overall,ensemble,mae_median,545.6226977561181
G2_C4,tennet,overall,ensemble,cov50,45.330785201963
G2_C4,tennet,overall,ensemble,cov95,92.80860702151756
G2_C4,tennet,overall,ensemble,crps,403.7013481868865
G2_C4,tennet,overall,ensemble,energy_score,4643.089403346762
G2_C4,transnetbw,overall,point,rmse,458.03173236554807
G2_C4,transnetbw,overall,point,r2,0.8902147582299323
G2_C4,transnetbw,overall,point,mae,266.27231280202136
G2_C4,transnetbw,overall,point,smape,4.183530850251874
G2_C4,transnetbw,overall,quantile,wis,165.62445353284596
G2_C4,transnetbw,overall,quantile,lqs,82.81222676642297
G2_C4,transnetbw,overall,quantile,mae_median,263.11389946394587
G2_C4,transnetbw,overall,quantile,cov50,44.49320498301246
G2_C4,transnetbw,overall,quantile,cov95,91.9934409211023
G2_C4,transnetbw,overall,ensemble,wis,165.62445353284596
G2_C4,transnetbw,overall,ensemble,lqs,82.81222676642297
G2_C4,transnetbw,overall,ensemble,mae_median,263.11389946394587
G2_C4,transnetbw,overall,ensemble,cov50,44.49320498301246
G2_C4,transnetbw,overall,ensemble,cov95,91.9934409211023
G2_C4,transnetbw,overall,ensemble,crps,196.9190270150888
G2_C4,transnetbw,overall,ensemble,energy_score,2266.184285468311
G2_C5,50hertz,2024,point,rmse,766.4463339107419
G2_C5,50hertz,2024,point,r2,0.8311426021644329
G2_C5,50hertz,2024,point,mae,594.0325912061855
G2_C5,50hertz,2024,point,smape,5.171253647363499
G2_C5,50hertz,2024,quantile,wis,344.5557929451392
G2_C5,50hertz,2024,quantile,lqs,172.27789647256958
G2_C5,50hertz,2024,quantile,mae_median,590.4063767830271
G2_C5,50hertz,2024,quantile,cov50,46.137864298724956
G2_C5,50hertz,2024,quantile,cov95,96.54770036429873
G2_C5,50hertz,2024,ensemble,wis,344.5557929451392
G2_C5,50hertz,2024,ensemble,lqs,172.27789647256958
G2_C5,50hertz,2024,ensemble,mae_median,590.4063767830271
G2_C5,50hertz,2024,ensemble,cov50,46.137864298724956
G2_C5,50hertz,2024,ensemble,cov95,96.54770036429873
G2_C5,50hertz,2024,ensemble,crps,422.58560775520675
G2_C5,50hertz,2024,ensemble,energy_score,4916.723222997697
G2_C5,50hertz,2025,point,rmse,859.8821405639169
G2_C5,50hertz,2025,point,r2,0.7915405372679855
G2_C5,50hertz,2025,point,mae,679.7297256160848
G2_C5,50hertz,2025,point,smape,5.916851152321268
G2_C5,50hertz,2025,quantile,wis,393.6101466969808
G2_C5,50hertz,2025,quantile,lqs,196.80507334849042
G2_C5,50hertz,2025,quantile,mae_median,676.3474939525588
G2_C5,50hertz,2025,quantile,cov50,45.61643835616439
G2_C5,50hertz,2025,quantile,cov95,96.64098173515981
G2_C5,50hertz,2025,ensemble,wis,393.6101466969808
G2_C5,50hertz,2025,ensemble,lqs,196.80507334849042
G2_C5,50hertz,2025,ensemble,mae_median,676.3474939525588
G2_C5,50hertz,2025,ensemble,cov50,45.61643835616439
G2_C5,50hertz,2025,ensemble,cov95,96.64098173515981
G2_C5,50hertz,2025,ensemble,crps,482.6895491665272
G2_C5,50hertz,2025,ensemble,energy_score,5569.999394884169
G2_C5,50hertz,2026H1,point,rmse,909.7055621376409
G2_C5,50hertz,2026H1,point,r2,0.8219450744323729
G2_C5,50hertz,2026H1,point,mae,675.8034382941454
G2_C5,50hertz,2026H1,point,smape,5.5922907995868165
G2_C5,50hertz,2026H1,quantile,wis,401.35854397019506
G2_C5,50hertz,2026H1,quantile,lqs,200.67927198509753
G2_C5,50hertz,2026H1,quantile,mae_median,676.871756258245
G2_C5,50hertz,2026H1,quantile,cov50,47.745339912280706
G2_C5,50hertz,2026H1,quantile,cov95,93.33881578947368
G2_C5,50hertz,2026H1,ensemble,wis,401.35854397019506
G2_C5,50hertz,2026H1,ensemble,lqs,200.67927198509753
G2_C5,50hertz,2026H1,ensemble,mae_median,676.871756258245
G2_C5,50hertz,2026H1,ensemble,cov50,47.745339912280706
G2_C5,50hertz,2026H1,ensemble,cov95,93.33881578947368
G2_C5,50hertz,2026H1,ensemble,crps,490.708341529387
G2_C5,50hertz,2026H1,ensemble,energy_score,5592.759509561563
G2_C5,amprion,2024,point,rmse,1080.7295857078682
G2_C5,amprion,2024,point,r2,0.892983310887425
G2_C5,amprion,2024,point,mae,756.5194505530726
G2_C5,amprion,2024,point,smape,4.094213608567579
G2_C5,amprion,2024,quantile,wis,454.6671504257822
G2_C5,amprion,2024,quantile,lqs,227.33357521289108
G2_C5,amprion,2024,quantile,mae_median,748.787723841409
G2_C5,amprion,2024,quantile,cov50,50.29599271402551
G2_C5,amprion,2024,quantile,cov95,94.6408242258652
G2_C5,amprion,2024,ensemble,wis,454.6671504257822
G2_C5,amprion,2024,ensemble,lqs,227.33357521289108
G2_C5,amprion,2024,ensemble,mae_median,748.787723841409
G2_C5,amprion,2024,ensemble,cov50,50.29599271402551
G2_C5,amprion,2024,ensemble,cov95,94.6408242258652
G2_C5,amprion,2024,ensemble,crps,552.7696462641845
G2_C5,amprion,2024,ensemble,energy_score,6487.571386818252
G2_C5,amprion,2025,point,rmse,946.9090574329565
G2_C5,amprion,2025,point,r2,0.9150126217720238
G2_C5,amprion,2025,point,mae,672.0733048914498
G2_C5,amprion,2025,point,smape,3.51691167738193
G2_C5,amprion,2025,quantile,wis,397.3735282343981
G2_C5,amprion,2025,quantile,lqs,198.68676411719912
G2_C5,amprion,2025,quantile,mae_median,667.0857497504904
G2_C5,amprion,2025,quantile,cov50,49.646118721461185
G2_C5,amprion,2025,quantile,cov95,96.70091324200914
G2_C5,amprion,2025,ensemble,wis,397.3735282343981
G2_C5,amprion,2025,ensemble,lqs,198.68676411719912
G2_C5,amprion,2025,ensemble,mae_median,667.0857497504904
G2_C5,amprion,2025,ensemble,cov50,49.646118721461185
G2_C5,amprion,2025,ensemble,cov95,96.70091324200914
G2_C5,amprion,2025,ensemble,crps,485.43800788541097
G2_C5,amprion,2025,ensemble,energy_score,5775.992252434838
G2_C5,amprion,2026H1,point,rmse,1101.6480933226148
G2_C5,amprion,2026H1,point,r2,0.8966375545568128
G2_C5,amprion,2026H1,point,mae,803.3913396753492
G2_C5,amprion,2026H1,point,smape,4.061603401045116
G2_C5,amprion,2026H1,quantile,wis,476.42918217174764
G2_C5,amprion,2026H1,quantile,lqs,238.2145910858738
G2_C5,amprion,2026H1,quantile,mae_median,804.5596655238529
G2_C5,amprion,2026H1,quantile,cov50,48.547149122807014
G2_C5,amprion,2026H1,quantile,cov95,94.81907894736842
G2_C5,amprion,2026H1,ensemble,wis,476.42918217174764
G2_C5,amprion,2026H1,ensemble,lqs,238.2145910858738
G2_C5,amprion,2026H1,ensemble,mae_median,804.5596655238529
G2_C5,amprion,2026H1,ensemble,cov50,48.547149122807014
G2_C5,amprion,2026H1,ensemble,cov95,94.81907894736842
G2_C5,amprion,2026H1,ensemble,crps,582.0204825454543
G2_C5,amprion,2026H1,ensemble,energy_score,6839.852541359719
G2_C5,de_lu,2024,point,rmse,2364.187147317879
G2_C5,de_lu,2024,point,r2,0.9344072475502807
G2_C5,de_lu,2024,point,mae,1579.601195991326
G2_C5,de_lu,2024,point,smape,2.995364797877892
G2_C5,de_lu,2024,quantile,wis,957.2985637229627
G2_C5,de_lu,2024,quantile,lqs,478.6492818614814
G2_C5,de_lu,2024,quantile,mae_median,1561.2324962273094
G2_C5,de_lu,2024,quantile,cov50,60.92896174863388
G2_C5,de_lu,2024,quantile,cov95,98.41188524590164
G2_C5,de_lu,2024,ensemble,wis,957.2985637229627
G2_C5,de_lu,2024,ensemble,lqs,478.6492818614814
G2_C5,de_lu,2024,ensemble,mae_median,1561.2324962273094
G2_C5,de_lu,2024,ensemble,cov50,60.92896174863388
G2_C5,de_lu,2024,ensemble,cov95,98.41188524590164
G2_C5,de_lu,2024,ensemble,crps,1172.2182003324417
G2_C5,de_lu,2024,ensemble,energy_score,13410.101715624394
G2_C5,de_lu,2025,point,rmse,2287.72626557117
G2_C5,de_lu,2025,point,r2,0.9388909507480808
G2_C5,de_lu,2025,point,mae,1565.8387610605134
G2_C5,de_lu,2025,point,smape,2.954197788779962
G2_C5,de_lu,2025,quantile,wis,944.1990442714983
G2_C5,de_lu,2025,quantile,lqs,472.09952213574917
G2_C5,de_lu,2025,quantile,mae_median,1551.0330541897476
G2_C5,de_lu,2025,quantile,cov50,61.44406392694064
G2_C5,de_lu,2025,quantile,cov95,98.83276255707763
G2_C5,de_lu,2025,ensemble,wis,944.1990442714983
G2_C5,de_lu,2025,ensemble,lqs,472.09952213574917
G2_C5,de_lu,2025,ensemble,mae_median,1551.0330541897476
G2_C5,de_lu,2025,ensemble,cov50,61.44406392694064
G2_C5,de_lu,2025,ensemble,cov95,98.83276255707763
G2_C5,de_lu,2025,ensemble,crps,1157.0396979041939
G2_C5,de_lu,2025,ensemble,energy_score,13258.0953352727
G2_C5,de_lu,2026H1,point,rmse,2718.279613850333
G2_C5,de_lu,2026H1,point,r2,0.9226868882723964
G2_C5,de_lu,2026H1,point,mae,1866.260375907054
G2_C5,de_lu,2026H1,point,smape,3.432807716134323
G2_C5,de_lu,2026H1,quantile,wis,1121.4630882922609
G2_C5,de_lu,2026H1,quantile,lqs,560.7315441461304
G2_C5,de_lu,2026H1,quantile,mae_median,1860.3293962089158
G2_C5,de_lu,2026H1,quantile,cov50,59.23108552631579
G2_C5,de_lu,2026H1,quantile,cov95,97.99890350877193
G2_C5,de_lu,2026H1,ensemble,wis,1121.4630882922609
G2_C5,de_lu,2026H1,ensemble,lqs,560.7315441461304
G2_C5,de_lu,2026H1,ensemble,mae_median,1860.3293962089158
G2_C5,de_lu,2026H1,ensemble,cov50,59.23108552631579
G2_C5,de_lu,2026H1,ensemble,cov95,97.99890350877193
G2_C5,de_lu,2026H1,ensemble,crps,1378.5782312063322
G2_C5,de_lu,2026H1,ensemble,energy_score,15636.356319315799
G2_C5,lu,2024,point,rmse,25.651529028143447
G2_C5,lu,2024,point,r2,0.9318738503553015
G2_C5,lu,2024,point,mae,15.981248481829569
G2_C5,lu,2024,point,smape,2.874644184637974
G2_C5,lu,2024,quantile,wis,9.81952445268023
G2_C5,lu,2024,quantile,lqs,4.909762226340115
G2_C5,lu,2024,quantile,mae_median,15.764482027529803
G2_C5,lu,2024,quantile,cov50,50.64606102003643
G2_C5,lu,2024,quantile,cov95,95.47472677595628
G2_C5,lu,2024,ensemble,wis,9.81952445268023
G2_C5,lu,2024,ensemble,lqs,4.909762226340115
G2_C5,lu,2024,ensemble,mae_median,15.764482027529803
G2_C5,lu,2024,ensemble,cov50,50.64606102003643
G2_C5,lu,2024,ensemble,cov95,95.47472677595628
G2_C5,lu,2024,ensemble,crps,11.840582340494752
G2_C5,lu,2024,ensemble,energy_score,137.36264838527902
G2_C5,lu,2025,point,rmse,27.88324629453373
G2_C5,lu,2025,point,r2,0.9201425286263033
G2_C5,lu,2025,point,mae,18.19758072249514
G2_C5,lu,2025,point,smape,3.3490204913377943
G2_C5,lu,2025,quantile,wis,10.962951832638222
G2_C5,lu,2025,quantile,lqs,5.481475916319111
G2_C5,lu,2025,quantile,mae_median,17.77633751456204
G2_C5,lu,2025,quantile,cov50,50.17979452054795
G2_C5,lu,2025,quantile,cov95,95.6107305936073
G2_C5,lu,2025,ensemble,wis,10.962951832638222
G2_C5,lu,2025,ensemble,lqs,5.481475916319111
G2_C5,lu,2025,ensemble,mae_median,17.77633751456204
G2_C5,lu,2025,ensemble,cov50,50.17979452054795
G2_C5,lu,2025,ensemble,cov95,95.6107305936073
G2_C5,lu,2025,ensemble,crps,13.287296855677257
G2_C5,lu,2025,ensemble,energy_score,153.85388960439724
G2_C5,lu,2026H1,point,rmse,36.39052346018488
G2_C5,lu,2026H1,point,r2,0.8670399001848057
G2_C5,lu,2026H1,point,mae,22.803372964320214
G2_C5,lu,2026H1,point,smape,4.251842724462892
G2_C5,lu,2026H1,quantile,wis,13.748888687575585
G2_C5,lu,2026H1,quantile,lqs,6.874444343787792
G2_C5,lu,2026H1,quantile,mae_median,22.63269520635424
G2_C5,lu,2026H1,quantile,cov50,47.34100877192983
G2_C5,lu,2026H1,quantile,cov95,95.44956140350878
G2_C5,lu,2026H1,ensemble,wis,13.748888687575585
G2_C5,lu,2026H1,ensemble,lqs,6.874444343787792
G2_C5,lu,2026H1,ensemble,mae_median,22.63269520635424
G2_C5,lu,2026H1,ensemble,cov50,47.34100877192983
G2_C5,lu,2026H1,ensemble,cov95,95.44956140350878
G2_C5,lu,2026H1,ensemble,crps,16.629457377447924
G2_C5,lu,2026H1,ensemble,energy_score,193.19514177486968
G2_C5,tennet,2024,point,rmse,685.5130638049998
G2_C5,tennet,2024,point,r2,0.9401082998106441
G2_C5,tennet,2024,point,mae,443.68945879813543
G2_C5,tennet,2024,point,smape,2.815844136115932
G2_C5,tennet,2024,quantile,wis,267.8173627966236
G2_C5,tennet,2024,quantile,lqs,133.9086813983118
G2_C5,tennet,2024,quantile,mae_median,442.2734381870624
G2_C5,tennet,2024,quantile,cov50,47.99635701275046
G2_C5,tennet,2024,quantile,cov95,94.96812386156648
G2_C5,tennet,2024,ensemble,wis,267.8173627966236
G2_C5,tennet,2024,ensemble,lqs,133.9086813983118
G2_C5,tennet,2024,ensemble,mae_median,442.2734381870624
G2_C5,tennet,2024,ensemble,cov50,47.99635701275046
G2_C5,tennet,2024,ensemble,cov95,94.96812386156648
G2_C5,tennet,2024,ensemble,crps,323.7524887964984
G2_C5,tennet,2024,ensemble,energy_score,3813.389534252533
G2_C5,tennet,2025,point,rmse,677.6591178742794
G2_C5,tennet,2025,point,r2,0.9434143572346506
G2_C5,tennet,2025,point,mae,451.84840155192535
G2_C5,tennet,2025,point,smape,2.885002233689276
G2_C5,tennet,2025,quantile,wis,271.28668813457614
G2_C5,tennet,2025,quantile,lqs,135.64334406728807
G2_C5,tennet,2025,quantile,mae_median,448.9747857655982
G2_C5,tennet,2025,quantile,cov50,46.426940639269404
G2_C5,tennet,2025,quantile,cov95,94.45490867579909
G2_C5,tennet,2025,ensemble,wis,271.28668813457614
G2_C5,tennet,2025,ensemble,lqs,135.64334406728807
G2_C5,tennet,2025,ensemble,mae_median,448.9747857655982
G2_C5,tennet,2025,ensemble,cov50,46.426940639269404
G2_C5,tennet,2025,ensemble,cov95,94.45490867579909
G2_C5,tennet,2025,ensemble,crps,327.90075042216444
G2_C5,tennet,2025,ensemble,energy_score,3830.4344117706246
G2_C5,tennet,2026H1,point,rmse,874.7918681378956
G2_C5,tennet,2026H1,point,r2,0.9178965262115848
G2_C5,tennet,2026H1,point,mae,612.137714459616
G2_C5,tennet,2026H1,point,smape,4.01621899989803
G2_C5,tennet,2026H1,quantile,wis,360.1848461901749
G2_C5,tennet,2026H1,quantile,lqs,180.0924230950874
G2_C5,tennet,2026H1,quantile,mae_median,606.8005753227368
G2_C5,tennet,2026H1,quantile,cov50,44.921875
G2_C5,tennet,2026H1,quantile,cov95,93.81167763157895
G2_C5,tennet,2026H1,ensemble,wis,360.1848461901749
G2_C5,tennet,2026H1,ensemble,lqs,180.0924230950874
G2_C5,tennet,2026H1,ensemble,mae_median,606.8005753227368
G2_C5,tennet,2026H1,ensemble,cov50,44.921875
G2_C5,tennet,2026H1,ensemble,cov95,93.81167763157895
G2_C5,tennet,2026H1,ensemble,crps,439.1198340198823
G2_C5,tennet,2026H1,ensemble,energy_score,5159.339001454624
G2_C5,transnetbw,2024,point,rmse,364.59433354013544
G2_C5,transnetbw,2024,point,r2,0.9291768790872785
G2_C5,transnetbw,2024,point,mae,214.70205803125933
G2_C5,transnetbw,2024,point,smape,3.4159759656165156
G2_C5,transnetbw,2024,quantile,wis,130.93276096920715
G2_C5,transnetbw,2024,quantile,lqs,65.46638048460358
G2_C5,transnetbw,2024,quantile,mae_median,210.31618529161685
G2_C5,transnetbw,2024,quantile,cov50,46.61316029143898
G2_C5,transnetbw,2024,quantile,cov95,93.86953551912568
G2_C5,transnetbw,2024,ensemble,wis,130.93276096920715
G2_C5,transnetbw,2024,ensemble,lqs,65.46638048460358
G2_C5,transnetbw,2024,ensemble,mae_median,210.31618529161685
G2_C5,transnetbw,2024,ensemble,cov50,46.61316029143898
G2_C5,transnetbw,2024,ensemble,cov95,93.86953551912568
G2_C5,transnetbw,2024,ensemble,crps,156.81301950761946
G2_C5,transnetbw,2024,ensemble,energy_score,1833.3885379558988
G2_C5,transnetbw,2025,point,rmse,353.74990718337955
G2_C5,transnetbw,2025,point,r2,0.9340827715524944
G2_C5,transnetbw,2025,point,mae,218.69485620439946
G2_C5,transnetbw,2025,point,smape,3.467435538357789
G2_C5,transnetbw,2025,quantile,wis,132.0732705951368
G2_C5,transnetbw,2025,quantile,lqs,66.0366352975684
G2_C5,transnetbw,2025,quantile,mae_median,216.08513133756733
G2_C5,transnetbw,2025,quantile,cov50,44.965753424657535
G2_C5,transnetbw,2025,quantile,cov95,93.92979452054794
G2_C5,transnetbw,2025,ensemble,wis,132.0732705951368
G2_C5,transnetbw,2025,ensemble,lqs,66.0366352975684
G2_C5,transnetbw,2025,ensemble,mae_median,216.08513133756733
G2_C5,transnetbw,2025,ensemble,cov50,44.965753424657535
G2_C5,transnetbw,2025,ensemble,cov95,93.92979452054794
G2_C5,transnetbw,2025,ensemble,crps,158.98279707233638
G2_C5,transnetbw,2025,ensemble,energy_score,1866.2098600751826
G2_C5,transnetbw,2026H1,point,rmse,448.7950285489934
G2_C5,transnetbw,2026H1,point,r2,0.889753720582652
G2_C5,transnetbw,2026H1,point,mae,274.64351240590537
G2_C5,transnetbw,2026H1,point,smape,4.0253201590693335
G2_C5,transnetbw,2026H1,quantile,wis,167.95856193066982
G2_C5,transnetbw,2026H1,quantile,lqs,83.97928096533491
G2_C5,transnetbw,2026H1,quantile,mae_median,275.7696525024949
G2_C5,transnetbw,2026H1,quantile,cov50,48.86239035087719
G2_C5,transnetbw,2026H1,quantile,cov95,94.2639802631579
G2_C5,transnetbw,2026H1,ensemble,wis,167.95856193066982
G2_C5,transnetbw,2026H1,ensemble,lqs,83.97928096533491
G2_C5,transnetbw,2026H1,ensemble,mae_median,275.7696525024949
G2_C5,transnetbw,2026H1,ensemble,cov50,48.86239035087719
G2_C5,transnetbw,2026H1,ensemble,cov95,94.2639802631579
G2_C5,transnetbw,2026H1,ensemble,crps,204.23152625183815
G2_C5,transnetbw,2026H1,ensemble,energy_score,2395.73663639208
G2_C5,50hertz,overall,point,rmse,831.6181108704887
G2_C5,50hertz,overall,point,r2,0.8163966264188619
G2_C5,50hertz,overall,point,mae,643.5327302967667
G2_C5,50hertz,overall,point,smape,5.551933983091166
G2_C5,50hertz,overall,quantile,wis,374.6111239476654
G2_C5,50hertz,overall,quantile,lqs,187.3055619738327
G2_C5,50hertz,overall,quantile,mae_median,640.8154882746603
G2_C5,50hertz,overall,quantile,cov50,46.19903737259343
G2_C5,50hertz,overall,quantile,cov95,96.03388070970176
G2_C5,50hertz,overall,ensemble,wis,374.6111239476654
G2_C5,50hertz,overall,ensemble,lqs,187.3055619738327
G2_C5,50hertz,overall,ensemble,mae_median,640.8154882746603
G2_C5,50hertz,overall,ensemble,cov50,46.19903737259343
G2_C5,50hertz,overall,ensemble,cov95,96.03388070970176
G2_C5,50hertz,overall,ensemble,crps,459.1570620573669
G2_C5,50hertz,overall,ensemble,energy_score,5303.136947002533
G2_C5,amprion,overall,point,rmse,1031.3452769432922
G2_C5,amprion,overall,point,r2,0.9042001386598505
G2_C5,amprion,overall,point,mae,729.6810405645037
G2_C5,amprion,overall,point,smape,3.8499645072921806
G2_C5,amprion,overall,quantile,wis,434.7301818250252
G2_C5,amprion,overall,quantile,lqs,217.36509091251264
G2_C5,amprion,overall,quantile,mae_median,724.615713187441
G2_C5,amprion,overall,quantile,cov50,49.72631181577954
G2_C5,amprion,overall,quantile,cov95,95.52307474518686
G2_C5,amprion,overall,ensemble,wis,434.7301818250252
G2_C5,amprion,overall,ensemble,lqs,217.36509091251264
G2_C5,amprion,overall,ensemble,mae_median,724.615713187441
G2_C5,amprion,overall,ensemble,cov50,49.72631181577954
G2_C5,amprion,overall,ensemble,cov95,95.52307474518686
G2_C5,amprion,overall,ensemble,crps,529.9724538593155
G2_C5,amprion,overall,ensemble,energy_score,6254.072351076867
G2_C5,de_lu,overall,point,rmse,2398.3633244524217
G2_C5,de_lu,overall,point,r2,0.9345966195188729
G2_C5,de_lu,overall,point,mae,1623.257941854796
G2_C5,de_lu,overall,point,smape,3.053649469739991
G2_C5,de_lu,overall,quantile,wis,980.1430519842862
G2_C5,de_lu,overall,quantile,lqs,490.0715259921432
G2_C5,de_lu,overall,quantile,mae_median,1608.5030879073706
G2_C5,de_lu,overall,quantile,cov50,60.84961306153266
G2_C5,de_lu,overall,quantile,cov95,98.51476972442431
G2_C5,de_lu,overall,ensemble,wis,980.1430519842862
G2_C5,de_lu,overall,ensemble,lqs,490.0715259921432
G2_C5,de_lu,overall,ensemble,mae_median,1608.5030879073706
G2_C5,de_lu,overall,ensemble,cov50,60.84961306153266
G2_C5,de_lu,overall,ensemble,cov95,98.51476972442431
G2_C5,de_lu,overall,ensemble,crps,1201.4668654587392
G2_C5,de_lu,overall,ensemble,energy_score,13730.496246692033
G2_C5,lu,overall,point,rmse,28.671923761607676
G2_C5,lu,overall,point,r2,0.9157640618205748
G2_C5,lu,overall,point,mae,18.071762852363555
G2_C5,lu,overall,point,smape,3.307805600265179
G2_C5,lu,overall,quantile,wis,10.968578085057084
G2_C5,lu,overall,quantile,lqs,5.484289042528541
G2_C5,lu,overall,quantile,mae_median,17.77840689270317
G2_C5,lu,overall,quantile,cov50,49.884390335975844
G2_C5,lu,overall,quantile,cov95,95.52661381653455
G2_C5,lu,overall,ensemble,wis,10.968578085057084
G2_C5,lu,overall,ensemble,lqs,5.484289042528541
G2_C5,lu,overall,ensemble,mae_median,17.77840689270317
G2_C5,lu,overall,ensemble,cov50,49.884390335975844
G2_C5,lu,overall,ensemble,cov95,95.52661381653455
G2_C5,lu,overall,ensemble,crps,13.262960374083082
G2_C5,lu,overall,ensemble,energy_score,153.79055556556887
G2_C5,tennet,overall,point,rmse,718.5689002886575
G2_C5,tennet,overall,point,r2,0.9371605455887194
G2_C5,tennet,overall,point,mae,476.05882342517776
G2_C5,tennet,overall,point,smape,3.0510646173267464
G2_C5,tennet,overall,quantile,wis,285.1516337186762
G2_C5,tennet,overall,quantile,lqs,142.57581685933812
G2_C5,tennet,overall,quantile,mae_median,473.36530309169217
G2_C5,tennet,overall,quantile,cov50,46.818374858437146
G2_C5,tennet,overall,quantile,cov95,94.55690826727067
G2_C5,tennet,overall,ensemble,wis,285.1516337186762
G2_C5,tennet,overall,ensemble,lqs,142.57581685933812
G2_C5,tennet,overall,ensemble,mae_median,473.36530309169217
G2_C5,tennet,overall,ensemble,cov50,46.818374858437146
G2_C5,tennet,overall,ensemble,cov95,94.55690826727067
G2_C5,tennet,overall,ensemble,crps,345.3266133348024
G2_C5,tennet,overall,ensemble,energy_score,4052.1275855649014
G2_C5,transnetbw,overall,point,rmse,376.1628082869792
G2_C5,transnetbw,overall,point,r2,0.9259534997143283
G2_C5,transnetbw,overall,point,mae,226.67088294421782
G2_C5,transnetbw,overall,point,smape,3.5421402481254547
G2_C5,transnetbw,overall,quantile,wis,137.7778433696677
G2_C5,transnetbw,overall,quantile,lqs,68.88892168483385
G2_C5,transnetbw,overall,quantile,mae_median,223.96804522686645
G2_C5,transnetbw,overall,quantile,cov50,46.319365798414495
G2_C5,transnetbw,overall,quantile,cov95,93.9623442808607
G2_C5,transnetbw,overall,ensemble,wis,137.7778433696677
G2_C5,transnetbw,overall,ensemble,lqs,68.88892168483385
G2_C5,transnetbw,overall,ensemble,mae_median,223.96804522686645
G2_C5,transnetbw,overall,ensemble,cov50,46.319365798414495
G2_C5,transnetbw,overall,ensemble,cov95,93.9623442808607
G2_C5,transnetbw,overall,ensemble,crps,165.87256858603726
G2_C5,transnetbw,overall,ensemble,energy_score,1943.7585193101888
G2_C6,50hertz,2024,point,rmse,866.5190030293063
G2_C6,50hertz,2024,point,r2,0.784169521982129
G2_C6,50hertz,2024,point,mae,678.1649561666038
G2_C6,50hertz,2024,point,smape,5.921726118383571
G2_C6,50hertz,2024,quantile,wis,397.2669093819846
G2_C6,50hertz,2024,quantile,lqs,198.63345469099232
G2_C6,50hertz,2024,quantile,mae_median,669.8634235436277
G2_C6,50hertz,2024,quantile,cov50,52.01502732240437
G2_C6,50hertz,2024,quantile,cov95,98.61395719489981
G2_C6,50hertz,2024,ensemble,wis,397.2669093819846
G2_C6,50hertz,2024,ensemble,lqs,198.63345469099232
G2_C6,50hertz,2024,ensemble,mae_median,669.8634235436277
G2_C6,50hertz,2024,ensemble,cov50,52.01502732240437
G2_C6,50hertz,2024,ensemble,cov95,98.61395719489981
G2_C6,50hertz,2024,ensemble,crps,488.2808270076691
G2_C6,50hertz,2024,ensemble,energy_score,5595.524544298873
G2_C6,50hertz,2025,point,rmse,1005.6688209074139
G2_C6,50hertz,2025,point,r2,0.7148629003026226
G2_C6,50hertz,2025,point,mae,800.9797162920788
G2_C6,50hertz,2025,point,smape,6.941421121319729
G2_C6,50hertz,2025,quantile,wis,467.47478381910906
G2_C6,50hertz,2025,quantile,lqs,233.73739190955456
G2_C6,50hertz,2025,quantile,mae_median,796.1625145310494
G2_C6,50hertz,2025,quantile,cov50,50.52796803652968
G2_C6,50hertz,2025,quantile,cov95,98.68150684931507
G2_C6,50hertz,2025,ensemble,wis,467.47478381910906
G2_C6,50hertz,2025,ensemble,lqs,233.73739190955456
G2_C6,50hertz,2025,ensemble,mae_median,796.1625145310494
G2_C6,50hertz,2025,ensemble,cov50,50.52796803652968
G2_C6,50hertz,2025,ensemble,cov95,98.68150684931507
G2_C6,50hertz,2025,ensemble,crps,573.653617618611
G2_C6,50hertz,2025,ensemble,energy_score,6501.098055510427
G2_C6,50hertz,2026H1,point,rmse,984.7568436428118
G2_C6,50hertz,2026H1,point,r2,0.7913538827242947
G2_C6,50hertz,2026H1,point,mae,734.4986892302345
G2_C6,50hertz,2026H1,point,smape,6.0666150655447035
G2_C6,50hertz,2026H1,quantile,wis,445.60479121245663
G2_C6,50hertz,2026H1,quantile,lqs,222.80239560622834
G2_C6,50hertz,2026H1,quantile,mae_median,734.9968077855696
G2_C6,50hertz,2026H1,quantile,cov50,59.55317982456141
G2_C6,50hertz,2026H1,quantile,cov95,96.88870614035088
G2_C6,50hertz,2026H1,ensemble,wis,445.60479121245663
G2_C6,50hertz,2026H1,ensemble,lqs,222.80239560622834
G2_C6,50hertz,2026H1,ensemble,mae_median,734.9968077855696
G2_C6,50hertz,2026H1,ensemble,cov50,59.55317982456141
G2_C6,50hertz,2026H1,ensemble,cov95,96.88870614035088
G2_C6,50hertz,2026H1,ensemble,crps,548.8185441003133
G2_C6,50hertz,2026H1,ensemble,energy_score,6175.24128107875
G2_C6,amprion,2024,point,rmse,1095.1139993604202
G2_C6,amprion,2024,point,r2,0.8901155874567851
G2_C6,amprion,2024,point,mae,773.8907457124158
G2_C6,amprion,2024,point,smape,4.188321864403075
G2_C6,amprion,2024,quantile,wis,470.3043070779602
G2_C6,amprion,2024,quantile,lqs,235.15215353898012
G2_C6,amprion,2024,quantile,mae_median,758.505618891148
G2_C6,amprion,2024,quantile,cov50,58.467099271402546
G2_C6,amprion,2024,quantile,cov95,97.40152550091075
G2_C6,amprion,2024,ensemble,wis,470.3043070779602
G2_C6,amprion,2024,ensemble,lqs,235.15215353898012
G2_C6,amprion,2024,ensemble,mae_median,758.505618891148
G2_C6,amprion,2024,ensemble,cov50,58.467099271402546
G2_C6,amprion,2024,ensemble,cov95,97.40152550091075
G2_C6,amprion,2024,ensemble,crps,575.2884510973618
G2_C6,amprion,2024,ensemble,energy_score,6695.688572304678
G2_C6,amprion,2025,point,rmse,969.6734585201456
G2_C6,amprion,2025,point,r2,0.9108771825606417
G2_C6,amprion,2025,point,mae,709.7061914033478
G2_C6,amprion,2025,point,smape,3.6961263467449004
G2_C6,amprion,2025,quantile,wis,428.6292525643698
G2_C6,amprion,2025,quantile,lqs,214.31462628218492
G2_C6,amprion,2025,quantile,mae_median,695.5764619135095
G2_C6,amprion,2025,quantile,cov50,59.34931506849315
G2_C6,amprion,2025,quantile,cov95,98.65011415525115
G2_C6,amprion,2025,ensemble,wis,428.6292525643698
G2_C6,amprion,2025,ensemble,lqs,214.31462628218492
G2_C6,amprion,2025,ensemble,mae_median,695.5764619135095
G2_C6,amprion,2025,ensemble,cov50,59.34931506849315
G2_C6,amprion,2025,ensemble,cov95,98.65011415525115
G2_C6,amprion,2025,ensemble,crps,524.984591045884
G2_C6,amprion,2025,ensemble,energy_score,6192.54534286891
G2_C6,amprion,2026H1,point,rmse,1173.0228600905634
G2_C6,amprion,2026H1,point,r2,0.8828101622262817
G2_C6,amprion,2026H1,point,mae,870.437164758829
G2_C6,amprion,2026H1,point,smape,4.371202227279757
G2_C6,amprion,2026H1,quantile,wis,525.7483627160826
G2_C6,amprion,2026H1,quantile,lqs,262.8741813580413
G2_C6,amprion,2026H1,quantile,mae_median,862.3081130647358
G2_C6,amprion,2026H1,quantile,cov50,59.354440789473685
G2_C6,amprion,2026H1,quantile,cov95,98.35526315789474
G2_C6,amprion,2026H1,ensemble,wis,525.7483627160826
G2_C6,amprion,2026H1,ensemble,lqs,262.8741813580413
G2_C6,amprion,2026H1,ensemble,mae_median,862.3081130647358
G2_C6,amprion,2026H1,ensemble,cov50,59.354440789473685
G2_C6,amprion,2026H1,ensemble,cov95,98.35526315789474
G2_C6,amprion,2026H1,ensemble,crps,646.6444903285126
G2_C6,amprion,2026H1,ensemble,energy_score,7443.576785747911
G2_C6,de_lu,2024,point,rmse,2559.430791560252
G2_C6,de_lu,2024,point,r2,0.923126096819361
G2_C6,de_lu,2024,point,mae,1799.5077288408772
G2_C6,de_lu,2024,point,smape,3.411006591005078
G2_C6,de_lu,2024,quantile,wis,1116.914926901492
G2_C6,de_lu,2024,quantile,lqs,558.457463450746
G2_C6,de_lu,2024,quantile,mae_median,1757.9072831036829
G2_C6,de_lu,2024,quantile,cov50,67.0594262295082
G2_C6,de_lu,2024,quantile,cov95,99.29701730418944
G2_C6,de_lu,2024,ensemble,wis,1116.914926901492
G2_C6,de_lu,2024,ensemble,lqs,558.457463450746
G2_C6,de_lu,2024,ensemble,mae_median,1757.9072831036829
G2_C6,de_lu,2024,ensemble,cov50,67.0594262295082
G2_C6,de_lu,2024,ensemble,cov95,99.29701730418944
G2_C6,de_lu,2024,ensemble,crps,1377.1092798767597
G2_C6,de_lu,2024,ensemble,energy_score,15604.857424272488
G2_C6,de_lu,2025,point,rmse,2570.9037585860087
G2_C6,de_lu,2025,point,r2,0.9228263486753191
G2_C6,de_lu,2025,point,mae,1868.4501340465697
G2_C6,de_lu,2025,point,smape,3.5054383402302483
G2_C6,de_lu,2025,quantile,wis,1154.3290956505414
G2_C6,de_lu,2025,quantile,lqs,577.1645478252708
G2_C6,de_lu,2025,quantile,mae_median,1829.5869453795663
G2_C6,de_lu,2025,quantile,cov50,67.80251141552512
G2_C6,de_lu,2025,quantile,cov95,99.62899543378995
G2_C6,de_lu,2025,ensemble,wis,1154.3290956505414
G2_C6,de_lu,2025,ensemble,lqs,577.1645478252708
G2_C6,de_lu,2025,ensemble,mae_median,1829.5869453795663
G2_C6,de_lu,2025,ensemble,cov50,67.80251141552512
G2_C6,de_lu,2025,ensemble,cov95,99.62899543378995
G2_C6,de_lu,2025,ensemble,crps,1422.3673166743047
G2_C6,de_lu,2025,ensemble,energy_score,16192.036239597985
G2_C6,de_lu,2026H1,point,rmse,3060.3185465113675
G2_C6,de_lu,2026H1,point,r2,0.9020062977971751
G2_C6,de_lu,2026H1,point,mae,2206.5453509761132
G2_C6,de_lu,2026H1,point,smape,4.011299305590517
G2_C6,de_lu,2026H1,quantile,wis,1372.5530918591585
G2_C6,de_lu,2026H1,quantile,lqs,686.2765459295794
G2_C6,de_lu,2026H1,quantile,mae_median,2183.7068343736637
G2_C6,de_lu,2026H1,quantile,cov50,68.00301535087719
G2_C6,de_lu,2026H1,quantile,cov95,99.39007675438597
G2_C6,de_lu,2026H1,ensemble,wis,1372.5530918591585
G2_C6,de_lu,2026H1,ensemble,lqs,686.2765459295794
G2_C6,de_lu,2026H1,ensemble,mae_median,2183.7068343736637
G2_C6,de_lu,2026H1,ensemble,cov50,68.00301535087719
G2_C6,de_lu,2026H1,ensemble,cov95,99.39007675438597
G2_C6,de_lu,2026H1,ensemble,crps,1693.8575033825266
G2_C6,de_lu,2026H1,ensemble,energy_score,19051.220430362362
G2_C6,lu,2024,point,rmse,27.85561705986714
G2_C6,lu,2024,point,r2,0.9196635020344253
G2_C6,lu,2024,point,mae,17.98307689950774
G2_C6,lu,2024,point,smape,3.241867396732085
G2_C6,lu,2024,quantile,wis,11.134524220762966
G2_C6,lu,2024,quantile,lqs,5.567262110381483
G2_C6,lu,2024,quantile,mae_median,17.696221937544358
G2_C6,lu,2024,quantile,cov50,55.96823770491803
G2_C6,lu,2024,quantile,cov95,97.19091530054644
G2_C6,lu,2024,ensemble,wis,11.134524220762966
G2_C6,lu,2024,ensemble,lqs,5.567262110381483
G2_C6,lu,2024,ensemble,mae_median,17.696221937544358
G2_C6,lu,2024,ensemble,cov50,55.96823770491803
G2_C6,lu,2024,ensemble,cov95,97.19091530054644
G2_C6,lu,2024,ensemble,crps,13.474605304550389
G2_C6,lu,2024,ensemble,energy_score,154.55535567580026
G2_C6,lu,2025,point,rmse,29.675992943619402
G2_C6,lu,2025,point,r2,0.909543578482683
G2_C6,lu,2025,point,mae,20.446355207758682
G2_C6,lu,2025,point,smape,3.7335152877494315
G2_C6,lu,2025,quantile,wis,12.308129864174829
G2_C6,lu,2025,quantile,lqs,6.154064932087415
G2_C6,lu,2025,quantile,mae_median,19.904265576778048
G2_C6,lu,2025,quantile,cov50,55.39383561643836
G2_C6,lu,2025,quantile,cov95,98.29623287671232
G2_C6,lu,2025,ensemble,wis,12.308129864174829
G2_C6,lu,2025,ensemble,lqs,6.154064932087415
G2_C6,lu,2025,ensemble,mae_median,19.904265576778048
G2_C6,lu,2025,ensemble,cov50,55.39383561643836
G2_C6,lu,2025,ensemble,cov95,98.29623287671232
G2_C6,lu,2025,ensemble,crps,15.030739021258455
G2_C6,lu,2025,ensemble,energy_score,172.5814749288951
G2_C6,lu,2026H1,point,rmse,46.668015463054914
G2_C6,lu,2026H1,point,r2,0.7813329262500037
G2_C6,lu,2026H1,point,mae,27.802492795583877
G2_C6,lu,2026H1,point,smape,5.253074492812038
G2_C6,lu,2026H1,quantile,wis,16.814464633989413
G2_C6,lu,2026H1,quantile,lqs,8.407232316994708
G2_C6,lu,2026H1,quantile,mae_median,27.526143913040965
G2_C6,lu,2026H1,quantile,cov50,52.830317982456144
G2_C6,lu,2026H1,quantile,cov95,96.54605263157895
G2_C6,lu,2026H1,ensemble,wis,16.814464633989413
G2_C6,lu,2026H1,ensemble,lqs,8.407232316994708
G2_C6,lu,2026H1,ensemble,mae_median,27.526143913040965
G2_C6,lu,2026H1,ensemble,cov50,52.830317982456144
G2_C6,lu,2026H1,ensemble,cov95,96.54605263157895
G2_C6,lu,2026H1,ensemble,crps,20.48627106880624
G2_C6,lu,2026H1,ensemble,energy_score,233.68936346653658
G2_C6,tennet,2024,point,rmse,754.8329688483459
G2_C6,tennet,2024,point,r2,0.9273832359459114
G2_C6,tennet,2024,point,mae,527.8501055392562
G2_C6,tennet,2024,point,smape,3.351787402680422
G2_C6,tennet,2024,quantile,wis,313.5849278576405
G2_C6,tennet,2024,quantile,lqs,156.7924639288202
G2_C6,tennet,2024,quantile,mae_median,518.6422838099189
G2_C6,tennet,2024,quantile,cov50,56.23292349726776
G2_C6,tennet,2024,quantile,cov95,98.36350182149363
G2_C6,tennet,2024,ensemble,wis,313.5849278576405
G2_C6,tennet,2024,ensemble,lqs,156.7924639288202
G2_C6,tennet,2024,ensemble,mae_median,518.6422838099189
G2_C6,tennet,2024,ensemble,cov50,56.23292349726776
G2_C6,tennet,2024,ensemble,cov95,98.36350182149363
G2_C6,tennet,2024,ensemble,crps,384.09142453974624
G2_C6,tennet,2024,ensemble,energy_score,4462.063515224631
G2_C6,tennet,2025,point,rmse,773.6584726728033
G2_C6,tennet,2025,point,r2,0.9262465647725557
G2_C6,tennet,2025,point,mae,547.3676625709754
G2_C6,tennet,2025,point,smape,3.4779746135508294
G2_C6,tennet,2025,quantile,wis,325.06031492239333
G2_C6,tennet,2025,quantile,lqs,162.5301574611967
G2_C6,tennet,2025,quantile,mae_median,538.6660373726901
G2_C6,tennet,2025,quantile,cov50,55.98173515981735
G2_C6,tennet,2025,quantile,cov95,98.26198630136986
G2_C6,tennet,2025,ensemble,wis,325.06031492239333
G2_C6,tennet,2025,ensemble,lqs,162.5301574611967
G2_C6,tennet,2025,ensemble,mae_median,538.6660373726901
G2_C6,tennet,2025,ensemble,cov50,55.98173515981735
G2_C6,tennet,2025,ensemble,cov95,98.26198630136986
G2_C6,tennet,2025,ensemble,crps,398.2107821021779
G2_C6,tennet,2025,ensemble,energy_score,4667.980273804551
G2_C6,tennet,2026H1,point,rmse,1050.8254581389635
G2_C6,tennet,2026H1,point,r2,0.8815286794163724
G2_C6,tennet,2026H1,point,mae,752.4023347204171
G2_C6,tennet,2026H1,point,smape,4.860322688399505
G2_C6,tennet,2026H1,quantile,wis,451.51537765295467
G2_C6,tennet,2026H1,quantile,lqs,225.75768882647736
G2_C6,tennet,2026H1,quantile,mae_median,746.9609214118824
G2_C6,tennet,2026H1,quantile,cov50,55.53728070175439
G2_C6,tennet,2026H1,quantile,cov95,96.77220394736842
G2_C6,tennet,2026H1,ensemble,wis,451.51537765295467
G2_C6,tennet,2026H1,ensemble,lqs,225.75768882647736
G2_C6,tennet,2026H1,ensemble,mae_median,746.9609214118824
G2_C6,tennet,2026H1,ensemble,cov50,55.53728070175439
G2_C6,tennet,2026H1,ensemble,cov95,96.77220394736842
G2_C6,tennet,2026H1,ensemble,crps,554.851421515725
G2_C6,tennet,2026H1,ensemble,energy_score,6477.515409730222
G2_C6,transnetbw,2024,point,rmse,407.5880186983345
G2_C6,transnetbw,2024,point,r2,0.9114888365099761
G2_C6,transnetbw,2024,point,mae,267.3952649030603
G2_C6,transnetbw,2024,point,smape,4.192856912323071
G2_C6,transnetbw,2024,quantile,wis,160.71267241931355
G2_C6,transnetbw,2024,quantile,lqs,80.35633620965676
G2_C6,transnetbw,2024,quantile,mae_median,259.98247208419826
G2_C6,transnetbw,2024,quantile,cov50,56.756602914389795
G2_C6,transnetbw,2024,quantile,cov95,97.91097449908925
G2_C6,transnetbw,2024,ensemble,wis,160.71267241931355
G2_C6,transnetbw,2024,ensemble,lqs,80.35633620965676
G2_C6,transnetbw,2024,ensemble,mae_median,259.98247208419826
G2_C6,transnetbw,2024,ensemble,cov50,56.756602914389795
G2_C6,transnetbw,2024,ensemble,cov95,97.91097449908925
G2_C6,transnetbw,2024,ensemble,crps,195.73978895931737
G2_C6,transnetbw,2024,ensemble,energy_score,2285.4725267571284
G2_C6,transnetbw,2025,point,rmse,429.4968670181635
G2_C6,transnetbw,2025,point,r2,0.9028313273962814
G2_C6,transnetbw,2025,point,mae,284.0783249107971
G2_C6,transnetbw,2025,point,smape,4.446783081499942
G2_C6,transnetbw,2025,quantile,wis,170.91438547653237
G2_C6,transnetbw,2025,quantile,lqs,85.4571927382662
G2_C6,transnetbw,2025,quantile,mae_median,278.76317372845097
G2_C6,transnetbw,2025,quantile,cov50,56.41552511415525
G2_C6,transnetbw,2025,quantile,cov95,97.75970319634703
G2_C6,transnetbw,2025,ensemble,wis,170.91438547653237
G2_C6,transnetbw,2025,ensemble,lqs,85.4571927382662
G2_C6,transnetbw,2025,ensemble,mae_median,278.76317372845097
G2_C6,transnetbw,2025,ensemble,cov50,56.41552511415525
G2_C6,transnetbw,2025,ensemble,cov95,97.75970319634703
G2_C6,transnetbw,2025,ensemble,crps,208.16192893766157
G2_C6,transnetbw,2025,ensemble,energy_score,2449.5606762521825
G2_C6,transnetbw,2026H1,point,rmse,507.35280531869034
G2_C6,transnetbw,2026H1,point,r2,0.8591074598481572
G2_C6,transnetbw,2026H1,point,mae,340.54865490875625
G2_C6,transnetbw,2026H1,point,smape,4.951003776834073
G2_C6,transnetbw,2026H1,quantile,wis,203.15193772150005
G2_C6,transnetbw,2026H1,quantile,lqs,101.57596886075002
G2_C6,transnetbw,2026H1,quantile,mae_median,336.54802347671773
G2_C6,transnetbw,2026H1,quantile,cov50,57.552083333333336
G2_C6,transnetbw,2026H1,quantile,cov95,98.3484100877193
G2_C6,transnetbw,2026H1,ensemble,wis,203.15193772150005
G2_C6,transnetbw,2026H1,ensemble,lqs,101.57596886075002
G2_C6,transnetbw,2026H1,ensemble,mae_median,336.54802347671773
G2_C6,transnetbw,2026H1,ensemble,cov50,57.552083333333336
G2_C6,transnetbw,2026H1,ensemble,cov95,98.3484100877193
G2_C6,transnetbw,2026H1,ensemble,crps,249.5955441504214
G2_C6,transnetbw,2026H1,ensemble,energy_score,2918.3155399903208
G2_C6,50hertz,overall,point,rmse,946.6902252454863
G2_C6,50hertz,overall,point,r2,0.7620703503043069
G2_C6,50hertz,overall,point,mae,738.6294124196844
G2_C6,50hertz,overall,point,smape,6.3681720935140245
G2_C6,50hertz,overall,quantile,wis,434.609188212995
G2_C6,50hertz,overall,quantile,lqs,217.30459410649752
G2_C6,50hertz,overall,quantile,mae_median,733.282950854142
G2_C6,50hertz,overall,quantile,cov50,52.69795205738015
G2_C6,50hertz,overall,quantile,cov95,98.34489429973576
G2_C6,50hertz,overall,ensemble,wis,434.609188212995
G2_C6,50hertz,overall,ensemble,lqs,217.30459410649752
G2_C6,50hertz,overall,ensemble,mae_median,733.282950854142
G2_C6,50hertz,overall,ensemble,cov50,52.69795205738015
G2_C6,50hertz,overall,ensemble,cov95,98.34489429973576
G2_C6,50hertz,overall,ensemble,crps,533.9918140643799
G2_C6,50hertz,overall,ensemble,energy_score,6069.648299205734
G2_C6,amprion,overall,point,rmse,1059.5417739171696
G2_C6,amprion,overall,point,r2,0.8988902863466728
G2_C6,amprion,overall,point,mae,763.9787336764532
G2_C6,amprion,overall,point,smape,4.016347290464255
G2_C6,amprion,overall,quantile,wis,462.6215228871721
G2_C6,amprion,overall,quantile,lqs,231.31076144358605
G2_C6,amprion,overall,quantile,mae_median,750.3616062269887
G2_C6,amprion,overall,quantile,cov50,58.984522461306156
G2_C6,amprion,overall,quantile,cov95,98.08182332955833
G2_C6,amprion,overall,ensemble,wis,462.6215228871721
G2_C6,amprion,overall,ensemble,lqs,231.31076144358605
G2_C6,amprion,overall,ensemble,mae_median,750.3616062269887
G2_C6,amprion,overall,ensemble,cov50,58.984522461306156
G2_C6,amprion,overall,ensemble,cov95,98.08182332955833
G2_C6,amprion,overall,ensemble,crps,566.7779290637781
G2_C6,amprion,overall,ensemble,energy_score,6616.449308090993
G2_C6,de_lu,overall,point,rmse,2656.9848431394735
G2_C6,de_lu,overall,point,r2,0.9197308985643109
G2_C6,de_lu,overall,point,mae,1898.073636501844
G2_C6,de_lu,overall,point,smape,3.5533758787561243
G2_C6,de_lu,overall,quantile,wis,1176.3862436251254
G2_C6,de_lu,overall,quantile,lqs,588.1931218125627
G2_C6,de_lu,overall,quantile,mae_median,1860.8343595745032
G2_C6,de_lu,overall,quantile,cov50,67.52902038505097
G2_C6,de_lu,overall,quantile,cov95,99.45026425066062
G2_C6,de_lu,overall,ensemble,wis,1176.3862436251254
G2_C6,de_lu,overall,ensemble,lqs,588.1931218125627
G2_C6,de_lu,overall,ensemble,mae_median,1860.8343595745032
G2_C6,de_lu,overall,ensemble,cov50,67.52902038505097
G2_C6,de_lu,overall,ensemble,cov95,99.45026425066062
G2_C6,de_lu,overall,ensemble,crps,1450.3424773897614
G2_C6,de_lu,overall,ensemble,energy_score,16440.834145132587
G2_C6,lu,overall,point,rmse,32.56627144872183
G2_C6,lu,overall,point,r2,0.8913274575234147
G2_C6,lu,overall,point,mae,20.691624802922423
G2_C6,lu,overall,point,smape,3.7913067612003575
G2_C6,lu,overall,quantile,wis,12.59739738345351
G2_C6,lu,overall,quantile,lqs,6.298698691726755
G2_C6,lu,overall,quantile,mae_median,20.301073657358376
G2_C6,lu,overall,quantile,cov50,55.190637976594935
G2_C6,lu,overall,quantile,cov95,97.53680634201586
G2_C6,lu,overall,ensemble,wis,12.59739738345351
G2_C6,lu,overall,ensemble,lqs,6.298698691726755
G2_C6,lu,overall,ensemble,mae_median,20.301073657358376
G2_C6,lu,overall,ensemble,cov50,55.190637976594935
G2_C6,lu,overall,ensemble,cov95,97.53680634201586
G2_C6,lu,overall,ensemble,crps,15.324845398282363
G2_C6,lu,overall,ensemble,energy_score,175.6288581804113
G2_C6,tennet,overall,point,rmse,820.7737775227674
G2_C6,tennet,overall,point,r2,0.9180134677473413
G2_C6,tennet,overall,point,mae,574.5724692449345
G2_C6,tennet,overall,point,smape,3.663628507320286
G2_C6,tennet,overall,quantile,wis,342.07184138824357
G2_C6,tennet,overall,quantile,lqs,171.0359206941218
G2_C6,tennet,overall,quantile,mae_median,566.2222418687071
G2_C6,tennet,overall,quantile,cov50,56.00934314835787
G2_C6,tennet,overall,quantile,cov95,98.04761230653077
G2_C6,tennet,overall,ensemble,wis,342.07184138824357
G2_C6,tennet,overall,ensemble,lqs,171.0359206941218
G2_C6,tennet,overall,ensemble,mae_median,566.2222418687071
G2_C6,tennet,overall,ensemble,cov50,56.00934314835787
G2_C6,tennet,overall,ensemble,cov95,98.04761230653077
G2_C6,tennet,overall,ensemble,crps,419.32255143740906
G2_C6,tennet,overall,ensemble,energy_score,4894.122750611404
G2_C6,transnetbw,overall,point,rmse,435.2260168159472
G2_C6,transnetbw,overall,point,r2,0.9008751539062235
G2_C6,transnetbw,overall,point,mae,286.8840895731506
G2_C6,transnetbw,overall,point,smape,4.428328458365235
G2_C6,transnetbw,overall,quantile,wis,172.23520196837043
G2_C6,transnetbw,overall,quantile,lqs,86.11760098418522
G2_C6,transnetbw,overall,quantile,mae_median,280.92575624253936
G2_C6,transnetbw,overall,quantile,cov50,56.752548131370325
G2_C6,transnetbw,overall,quantile,cov95,97.92374480936202
G2_C6,transnetbw,overall,ensemble,wis,172.23520196837043
G2_C6,transnetbw,overall,ensemble,lqs,86.11760098418522
G2_C6,transnetbw,overall,ensemble,mae_median,280.92575624253936
G2_C6,transnetbw,overall,ensemble,cov50,56.752548131370325
G2_C6,transnetbw,overall,ensemble,cov95,97.92374480936202
G2_C6,transnetbw,overall,ensemble,crps,210.14540150874373
G2_C6,transnetbw,overall,ensemble,energy_score,2462.2384526655537
G3_C1,50hertz,2024,point,rmse,850.2828560839005
G3_C1,50hertz,2024,point,r2,0.7921818687701574
G3_C1,50hertz,2024,point,mae,661.413324351996
G3_C1,50hertz,2024,point,smape,5.788172401638716
G3_C1,50hertz,2024,quantile,wis,386.71501822925006
G3_C1,50hertz,2024,quantile,lqs,193.35750911462506
G3_C1,50hertz,2024,quantile,mae_median,656.3728813746718
G3_C1,50hertz,2024,quantile,cov50,49.97438524590164
G3_C1,50hertz,2024,quantile,cov95,97.10553278688525
G3_C1,50hertz,2024,ensemble,wis,386.71501822925006
G3_C1,50hertz,2024,ensemble,lqs,193.35750911462506
G3_C1,50hertz,2024,ensemble,mae_median,656.3728813746718
G3_C1,50hertz,2024,ensemble,cov50,49.97438524590164
G3_C1,50hertz,2024,ensemble,cov95,97.10553278688525
G3_C1,50hertz,2024,ensemble,crps,474.7160641326494
G3_C1,50hertz,2024,ensemble,energy_score,5439.647804690744
G3_C1,50hertz,2025,point,rmse,947.6572130684548
G3_C1,50hertz,2025,point,r2,0.7468101441865438
G3_C1,50hertz,2025,point,mae,754.7459122084115
G3_C1,50hertz,2025,point,smape,6.550313989671647
G3_C1,50hertz,2025,quantile,wis,436.97842849337366
G3_C1,50hertz,2025,quantile,lqs,218.48921424668683
G3_C1,50hertz,2025,quantile,mae_median,748.551289602062
G3_C1,50hertz,2025,quantile,cov50,48.33047945205479
G3_C1,50hertz,2025,quantile,cov95,97.64269406392694
G3_C1,50hertz,2025,ensemble,wis,436.97842849337366
G3_C1,50hertz,2025,ensemble,lqs,218.48921424668683
G3_C1,50hertz,2025,ensemble,mae_median,748.551289602062
G3_C1,50hertz,2025,ensemble,cov50,48.33047945205479
G3_C1,50hertz,2025,ensemble,cov95,97.64269406392694
G3_C1,50hertz,2025,ensemble,crps,536.1526096410705
G3_C1,50hertz,2025,ensemble,energy_score,6106.1768100158015
G3_C1,50hertz,2026H1,point,rmse,960.0213944415939
G3_C1,50hertz,2026H1,point,r2,0.8017039263358435
G3_C1,50hertz,2026H1,point,mae,711.7777596068162
G3_C1,50hertz,2026H1,point,smape,5.921639505483262
G3_C1,50hertz,2026H1,quantile,wis,427.7882229438112
G3_C1,50hertz,2026H1,quantile,lqs,213.89411147190563
G3_C1,50hertz,2026H1,quantile,mae_median,705.147041425203
G3_C1,50hertz,2026H1,quantile,cov50,57.510964912280706
G3_C1,50hertz,2026H1,quantile,cov95,96.34731359649122
G3_C1,50hertz,2026H1,ensemble,wis,427.7882229438112
G3_C1,50hertz,2026H1,ensemble,lqs,213.89411147190563
G3_C1,50hertz,2026H1,ensemble,mae_median,705.147041425203
G3_C1,50hertz,2026H1,ensemble,cov50,57.510964912280706
G3_C1,50hertz,2026H1,ensemble,cov95,96.34731359649122
G3_C1,50hertz,2026H1,ensemble,crps,525.8160881087266
G3_C1,50hertz,2026H1,ensemble,energy_score,5927.913733338156
G3_C1,amprion,2024,point,rmse,1156.1462884936648
G3_C1,amprion,2024,point,r2,0.8775262522034425
G3_C1,amprion,2024,point,mae,779.3370066893025
G3_C1,amprion,2024,point,smape,4.218291191832075
G3_C1,amprion,2024,quantile,wis,472.8538022073024
G3_C1,amprion,2024,quantile,lqs,236.4269011036512
G3_C1,amprion,2024,quantile,mae_median,762.4453665576991
G3_C1,amprion,2024,quantile,cov50,56.13615664845173
G3_C1,amprion,2024,quantile,cov95,96.28586065573771
G3_C1,amprion,2024,ensemble,wis,472.8538022073024
G3_C1,amprion,2024,ensemble,lqs,236.4269011036512
G3_C1,amprion,2024,ensemble,mae_median,762.4453665576991
G3_C1,amprion,2024,ensemble,cov50,56.13615664845173
G3_C1,amprion,2024,ensemble,cov95,96.28586065573771
G3_C1,amprion,2024,ensemble,crps,574.2909548862401
G3_C1,amprion,2024,ensemble,energy_score,6656.500086821616
G3_C1,amprion,2025,point,rmse,1006.9644908240573
G3_C1,amprion,2025,point,r2,0.9038905255170581
G3_C1,amprion,2025,point,mae,716.597595116
G3_C1,amprion,2025,point,smape,3.7450497618636085
G3_C1,amprion,2025,quantile,wis,423.22241513737157
G3_C1,amprion,2025,quantile,lqs,211.6112075686858
G3_C1,amprion,2025,quantile,mae_median,699.0985703588756
G3_C1,amprion,2025,quantile,cov50,55.40239726027397
G3_C1,amprion,2025,quantile,cov95,97.42009132420091
G3_C1,amprion,2025,ensemble,wis,423.22241513737157
G3_C1,amprion,2025,ensemble,lqs,211.6112075686858
G3_C1,amprion,2025,ensemble,mae_median,699.0985703588756
G3_C1,amprion,2025,ensemble,cov50,55.40239726027397
G3_C1,amprion,2025,ensemble,cov95,97.42009132420091
G3_C1,amprion,2025,ensemble,crps,517.560441577483
G3_C1,amprion,2025,ensemble,energy_score,6102.920190412108
G3_C1,amprion,2026H1,point,rmse,1274.4739110114074
G3_C1,amprion,2026H1,point,r2,0.8616628255674698
G3_C1,amprion,2026H1,point,mae,888.50110083301
G3_C1,amprion,2026H1,point,smape,4.493435410243539
G3_C1,amprion,2026H1,quantile,wis,538.6249193594311
G3_C1,amprion,2026H1,quantile,lqs,269.31245967971563
G3_C1,amprion,2026H1,quantile,mae_median,884.1610212796824
G3_C1,amprion,2026H1,quantile,cov50,56.58580043859649
G3_C1,amprion,2026H1,quantile,cov95,96.27878289473685
G3_C1,amprion,2026H1,ensemble,wis,538.6249193594311
G3_C1,amprion,2026H1,ensemble,lqs,269.31245967971563
G3_C1,amprion,2026H1,ensemble,mae_median,884.1610212796824
G3_C1,amprion,2026H1,ensemble,cov50,56.58580043859649
G3_C1,amprion,2026H1,ensemble,cov95,96.27878289473685
G3_C1,amprion,2026H1,ensemble,crps,658.8089853664177
G3_C1,amprion,2026H1,ensemble,energy_score,7580.912223330068
G3_C1,de_lu,2024,point,rmse,2782.964392594546
G3_C1,de_lu,2024,point,r2,0.9091118108215082
G3_C1,de_lu,2024,point,mae,1829.6146209202864
G3_C1,de_lu,2024,point,smape,3.4759708717000333
G3_C1,de_lu,2024,quantile,wis,1134.97199206666
G3_C1,de_lu,2024,quantile,lqs,567.48599603333
G3_C1,de_lu,2024,quantile,mae_median,1792.7435815618169
G3_C1,de_lu,2024,quantile,cov50,65.09847449908925
G3_C1,de_lu,2024,quantile,cov95,98.13581511839709
G3_C1,de_lu,2024,ensemble,wis,1134.97199206666
G3_C1,de_lu,2024,ensemble,lqs,567.48599603333
G3_C1,de_lu,2024,ensemble,mae_median,1792.7435815618169
G3_C1,de_lu,2024,ensemble,cov50,65.09847449908925
G3_C1,de_lu,2024,ensemble,cov95,98.13581511839709
G3_C1,de_lu,2024,ensemble,crps,1385.8874031589917
G3_C1,de_lu,2024,ensemble,energy_score,15596.96034182763
G3_C1,de_lu,2025,point,rmse,2681.0203394571704
G3_C1,de_lu,2025,point,r2,0.916073786850716
G3_C1,de_lu,2025,point,mae,1846.3841922222844
G3_C1,de_lu,2025,point,smape,3.4722871137003697
G3_C1,de_lu,2025,quantile,wis,1125.8137019258263
G3_C1,de_lu,2025,quantile,lqs,562.9068509629132
G3_C1,de_lu,2025,quantile,mae_median,1803.0407256410888
G3_C1,de_lu,2025,quantile,cov50,65.10559360730593
G3_C1,de_lu,2025,quantile,cov95,98.72431506849315
G3_C1,de_lu,2025,ensemble,wis,1125.8137019258263
G3_C1,de_lu,2025,ensemble,lqs,562.9068509629132
G3_C1,de_lu,2025,ensemble,mae_median,1803.0407256410888
G3_C1,de_lu,2025,ensemble,cov50,65.10559360730593
G3_C1,de_lu,2025,ensemble,cov95,98.72431506849315
G3_C1,de_lu,2025,ensemble,crps,1380.7161025907658
G3_C1,de_lu,2025,ensemble,energy_score,15697.058514242895
G3_C1,de_lu,2026H1,point,rmse,3421.6619615375716
G3_C1,de_lu,2026H1,point,r2,0.8774991504149543
G3_C1,de_lu,2026H1,point,mae,2260.4181455954154
G3_C1,de_lu,2026H1,point,smape,4.15046773859521
G3_C1,de_lu,2026H1,quantile,wis,1407.5179578697837
G3_C1,de_lu,2026H1,quantile,lqs,703.758978934892
G3_C1,de_lu,2026H1,quantile,mae_median,2231.0983814470255
G3_C1,de_lu,2026H1,quantile,cov50,66.83799342105263
G3_C1,de_lu,2026H1,quantile,cov95,97.57401315789474
G3_C1,de_lu,2026H1,ensemble,wis,1407.5179578697837
G3_C1,de_lu,2026H1,ensemble,lqs,703.758978934892
G3_C1,de_lu,2026H1,ensemble,mae_median,2231.0983814470255
G3_C1,de_lu,2026H1,ensemble,cov50,66.83799342105263
G3_C1,de_lu,2026H1,ensemble,cov95,97.57401315789474
G3_C1,de_lu,2026H1,ensemble,crps,1728.888791875051
G3_C1,de_lu,2026H1,ensemble,energy_score,19389.666387901267
G3_C1,lu,2024,point,rmse,28.483688071435562
G3_C1,lu,2024,point,r2,0.9159999061325658
G3_C1,lu,2024,point,mae,18.22674027244719
G3_C1,lu,2024,point,smape,3.29145074033525
G3_C1,lu,2024,quantile,wis,11.02330898911714
G3_C1,lu,2024,quantile,lqs,5.511654494558572
G3_C1,lu,2024,quantile,mae_median,17.667944643663365
G3_C1,lu,2024,quantile,cov50,52.52732240437158
G3_C1,lu,2024,quantile,cov95,95.7792577413479
G3_C1,lu,2024,ensemble,wis,11.02330898911714
G3_C1,lu,2024,ensemble,lqs,5.511654494558572
G3_C1,lu,2024,ensemble,mae_median,17.667944643663365
G3_C1,lu,2024,ensemble,cov50,52.52732240437158
G3_C1,lu,2024,ensemble,cov95,95.7792577413479
G3_C1,lu,2024,ensemble,crps,13.305039564312823
G3_C1,lu,2024,ensemble,energy_score,152.6595045587186
G3_C1,lu,2025,point,rmse,28.648123718768204
G3_C1,lu,2025,point,r2,0.9157012273167467
G3_C1,lu,2025,point,mae,19.158711458709906
G3_C1,lu,2025,point,smape,3.5004780835056337
G3_C1,lu,2025,quantile,wis,11.500486036966054
G3_C1,lu,2025,quantile,lqs,5.750243018483027
G3_C1,lu,2025,quantile,mae_median,18.60584515908995
G3_C1,lu,2025,quantile,cov50,53.09931506849315
G3_C1,lu,2025,quantile,cov95,96.61529680365297
G3_C1,lu,2025,ensemble,wis,11.500486036966054
G3_C1,lu,2025,ensemble,lqs,5.750243018483027
G3_C1,lu,2025,ensemble,mae_median,18.60584515908995
G3_C1,lu,2025,ensemble,cov50,53.09931506849315
G3_C1,lu,2025,ensemble,cov95,96.61529680365297
G3_C1,lu,2025,ensemble,crps,13.972854212477207
G3_C1,lu,2025,ensemble,energy_score,161.81488391862302
G3_C1,lu,2026H1,point,rmse,42.42442161375517
G3_C1,lu,2026H1,point,r2,0.8192923295752929
G3_C1,lu,2026H1,point,mae,26.888357866304542
G3_C1,lu,2026H1,point,smape,5.022514529880551
G3_C1,lu,2026H1,quantile,wis,15.98061426302591
G3_C1,lu,2026H1,quantile,lqs,7.990307131512955
G3_C1,lu,2026H1,quantile,mae_median,25.89839655562551
G3_C1,lu,2026H1,quantile,cov50,52.59046052631579
G3_C1,lu,2026H1,quantile,cov95,96.15542763157895
G3_C1,lu,2026H1,ensemble,wis,15.98061426302591
G3_C1,lu,2026H1,ensemble,lqs,7.990307131512955
G3_C1,lu,2026H1,ensemble,mae_median,25.89839655562551
G3_C1,lu,2026H1,ensemble,cov50,52.59046052631579
G3_C1,lu,2026H1,ensemble,cov95,96.15542763157895
G3_C1,lu,2026H1,ensemble,crps,19.396387511451998
G3_C1,lu,2026H1,ensemble,energy_score,222.6344009601381
G3_C1,tennet,2024,point,rmse,812.115614483597
G3_C1,tennet,2024,point,r2,0.9159435794251429
G3_C1,tennet,2024,point,mae,538.2922025867323
G3_C1,tennet,2024,point,smape,3.426889293456439
G3_C1,tennet,2024,quantile,wis,322.7995664041377
G3_C1,tennet,2024,quantile,lqs,161.39978320206887
G3_C1,tennet,2024,quantile,mae_median,526.6295081678159
G3_C1,tennet,2024,quantile,cov50,53.45229963570127
G3_C1,tennet,2024,quantile,cov95,96.84938524590164
G3_C1,tennet,2024,ensemble,wis,322.7995664041377
G3_C1,tennet,2024,ensemble,lqs,161.39978320206887
G3_C1,tennet,2024,ensemble,mae_median,526.6295081678159
G3_C1,tennet,2024,ensemble,cov50,53.45229963570127
G3_C1,tennet,2024,ensemble,cov95,96.84938524590164
G3_C1,tennet,2024,ensemble,crps,391.2752716256753
G3_C1,tennet,2024,ensemble,energy_score,4517.5099117820055
G3_C1,tennet,2025,point,rmse,821.5835508027063
G3_C1,tennet,2025,point,r2,0.9168260834568277
G3_C1,tennet,2025,point,mae,553.0746482829998
G3_C1,tennet,2025,point,smape,3.529503951827953
G3_C1,tennet,2025,quantile,wis,330.3142536877163
G3_C1,tennet,2025,quantile,lqs,165.15712684385812
G3_C1,tennet,2025,quantile,mae_median,540.5576612320294
G3_C1,tennet,2025,quantile,cov50,52.611301369863014
G3_C1,tennet,2025,quantile,cov95,96.20433789954338
G3_C1,tennet,2025,ensemble,wis,330.3142536877163
G3_C1,tennet,2025,ensemble,lqs,165.15712684385812
G3_C1,tennet,2025,ensemble,mae_median,540.5576612320294
G3_C1,tennet,2025,ensemble,cov50,52.611301369863014
G3_C1,tennet,2025,ensemble,cov95,96.20433789954338
G3_C1,tennet,2025,ensemble,crps,401.39812638268944
G3_C1,tennet,2025,ensemble,energy_score,4674.841518693413
G3_C1,tennet,2026H1,point,rmse,1164.6708238390127
G3_C1,tennet,2026H1,point,r2,0.8544680159739495
G3_C1,tennet,2026H1,point,mae,788.414643663322
G3_C1,tennet,2026H1,point,smape,5.1457150705989845
G3_C1,tennet,2026H1,quantile,wis,476.5799001755163
G3_C1,tennet,2026H1,quantile,lqs,238.2899500877581
G3_C1,tennet,2026H1,quantile,mae_median,776.5413882001909
G3_C1,tennet,2026H1,quantile,cov50,55.14665570175439
G3_C1,tennet,2026H1,quantile,cov95,94.75740131578947
G3_C1,tennet,2026H1,ensemble,wis,476.5799001755163
G3_C1,tennet,2026H1,ensemble,lqs,238.2899500877581
G3_C1,tennet,2026H1,ensemble,mae_median,776.5413882001909
G3_C1,tennet,2026H1,ensemble,cov50,55.14665570175439
G3_C1,tennet,2026H1,ensemble,cov95,94.75740131578947
G3_C1,tennet,2026H1,ensemble,crps,581.3482053508541
G3_C1,tennet,2026H1,ensemble,energy_score,6753.520064879056
G3_C1,transnetbw,2024,point,rmse,443.17404948987223
G3_C1,transnetbw,2024,point,r2,0.8953585196053624
G3_C1,transnetbw,2024,point,mae,276.5049970769406
G3_C1,transnetbw,2024,point,smape,4.354727445416183
G3_C1,transnetbw,2024,quantile,wis,166.37789284963554
G3_C1,transnetbw,2024,quantile,lqs,83.18894642481777
G3_C1,transnetbw,2024,quantile,mae_median,267.37354335764064
G3_C1,transnetbw,2024,quantile,cov50,53.893442622950815
G3_C1,transnetbw,2024,quantile,cov95,96.48508652094718
G3_C1,transnetbw,2024,ensemble,wis,166.37789284963554
G3_C1,transnetbw,2024,ensemble,lqs,83.18894642481777
G3_C1,transnetbw,2024,ensemble,mae_median,267.37354335764064
G3_C1,transnetbw,2024,ensemble,cov50,53.893442622950815
G3_C1,transnetbw,2024,ensemble,cov95,96.48508652094718
G3_C1,transnetbw,2024,ensemble,crps,200.50790714736394
G3_C1,transnetbw,2024,ensemble,energy_score,2331.714621220256
G3_C1,transnetbw,2025,point,rmse,440.96251868546955
G3_C1,transnetbw,2025,point,r2,0.8975741391829392
G3_C1,transnetbw,2025,point,mae,280.4642561543998
G3_C1,transnetbw,2025,point,smape,4.408194465688964
G3_C1,transnetbw,2025,quantile,wis,169.1723061324658
G3_C1,transnetbw,2025,quantile,lqs,84.5861530662329
G3_C1,transnetbw,2025,quantile,mae_median,275.92713327699147
G3_C1,transnetbw,2025,quantile,cov50,53.159246575342465
G3_C1,transnetbw,2025,quantile,cov95,96.61529680365297
G3_C1,transnetbw,2025,ensemble,wis,169.1723061324658
G3_C1,transnetbw,2025,ensemble,lqs,84.5861530662329
G3_C1,transnetbw,2025,ensemble,mae_median,275.92713327699147
G3_C1,transnetbw,2025,ensemble,cov50,53.159246575342465
G3_C1,transnetbw,2025,ensemble,cov95,96.61529680365297
G3_C1,transnetbw,2025,ensemble,crps,205.01246712647983
G3_C1,transnetbw,2025,ensemble,energy_score,2415.226594455125
G3_C1,transnetbw,2026H1,point,rmse,567.412105915174
G3_C1,transnetbw,2026H1,point,r2,0.8237759972068938
G3_C1,transnetbw,2026H1,point,mae,358.3414409881821
G3_C1,transnetbw,2026H1,point,smape,5.2562487062408305
G3_C1,transnetbw,2026H1,quantile,wis,216.79008911220149
G3_C1,transnetbw,2026H1,quantile,lqs,108.39504455610074
G3_C1,transnetbw,2026H1,quantile,mae_median,354.48450739274944
G3_C1,transnetbw,2026H1,quantile,cov50,55.49616228070175
G3_C1,transnetbw,2026H1,quantile,cov95,95.42900219298247
G3_C1,transnetbw,2026H1,ensemble,wis,216.79008911220149
G3_C1,transnetbw,2026H1,ensemble,lqs,108.39504455610074
G3_C1,transnetbw,2026H1,ensemble,mae_median,354.48450739274944
G3_C1,transnetbw,2026H1,ensemble,cov50,55.49616228070175
G3_C1,transnetbw,2026H1,ensemble,cov95,95.42900219298247
G3_C1,transnetbw,2026H1,ensemble,crps,264.0997771305003
G3_C1,transnetbw,2026H1,ensemble,energy_score,3061.1162968643434
G3_C1,50hertz,overall,point,rmse,910.7948607391452
G3_C1,50hertz,overall,point,r2,0.7797712965208602
G3_C1,50hertz,overall,point,mae,708.663368209668
G3_C1,50hertz,overall,point,smape,6.12618902611934
G3_C1,50hertz,overall,quantile,wis,414.56243823266846
G3_C1,50hertz,overall,quantile,lqs,207.2812191163342
G3_C1,50hertz,overall,quantile,mae_median,702.8720788046584
G3_C1,50hertz,overall,quantile,cov50,50.59220460551151
G3_C1,50hertz,overall,quantile,cov95,97.19705549263873
G3_C1,50hertz,overall,ensemble,wis,414.56243823266846
G3_C1,50hertz,overall,ensemble,lqs,207.2812191163342
G3_C1,50hertz,overall,ensemble,mae_median,702.8720788046584
G3_C1,50hertz,overall,ensemble,cov50,50.59220460551151
G3_C1,50hertz,overall,ensemble,cov95,97.19705549263873
G3_C1,50hertz,overall,ensemble,crps,508.90807178263526
G3_C1,50hertz,overall,ensemble,energy_score,5799.216896534518
G3_C1,amprion,overall,point,rmse,1119.282088849608
G3_C1,amprion,overall,point,r2,0.8871670817855464
G3_C1,amprion,overall,point,mae,772.1943759821544
G3_C1,amprion,overall,point,smape,4.070033886350821
G3_C1,amprion,overall,quantile,wis,463.6598650913328
G3_C1,amprion,overall,quantile,lqs,231.8299325456664
G3_C1,amprion,overall,quantile,mae_median,757.2122962351293
G3_C1,amprion,overall,quantile,cov50,55.91024915062288
G3_C1,amprion,overall,quantile,cov95,96.75349188372971
G3_C1,amprion,overall,ensemble,wis,463.6598650913328
G3_C1,amprion,overall,ensemble,lqs,231.8299325456664
G3_C1,amprion,overall,ensemble,mae_median,757.2122962351293
G3_C1,amprion,overall,ensemble,cov50,55.91024915062288
G3_C1,amprion,overall,ensemble,cov95,96.75349188372971
G3_C1,amprion,overall,ensemble,crps,565.3895995921185
G3_C1,amprion,overall,ensemble,energy_score,6586.799047818009
G3_C1,de_lu,overall,point,rmse,2863.007260538483
G3_C1,de_lu,overall,point,r2,0.9068001644231837
G3_C1,de_lu,overall,point,mae,1910.7052543017687
G3_C1,de_lu,overall,point,smape,3.5905563214148577
G3_C1,de_lu,overall,quantile,wis,1178.1024687378608
G3_C1,de_lu,overall,quantile,lqs,589.0512343689305
G3_C1,de_lu,overall,quantile,mae_median,1872.4586293211446
G3_C1,de_lu,overall,quantile,cov50,65.40085881464704
G3_C1,de_lu,overall,quantile,cov95,98.28237070592677
G3_C1,de_lu,overall,ensemble,wis,1178.1024687378608
G3_C1,de_lu,overall,ensemble,lqs,589.0512343689305
G3_C1,de_lu,overall,ensemble,mae_median,1872.4586293211446
G3_C1,de_lu,overall,ensemble,cov50,65.40085881464704
G3_C1,de_lu,overall,ensemble,cov95,98.28237070592677
G3_C1,de_lu,overall,ensemble,crps,1442.7941827483896
G3_C1,de_lu,overall,ensemble,energy_score,16291.215327031212
G3_C1,lu,overall,point,rmse,31.390548774183774
G3_C1,lu,overall,point,r2,0.899032508356351
G3_C1,lu,overall,point,mae,20.102997755179025
G3_C1,lu,overall,point,smape,3.675841087184713
G3_C1,lu,overall,quantile,wis,12.073909242909878
G3_C1,lu,overall,quantile,lqs,6.03695462145494
G3_C1,lu,overall,quantile,mae_median,19.47243204881506
G3_C1,lu,overall,quantile,cov50,52.774631936579844
G3_C1,lu,overall,quantile,cov95,96.18959984899962
G3_C1,lu,overall,ensemble,wis,12.073909242909878
G3_C1,lu,overall,ensemble,lqs,6.03695462145494
G3_C1,lu,overall,ensemble,mae_median,19.47243204881506
G3_C1,lu,overall,ensemble,cov50,52.774631936579844
G3_C1,lu,overall,ensemble,cov95,96.18959984899962
G3_C1,lu,overall,ensemble,crps,14.629657043978906
G3_C1,lu,overall,ensemble,energy_score,168.48951330093928
G3_C1,tennet,overall,point,rmse,886.5070682324955
G3_C1,tennet,overall,point,r2,0.904355505309751
G3_C1,tennet,overall,point,mae,587.4589112195513
G3_C1,tennet,overall,point,smape,3.7651858601962687
G3_C1,tennet,overall,quantile,wis,352.37767692707735
G3_C1,tennet,overall,quantile,lqs,176.1888384635387
G3_C1,tennet,overall,quantile,mae_median,575.4068373109178
G3_C1,tennet,overall,quantile,cov50,53.396328803322014
G3_C1,tennet,overall,quantile,cov95,96.22263118157795
G3_C1,tennet,overall,ensemble,wis,352.37767692707735
G3_C1,tennet,overall,ensemble,lqs,176.1888384635387
G3_C1,tennet,overall,ensemble,mae_median,575.4068373109178
G3_C1,tennet,overall,ensemble,cov50,53.396328803322014
G3_C1,tennet,overall,ensemble,cov95,96.22263118157795
G3_C1,tennet,overall,ensemble,crps,428.1789272457629
G3_C1,tennet,overall,ensemble,energy_score,4967.452810755295
G3_C1,transnetbw,overall,point,rmse,466.0555573738283
G3_C1,transnetbw,overall,point,r2,0.8863346193154344
G3_C1,transnetbw,overall,point,mae,292.22897107216295
G3_C1,transnetbw,overall,point,smape,4.532017019645981
G3_C1,transnetbw,overall,quantile,wis,176.21097855761184
G3_C1,transnetbw,overall,quantile,lqs,88.10548927880592
G3_C1,transnetbw,overall,quantile,mae_median,285.9046043473344
G3_C1,transnetbw,overall,quantile,cov50,53.86584560211401
G3_C1,transnetbw,overall,quantile,cov95,96.35711589278974
G3_C1,transnetbw,overall,ensemble,wis,176.21097855761184
G3_C1,transnetbw,overall,ensemble,lqs,88.10548927880592
G3_C1,transnetbw,overall,ensemble,mae_median,285.9046043473344
G3_C1,transnetbw,overall,ensemble,cov50,53.86584560211401
G3_C1,transnetbw,overall,ensemble,cov95,96.35711589278974
G3_C1,transnetbw,overall,ensemble,crps,213.31665984251006
G3_C1,transnetbw,overall,ensemble,energy_score,2491.7949439027343
G3_C2.1,50hertz,2024,point,rmse,833.6817717672918
G3_C2.1,50hertz,2024,point,r2,0.8002176112401262
G3_C2.1,50hertz,2024,point,mae,644.3110372317312
G3_C2.1,50hertz,2024,point,smape,5.629333268685997
G3_C2.1,50hertz,2024,quantile,wis,378.13459680334205
G3_C2.1,50hertz,2024,quantile,lqs,189.06729840167105
G3_C2.1,50hertz,2024,quantile,mae_median,644.2355796733364
G3_C2.1,50hertz,2024,quantile,cov50,42.8620218579235
G3_C2.1,50hertz,2024,quantile,cov95,94.0915300546448
G3_C2.1,50hertz,2024,ensemble,wis,378.13459680334205
G3_C2.1,50hertz,2024,ensemble,lqs,189.06729840167105
G3_C2.1,50hertz,2024,ensemble,mae_median,644.2355796733364
G3_C2.1,50hertz,2024,ensemble,cov50,42.8620218579235
G3_C2.1,50hertz,2024,ensemble,cov95,94.0915300546448
G3_C2.1,50hertz,2024,ensemble,crps,461.3055013871688
G3_C2.1,50hertz,2024,ensemble,energy_score,5341.821020840311
G3_C2.1,50hertz,2025,point,rmse,934.4129053511061
G3_C2.1,50hertz,2025,point,r2,0.7538377730574906
G3_C2.1,50hertz,2025,point,mae,732.6727489438409
G3_C2.1,50hertz,2025,point,smape,6.375886687445388
G3_C2.1,50hertz,2025,quantile,wis,428.11251188843886
G3_C2.1,50hertz,2025,quantile,lqs,214.05625594421946
G3_C2.1,50hertz,2025,quantile,mae_median,733.6997208342252
G3_C2.1,50hertz,2025,quantile,cov50,42.08618721461187
G3_C2.1,50hertz,2025,quantile,cov95,95.0142694063927
G3_C2.1,50hertz,2025,ensemble,wis,428.11251188843886
G3_C2.1,50hertz,2025,ensemble,lqs,214.05625594421946
G3_C2.1,50hertz,2025,ensemble,mae_median,733.6997208342252
G3_C2.1,50hertz,2025,ensemble,cov50,42.08618721461187
G3_C2.1,50hertz,2025,ensemble,cov95,95.0142694063927
G3_C2.1,50hertz,2025,ensemble,crps,522.2620952468361
G3_C2.1,50hertz,2025,ensemble,energy_score,6001.689412971664
G3_C2.1,50hertz,2026H1,point,rmse,955.2696586506908
G3_C2.1,50hertz,2026H1,point,r2,0.8036620465764662
G3_C2.1,50hertz,2026H1,point,mae,709.5488518636731
G3_C2.1,50hertz,2026H1,point,smape,5.920169486591462
G3_C2.1,50hertz,2026H1,quantile,wis,426.3588363063277
G3_C2.1,50hertz,2026H1,quantile,lqs,213.17941815316385
G3_C2.1,50hertz,2026H1,quantile,mae_median,709.3392427737588
G3_C2.1,50hertz,2026H1,quantile,cov50,47.31359649122807
G3_C2.1,50hertz,2026H1,quantile,cov95,91.15268640350878
G3_C2.1,50hertz,2026H1,ensemble,wis,426.3588363063277
G3_C2.1,50hertz,2026H1,ensemble,lqs,213.17941815316385
G3_C2.1,50hertz,2026H1,ensemble,mae_median,709.3392427737588
G3_C2.1,50hertz,2026H1,ensemble,cov50,47.31359649122807
G3_C2.1,50hertz,2026H1,ensemble,cov95,91.15268640350878
G3_C2.1,50hertz,2026H1,ensemble,crps,519.7198088733287
G3_C2.1,50hertz,2026H1,ensemble,energy_score,5901.763245870541
G3_C2.1,amprion,2024,point,rmse,1188.1206517858186
G3_C2.1,amprion,2024,point,r2,0.8706583137079998
G3_C2.1,amprion,2024,point,mae,804.5291079195275
G3_C2.1,amprion,2024,point,smape,4.359321768195293
G3_C2.1,amprion,2024,quantile,wis,491.8552428999999
G3_C2.1,amprion,2024,quantile,lqs,245.92762144999998
G3_C2.1,amprion,2024,quantile,mae_median,797.2294036188382
G3_C2.1,amprion,2024,quantile,cov50,47.928051001821494
G3_C2.1,amprion,2024,quantile,cov95,93.158014571949
G3_C2.1,amprion,2024,ensemble,wis,491.8552428999999
G3_C2.1,amprion,2024,ensemble,lqs,245.92762144999998
G3_C2.1,amprion,2024,ensemble,mae_median,797.2294036188382
G3_C2.1,amprion,2024,ensemble,cov50,47.928051001821494
G3_C2.1,amprion,2024,ensemble,cov95,93.158014571949
G3_C2.1,amprion,2024,ensemble,crps,591.678620798666
G3_C2.1,amprion,2024,ensemble,energy_score,6885.2441328175755
G3_C2.1,amprion,2025,point,rmse,1050.525539051878
G3_C2.1,amprion,2025,point,r2,0.8953953187897498
G3_C2.1,amprion,2025,point,mae,730.2616416919055
G3_C2.1,amprion,2025,point,smape,3.8450176981013717
G3_C2.1,amprion,2025,quantile,wis,437.3526484615533
G3_C2.1,amprion,2025,quantile,lqs,218.67632423077666
G3_C2.1,amprion,2025,quantile,mae_median,725.9842469958083
G3_C2.1,amprion,2025,quantile,cov50,48.02796803652968
G3_C2.1,amprion,2025,quantile,cov95,95.07990867579909
G3_C2.1,amprion,2025,ensemble,wis,437.3526484615533
G3_C2.1,amprion,2025,ensemble,lqs,218.67632423077666
G3_C2.1,amprion,2025,ensemble,mae_median,725.9842469958083
G3_C2.1,amprion,2025,ensemble,cov50,48.02796803652968
G3_C2.1,amprion,2025,ensemble,cov95,95.07990867579909
G3_C2.1,amprion,2025,ensemble,crps,530.6630188205962
G3_C2.1,amprion,2025,ensemble,energy_score,6251.784035585301
G3_C2.1,amprion,2026H1,point,rmse,1328.2760400523882
G3_C2.1,amprion,2026H1,point,r2,0.8497364382238544
G3_C2.1,amprion,2026H1,point,mae,923.4886356474111
G3_C2.1,amprion,2026H1,point,smape,4.681411124669629
G3_C2.1,amprion,2026H1,quantile,wis,563.9929104536095
G3_C2.1,amprion,2026H1,quantile,lqs,281.9964552268048
G3_C2.1,amprion,2026H1,quantile,mae_median,921.8387567111474
G3_C2.1,amprion,2026H1,quantile,cov50,46.395285087719294
G3_C2.1,amprion,2026H1,quantile,cov95,91.5638706140351
G3_C2.1,amprion,2026H1,ensemble,wis,563.9929104536095
G3_C2.1,amprion,2026H1,ensemble,lqs,281.9964552268048
G3_C2.1,amprion,2026H1,ensemble,mae_median,921.8387567111474
G3_C2.1,amprion,2026H1,ensemble,cov50,46.395285087719294
G3_C2.1,amprion,2026H1,ensemble,cov95,91.5638706140351
G3_C2.1,amprion,2026H1,ensemble,crps,680.5768794642563
G3_C2.1,amprion,2026H1,ensemble,energy_score,7835.826156730894
G3_C2.1,de_lu,2024,point,rmse,2875.8902804832856
G3_C2.1,de_lu,2024,point,r2,0.9029407843177233
G3_C2.1,de_lu,2024,point,mae,1863.2498021053489
G3_C2.1,de_lu,2024,point,smape,3.544254911351663
G3_C2.1,de_lu,2024,quantile,wis,1147.4159245627595
G3_C2.1,de_lu,2024,quantile,lqs,573.7079622813797
G3_C2.1,de_lu,2024,quantile,mae_median,1843.0329644691983
G3_C2.1,de_lu,2024,quantile,cov50,56.397996357012744
G3_C2.1,de_lu,2024,quantile,cov95,96.9148451730419
G3_C2.1,de_lu,2024,ensemble,wis,1147.4159245627595
G3_C2.1,de_lu,2024,ensemble,lqs,573.7079622813797
G3_C2.1,de_lu,2024,ensemble,mae_median,1843.0329644691983
G3_C2.1,de_lu,2024,ensemble,cov50,56.397996357012744
G3_C2.1,de_lu,2024,ensemble,cov95,96.9148451730419
G3_C2.1,de_lu,2024,ensemble,crps,1387.412410747148
G3_C2.1,de_lu,2024,ensemble,energy_score,15701.793465893003
G3_C2.1,de_lu,2025,point,rmse,2779.8845073866696
G3_C2.1,de_lu,2025,point,r2,0.9097700084910757
G3_C2.1,de_lu,2025,point,mae,1860.1586416656442
G3_C2.1,de_lu,2025,point,smape,3.525338380203389
G3_C2.1,de_lu,2025,quantile,wis,1126.3751805367478
G3_C2.1,de_lu,2025,quantile,lqs,563.1875902683738
G3_C2.1,de_lu,2025,quantile,mae_median,1846.1360580353523
G3_C2.1,de_lu,2025,quantile,cov50,57.294520547945204
G3_C2.1,de_lu,2025,quantile,cov95,97.41438356164383
G3_C2.1,de_lu,2025,ensemble,wis,1126.3751805367478
G3_C2.1,de_lu,2025,ensemble,lqs,563.1875902683738
G3_C2.1,de_lu,2025,ensemble,mae_median,1846.1360580353523
G3_C2.1,de_lu,2025,ensemble,cov50,57.294520547945204
G3_C2.1,de_lu,2025,ensemble,cov95,97.41438356164383
G3_C2.1,de_lu,2025,ensemble,crps,1371.5196425667139
G3_C2.1,de_lu,2025,ensemble,energy_score,15557.304406563106
G3_C2.1,de_lu,2026H1,point,rmse,3579.6044323594206
G3_C2.1,de_lu,2026H1,point,r2,0.8659289621017006
G3_C2.1,de_lu,2026H1,point,mae,2378.0965344070664
G3_C2.1,de_lu,2026H1,point,smape,4.392246686747742
G3_C2.1,de_lu,2026H1,quantile,wis,1449.43219383183
G3_C2.1,de_lu,2026H1,quantile,lqs,724.7160969159149
G3_C2.1,de_lu,2026H1,quantile,mae_median,2358.9931564365406
G3_C2.1,de_lu,2026H1,quantile,cov50,53.16611842105263
G3_C2.1,de_lu,2026H1,quantile,cov95,94.93558114035088
G3_C2.1,de_lu,2026H1,ensemble,wis,1449.43219383183
G3_C2.1,de_lu,2026H1,ensemble,lqs,724.7160969159149
G3_C2.1,de_lu,2026H1,ensemble,mae_median,2358.9931564365406
G3_C2.1,de_lu,2026H1,ensemble,cov50,53.16611842105263
G3_C2.1,de_lu,2026H1,ensemble,cov95,94.93558114035088
G3_C2.1,de_lu,2026H1,ensemble,crps,1753.2607813132531
G3_C2.1,de_lu,2026H1,ensemble,energy_score,19568.98492376752
G3_C2.1,lu,2024,point,rmse,28.311773931794686
G3_C2.1,lu,2024,point,r2,0.917010816298552
G3_C2.1,lu,2024,point,mae,17.550129809378006
G3_C2.1,lu,2024,point,smape,3.1630349057156004
G3_C2.1,lu,2024,quantile,wis,10.811026795174124
G3_C2.1,lu,2024,quantile,lqs,5.405513397587063
G3_C2.1,lu,2024,quantile,mae_median,17.2114814057272
G3_C2.1,lu,2024,quantile,cov50,48.7306466302368
G3_C2.1,lu,2024,quantile,cov95,94.04030054644808
G3_C2.1,lu,2024,ensemble,wis,10.811026795174124
G3_C2.1,lu,2024,ensemble,lqs,5.405513397587063
G3_C2.1,lu,2024,ensemble,mae_median,17.2114814057272
G3_C2.1,lu,2024,ensemble,cov50,48.7306466302368
G3_C2.1,lu,2024,ensemble,cov95,94.04030054644808
G3_C2.1,lu,2024,ensemble,crps,12.907537395324855
G3_C2.1,lu,2024,ensemble,energy_score,149.40498414217282
G3_C2.1,lu,2025,point,rmse,29.03690354557245
G3_C2.1,lu,2025,point,r2,0.9133976875774861
G3_C2.1,lu,2025,point,mae,18.71564378588984
G3_C2.1,lu,2025,point,smape,3.4515055780665884
G3_C2.1,lu,2025,quantile,wis,11.463257404034584
G3_C2.1,lu,2025,quantile,lqs,5.731628702017291
G3_C2.1,lu,2025,quantile,mae_median,18.480080611067816
G3_C2.1,lu,2025,quantile,cov50,49.180936073059364
G3_C2.1,lu,2025,quantile,cov95,94.40068493150685
G3_C2.1,lu,2025,ensemble,wis,11.463257404034584
G3_C2.1,lu,2025,ensemble,lqs,5.731628702017291
G3_C2.1,lu,2025,ensemble,mae_median,18.480080611067816
G3_C2.1,lu,2025,ensemble,cov50,49.180936073059364
G3_C2.1,lu,2025,ensemble,cov95,94.40068493150685
G3_C2.1,lu,2025,ensemble,crps,13.799401031354646
G3_C2.1,lu,2025,ensemble,energy_score,159.54692430639403
G3_C2.1,lu,2026H1,point,rmse,39.55548062451343
G3_C2.1,lu,2026H1,point,r2,0.8429065568326566
G3_C2.1,lu,2026H1,point,mae,25.223609167822204
G3_C2.1,lu,2026H1,point,smape,4.683444479486809
G3_C2.1,lu,2026H1,quantile,wis,15.795253247066867
G3_C2.1,lu,2026H1,quantile,lqs,7.897626623533432
G3_C2.1,lu,2026H1,quantile,mae_median,25.008776121102585
G3_C2.1,lu,2026H1,quantile,cov50,47.14226973684211
G3_C2.1,lu,2026H1,quantile,cov95,93.42105263157895
G3_C2.1,lu,2026H1,ensemble,wis,15.795253247066867
G3_C2.1,lu,2026H1,ensemble,lqs,7.897626623533432
G3_C2.1,lu,2026H1,ensemble,mae_median,25.008776121102585
G3_C2.1,lu,2026H1,ensemble,cov50,47.14226973684211
G3_C2.1,lu,2026H1,ensemble,cov95,93.42105263157895
G3_C2.1,lu,2026H1,ensemble,crps,18.92101030382023
G3_C2.1,lu,2026H1,ensemble,energy_score,219.78960510533972
G3_C2.1,tennet,2024,point,rmse,836.2464208862458
G3_C2.1,tennet,2024,point,r2,0.9108741438334964
G3_C2.1,tennet,2024,point,mae,537.9639131072831
G3_C2.1,tennet,2024,point,smape,3.4213835814733433
G3_C2.1,tennet,2024,quantile,wis,327.7098830366847
G3_C2.1,tennet,2024,quantile,lqs,163.85494151834232
G3_C2.1,tennet,2024,quantile,mae_median,532.1553693138359
G3_C2.1,tennet,2024,quantile,cov50,46.99738160291439
G3_C2.1,tennet,2024,quantile,cov95,94.33913934426229
G3_C2.1,tennet,2024,ensemble,wis,327.7098830366847
G3_C2.1,tennet,2024,ensemble,lqs,163.85494151834232
G3_C2.1,tennet,2024,ensemble,mae_median,532.1553693138359
G3_C2.1,tennet,2024,ensemble,cov50,46.99738160291439
G3_C2.1,tennet,2024,ensemble,cov95,94.33913934426229
G3_C2.1,tennet,2024,ensemble,crps,393.73332586616
G3_C2.1,tennet,2024,ensemble,energy_score,4555.743567366159
G3_C2.1,tennet,2025,point,rmse,831.2309405776689
G3_C2.1,tennet,2025,point,r2,0.9148612867638266
G3_C2.1,tennet,2025,point,mae,543.9522696801816
G3_C2.1,tennet,2025,point,smape,3.4899720602905693
G3_C2.1,tennet,2025,quantile,wis,330.41534147956185
G3_C2.1,tennet,2025,quantile,lqs,165.2076707397809
G3_C2.1,tennet,2025,quantile,mae_median,540.0140340840379
G3_C2.1,tennet,2025,quantile,cov50,47.64269406392694
G3_C2.1,tennet,2025,quantile,cov95,93.98972602739725
G3_C2.1,tennet,2025,ensemble,wis,330.41534147956185
G3_C2.1,tennet,2025,ensemble,lqs,165.2076707397809
G3_C2.1,tennet,2025,ensemble,mae_median,540.0140340840379
G3_C2.1,tennet,2025,ensemble,cov50,47.64269406392694
G3_C2.1,tennet,2025,ensemble,cov95,93.98972602739725
G3_C2.1,tennet,2025,ensemble,crps,397.8276830073395
G3_C2.1,tennet,2025,ensemble,energy_score,4593.252832530243
G3_C2.1,tennet,2026H1,point,rmse,1183.9423896835972
G3_C2.1,tennet,2026H1,point,r2,0.849611994920021
G3_C2.1,tennet,2026H1,point,mae,792.9548415134847
G3_C2.1,tennet,2026H1,point,smape,5.21062342525755
G3_C2.1,tennet,2026H1,quantile,wis,485.2031286017167
G3_C2.1,tennet,2026H1,quantile,lqs,242.60156430085834
G3_C2.1,tennet,2026H1,quantile,mae_median,784.3292118385716
G3_C2.1,tennet,2026H1,quantile,cov50,42.70833333333333
G3_C2.1,tennet,2026H1,quantile,cov95,90.84429824561403
G3_C2.1,tennet,2026H1,ensemble,wis,485.2031286017167
G3_C2.1,tennet,2026H1,ensemble,lqs,242.60156430085834
G3_C2.1,tennet,2026H1,ensemble,mae_median,784.3292118385716
G3_C2.1,tennet,2026H1,ensemble,cov50,42.70833333333333
G3_C2.1,tennet,2026H1,ensemble,cov95,90.84429824561403
G3_C2.1,tennet,2026H1,ensemble,crps,582.4750006580448
G3_C2.1,tennet,2026H1,ensemble,energy_score,6700.900196187839
G3_C2.1,transnetbw,2024,point,rmse,453.0974037906219
G3_C2.1,transnetbw,2024,point,r2,0.8906198842217556
G3_C2.1,transnetbw,2024,point,mae,275.08136446757356
G3_C2.1,transnetbw,2024,point,smape,4.342252382883324
G3_C2.1,transnetbw,2024,quantile,wis,168.0333032494286
G3_C2.1,transnetbw,2024,quantile,lqs,84.0166516247143
G3_C2.1,transnetbw,2024,quantile,mae_median,268.0796122705567
G3_C2.1,transnetbw,2024,quantile,cov50,47.455601092896174
G3_C2.1,transnetbw,2024,quantile,cov95,93.75569216757741
G3_C2.1,transnetbw,2024,ensemble,wis,168.0333032494286
G3_C2.1,transnetbw,2024,ensemble,lqs,84.0166516247143
G3_C2.1,transnetbw,2024,ensemble,mae_median,268.0796122705567
G3_C2.1,transnetbw,2024,ensemble,cov50,47.455601092896174
G3_C2.1,transnetbw,2024,ensemble,cov95,93.75569216757741
G3_C2.1,transnetbw,2024,ensemble,crps,200.78123238534906
G3_C2.1,transnetbw,2024,ensemble,energy_score,2325.5736438525437
G3_C2.1,transnetbw,2025,point,rmse,443.8918802749706
G3_C2.1,transnetbw,2025,point,r2,0.8962087669499139
G3_C2.1,transnetbw,2025,point,mae,274.16464268074
G3_C2.1,transnetbw,2025,point,smape,4.352664444167488
G3_C2.1,transnetbw,2025,quantile,wis,167.0651711759936
G3_C2.1,transnetbw,2025,quantile,lqs,83.5325855879968
G3_C2.1,transnetbw,2025,quantile,mae_median,270.31899495971123
G3_C2.1,transnetbw,2025,quantile,cov50,47.55422374429224
G3_C2.1,transnetbw,2025,quantile,cov95,93.95547945205479
G3_C2.1,transnetbw,2025,ensemble,wis,167.0651711759936
G3_C2.1,transnetbw,2025,ensemble,lqs,83.5325855879968
G3_C2.1,transnetbw,2025,ensemble,mae_median,270.31899495971123
G3_C2.1,transnetbw,2025,ensemble,cov50,47.55422374429224
G3_C2.1,transnetbw,2025,ensemble,cov95,93.95547945205479
G3_C2.1,transnetbw,2025,ensemble,crps,200.44734221816287
G3_C2.1,transnetbw,2025,ensemble,energy_score,2335.0360689672516
G3_C2.1,transnetbw,2026H1,point,rmse,584.1865946517906
G3_C2.1,transnetbw,2026H1,point,r2,0.8132025080208399
G3_C2.1,transnetbw,2026H1,point,mae,360.19054614798307
G3_C2.1,transnetbw,2026H1,point,smape,5.2977745166926775
G3_C2.1,transnetbw,2026H1,quantile,wis,222.95245714602552
G3_C2.1,transnetbw,2026H1,quantile,lqs,111.47622857301276
G3_C2.1,transnetbw,2026H1,quantile,mae_median,358.37922267177646
G3_C2.1,transnetbw,2026H1,quantile,cov50,46.655701754385966
G3_C2.1,transnetbw,2026H1,quantile,cov95,92.82483552631578
G3_C2.1,transnetbw,2026H1,ensemble,wis,222.95245714602552
G3_C2.1,transnetbw,2026H1,ensemble,lqs,111.47622857301276
G3_C2.1,transnetbw,2026H1,ensemble,mae_median,358.37922267177646
G3_C2.1,transnetbw,2026H1,ensemble,cov50,46.655701754385966
G3_C2.1,transnetbw,2026H1,ensemble,cov95,92.82483552631578
G3_C2.1,transnetbw,2026H1,ensemble,crps,266.7040534798412
G3_C2.1,transnetbw,2026H1,ensemble,energy_score,3068.7458300884555
G3_C2.1,50hertz,overall,point,rmse,897.8247818518167
G3_C2.1,50hertz,overall,point,r2,0.7859989241972397
G3_C2.1,50hertz,overall,point,mae,692.0666120890078
G3_C2.1,50hertz,overall,point,smape,5.9879958994547495
G3_C2.1,50hertz,overall,quantile,wis,407.0949857167217
G3_C2.1,50hertz,overall,quantile,lqs,203.54749285836084
G3_C2.1,50hertz,overall,quantile,mae_median,692.4237657605262
G3_C2.1,50hertz,overall,quantile,cov50,43.3076160815402
G3_C2.1,50hertz,overall,quantile,cov95,93.9670630426576
G3_C2.1,50hertz,overall,ensemble,wis,407.0949857167217
G3_C2.1,50hertz,overall,ensemble,lqs,203.54749285836084
G3_C2.1,50hertz,overall,ensemble,mae_median,692.4237657605262
G3_C2.1,50hertz,overall,ensemble,cov50,43.3076160815402
G3_C2.1,50hertz,overall,ensemble,cov95,93.9670630426576
G3_C2.1,50hertz,overall,ensemble,crps,496.55819843889583
G3_C2.1,50hertz,overall,ensemble,energy_score,5710.975246584975
G3_C2.1,amprion,overall,point,rmse,1159.747930596659
G3_C2.1,amprion,overall,point,r2,0.8788610165662828
G3_C2.1,amprion,overall,point,mae,794.307389959795
G3_C2.1,amprion,overall,point,smape,4.202171820969719
G3_C2.1,amprion,overall,quantile,wis,481.7436670201762
G3_C2.1,amprion,overall,quantile,lqs,240.87183351008807
G3_C2.1,amprion,overall,quantile,mae_median,789.2295616059562
G3_C2.1,amprion,overall,quantile,cov50,47.70550207625519
G3_C2.1,amprion,overall,quantile,cov95,93.6780388825972
G3_C2.1,amprion,overall,ensemble,wis,481.7436670201762
G3_C2.1,amprion,overall,ensemble,lqs,240.87183351008807
G3_C2.1,amprion,overall,ensemble,mae_median,789.2295616059562
G3_C2.1,amprion,overall,ensemble,cov50,47.70550207625519
G3_C2.1,amprion,overall,ensemble,cov95,93.6780388825972
G3_C2.1,amprion,overall,ensemble,crps,581.7599804761
G3_C2.1,amprion,overall,ensemble,energy_score,6787.028427432575
G3_C2.1,de_lu,overall,point,rmse,2971.2450877731367
G3_C2.1,de_lu,overall,point,r2,0.8996199977979041
G3_C2.1,de_lu,overall,point,mae,1950.5979671669215
G3_C2.1,de_lu,overall,point,smape,3.682409176347228
G3_C2.1,de_lu,overall,quantile,wis,1190.7076588316206
G3_C2.1,de_lu,overall,quantile,lqs,595.3538294158103
G3_C2.1,de_lu,overall,quantile,mae_median,1933.1332796794836
G3_C2.1,de_lu,overall,quantile,cov50,56.212249905624766
G3_C2.1,de_lu,overall,quantile,cov95,96.78062476406191
G3_C2.1,de_lu,overall,ensemble,wis,1190.7076588316206
G3_C2.1,de_lu,overall,ensemble,lqs,595.3538294158103
G3_C2.1,de_lu,overall,ensemble,mae_median,1933.1332796794836
G3_C2.1,de_lu,overall,ensemble,cov50,56.212249905624766
G3_C2.1,de_lu,overall,ensemble,cov95,96.78062476406191
G3_C2.1,de_lu,overall,ensemble,crps,1443.8202158889253
G3_C2.1,de_lu,overall,ensemble,energy_score,16307.766959598002
G3_C2.1,lu,overall,point,rmse,30.823743975987487
G3_C2.1,lu,overall,point,r2,0.9026458367791933
G3_C2.1,lu,overall,point,mae,19.352826823999
G3_C2.1,lu,overall,point,smape,3.5440021204622987
G3_C2.1,lu,overall,quantile,wis,11.938622030646112
G3_C2.1,lu,overall,quantile,lqs,5.969311015323056
G3_C2.1,lu,overall,quantile,mae_median,19.078103723605324
G3_C2.1,lu,overall,quantile,cov50,48.64335598338996
G3_C2.1,lu,overall,quantile,cov95,94.08267270668176
G3_C2.1,lu,overall,ensemble,wis,11.938622030646112
G3_C2.1,lu,overall,ensemble,lqs,5.969311015323056
G3_C2.1,lu,overall,ensemble,mae_median,19.078103723605324
G3_C2.1,lu,overall,ensemble,cov50,48.64335598338996
G3_C2.1,lu,overall,ensemble,cov95,94.08267270668176
G3_C2.1,lu,overall,ensemble,crps,14.311363113605909
G3_C2.1,lu,overall,ensemble,energy_score,165.7133313067732
G3_C2.1,tennet,overall,point,rmse,903.7502162991824
G3_C2.1,tennet,overall,point,r2,0.9005986230996306
G3_C2.1,tennet,overall,point,mae,584.3335294910323
G3_C2.1,tennet,overall,point,smape,3.7577360741386743
G3_C2.1,tennet,overall,quantile,wis,355.93917596707547
G3_C2.1,tennet,overall,quantile,lqs,177.96958798353774
G3_C2.1,tennet,overall,quantile,mae_median,578.8131685266145
G3_C2.1,tennet,overall,quantile,cov50,46.52581162702907
G3_C2.1,tennet,overall,quantile,cov95,93.59310117025292
G3_C2.1,tennet,overall,ensemble,wis,355.93917596707547
G3_C2.1,tennet,overall,ensemble,lqs,177.96958798353774
G3_C2.1,tennet,overall,ensemble,mae_median,578.8131685266145
G3_C2.1,tennet,overall,ensemble,cov50,46.52581162702907
G3_C2.1,tennet,overall,ensemble,cov95,93.59310117025292
G3_C2.1,tennet,overall,ensemble,crps,427.91585692493356
G3_C2.1,tennet,overall,ensemble,energy_score,4940.5167150057805
G3_C2.1,transnetbw,overall,point,rmse,474.6483961143758
G3_C2.1,transnetbw,overall,point,r2,0.8821045989368381
G3_C2.1,transnetbw,overall,point,mae,289.35315627190874
G3_C2.1,transnetbw,overall,point,smape,4.511040340649736
G3_C2.1,transnetbw,overall,quantile,wis,177.08691954102426
G3_C2.1,transnetbw,overall,quantile,lqs,88.54345977051214
G3_C2.1,transnetbw,overall,quantile,mae_median,284.54950520660066
G3_C2.1,transnetbw,overall,quantile,cov50,47.35867308418271
G3_C2.1,transnetbw,overall,quantile,cov95,93.6780388825972
G3_C2.1,transnetbw,overall,ensemble,wis,177.08691954102426
G3_C2.1,transnetbw,overall,ensemble,lqs,88.54345977051214
G3_C2.1,transnetbw,overall,ensemble,mae_median,284.54950520660066
G3_C2.1,transnetbw,overall,ensemble,cov50,47.35867308418271
G3_C2.1,transnetbw,overall,ensemble,cov95,93.6780388825972
G3_C2.1,transnetbw,overall,ensemble,crps,211.99119715923337
G3_C2.1,transnetbw,overall,ensemble,energy_score,2457.4150452961753
G3_C2.2,50hertz,2024,point,rmse,820.1146206741122
G3_C2.2,50hertz,2024,point,r2,0.8066671297237206
G3_C2.2,50hertz,2024,point,mae,628.67517072646
G3_C2.2,50hertz,2024,point,smape,5.485132813512267
G3_C2.2,50hertz,2024,quantile,wis,369.93158344459187
G3_C2.2,50hertz,2024,quantile,lqs,184.96579172229593
G3_C2.2,50hertz,2024,quantile,mae_median,629.0310875603236
G3_C2.2,50hertz,2024,quantile,cov50,45.0193533697632
G3_C2.2,50hertz,2024,quantile,cov95,95.2271174863388
G3_C2.2,50hertz,2024,ensemble,wis,369.93158344459187
G3_C2.2,50hertz,2024,ensemble,lqs,184.96579172229593
G3_C2.2,50hertz,2024,ensemble,mae_median,629.0310875603236
G3_C2.2,50hertz,2024,ensemble,cov50,45.0193533697632
G3_C2.2,50hertz,2024,ensemble,cov95,95.2271174863388
G3_C2.2,50hertz,2024,ensemble,crps,451.91203403892695
G3_C2.2,50hertz,2024,ensemble,energy_score,5232.245626774638
G3_C2.2,50hertz,2025,point,rmse,904.0461252716573
G3_C2.2,50hertz,2025,point,r2,0.7695774732877894
G3_C2.2,50hertz,2025,point,mae,701.3794756405307
G3_C2.2,50hertz,2025,point,smape,6.113951356285161
G3_C2.2,50hertz,2025,quantile,wis,410.8902620775894
G3_C2.2,50hertz,2025,quantile,lqs,205.44513103879467
G3_C2.2,50hertz,2025,quantile,mae_median,701.6270723844623
G3_C2.2,50hertz,2025,quantile,cov50,44.93721461187214
G3_C2.2,50hertz,2025,quantile,cov95,95.11415525114155
G3_C2.2,50hertz,2025,ensemble,wis,410.8902620775894
G3_C2.2,50hertz,2025,ensemble,lqs,205.44513103879467
G3_C2.2,50hertz,2025,ensemble,mae_median,701.6270723844623
G3_C2.2,50hertz,2025,ensemble,cov50,44.93721461187214
G3_C2.2,50hertz,2025,ensemble,cov95,95.11415525114155
G3_C2.2,50hertz,2025,ensemble,crps,502.3304407479716
G3_C2.2,50hertz,2025,ensemble,energy_score,5783.521351503057
G3_C2.2,50hertz,2026H1,point,rmse,955.1156388153825
G3_C2.2,50hertz,2026H1,point,r2,0.8037253533111824
G3_C2.2,50hertz,2026H1,point,mae,702.3054980337831
G3_C2.2,50hertz,2026H1,point,smape,5.87292479822945
G3_C2.2,50hertz,2026H1,quantile,wis,421.7663220625894
G3_C2.2,50hertz,2026H1,quantile,lqs,210.88316103129472
G3_C2.2,50hertz,2026H1,quantile,mae_median,701.8728071235523
G3_C2.2,50hertz,2026H1,quantile,cov50,48.656798245614034
G3_C2.2,50hertz,2026H1,quantile,cov95,92.07099780701753
G3_C2.2,50hertz,2026H1,ensemble,wis,421.7663220625894
G3_C2.2,50hertz,2026H1,ensemble,lqs,210.88316103129472
G3_C2.2,50hertz,2026H1,ensemble,mae_median,701.8728071235523
G3_C2.2,50hertz,2026H1,ensemble,cov50,48.656798245614034
G3_C2.2,50hertz,2026H1,ensemble,cov95,92.07099780701753
G3_C2.2,50hertz,2026H1,ensemble,crps,515.0865145057338
G3_C2.2,50hertz,2026H1,ensemble,energy_score,5840.06032446713
G3_C2.2,amprion,2024,point,rmse,1195.3823969712505
G3_C2.2,amprion,2024,point,r2,0.8690724197432358
G3_C2.2,amprion,2024,point,mae,818.6230200574892
G3_C2.2,amprion,2024,point,smape,4.439325745414335
G3_C2.2,amprion,2024,quantile,wis,499.2455930954067
G3_C2.2,amprion,2024,quantile,lqs,249.62279654770336
G3_C2.2,amprion,2024,quantile,mae_median,811.227835993479
G3_C2.2,amprion,2024,quantile,cov50,48.03051001821493
G3_C2.2,amprion,2024,quantile,cov95,93.73292349726776
G3_C2.2,amprion,2024,ensemble,wis,499.2455930954067
G3_C2.2,amprion,2024,ensemble,lqs,249.62279654770336
G3_C2.2,amprion,2024,ensemble,mae_median,811.227835993479
G3_C2.2,amprion,2024,ensemble,cov50,48.03051001821493
G3_C2.2,amprion,2024,ensemble,cov95,93.73292349726776
G3_C2.2,amprion,2024,ensemble,crps,600.6918307812933
G3_C2.2,amprion,2024,ensemble,energy_score,6961.722161672956
G3_C2.2,amprion,2025,point,rmse,1074.2072561031425
G3_C2.2,amprion,2025,point,r2,0.890626010463397
G3_C2.2,amprion,2025,point,mae,741.8634397235306
G3_C2.2,amprion,2025,point,smape,3.901986265289886
G3_C2.2,amprion,2025,quantile,wis,445.54937167071427
G3_C2.2,amprion,2025,quantile,lqs,222.7746858353571
G3_C2.2,amprion,2025,quantile,mae_median,736.8697805215468
G3_C2.2,amprion,2025,quantile,cov50,48.35616438356165
G3_C2.2,amprion,2025,quantile,cov95,95.2054794520548
G3_C2.2,amprion,2025,ensemble,wis,445.54937167071427
G3_C2.2,amprion,2025,ensemble,lqs,222.7746858353571
G3_C2.2,amprion,2025,ensemble,mae_median,736.8697805215468
G3_C2.2,amprion,2025,ensemble,cov50,48.35616438356165
G3_C2.2,amprion,2025,ensemble,cov95,95.2054794520548
G3_C2.2,amprion,2025,ensemble,crps,540.5170280637172
G3_C2.2,amprion,2025,ensemble,energy_score,6339.950023722986
G3_C2.2,amprion,2026H1,point,rmse,1312.6333749849769
G3_C2.2,amprion,2026H1,point,r2,0.8532548061489701
G3_C2.2,amprion,2026H1,point,mae,928.8505767680492
G3_C2.2,amprion,2026H1,point,smape,4.715523344279747
G3_C2.2,amprion,2026H1,quantile,wis,562.3772875714994
G3_C2.2,amprion,2026H1,quantile,lqs,281.1886437857497
G3_C2.2,amprion,2026H1,quantile,mae_median,927.2496353171471
G3_C2.2,amprion,2026H1,quantile,cov50,46.03207236842105
G3_C2.2,amprion,2026H1,quantile,cov95,92.4547697368421
G3_C2.2,amprion,2026H1,ensemble,wis,562.3772875714994
G3_C2.2,amprion,2026H1,ensemble,lqs,281.1886437857497
G3_C2.2,amprion,2026H1,ensemble,mae_median,927.2496353171471
G3_C2.2,amprion,2026H1,ensemble,cov50,46.03207236842105
G3_C2.2,amprion,2026H1,ensemble,cov95,92.4547697368421
G3_C2.2,amprion,2026H1,ensemble,crps,679.9308886051936
G3_C2.2,amprion,2026H1,ensemble,energy_score,7821.754979226731
G3_C2.2,de_lu,2024,point,rmse,2850.7434815505435
G3_C2.2,de_lu,2024,point,r2,0.9046307359312384
G3_C2.2,de_lu,2024,point,mae,1857.3621099228274
G3_C2.2,de_lu,2024,point,smape,3.533929639260041
G3_C2.2,de_lu,2024,quantile,wis,1145.42444818011
G3_C2.2,de_lu,2024,quantile,lqs,572.7122240900549
G3_C2.2,de_lu,2024,quantile,mae_median,1845.764261306331
G3_C2.2,de_lu,2024,quantile,cov50,57.26889799635701
G3_C2.2,de_lu,2024,quantile,cov95,97.27345173041894
G3_C2.2,de_lu,2024,ensemble,wis,1145.42444818011
G3_C2.2,de_lu,2024,ensemble,lqs,572.7122240900549
G3_C2.2,de_lu,2024,ensemble,mae_median,1845.764261306331
G3_C2.2,de_lu,2024,ensemble,cov50,57.26889799635701
G3_C2.2,de_lu,2024,ensemble,cov95,97.27345173041894
G3_C2.2,de_lu,2024,ensemble,crps,1385.9795341608174
G3_C2.2,de_lu,2024,ensemble,energy_score,15623.839745627696
G3_C2.2,de_lu,2025,point,rmse,2801.415372951698
G3_C2.2,de_lu,2025,point,r2,0.9083668902940516
G3_C2.2,de_lu,2025,point,mae,1833.3964156510367
G3_C2.2,de_lu,2025,point,smape,3.479825131479871
G3_C2.2,de_lu,2025,quantile,wis,1118.6289406642181
G3_C2.2,de_lu,2025,quantile,lqs,559.3144703321092
G3_C2.2,de_lu,2025,quantile,mae_median,1817.9173485314282
G3_C2.2,de_lu,2025,quantile,cov50,58.66438356164384
G3_C2.2,de_lu,2025,quantile,cov95,97.39440639269407
G3_C2.2,de_lu,2025,ensemble,wis,1118.6289406642181
G3_C2.2,de_lu,2025,ensemble,lqs,559.3144703321092
G3_C2.2,de_lu,2025,ensemble,mae_median,1817.9173485314282
G3_C2.2,de_lu,2025,ensemble,cov50,58.66438356164384
G3_C2.2,de_lu,2025,ensemble,cov95,97.39440639269407
G3_C2.2,de_lu,2025,ensemble,crps,1363.2009011523207
G3_C2.2,de_lu,2025,ensemble,energy_score,15402.4228732462
G3_C2.2,de_lu,2026H1,point,rmse,3528.7839290236143
G3_C2.2,de_lu,2026H1,point,r2,0.8697088159375237
G3_C2.2,de_lu,2026H1,point,mae,2352.58437953549
G3_C2.2,de_lu,2026H1,point,smape,4.363832046671385
G3_C2.2,de_lu,2026H1,quantile,wis,1430.51738755824
G3_C2.2,de_lu,2026H1,quantile,lqs,715.25869377912
G3_C2.2,de_lu,2026H1,quantile,mae_median,2335.195689587685
G3_C2.2,de_lu,2026H1,quantile,cov50,53.43338815789473
G3_C2.2,de_lu,2026H1,quantile,cov95,95.66200657894737
G3_C2.2,de_lu,2026H1,ensemble,wis,1430.51738755824
G3_C2.2,de_lu,2026H1,ensemble,lqs,715.25869377912
G3_C2.2,de_lu,2026H1,ensemble,mae_median,2335.195689587685
G3_C2.2,de_lu,2026H1,ensemble,cov50,53.43338815789473
G3_C2.2,de_lu,2026H1,ensemble,cov95,95.66200657894737
G3_C2.2,de_lu,2026H1,ensemble,crps,1732.8575769820497
G3_C2.2,de_lu,2026H1,ensemble,energy_score,19276.434634834168
G3_C2.2,lu,2024,point,rmse,28.520562659206945
G3_C2.2,lu,2024,point,r2,0.9157822746379043
G3_C2.2,lu,2024,point,mae,17.920429095927116
G3_C2.2,lu,2024,point,smape,3.2285198655806258
G3_C2.2,lu,2024,quantile,wis,10.99080428824364
G3_C2.2,lu,2024,quantile,lqs,5.495402144121821
G3_C2.2,lu,2024,quantile,mae_median,17.58862116886966
G3_C2.2,lu,2024,quantile,cov50,48.021971766848814
G3_C2.2,lu,2024,quantile,cov95,94.0061475409836
G3_C2.2,lu,2024,ensemble,wis,10.99080428824364
G3_C2.2,lu,2024,ensemble,lqs,5.495402144121821
G3_C2.2,lu,2024,ensemble,mae_median,17.58862116886966
G3_C2.2,lu,2024,ensemble,cov50,48.021971766848814
G3_C2.2,lu,2024,ensemble,cov95,94.0061475409836
G3_C2.2,lu,2024,ensemble,crps,13.156734501114151
G3_C2.2,lu,2024,ensemble,energy_score,152.106626803737
G3_C2.2,lu,2025,point,rmse,30.007217576257585
G3_C2.2,lu,2025,point,r2,0.9075130752338922
G3_C2.2,lu,2025,point,mae,19.3435837652921
G3_C2.2,lu,2025,point,smape,3.559538021105948
G3_C2.2,lu,2025,quantile,wis,11.838719292668033
G3_C2.2,lu,2025,quantile,lqs,5.9193596463340175
G3_C2.2,lu,2025,quantile,mae_median,19.148496457369035
G3_C2.2,lu,2025,quantile,cov50,48.1763698630137
G3_C2.2,lu,2025,quantile,cov95,94.16381278538812
G3_C2.2,lu,2025,ensemble,wis,11.838719292668033
G3_C2.2,lu,2025,ensemble,lqs,5.9193596463340175
G3_C2.2,lu,2025,ensemble,mae_median,19.148496457369035
G3_C2.2,lu,2025,ensemble,cov50,48.1763698630137
G3_C2.2,lu,2025,ensemble,cov95,94.16381278538812
G3_C2.2,lu,2025,ensemble,crps,14.258642979951297
G3_C2.2,lu,2025,ensemble,energy_score,164.13421611040857
G3_C2.2,lu,2026H1,point,rmse,40.68200677924828
G3_C2.2,lu,2026H1,point,r2,0.8338312080088507
G3_C2.2,lu,2026H1,point,mae,25.68529813802711
G3_C2.2,lu,2026H1,point,smape,4.773110153668639
G3_C2.2,lu,2026H1,quantile,wis,15.867330179391159
G3_C2.2,lu,2026H1,quantile,lqs,7.93366508969558
G3_C2.2,lu,2026H1,quantile,mae_median,25.327377094817447
G3_C2.2,lu,2026H1,quantile,cov50,46.52549342105263
G3_C2.2,lu,2026H1,quantile,cov95,94.03782894736842
G3_C2.2,lu,2026H1,ensemble,wis,15.867330179391159
G3_C2.2,lu,2026H1,ensemble,lqs,7.93366508969558
G3_C2.2,lu,2026H1,ensemble,mae_median,25.327377094817447
G3_C2.2,lu,2026H1,ensemble,cov50,46.52549342105263
G3_C2.2,lu,2026H1,ensemble,cov95,94.03782894736842
G3_C2.2,lu,2026H1,ensemble,crps,19.07735281971376
G3_C2.2,lu,2026H1,ensemble,energy_score,220.71733745928745
G3_C2.2,tennet,2024,point,rmse,814.7223252007124
G3_C2.2,tennet,2024,point,r2,0.9154031085441661
G3_C2.2,tennet,2024,point,mae,522.8984288840584
G3_C2.2,tennet,2024,point,smape,3.322860223515365
G3_C2.2,tennet,2024,quantile,wis,319.08852524825136
G3_C2.2,tennet,2024,quantile,lqs,159.54426262412568
G3_C2.2,tennet,2024,quantile,mae_median,519.2651371590036
G3_C2.2,tennet,2024,quantile,cov50,48.01627959927141
G3_C2.2,tennet,2024,quantile,cov95,94.54121129326047
G3_C2.2,tennet,2024,ensemble,wis,319.08852524825136
G3_C2.2,tennet,2024,ensemble,lqs,159.54426262412568
G3_C2.2,tennet,2024,ensemble,mae_median,519.2651371590036
G3_C2.2,tennet,2024,ensemble,cov50,48.01627959927141
G3_C2.2,tennet,2024,ensemble,cov95,94.54121129326047
G3_C2.2,tennet,2024,ensemble,crps,383.8054597783735
G3_C2.2,tennet,2024,ensemble,energy_score,4433.533172227941
G3_C2.2,tennet,2025,point,rmse,833.6879570212121
G3_C2.2,tennet,2025,point,r2,0.9143572237555255
G3_C2.2,tennet,2025,point,mae,534.9370267841907
G3_C2.2,tennet,2025,point,smape,3.433089920861658
G3_C2.2,tennet,2025,quantile,wis,326.89327715857934
G3_C2.2,tennet,2025,quantile,lqs,163.4466385792897
G3_C2.2,tennet,2025,quantile,mae_median,531.3484325514144
G3_C2.2,tennet,2025,quantile,cov50,46.96061643835616
G3_C2.2,tennet,2025,quantile,cov95,93.22203196347031
G3_C2.2,tennet,2025,ensemble,wis,326.89327715857934
G3_C2.2,tennet,2025,ensemble,lqs,163.4466385792897
G3_C2.2,tennet,2025,ensemble,mae_median,531.3484325514144
G3_C2.2,tennet,2025,ensemble,cov50,46.96061643835616
G3_C2.2,tennet,2025,ensemble,cov95,93.22203196347031
G3_C2.2,tennet,2025,ensemble,crps,392.8786093265235
G3_C2.2,tennet,2025,ensemble,energy_score,4510.377852988147
G3_C2.2,tennet,2026H1,point,rmse,1151.4693260711458
G3_C2.2,tennet,2026H1,point,r2,0.8577485164080793
G3_C2.2,tennet,2026H1,point,mae,769.0222349338517
G3_C2.2,tennet,2026H1,point,smape,5.093376932088796
G3_C2.2,tennet,2026H1,quantile,wis,465.84287223665336
G3_C2.2,tennet,2026H1,quantile,lqs,232.9214361183267
G3_C2.2,tennet,2026H1,quantile,mae_median,761.0136091977839
G3_C2.2,tennet,2026H1,quantile,cov50,42.50274122807017
G3_C2.2,tennet,2026H1,quantile,cov95,92.55071271929825
G3_C2.2,tennet,2026H1,ensemble,wis,465.84287223665336
G3_C2.2,tennet,2026H1,ensemble,lqs,232.9214361183267
G3_C2.2,tennet,2026H1,ensemble,mae_median,761.0136091977839
G3_C2.2,tennet,2026H1,ensemble,cov50,42.50274122807017
G3_C2.2,tennet,2026H1,ensemble,cov95,92.55071271929825
G3_C2.2,tennet,2026H1,ensemble,crps,559.9928260762795
G3_C2.2,tennet,2026H1,ensemble,energy_score,6415.067570529322
G3_C2.2,transnetbw,2024,point,rmse,445.8965384948814
G3_C2.2,transnetbw,2024,point,r2,0.8940689119305876
G3_C2.2,transnetbw,2024,point,mae,271.6508252256872
G3_C2.2,transnetbw,2024,point,smape,4.298959613893898
G3_C2.2,transnetbw,2024,quantile,wis,165.83533613457882
G3_C2.2,transnetbw,2024,quantile,lqs,82.9176680672894
G3_C2.2,transnetbw,2024,quantile,mae_median,266.135277387553
G3_C2.2,transnetbw,2024,quantile,cov50,47.227914389799636
G3_C2.2,transnetbw,2024,quantile,cov95,94.15129781420765
G3_C2.2,transnetbw,2024,ensemble,wis,165.83533613457882
G3_C2.2,transnetbw,2024,ensemble,lqs,82.9176680672894
G3_C2.2,transnetbw,2024,ensemble,mae_median,266.135277387553
G3_C2.2,transnetbw,2024,ensemble,cov50,47.227914389799636
G3_C2.2,transnetbw,2024,ensemble,cov95,94.15129781420765
G3_C2.2,transnetbw,2024,ensemble,crps,198.35826864365143
G3_C2.2,transnetbw,2024,ensemble,energy_score,2284.394128428226
G3_C2.2,transnetbw,2025,point,rmse,445.45212107806236
G3_C2.2,transnetbw,2025,point,r2,0.8954778505929202
G3_C2.2,transnetbw,2025,point,mae,269.74301454052403
G3_C2.2,transnetbw,2025,point,smape,4.297184953647579
G3_C2.2,transnetbw,2025,quantile,wis,165.2280290611266
G3_C2.2,transnetbw,2025,quantile,lqs,82.61401453056328
G3_C2.2,transnetbw,2025,quantile,mae_median,265.31234407995765
G3_C2.2,transnetbw,2025,quantile,cov50,47.457191780821915
G3_C2.2,transnetbw,2025,quantile,cov95,93.37614155251141
G3_C2.2,transnetbw,2025,ensemble,wis,165.2280290611266
G3_C2.2,transnetbw,2025,ensemble,lqs,82.61401453056328
G3_C2.2,transnetbw,2025,ensemble,mae_median,265.31234407995765
G3_C2.2,transnetbw,2025,ensemble,cov50,47.457191780821915
G3_C2.2,transnetbw,2025,ensemble,cov95,93.37614155251141
G3_C2.2,transnetbw,2025,ensemble,crps,197.90794248836602
G3_C2.2,transnetbw,2025,ensemble,energy_score,2287.629071243061
G3_C2.2,transnetbw,2026H1,point,rmse,569.5712138668018
G3_C2.2,transnetbw,2026H1,point,r2,0.8224323157706502
G3_C2.2,transnetbw,2026H1,point,mae,351.134968241482
G3_C2.2,transnetbw,2026H1,point,smape,5.193428315901211
G3_C2.2,transnetbw,2026H1,quantile,wis,217.6357876121186
G3_C2.2,transnetbw,2026H1,quantile,lqs,108.8178938060593
G3_C2.2,transnetbw,2026H1,quantile,mae_median,349.8231042575502
G3_C2.2,transnetbw,2026H1,quantile,cov50,46.765350877192986
G3_C2.2,transnetbw,2026H1,quantile,cov95,92.81798245614034
G3_C2.2,transnetbw,2026H1,ensemble,wis,217.6357876121186
G3_C2.2,transnetbw,2026H1,ensemble,lqs,108.8178938060593
G3_C2.2,transnetbw,2026H1,ensemble,mae_median,349.8231042575502
G3_C2.2,transnetbw,2026H1,ensemble,cov50,46.765350877192986
G3_C2.2,transnetbw,2026H1,ensemble,cov95,92.81798245614034
G3_C2.2,transnetbw,2026H1,ensemble,crps,260.6077913043871
G3_C2.2,transnetbw,2026H1,ensemble,energy_score,2996.796474320223
G3_C2.2,50hertz,overall,point,rmse,879.5801394544814
G3_C2.2,50hertz,overall,point,r2,0.7946079599812235
G3_C2.2,50hertz,overall,point,mae,671.4032353293467
G3_C2.2,50hertz,overall,point,smape,5.811818147361778
G3_C2.2,50hertz,overall,quantile,wis,395.7852617809222
G3_C2.2,50hertz,overall,quantile,lqs,197.89263089046113
G3_C2.2,50hertz,overall,quantile,mae_median,671.5786253116503
G3_C2.2,50hertz,overall,quantile,cov50,45.61155152887883
G3_C2.2,50hertz,overall,quantile,cov95,94.63712721781803
G3_C2.2,50hertz,overall,ensemble,wis,395.7852617809222
G3_C2.2,50hertz,overall,ensemble,lqs,197.89263089046113
G3_C2.2,50hertz,overall,ensemble,mae_median,671.5786253116503
G3_C2.2,50hertz,overall,ensemble,cov50,45.61155152887883
G3_C2.2,50hertz,overall,ensemble,cov95,94.63712721781803
G3_C2.2,50hertz,overall,ensemble,crps,483.628047039783
G3_C2.2,50hertz,overall,ensemble,energy_score,5564.752391865389
G3_C2.2,amprion,overall,point,rmse,1168.7076616454976
G3_C2.2,amprion,overall,point,r2,0.8769820474354217
G3_C2.2,amprion,overall,point,mae,805.8680277563684
G3_C2.2,amprion,overall,point,smape,4.264753972800653
G3_C2.2,amprion,overall,quantile,wis,487.9170503325
G3_C2.2,amprion,overall,quantile,lqs,243.95852516625
G3_C2.2,amprion,overall,quantile,mae_median,800.4629699118734
G3_C2.2,amprion,overall,quantile,cov50,47.82111174027935
G3_C2.2,amprion,overall,quantile,cov95,94.12160249150622
G3_C2.2,amprion,overall,ensemble,wis,487.9170503325
G3_C2.2,amprion,overall,ensemble,lqs,243.95852516625
G3_C2.2,amprion,overall,ensemble,mae_median,800.4629699118734
G3_C2.2,amprion,overall,ensemble,cov50,47.82111174027935
G3_C2.2,amprion,overall,ensemble,cov95,94.12160249150622
G3_C2.2,amprion,overall,ensemble,crps,589.4580072221967
G3_C2.2,amprion,overall,ensemble,energy_score,6852.750653084547
G3_C2.2,de_lu,overall,point,rmse,2959.0699852312005
G3_C2.2,de_lu,overall,point,r2,0.9004409552373358
G3_C2.2,de_lu,overall,point,mae,1932.7033404686044
G3_C2.2,de_lu,overall,point,smape,3.654424566311867
G3_C2.2,de_lu,overall,quantile,wis,1183.4241837884624
G3_C2.2,de_lu,overall,quantile,lqs,591.7120918942312
G3_C2.2,de_lu,overall,quantile,mae_median,1918.504299738864
G3_C2.2,de_lu,overall,quantile,cov50,57.18549452623631
G3_C2.2,de_lu,overall,quantile,cov95,97.04605511513779
G3_C2.2,de_lu,overall,ensemble,wis,1183.4241837884624
G3_C2.2,de_lu,overall,ensemble,lqs,591.7120918942312
G3_C2.2,de_lu,overall,ensemble,mae_median,1918.504299738864
G3_C2.2,de_lu,overall,ensemble,cov50,57.18549452623631
G3_C2.2,de_lu,overall,ensemble,cov95,97.04605511513779
G3_C2.2,de_lu,overall,ensemble,crps,1436.275413504788
G3_C2.2,de_lu,overall,ensemble,energy_score,16161.073341029889
G3_C2.2,lu,overall,point,rmse,31.531943205659253
G3_C2.2,lu,overall,point,r2,0.8981208712984212
G3_C2.2,lu,overall,point,mae,19.845357237169942
G3_C2.2,lu,overall,point,smape,3.6312371368786103
G3_C2.2,lu,overall,quantile,wis,12.180748696023171
G3_C2.2,lu,overall,quantile,lqs,6.0903743480115855
G3_C2.2,lu,overall,quantile,mae_median,19.565569505275473
G3_C2.2,lu,overall,quantile,cov50,47.82818988297471
G3_C2.2,lu,overall,quantile,cov95,94.07677425443563
G3_C2.2,lu,overall,ensemble,wis,12.180748696023171
G3_C2.2,lu,overall,ensemble,lqs,6.0903743480115855
G3_C2.2,lu,overall,ensemble,mae_median,19.565569505275473
G3_C2.2,lu,overall,ensemble,cov50,47.82818988297471
G3_C2.2,lu,overall,ensemble,cov95,94.07677425443563
G3_C2.2,lu,overall,ensemble,crps,14.631401068727628
G3_C2.2,lu,overall,ensemble,energy_score,168.88907087687267
G3_C2.2,tennet,overall,point,rmse,889.196976390751
G3_C2.2,tennet,overall,point,r2,0.9037742009130225
G3_C2.2,tennet,overall,point,mae,570.2426041424014
G3_C2.2,tennet,overall,point,smape,3.673202668854615
G3_C2.2,tennet,overall,quantile,wis,347.57708152175854
G3_C2.2,tennet,overall,quantile,lqs,173.78854076087924
G3_C2.2,tennet,overall,quantile,mae_median,565.874616851104
G3_C2.2,tennet,overall,quantile,cov50,46.63080407701019
G3_C2.2,tennet,overall,quantile,cov95,93.65326538316346
G3_C2.2,tennet,overall,ensemble,wis,347.57708152175854
G3_C2.2,tennet,overall,ensemble,lqs,173.78854076087924
G3_C2.2,tennet,overall,ensemble,mae_median,565.874616851104
G3_C2.2,tennet,overall,ensemble,cov50,46.63080407701019
G3_C2.2,tennet,overall,ensemble,cov95,93.65326538316346
G3_C2.2,tennet,overall,ensemble,crps,417.8849379916877
G3_C2.2,tennet,overall,ensemble,energy_score,4806.400145069714
G3_C2.2,transnetbw,overall,point,rmse,469.3385645549062
G3_C2.2,transnetbw,overall,point,r2,0.8847276066560974
G3_C2.2,transnetbw,overall,point,mae,284.5446404446184
G3_C2.2,transnetbw,overall,point,smape,4.452200261362987
G3_C2.2,transnetbw,overall,quantile,wis,174.50124954655612
G3_C2.2,transnetbw,overall,quantile,lqs,87.25062477327806
G3_C2.2,transnetbw,overall,quantile,mae_median,280.2011653003133
G3_C2.2,transnetbw,overall,quantile,cov50,47.24306342015855
G3_C2.2,transnetbw,overall,quantile,cov95,93.6013590033975
G3_C2.2,transnetbw,overall,ensemble,wis,174.50124954655612
G3_C2.2,transnetbw,overall,ensemble,lqs,87.25062477327806
G3_C2.2,transnetbw,overall,ensemble,mae_median,280.2011653003133
G3_C2.2,transnetbw,overall,ensemble,cov50,47.24306342015855
G3_C2.2,transnetbw,overall,ensemble,cov95,93.6013590033975
G3_C2.2,transnetbw,overall,ensemble,crps,208.88777985288434
G3_C2.2,transnetbw,overall,ensemble,energy_score,2408.364582225506
G3_C2.3,50hertz,2024,point,rmse,840.74253135868
G3_C2.3,50hertz,2024,point,r2,0.7968192187653905
G3_C2.3,50hertz,2024,point,mae,642.9389851489378
G3_C2.3,50hertz,2024,point,smape,5.620268912095307
G3_C2.3,50hertz,2024,quantile,wis,379.5419540361498
G3_C2.3,50hertz,2024,quantile,lqs,189.77097701807492
G3_C2.3,50hertz,2024,quantile,mae_median,643.7503309295042
G3_C2.3,50hertz,2024,quantile,cov50,44.481443533697636
G3_C2.3,50hertz,2024,quantile,cov95,94.46436703096539
G3_C2.3,50hertz,2024,ensemble,wis,379.5419540361498
G3_C2.3,50hertz,2024,ensemble,lqs,189.77097701807492
G3_C2.3,50hertz,2024,ensemble,mae_median,643.7503309295042
G3_C2.3,50hertz,2024,ensemble,cov50,44.481443533697636
G3_C2.3,50hertz,2024,ensemble,cov95,94.46436703096539
G3_C2.3,50hertz,2024,ensemble,crps,463.5728757862488
G3_C2.3,50hertz,2024,ensemble,energy_score,5356.926346480808
G3_C2.3,50hertz,2025,point,rmse,915.8625894690772
G3_C2.3,50hertz,2025,point,r2,0.7635145663181757
G3_C2.3,50hertz,2025,point,mae,707.0551000569184
G3_C2.3,50hertz,2025,point,smape,6.170913636818353
G3_C2.3,50hertz,2025,quantile,wis,416.17088096298426
G3_C2.3,50hertz,2025,quantile,lqs,208.08544048149216
G3_C2.3,50hertz,2025,quantile,mae_median,709.393675228199
G3_C2.3,50hertz,2025,quantile,cov50,46.21860730593607
G3_C2.3,50hertz,2025,quantile,cov95,95.61643835616438
G3_C2.3,50hertz,2025,ensemble,wis,416.17088096298426
G3_C2.3,50hertz,2025,ensemble,lqs,208.08544048149216
G3_C2.3,50hertz,2025,ensemble,mae_median,709.393675228199
G3_C2.3,50hertz,2025,ensemble,cov50,46.21860730593607
G3_C2.3,50hertz,2025,ensemble,cov95,95.61643835616438
G3_C2.3,50hertz,2025,ensemble,crps,509.18751530446576
G3_C2.3,50hertz,2025,ensemble,energy_score,5860.796198793287
G3_C2.3,50hertz,2026H1,point,rmse,943.1212035800246
G3_C2.3,50hertz,2026H1,point,r2,0.8086240719255481
G3_C2.3,50hertz,2026H1,point,mae,699.8467614993012
G3_C2.3,50hertz,2026H1,point,smape,5.856108624479674
G3_C2.3,50hertz,2026H1,quantile,wis,419.077017011542
G3_C2.3,50hertz,2026H1,quantile,lqs,209.53850850577106
G3_C2.3,50hertz,2026H1,quantile,mae_median,700.2942454097814
G3_C2.3,50hertz,2026H1,quantile,cov50,48.218201754385966
G3_C2.3,50hertz,2026H1,quantile,cov95,94.05838815789474
G3_C2.3,50hertz,2026H1,ensemble,wis,419.077017011542
G3_C2.3,50hertz,2026H1,ensemble,lqs,209.53850850577106
G3_C2.3,50hertz,2026H1,ensemble,mae_median,700.2942454097814
G3_C2.3,50hertz,2026H1,ensemble,cov50,48.218201754385966
G3_C2.3,50hertz,2026H1,ensemble,cov95,94.05838815789474
G3_C2.3,50hertz,2026H1,ensemble,crps,511.8989968502071
G3_C2.3,50hertz,2026H1,ensemble,energy_score,5837.319825693446
G3_C2.3,amprion,2024,point,rmse,1233.8584931363946
G3_C2.3,amprion,2024,point,r2,0.8605083733080112
G3_C2.3,amprion,2024,point,mae,849.9860616582836
G3_C2.3,amprion,2024,point,smape,4.6108113400321695
G3_C2.3,amprion,2024,quantile,wis,517.2908882005233
G3_C2.3,amprion,2024,quantile,lqs,258.64544410026167
G3_C2.3,amprion,2024,quantile,mae_median,843.415702827113
G3_C2.3,amprion,2024,quantile,cov50,48.1016621129326
G3_C2.3,amprion,2024,quantile,cov95,94.07160746812386
G3_C2.3,amprion,2024,ensemble,wis,517.2908882005233
G3_C2.3,amprion,2024,ensemble,lqs,258.64544410026167
G3_C2.3,amprion,2024,ensemble,mae_median,843.415702827113
G3_C2.3,amprion,2024,ensemble,cov50,48.1016621129326
G3_C2.3,amprion,2024,ensemble,cov95,94.07160746812386
G3_C2.3,amprion,2024,ensemble,crps,623.9126335475315
G3_C2.3,amprion,2024,ensemble,energy_score,7198.233102645593
G3_C2.3,amprion,2025,point,rmse,1099.5530342019304
G3_C2.3,amprion,2025,point,r2,0.8854037903908791
G3_C2.3,amprion,2025,point,mae,769.0246298758583
G3_C2.3,amprion,2025,point,smape,4.050543431821222
G3_C2.3,amprion,2025,quantile,wis,459.94993799717014
G3_C2.3,amprion,2025,quantile,lqs,229.97496899858515
G3_C2.3,amprion,2025,quantile,mae_median,763.7498982680954
G3_C2.3,amprion,2025,quantile,cov50,50.656392694063925
G3_C2.3,amprion,2025,quantile,cov95,96.02454337899543
G3_C2.3,amprion,2025,ensemble,wis,459.94993799717014
G3_C2.3,amprion,2025,ensemble,lqs,229.97496899858515
G3_C2.3,amprion,2025,ensemble,mae_median,763.7498982680954
G3_C2.3,amprion,2025,ensemble,cov50,50.656392694063925
G3_C2.3,amprion,2025,ensemble,cov95,96.02454337899543
G3_C2.3,amprion,2025,ensemble,crps,559.8625312978384
G3_C2.3,amprion,2025,ensemble,energy_score,6551.8008663054015
G3_C2.3,amprion,2026H1,point,rmse,1333.7855682224208
G3_C2.3,amprion,2026H1,point,r2,0.8484873028374349
G3_C2.3,amprion,2026H1,point,mae,946.2671063479141
G3_C2.3,amprion,2026H1,point,smape,4.797489341025338
G3_C2.3,amprion,2026H1,quantile,wis,575.0955707041464
G3_C2.3,amprion,2026H1,quantile,lqs,287.5477853520733
G3_C2.3,amprion,2026H1,quantile,mae_median,946.695952273656
G3_C2.3,amprion,2026H1,quantile,cov50,48.36211622807017
G3_C2.3,amprion,2026H1,quantile,cov95,93.21546052631578
G3_C2.3,amprion,2026H1,ensemble,wis,575.0955707041464
G3_C2.3,amprion,2026H1,ensemble,lqs,287.5477853520733
G3_C2.3,amprion,2026H1,ensemble,mae_median,946.695952273656
G3_C2.3,amprion,2026H1,ensemble,cov50,48.36211622807017
G3_C2.3,amprion,2026H1,ensemble,cov95,93.21546052631578
G3_C2.3,amprion,2026H1,ensemble,crps,694.7884088046223
G3_C2.3,amprion,2026H1,ensemble,energy_score,7985.574192355684
G3_C2.3,de_lu,2024,point,rmse,2977.3804783493233
G3_C2.3,de_lu,2024,point,r2,0.8959694667837212
G3_C2.3,de_lu,2024,point,mae,1976.3003148301123
G3_C2.3,de_lu,2024,point,smape,3.766721079229021
G3_C2.3,de_lu,2024,quantile,wis,1209.031672833697
G3_C2.3,de_lu,2024,quantile,lqs,604.5158364168485
G3_C2.3,de_lu,2024,quantile,mae_median,1963.5917144307905
G3_C2.3,de_lu,2024,quantile,cov50,56.27846083788707
G3_C2.3,de_lu,2024,quantile,cov95,97.2165300546448
G3_C2.3,de_lu,2024,ensemble,wis,1209.031672833697
G3_C2.3,de_lu,2024,ensemble,lqs,604.5158364168485
G3_C2.3,de_lu,2024,ensemble,mae_median,1963.5917144307905
G3_C2.3,de_lu,2024,ensemble,cov50,56.27846083788707
G3_C2.3,de_lu,2024,ensemble,cov95,97.2165300546448
G3_C2.3,de_lu,2024,ensemble,crps,1465.9412672390079
G3_C2.3,de_lu,2024,ensemble,energy_score,16471.786868927462
G3_C2.3,de_lu,2025,point,rmse,2879.8309602330255
G3_C2.3,de_lu,2025,point,r2,0.9031652127097263
G3_C2.3,de_lu,2025,point,mae,1934.5212929664465
G3_C2.3,de_lu,2025,point,smape,3.6728938420365482
G3_C2.3,de_lu,2025,quantile,wis,1175.7117477768288
G3_C2.3,de_lu,2025,quantile,lqs,587.8558738884144
G3_C2.3,de_lu,2025,quantile,mae_median,1918.0756400586472
G3_C2.3,de_lu,2025,quantile,cov50,58.82134703196347
G3_C2.3,de_lu,2025,quantile,cov95,97.78538812785388
G3_C2.3,de_lu,2025,ensemble,wis,1175.7117477768288
G3_C2.3,de_lu,2025,ensemble,lqs,587.8558738884144
G3_C2.3,de_lu,2025,ensemble,mae_median,1918.0756400586472
G3_C2.3,de_lu,2025,ensemble,cov50,58.82134703196347
G3_C2.3,de_lu,2025,ensemble,cov95,97.78538812785388
G3_C2.3,de_lu,2025,ensemble,crps,1434.484121448359
G3_C2.3,de_lu,2025,ensemble,energy_score,16180.259476989671
G3_C2.3,de_lu,2026H1,point,rmse,3577.699976880311
G3_C2.3,de_lu,2026H1,point,r2,0.8660715836708507
G3_C2.3,de_lu,2026H1,point,mae,2409.4348942280035
G3_C2.3,de_lu,2026H1,point,smape,4.452352841083765
G3_C2.3,de_lu,2026H1,quantile,wis,1469.5656239841294
G3_C2.3,de_lu,2026H1,quantile,lqs,734.7828119920648
G3_C2.3,de_lu,2026H1,quantile,mae_median,2395.906304740303
G3_C2.3,de_lu,2026H1,quantile,cov50,57.26425438596491
G3_C2.3,de_lu,2026H1,quantile,cov95,95.99780701754386
G3_C2.3,de_lu,2026H1,ensemble,wis,1469.5656239841294
G3_C2.3,de_lu,2026H1,ensemble,lqs,734.7828119920648
G3_C2.3,de_lu,2026H1,ensemble,mae_median,2395.906304740303
G3_C2.3,de_lu,2026H1,ensemble,cov50,57.26425438596491
G3_C2.3,de_lu,2026H1,ensemble,cov95,95.99780701754386
G3_C2.3,de_lu,2026H1,ensemble,crps,1783.7928532768733
G3_C2.3,de_lu,2026H1,ensemble,energy_score,19888.26438848178
G3_C2.3,lu,2024,point,rmse,29.521738776389856
G3_C2.3,lu,2024,point,r2,0.9097657952310119
G3_C2.3,lu,2024,point,mae,18.720219224594796
G3_C2.3,lu,2024,point,smape,3.374456823134951
G3_C2.3,lu,2024,quantile,wis,11.476880485249957
G3_C2.3,lu,2024,quantile,lqs,5.738440242624978
G3_C2.3,lu,2024,quantile,mae_median,18.364101879376967
G3_C2.3,lu,2024,quantile,cov50,49.621470856102
G3_C2.3,lu,2024,quantile,cov95,94.5952868852459
G3_C2.3,lu,2024,ensemble,wis,11.476880485249957
G3_C2.3,lu,2024,ensemble,lqs,5.738440242624978
G3_C2.3,lu,2024,ensemble,mae_median,18.364101879376967
G3_C2.3,lu,2024,ensemble,cov50,49.621470856102
G3_C2.3,lu,2024,ensemble,cov95,94.5952868852459
G3_C2.3,lu,2024,ensemble,crps,13.757396506463591
G3_C2.3,lu,2024,ensemble,energy_score,158.4336956027344
G3_C2.3,lu,2025,point,rmse,31.059775789355278
G3_C2.3,lu,2025,point,r2,0.9009109836117166
G3_C2.3,lu,2025,point,mae,20.276084799546364
G3_C2.3,lu,2025,point,smape,3.7241639773347393
G3_C2.3,lu,2025,quantile,wis,12.4433435172054
G3_C2.3,lu,2025,quantile,lqs,6.221671758602701
G3_C2.3,lu,2025,quantile,mae_median,20.110422610118295
G3_C2.3,lu,2025,quantile,cov50,50.52511415525114
G3_C2.3,lu,2025,quantile,cov95,94.91152968036529
G3_C2.3,lu,2025,ensemble,wis,12.4433435172054
G3_C2.3,lu,2025,ensemble,lqs,6.221671758602701
G3_C2.3,lu,2025,ensemble,mae_median,20.110422610118295
G3_C2.3,lu,2025,ensemble,cov50,50.52511415525114
G3_C2.3,lu,2025,ensemble,cov95,94.91152968036529
G3_C2.3,lu,2025,ensemble,crps,15.019730107104344
G3_C2.3,lu,2025,ensemble,energy_score,172.58300231207903
G3_C2.3,lu,2026H1,point,rmse,40.626622476073806
G3_C2.3,lu,2026H1,point,r2,0.8342833429413707
G3_C2.3,lu,2026H1,point,mae,26.592922275847393
G3_C2.3,lu,2026H1,point,smape,4.925264141087145
G3_C2.3,lu,2026H1,quantile,wis,16.487163526062144
G3_C2.3,lu,2026H1,quantile,lqs,8.243581763031074
G3_C2.3,lu,2026H1,quantile,mae_median,26.386995824849585
G3_C2.3,lu,2026H1,quantile,cov50,48.23190789473684
G3_C2.3,lu,2026H1,quantile,cov95,94.90131578947368
G3_C2.3,lu,2026H1,ensemble,wis,16.487163526062144
G3_C2.3,lu,2026H1,ensemble,lqs,8.243581763031074
G3_C2.3,lu,2026H1,ensemble,mae_median,26.386995824849585
G3_C2.3,lu,2026H1,ensemble,cov50,48.23190789473684
G3_C2.3,lu,2026H1,ensemble,cov95,94.90131578947368
G3_C2.3,lu,2026H1,ensemble,crps,19.79140614721717
G3_C2.3,lu,2026H1,ensemble,energy_score,228.94304540422317
G3_C2.3,tennet,2024,point,rmse,851.7587555106138
G3_C2.3,tennet,2024,point,r2,0.907536914060673
G3_C2.3,tennet,2024,point,mae,560.2336161184397
G3_C2.3,tennet,2024,point,smape,3.564287733029163
G3_C2.3,tennet,2024,quantile,wis,338.8668181176802
G3_C2.3,tennet,2024,quantile,lqs,169.4334090588401
G3_C2.3,tennet,2024,quantile,mae_median,556.8021347840801
G3_C2.3,tennet,2024,quantile,cov50,47.563752276867035
G3_C2.3,tennet,2024,quantile,cov95,94.96812386156648
G3_C2.3,tennet,2024,ensemble,wis,338.8668181176802
G3_C2.3,tennet,2024,ensemble,lqs,169.4334090588401
G3_C2.3,tennet,2024,ensemble,mae_median,556.8021347840801
G3_C2.3,tennet,2024,ensemble,cov50,47.563752276867035
G3_C2.3,tennet,2024,ensemble,cov95,94.96812386156648
G3_C2.3,tennet,2024,ensemble,crps,407.96901741258847
G3_C2.3,tennet,2024,ensemble,energy_score,4695.197272906567
G3_C2.3,tennet,2025,point,rmse,853.1840171578779
G3_C2.3,tennet,2025,point,r2,0.9103048204595641
G3_C2.3,tennet,2025,point,mae,563.3508426062656
G3_C2.3,tennet,2025,point,smape,3.616856766408158
G3_C2.3,tennet,2025,quantile,wis,341.2817130243757
G3_C2.3,tennet,2025,quantile,lqs,170.6408565121878
G3_C2.3,tennet,2025,quantile,mae_median,559.5965374971015
G3_C2.3,tennet,2025,quantile,cov50,49.08675799086758
G3_C2.3,tennet,2025,quantile,cov95,94.94006849315069
G3_C2.3,tennet,2025,ensemble,wis,341.2817130243757
G3_C2.3,tennet,2025,ensemble,lqs,170.6408565121878
G3_C2.3,tennet,2025,ensemble,mae_median,559.5965374971015
G3_C2.3,tennet,2025,ensemble,cov50,49.08675799086758
G3_C2.3,tennet,2025,ensemble,cov95,94.94006849315069
G3_C2.3,tennet,2025,ensemble,crps,411.79816017488736
G3_C2.3,tennet,2025,ensemble,energy_score,4720.654245323491
G3_C2.3,tennet,2026H1,point,rmse,1169.1716084284362
G3_C2.3,tennet,2026H1,point,r2,0.8533410473698895
G3_C2.3,tennet,2026H1,point,mae,794.4995504753987
G3_C2.3,tennet,2026H1,point,smape,5.233815807046605
G3_C2.3,tennet,2026H1,quantile,wis,481.0555047095717
G3_C2.3,tennet,2026H1,quantile,lqs,240.52775235478583
G3_C2.3,tennet,2026H1,quantile,mae_median,785.758248868708
G3_C2.3,tennet,2026H1,quantile,cov50,47.30674342105263
G3_C2.3,tennet,2026H1,quantile,cov95,93.32510964912281
G3_C2.3,tennet,2026H1,ensemble,wis,481.0555047095717
G3_C2.3,tennet,2026H1,ensemble,lqs,240.52775235478583
G3_C2.3,tennet,2026H1,ensemble,mae_median,785.758248868708
G3_C2.3,tennet,2026H1,ensemble,cov50,47.30674342105263
G3_C2.3,tennet,2026H1,ensemble,cov95,93.32510964912281
G3_C2.3,tennet,2026H1,ensemble,crps,579.922453497175
G3_C2.3,tennet,2026H1,ensemble,energy_score,6660.130689692207
G3_C2.3,transnetbw,2024,point,rmse,461.5067688219601
G3_C2.3,transnetbw,2024,point,r2,0.886522076143005
G3_C2.3,transnetbw,2024,point,mae,286.422610877953
G3_C2.3,transnetbw,2024,point,smape,4.537814385398553
G3_C2.3,transnetbw,2024,quantile,wis,174.02045847314997
G3_C2.3,transnetbw,2024,quantile,lqs,87.010229236575
G3_C2.3,transnetbw,2024,quantile,mae_median,281.02023670550903
G3_C2.3,transnetbw,2024,quantile,cov50,48.767645719489984
G3_C2.3,transnetbw,2024,quantile,cov95,94.58105646630237
G3_C2.3,transnetbw,2024,ensemble,wis,174.02045847314997
G3_C2.3,transnetbw,2024,ensemble,lqs,87.010229236575
G3_C2.3,transnetbw,2024,ensemble,mae_median,281.02023670550903
G3_C2.3,transnetbw,2024,ensemble,cov50,48.767645719489984
G3_C2.3,transnetbw,2024,ensemble,cov95,94.58105646630237
G3_C2.3,transnetbw,2024,ensemble,crps,208.85048767816326
G3_C2.3,transnetbw,2024,ensemble,energy_score,2396.7717142275983
G3_C2.3,transnetbw,2025,point,rmse,447.6506717147032
G3_C2.3,transnetbw,2025,point,r2,0.8944435561538487
G3_C2.3,transnetbw,2025,point,mae,279.08958140669006
G3_C2.3,transnetbw,2025,point,smape,4.451117964611143
G3_C2.3,transnetbw,2025,quantile,wis,169.9717121399751
G3_C2.3,transnetbw,2025,quantile,lqs,84.98585606998753
G3_C2.3,transnetbw,2025,quantile,mae_median,275.0369715158123
G3_C2.3,transnetbw,2025,quantile,cov50,50.1027397260274
G3_C2.3,transnetbw,2025,quantile,cov95,94.77739726027397
G3_C2.3,transnetbw,2025,ensemble,wis,169.9717121399751
G3_C2.3,transnetbw,2025,ensemble,lqs,84.98585606998753
G3_C2.3,transnetbw,2025,ensemble,mae_median,275.0369715158123
G3_C2.3,transnetbw,2025,ensemble,cov50,50.1027397260274
G3_C2.3,transnetbw,2025,ensemble,cov95,94.77739726027397
G3_C2.3,transnetbw,2025,ensemble,crps,204.36453612136864
G3_C2.3,transnetbw,2025,ensemble,energy_score,2362.8706814159286
G3_C2.3,transnetbw,2026H1,point,rmse,577.1394710250469
G3_C2.3,transnetbw,2026H1,point,r2,0.8176820533028284
G3_C2.3,transnetbw,2026H1,point,mae,358.88362493830834
G3_C2.3,transnetbw,2026H1,point,smape,5.286097066499374
G3_C2.3,transnetbw,2026H1,quantile,wis,224.01988174041617
G3_C2.3,transnetbw,2026H1,quantile,lqs,112.00994087020808
G3_C2.3,transnetbw,2026H1,quantile,mae_median,356.17652968209245
G3_C2.3,transnetbw,2026H1,quantile,cov50,50.18503289473685
G3_C2.3,transnetbw,2026H1,quantile,cov95,93.18119517543859
G3_C2.3,transnetbw,2026H1,ensemble,wis,224.01988174041617
G3_C2.3,transnetbw,2026H1,ensemble,lqs,112.00994087020808
G3_C2.3,transnetbw,2026H1,ensemble,mae_median,356.17652968209245
G3_C2.3,transnetbw,2026H1,ensemble,cov50,50.18503289473685
G3_C2.3,transnetbw,2026H1,ensemble,cov95,93.18119517543859
G3_C2.3,transnetbw,2026H1,ensemble,crps,268.3885433629967
G3_C2.3,transnetbw,2026H1,ensemble,energy_score,3077.832642155605
G3_C2.3,50hertz,overall,point,rmse,890.4110599716159
G3_C2.3,50hertz,overall,point,r2,0.789518528697164
G3_C2.3,50hertz,overall,point,mae,679.2383780670218
G3_C2.3,50hertz,overall,point,smape,5.888482910743479
G3_C2.3,50hertz,overall,quantile,wis,401.48859945014095
G3_C2.3,50hertz,overall,quantile,lqs,200.7442997250705
G3_C2.3,50hertz,overall,quantile,mae_median,680.6183894459547
G3_C2.3,50hertz,overall,quantile,cov50,45.84277085692714
G3_C2.3,50hertz,overall,quantile,cov95,94.87070592676481
G3_C2.3,50hertz,overall,ensemble,wis,401.48859945014095
G3_C2.3,50hertz,overall,ensemble,lqs,200.7442997250705
G3_C2.3,50hertz,overall,ensemble,mae_median,680.6183894459547
G3_C2.3,50hertz,overall,ensemble,cov50,45.84277085692714
G3_C2.3,50hertz,overall,ensemble,cov95,94.87070592676481
G3_C2.3,50hertz,overall,ensemble,crps,490.7471836298172
G3_C2.3,50hertz,overall,ensemble,energy_score,5647.902909260396
G3_C2.3,amprion,overall,point,rmse,1198.7619134249417
G3_C2.3,amprion,overall,point,r2,0.8705736853951893
G3_C2.3,amprion,overall,point,mae,833.0934186143863
G3_C2.3,amprion,overall,point,smape,4.411351849266558
G3_C2.3,amprion,overall,quantile,wis,503.53875333792627
G3_C2.3,amprion,overall,quantile,lqs,251.7693766689631
G3_C2.3,amprion,overall,quantile,mae_median,828.2634709492341
G3_C2.3,amprion,overall,quantile,cov50,49.20252925632314
G3_C2.3,amprion,overall,quantile,cov95,94.73150245375614
G3_C2.3,amprion,overall,ensemble,wis,503.53875333792627
G3_C2.3,amprion,overall,ensemble,lqs,251.7693766689631
G3_C2.3,amprion,overall,ensemble,mae_median,828.2634709492341
G3_C2.3,amprion,overall,ensemble,cov50,49.20252925632314
G3_C2.3,amprion,overall,ensemble,cov95,94.73150245375614
G3_C2.3,amprion,overall,ensemble,crps,609.637243420623
G3_C2.3,amprion,overall,ensemble,energy_score,7066.554823338416
G3_C2.3,de_lu,overall,point,rmse,3050.575174747776
G3_C2.3,de_lu,overall,point,r2,0.8941882954061329
G3_C2.3,de_lu,overall,point,mae,2033.5903636276678
G3_C2.3,de_lu,overall,point,smape,3.845961267481194
G3_C2.3,de_lu,overall,quantile,wis,1240.1068573513742
G3_C2.3,de_lu,overall,quantile,lqs,620.0534286756871
G3_C2.3,de_lu,overall,quantile,mae_median,2019.1958487243505
G3_C2.3,de_lu,overall,quantile,cov50,57.49929218573047
G3_C2.3,de_lu,overall,quantile,cov95,97.24188372970931
G3_C2.3,de_lu,overall,ensemble,wis,1240.1068573513742
G3_C2.3,de_lu,overall,ensemble,lqs,620.0534286756871
G3_C2.3,de_lu,overall,ensemble,mae_median,2019.1958487243505
G3_C2.3,de_lu,overall,ensemble,cov50,57.49929218573047
G3_C2.3,de_lu,overall,ensemble,cov95,97.24188372970931
G3_C2.3,de_lu,overall,ensemble,crps,1507.6531391123588
G3_C2.3,de_lu,overall,ensemble,energy_score,16939.39398661145
G3_C2.3,lu,overall,point,rmse,32.313223968687865
G3_C2.3,lu,overall,point,r2,0.8930097179594367
G3_C2.3,lu,overall,point,mae,20.71856780743479
G3_C2.3,lu,overall,point,smape,3.785969647157212
G3_C2.3,lu,overall,quantile,wis,12.738853337874177
G3_C2.3,lu,overall,quantile,lqs,6.369426668937091
G3_C2.3,lu,overall,quantile,mae_median,20.467031603535993
G3_C2.3,lu,overall,quantile,cov50,49.75580407701019
G3_C2.3,lu,overall,quantile,cov95,94.77869007172518
G3_C2.3,lu,overall,ensemble,wis,12.738853337874177
G3_C2.3,lu,overall,ensemble,lqs,6.369426668937091
G3_C2.3,lu,overall,ensemble,mae_median,20.467031603535993
G3_C2.3,lu,overall,ensemble,cov50,49.75580407701019
G3_C2.3,lu,overall,ensemble,cov95,94.77869007172518
G3_C2.3,lu,overall,ensemble,crps,15.31789620026701
G3_C2.3,lu,overall,ensemble,energy_score,176.42001283799723
G3_C2.3,tennet,overall,point,rmse,914.833451102122
G3_C2.3,tennet,overall,point,r2,0.898145635277244
G3_C2.3,tennet,overall,point,mae,601.8488026306869
G3_C2.3,tennet,overall,point,smape,3.8734111355591563
G3_C2.3,tennet,overall,quantile,wis,364.3414693101053
G3_C2.3,tennet,overall,quantile,lqs,182.17073465505263
G3_C2.3,tennet,overall,quantile,mae_median,597.3698429733397
G3_C2.3,tennet,overall,quantile,cov50,48.14906568516421
G3_C2.3,tennet,overall,quantile,cov95,94.67369762174405
G3_C2.3,tennet,overall,ensemble,wis,364.3414693101053
G3_C2.3,tennet,overall,ensemble,lqs,182.17073465505263
G3_C2.3,tennet,overall,ensemble,mae_median,597.3698429733397
G3_C2.3,tennet,overall,ensemble,cov50,48.14906568516421
G3_C2.3,tennet,overall,ensemble,cov95,94.67369762174405
G3_C2.3,tennet,overall,ensemble,crps,439.15198388268607
G3_C2.3,tennet,overall,ensemble,energy_score,5043.964740951408
G3_C2.3,transnetbw,overall,point,rmse,477.9702100484326
G3_C2.3,transnetbw,overall,point,r2,0.8804486490452836
G3_C2.3,transnetbw,overall,point,mae,295.86487404914556
G3_C2.3,transnetbw,overall,point,smape,4.6307869493169225
G3_C2.3,transnetbw,overall,quantile,wis,180.95377662152555
G3_C2.3,transnetbw,overall,quantile,lqs,90.47688831076277
G3_C2.3,transnetbw,overall,quantile,mae_median,291.48440968195456
G3_C2.3,transnetbw,overall,quantile,cov50,49.56351453378633
G3_C2.3,transnetbw,overall,quantile,cov95,94.42124386560965
G3_C2.3,transnetbw,overall,ensemble,wis,180.95377662152555
G3_C2.3,transnetbw,overall,ensemble,lqs,90.47688831076277
G3_C2.3,transnetbw,overall,ensemble,mae_median,291.48440968195456
G3_C2.3,transnetbw,overall,ensemble,cov50,49.56351453378633
G3_C2.3,transnetbw,overall,ensemble,cov95,94.42124386560965
G3_C2.3,transnetbw,overall,ensemble,crps,217.24506541979935
G3_C2.3,transnetbw,overall,ensemble,energy_score,2499.996384747188
G3_C3.1,50hertz,2024,point,rmse,862.6533079653118
G3_C3.1,50hertz,2024,point,r2,0.7860909426382986
G3_C3.1,50hertz,2024,point,mae,668.5735975784222
G3_C3.1,50hertz,2024,point,smape,5.853919347720512
G3_C3.1,50hertz,2024,quantile,wis,394.89160277611575
G3_C3.1,50hertz,2024,quantile,lqs,197.44580138805784
G3_C3.1,50hertz,2024,quantile,mae_median,665.7851801037397
G3_C3.1,50hertz,2024,quantile,cov50,50.76559653916212
G3_C3.1,50hertz,2024,quantile,cov95,97.31898907103826
G3_C3.1,50hertz,2024,ensemble,wis,394.89160277611575
G3_C3.1,50hertz,2024,ensemble,lqs,197.44580138805784
G3_C3.1,50hertz,2024,ensemble,mae_median,665.7851801037397
G3_C3.1,50hertz,2024,ensemble,cov50,50.76559653916212
G3_C3.1,50hertz,2024,ensemble,cov95,97.31898907103826
G3_C3.1,50hertz,2024,ensemble,crps,484.39679787360876
G3_C3.1,50hertz,2024,ensemble,energy_score,5535.534561279864
G3_C3.1,50hertz,2025,point,rmse,953.0523164906674
G3_C3.1,50hertz,2025,point,r2,0.7439190696887152
G3_C3.1,50hertz,2025,point,mae,760.3839569683382
G3_C3.1,50hertz,2025,point,smape,6.606456443411121
G3_C3.1,50hertz,2025,quantile,wis,441.4569083332218
G3_C3.1,50hertz,2025,quantile,lqs,220.72845416661093
G3_C3.1,50hertz,2025,quantile,mae_median,754.8487544249651
G3_C3.1,50hertz,2025,quantile,cov50,48.242009132420094
G3_C3.1,50hertz,2025,quantile,cov95,97.78824200913242
G3_C3.1,50hertz,2025,ensemble,wis,441.4569083332218
G3_C3.1,50hertz,2025,ensemble,lqs,220.72845416661093
G3_C3.1,50hertz,2025,ensemble,mae_median,754.8487544249651
G3_C3.1,50hertz,2025,ensemble,cov50,48.242009132420094
G3_C3.1,50hertz,2025,ensemble,cov95,97.78824200913242
G3_C3.1,50hertz,2025,ensemble,crps,541.2864043446377
G3_C3.1,50hertz,2025,ensemble,energy_score,6152.241917250529
G3_C3.1,50hertz,2026H1,point,rmse,973.9706682855046
G3_C3.1,50hertz,2026H1,point,r2,0.7958995096819393
G3_C3.1,50hertz,2026H1,point,mae,722.6123293926905
G3_C3.1,50hertz,2026H1,point,smape,6.021470438267341
G3_C3.1,50hertz,2026H1,quantile,wis,432.9781152017024
G3_C3.1,50hertz,2026H1,quantile,lqs,216.48905760085123
G3_C3.1,50hertz,2026H1,quantile,mae_median,715.481395924083
G3_C3.1,50hertz,2026H1,quantile,cov50,56.92160087719298
G3_C3.1,50hertz,2026H1,quantile,cov95,97.40953947368422
G3_C3.1,50hertz,2026H1,ensemble,wis,432.9781152017024
G3_C3.1,50hertz,2026H1,ensemble,lqs,216.48905760085123
G3_C3.1,50hertz,2026H1,ensemble,mae_median,715.481395924083
G3_C3.1,50hertz,2026H1,ensemble,cov50,56.92160087719298
G3_C3.1,50hertz,2026H1,ensemble,cov95,97.40953947368422
G3_C3.1,50hertz,2026H1,ensemble,crps,532.8037577733263
G3_C3.1,50hertz,2026H1,ensemble,energy_score,5989.575441726772
G3_C3.1,amprion,2024,point,rmse,1190.1623605300952
G3_C3.1,amprion,2024,point,r2,0.8702134010603518
G3_C3.1,amprion,2024,point,mae,801.6757316467136
G3_C3.1,amprion,2024,point,smape,4.354175972777641
G3_C3.1,amprion,2024,quantile,wis,491.8014453175669
G3_C3.1,amprion,2024,quantile,lqs,245.90072265878342
G3_C3.1,amprion,2024,quantile,mae_median,784.5991843912672
G3_C3.1,amprion,2024,quantile,cov50,57.855191256830594
G3_C3.1,amprion,2024,quantile,cov95,96.64162112932605
G3_C3.1,amprion,2024,ensemble,wis,491.8014453175669
G3_C3.1,amprion,2024,ensemble,lqs,245.90072265878342
G3_C3.1,amprion,2024,ensemble,mae_median,784.5991843912672
G3_C3.1,amprion,2024,ensemble,cov50,57.855191256830594
G3_C3.1,amprion,2024,ensemble,cov95,96.64162112932605
G3_C3.1,amprion,2024,ensemble,crps,597.1817423896268
G3_C3.1,amprion,2024,ensemble,energy_score,6892.3891056949715
G3_C3.1,amprion,2025,point,rmse,1050.20171124092
G3_C3.1,amprion,2025,point,r2,0.895459798296062
G3_C3.1,amprion,2025,point,mae,740.7858305225232
G3_C3.1,amprion,2025,point,smape,3.8849008332436235
G3_C3.1,amprion,2025,quantile,wis,443.92389696721585
G3_C3.1,amprion,2025,quantile,lqs,221.96194848360793
G3_C3.1,amprion,2025,quantile,mae_median,722.9227569268514
G3_C3.1,amprion,2025,quantile,cov50,57.716894977168955
G3_C3.1,amprion,2025,quantile,cov95,97.80536529680364
G3_C3.1,amprion,2025,ensemble,wis,443.92389696721585
G3_C3.1,amprion,2025,ensemble,lqs,221.96194848360793
G3_C3.1,amprion,2025,ensemble,mae_median,722.9227569268514
G3_C3.1,amprion,2025,ensemble,cov50,57.716894977168955
G3_C3.1,amprion,2025,ensemble,cov95,97.80536529680364
G3_C3.1,amprion,2025,ensemble,crps,542.6162139480173
G3_C3.1,amprion,2025,ensemble,energy_score,6362.167712404121
G3_C3.1,amprion,2026H1,point,rmse,1336.626831861208
G3_C3.1,amprion,2026H1,point,r2,0.8478411029606177
G3_C3.1,amprion,2026H1,point,mae,943.2873473465606
G3_C3.1,amprion,2026H1,point,smape,4.785964864583334
G3_C3.1,amprion,2026H1,quantile,wis,571.5567692990857
G3_C3.1,amprion,2026H1,quantile,lqs,285.77838464954283
G3_C3.1,amprion,2026H1,quantile,mae_median,939.7129341218005
G3_C3.1,amprion,2026H1,quantile,cov50,57.648026315789465
G3_C3.1,amprion,2026H1,quantile,cov95,97.54660087719299
G3_C3.1,amprion,2026H1,ensemble,wis,571.5567692990857
G3_C3.1,amprion,2026H1,ensemble,lqs,285.77838464954283
G3_C3.1,amprion,2026H1,ensemble,mae_median,939.7129341218005
G3_C3.1,amprion,2026H1,ensemble,cov50,57.648026315789465
G3_C3.1,amprion,2026H1,ensemble,cov95,97.54660087719299
G3_C3.1,amprion,2026H1,ensemble,crps,699.8887787169431
G3_C3.1,amprion,2026H1,ensemble,energy_score,7982.950868718174
G3_C3.1,de_lu,2024,point,rmse,2862.682797916734
G3_C3.1,de_lu,2024,point,r2,0.903830223206556
G3_C3.1,de_lu,2024,point,mae,1882.6045319989057
G3_C3.1,de_lu,2024,point,smape,3.584772624125139
G3_C3.1,de_lu,2024,quantile,wis,1176.639938294173
G3_C3.1,de_lu,2024,quantile,lqs,588.3199691470867
G3_C3.1,de_lu,2024,quantile,mae_median,1839.1331293414592
G3_C3.1,de_lu,2024,quantile,cov50,65.7957650273224
G3_C3.1,de_lu,2024,quantile,cov95,98.11589253187614
G3_C3.1,de_lu,2024,ensemble,wis,1176.639938294173
G3_C3.1,de_lu,2024,ensemble,lqs,588.3199691470867
G3_C3.1,de_lu,2024,ensemble,mae_median,1839.1331293414592
G3_C3.1,de_lu,2024,ensemble,cov50,65.7957650273224
G3_C3.1,de_lu,2024,ensemble,cov95,98.11589253187614
G3_C3.1,de_lu,2024,ensemble,crps,1436.40731381692
G3_C3.1,de_lu,2024,ensemble,energy_score,16142.187067725778
G3_C3.1,de_lu,2025,point,rmse,2772.6585648270484
G3_C3.1,de_lu,2025,point,r2,0.9102384807203174
G3_C3.1,de_lu,2025,point,mae,1909.0746227372474
G3_C3.1,de_lu,2025,point,smape,3.6027619249453164
G3_C3.1,de_lu,2025,quantile,wis,1168.2160871225014
G3_C3.1,de_lu,2025,quantile,lqs,584.1080435612507
G3_C3.1,de_lu,2025,quantile,mae_median,1858.570390055615
G3_C3.1,de_lu,2025,quantile,cov50,65.35388127853882
G3_C3.1,de_lu,2025,quantile,cov95,98.76997716894978
G3_C3.1,de_lu,2025,ensemble,wis,1168.2160871225014
G3_C3.1,de_lu,2025,ensemble,lqs,584.1080435612507
G3_C3.1,de_lu,2025,ensemble,mae_median,1858.570390055615
G3_C3.1,de_lu,2025,ensemble,cov50,65.35388127853882
G3_C3.1,de_lu,2025,ensemble,cov95,98.76997716894978
G3_C3.1,de_lu,2025,ensemble,crps,1428.084753564651
G3_C3.1,de_lu,2025,ensemble,energy_score,16168.091404521221
G3_C3.1,de_lu,2026H1,point,rmse,3566.1732488588705
G3_C3.1,de_lu,2026H1,point,r2,0.8669331816705517
G3_C3.1,de_lu,2026H1,point,mae,2392.4413865849765
G3_C3.1,de_lu,2026H1,point,smape,4.412746466202735
G3_C3.1,de_lu,2026H1,quantile,wis,1475.0585082673315
G3_C3.1,de_lu,2026H1,quantile,lqs,737.5292541336659
G3_C3.1,de_lu,2026H1,quantile,mae_median,2365.504197678317
G3_C3.1,de_lu,2026H1,quantile,cov50,66.7420504385965
G3_C3.1,de_lu,2026H1,quantile,cov95,98.2798793859649
G3_C3.1,de_lu,2026H1,ensemble,wis,1475.0585082673315
G3_C3.1,de_lu,2026H1,ensemble,lqs,737.5292541336659
G3_C3.1,de_lu,2026H1,ensemble,mae_median,2365.504197678317
G3_C3.1,de_lu,2026H1,ensemble,cov50,66.7420504385965
G3_C3.1,de_lu,2026H1,ensemble,cov95,98.2798793859649
G3_C3.1,de_lu,2026H1,ensemble,crps,1813.4276746637474
G3_C3.1,de_lu,2026H1,ensemble,energy_score,20230.040546302444
G3_C3.1,lu,2024,point,rmse,29.336340997249604
G3_C3.1,lu,2024,point,r2,0.9108955858020628
G3_C3.1,lu,2024,point,mae,18.63350224167248
G3_C3.1,lu,2024,point,smape,3.3728629568854966
G3_C3.1,lu,2024,quantile,wis,11.353482201406516
G3_C3.1,lu,2024,quantile,lqs,5.676741100703258
G3_C3.1,lu,2024,quantile,mae_median,18.246935905532975
G3_C3.1,lu,2024,quantile,cov50,53.09369307832422
G3_C3.1,lu,2024,quantile,cov95,96.03255919854281
G3_C3.1,lu,2024,ensemble,wis,11.353482201406516
G3_C3.1,lu,2024,ensemble,lqs,5.676741100703258
G3_C3.1,lu,2024,ensemble,mae_median,18.246935905532975
G3_C3.1,lu,2024,ensemble,cov50,53.09369307832422
G3_C3.1,lu,2024,ensemble,cov95,96.03255919854281
G3_C3.1,lu,2024,ensemble,crps,13.741962004625671
G3_C3.1,lu,2024,ensemble,energy_score,157.50969361625633
G3_C3.1,lu,2025,point,rmse,29.514050533260804
G3_C3.1,lu,2025,point,r2,0.9105281293127606
G3_C3.1,lu,2025,point,mae,19.838175370495943
G3_C3.1,lu,2025,point,smape,3.625379811795722
G3_C3.1,lu,2025,quantile,wis,11.913074759114583
G3_C3.1,lu,2025,quantile,lqs,5.956537379557291
G3_C3.1,lu,2025,quantile,mae_median,19.332258446011476
G3_C3.1,lu,2025,quantile,cov50,53.638698630136986
G3_C3.1,lu,2025,quantile,cov95,96.81792237442922
G3_C3.1,lu,2025,ensemble,wis,11.913074759114583
G3_C3.1,lu,2025,ensemble,lqs,5.956537379557291
G3_C3.1,lu,2025,ensemble,mae_median,19.332258446011476
G3_C3.1,lu,2025,ensemble,cov50,53.638698630136986
G3_C3.1,lu,2025,ensemble,cov95,96.81792237442922
G3_C3.1,lu,2025,ensemble,crps,14.467129213604077
G3_C3.1,lu,2025,ensemble,energy_score,167.15776440684579
G3_C3.1,lu,2026H1,point,rmse,43.60486073757487
G3_C3.1,lu,2026H1,point,r2,0.8090962169939754
G3_C3.1,lu,2026H1,point,mae,28.103222355119748
G3_C3.1,lu,2026H1,point,smape,5.2460377581438395
G3_C3.1,lu,2026H1,quantile,wis,16.71658455810685
G3_C3.1,lu,2026H1,quantile,lqs,8.358292279053424
G3_C3.1,lu,2026H1,quantile,mae_median,27.557086553529572
G3_C3.1,lu,2026H1,quantile,cov50,52.13130482456141
G3_C3.1,lu,2026H1,quantile,cov95,96.97779605263158
G3_C3.1,lu,2026H1,ensemble,wis,16.71658455810685
G3_C3.1,lu,2026H1,ensemble,lqs,8.358292279053424
G3_C3.1,lu,2026H1,ensemble,mae_median,27.557086553529572
G3_C3.1,lu,2026H1,ensemble,cov50,52.13130482456141
G3_C3.1,lu,2026H1,ensemble,cov95,96.97779605263158
G3_C3.1,lu,2026H1,ensemble,crps,20.309530139857536
G3_C3.1,lu,2026H1,ensemble,energy_score,232.474381767788
G3_C3.1,tennet,2024,point,rmse,828.1573800156266
G3_C3.1,tennet,2024,point,r2,0.9125900395869496
G3_C3.1,tennet,2024,point,mae,545.9423658740398
G3_C3.1,tennet,2024,point,smape,3.4845795163480036
G3_C3.1,tennet,2024,quantile,wis,329.1577183437521
G3_C3.1,tennet,2024,quantile,lqs,164.57885917187608
G3_C3.1,tennet,2024,quantile,mae_median,533.6300247498116
G3_C3.1,tennet,2024,quantile,cov50,53.930441712204
G3_C3.1,tennet,2024,quantile,cov95,96.78107923497268
G3_C3.1,tennet,2024,ensemble,wis,329.1577183437521
G3_C3.1,tennet,2024,ensemble,lqs,164.57885917187608
G3_C3.1,tennet,2024,ensemble,mae_median,533.6300247498116
G3_C3.1,tennet,2024,ensemble,cov50,53.930441712204
G3_C3.1,tennet,2024,ensemble,cov95,96.78107923497268
G3_C3.1,tennet,2024,ensemble,crps,398.76666093356727
G3_C3.1,tennet,2024,ensemble,energy_score,4609.5761473581315
G3_C3.1,tennet,2025,point,rmse,840.7532485172201
G3_C3.1,tennet,2025,point,r2,0.9128994716798048
G3_C3.1,tennet,2025,point,mae,563.3004590372058
G3_C3.1,tennet,2025,point,smape,3.6062435374638677
G3_C3.1,tennet,2025,quantile,wis,338.0350997251746
G3_C3.1,tennet,2025,quantile,lqs,169.0175498625873
G3_C3.1,tennet,2025,quantile,mae_median,551.32275220061
G3_C3.1,tennet,2025,quantile,cov50,52.20034246575342
G3_C3.1,tennet,2025,quantile,cov95,96.32990867579909
G3_C3.1,tennet,2025,ensemble,wis,338.0350997251746
G3_C3.1,tennet,2025,ensemble,lqs,169.0175498625873
G3_C3.1,tennet,2025,ensemble,mae_median,551.32275220061
G3_C3.1,tennet,2025,ensemble,cov50,52.20034246575342
G3_C3.1,tennet,2025,ensemble,cov95,96.32990867579909
G3_C3.1,tennet,2025,ensemble,crps,409.7232615109891
G3_C3.1,tennet,2025,ensemble,energy_score,4747.705380069285
G3_C3.1,tennet,2026H1,point,rmse,1211.07674688317
G3_C3.1,tennet,2026H1,point,r2,0.8426396223841963
G3_C3.1,tennet,2026H1,point,mae,823.63011991171
G3_C3.1,tennet,2026H1,point,smape,5.397853720289637
G3_C3.1,tennet,2026H1,quantile,wis,491.54890849782043
G3_C3.1,tennet,2026H1,quantile,lqs,245.77445424891025
G3_C3.1,tennet,2026H1,quantile,mae_median,814.5330077921549
G3_C3.1,tennet,2026H1,quantile,cov50,53.7828947368421
G3_C3.1,tennet,2026H1,quantile,cov95,95.73739035087719
G3_C3.1,tennet,2026H1,ensemble,wis,491.54890849782043
G3_C3.1,tennet,2026H1,ensemble,lqs,245.77445424891025
G3_C3.1,tennet,2026H1,ensemble,mae_median,814.5330077921549
G3_C3.1,tennet,2026H1,ensemble,cov50,53.7828947368421
G3_C3.1,tennet,2026H1,ensemble,cov95,95.73739035087719
G3_C3.1,tennet,2026H1,ensemble,crps,600.3015187021442
G3_C3.1,tennet,2026H1,ensemble,energy_score,6940.161594437863
G3_C3.1,transnetbw,2024,point,rmse,461.3784715601641
G3_C3.1,transnetbw,2024,point,r2,0.8865851603022246
G3_C3.1,transnetbw,2024,point,mae,288.70107954603805
G3_C3.1,transnetbw,2024,point,smape,4.5646709083285355
G3_C3.1,transnetbw,2024,quantile,wis,173.94515135369363
G3_C3.1,transnetbw,2024,quantile,lqs,86.97257567684682
G3_C3.1,transnetbw,2024,quantile,mae_median,279.87392255800455
G3_C3.1,transnetbw,2024,quantile,cov50,54.21789617486339
G3_C3.1,transnetbw,2024,quantile,cov95,96.59608378870675
G3_C3.1,transnetbw,2024,ensemble,wis,173.94515135369363
G3_C3.1,transnetbw,2024,ensemble,lqs,86.97257567684682
G3_C3.1,transnetbw,2024,ensemble,mae_median,279.87392255800455
G3_C3.1,transnetbw,2024,ensemble,cov50,54.21789617486339
G3_C3.1,transnetbw,2024,ensemble,cov95,96.59608378870675
G3_C3.1,transnetbw,2024,ensemble,crps,209.84315480681914
G3_C3.1,transnetbw,2024,ensemble,energy_score,2436.468675216617
G3_C3.1,transnetbw,2025,point,rmse,455.5731547510378
G3_C3.1,transnetbw,2025,point,r2,0.8906742364649592
G3_C3.1,transnetbw,2025,point,mae,289.5244066931914
G3_C3.1,transnetbw,2025,point,smape,4.56555591037478
G3_C3.1,transnetbw,2025,quantile,wis,175.2040008408429
G3_C3.1,transnetbw,2025,quantile,lqs,87.60200042042143
G3_C3.1,transnetbw,2025,quantile,mae_median,284.392706033707
G3_C3.1,transnetbw,2025,quantile,cov50,53.25342465753424
G3_C3.1,transnetbw,2025,quantile,cov95,96.78652968036529
G3_C3.1,transnetbw,2025,ensemble,wis,175.2040008408429
G3_C3.1,transnetbw,2025,ensemble,lqs,87.60200042042143
G3_C3.1,transnetbw,2025,ensemble,mae_median,284.392706033707
G3_C3.1,transnetbw,2025,ensemble,cov50,53.25342465753424
G3_C3.1,transnetbw,2025,ensemble,cov95,96.78652968036529
G3_C3.1,transnetbw,2025,ensemble,crps,211.66820073246708
G3_C3.1,transnetbw,2025,ensemble,energy_score,2480.603039304224
G3_C3.1,transnetbw,2026H1,point,rmse,579.1833919625159
G3_C3.1,transnetbw,2026H1,point,r2,0.8163884203433035
G3_C3.1,transnetbw,2026H1,point,mae,374.62510716673967
G3_C3.1,transnetbw,2026H1,point,smape,5.511960667700669
G3_C3.1,transnetbw,2026H1,quantile,wis,223.81488056727625
G3_C3.1,transnetbw,2026H1,quantile,lqs,111.90744028363815
G3_C3.1,transnetbw,2026H1,quantile,mae_median,372.8621776527271
G3_C3.1,transnetbw,2026H1,quantile,cov50,55.08497807017544
G3_C3.1,transnetbw,2026H1,quantile,cov95,96.26507675438597
G3_C3.1,transnetbw,2026H1,ensemble,wis,223.81488056727625
G3_C3.1,transnetbw,2026H1,ensemble,lqs,111.90744028363815
G3_C3.1,transnetbw,2026H1,ensemble,mae_median,372.8621776527271
G3_C3.1,transnetbw,2026H1,ensemble,cov50,55.08497807017544
G3_C3.1,transnetbw,2026H1,ensemble,cov95,96.26507675438597
G3_C3.1,transnetbw,2026H1,ensemble,crps,273.3710139630974
G3_C3.1,transnetbw,2026H1,ensemble,energy_score,3149.82278572265
G3_C3.1,50hertz,overall,point,rmse,920.441838526987
G3_C3.1,50hertz,overall,point,r2,0.7750813429739764
G3_C3.1,50hertz,overall,point,mae,715.8269026895073
G3_C3.1,50hertz,overall,point,smape,6.193833057448926
G3_C3.1,50hertz,overall,quantile,wis,420.6962306549752
G3_C3.1,50hertz,overall,quantile,lqs,210.3481153274876
G3_C3.1,50hertz,overall,quantile,mae_median,711.1555418613156
G3_C3.1,50hertz,overall,quantile,cov50,50.782134767836915
G3_C3.1,50hertz,overall,quantile,cov95,97.52854850887127
G3_C3.1,50hertz,overall,ensemble,wis,420.6962306549752
G3_C3.1,50hertz,overall,ensemble,lqs,210.3481153274876
G3_C3.1,50hertz,overall,ensemble,mae_median,711.1555418613156
G3_C3.1,50hertz,overall,ensemble,cov50,50.782134767836915
G3_C3.1,50hertz,overall,ensemble,cov95,97.52854850887127
G3_C3.1,50hertz,overall,ensemble,crps,516.2456815278359
G3_C3.1,50hertz,overall,ensemble,energy_score,5868.61768558023
G3_C3.1,amprion,overall,point,rmse,1162.1435270489458
G3_C3.1,amprion,overall,point,r2,0.8783600459111783
G3_C3.1,amprion,overall,point,mae,800.8831514383864
G3_C3.1,amprion,overall,point,smape,4.234523068615182
G3_C3.1,amprion,overall,quantile,wis,485.73972855348165
G3_C3.1,amprion,overall,quantile,lqs,242.86986427674083
G3_C3.1,amprion,overall,quantile,mae_median,785.8057460385257
G3_C3.1,amprion,overall,quantile,cov50,57.76236315590789
G3_C3.1,amprion,overall,quantile,cov95,97.27845413363534
G3_C3.1,amprion,overall,ensemble,wis,485.73972855348165
G3_C3.1,amprion,overall,ensemble,lqs,242.86986427674083
G3_C3.1,amprion,overall,ensemble,mae_median,785.8057460385257
G3_C3.1,amprion,overall,ensemble,cov50,57.76236315590789
G3_C3.1,amprion,overall,ensemble,cov95,97.27845413363534
G3_C3.1,amprion,overall,ensemble,crps,592.3063761841507
G3_C3.1,amprion,overall,ensemble,energy_score,6860.944688286553
G3_C3.1,de_lu,overall,point,rmse,2960.3674319909414
G3_C3.1,de_lu,overall,point,r2,0.9003536299091363
G3_C3.1,de_lu,overall,point,mae,1981.309837793444
G3_C3.1,de_lu,overall,point,smape,3.734736518570393
G3_C3.1,de_lu,overall,quantile,wis,1224.527726468873
G3_C3.1,de_lu,overall,quantile,lqs,612.2638632344366
G3_C3.1,de_lu,overall,quantile,mae_median,1937.7775263379135
G3_C3.1,de_lu,overall,quantile,cov50,65.77600037750095
G3_C3.1,de_lu,overall,quantile,cov95,98.4144960362401
G3_C3.1,de_lu,overall,ensemble,wis,1224.527726468873
G3_C3.1,de_lu,overall,ensemble,lqs,612.2638632344366
G3_C3.1,de_lu,overall,ensemble,mae_median,1937.7775263379135
G3_C3.1,de_lu,overall,ensemble,cov50,65.77600037750095
G3_C3.1,de_lu,overall,ensemble,cov95,98.4144960362401
G3_C3.1,de_lu,overall,ensemble,crps,1497.867518071325
G3_C3.1,de_lu,overall,ensemble,energy_score,16856.579832928484
G3_C3.1,lu,overall,point,rmse,32.31255730609801
G3_C3.1,lu,overall,point,r2,0.8930141326029776
G3_C3.1,lu,overall,point,mae,20.761591878438676
G3_C3.1,lu,overall,point,smape,3.799693332687875
G3_C3.1,lu,overall,quantile,wis,12.508004106029274
G3_C3.1,lu,overall,quantile,lqs,6.254002053014638
G3_C3.1,lu,overall,quantile,mae_median,20.298222004932903
G3_C3.1,lu,overall,quantile,cov50,53.15331257078143
G3_C3.1,lu,overall,quantile,cov95,96.51991317478293
G3_C3.1,lu,overall,ensemble,wis,12.508004106029274
G3_C3.1,lu,overall,ensemble,lqs,6.254002053014638
G3_C3.1,lu,overall,ensemble,mae_median,20.298222004932903
G3_C3.1,lu,overall,ensemble,cov50,53.15331257078143
G3_C3.1,lu,overall,ensemble,cov95,96.51991317478293
G3_C3.1,lu,overall,ensemble,crps,15.172263689600033
G3_C3.1,lu,overall,ensemble,energy_score,174.40230792837178
G3_C3.1,tennet,overall,point,rmse,910.4680552716512
G3_C3.1,tennet,overall,point,r2,0.8991153719355764
G3_C3.1,tennet,overall,point,mae,600.918858080474
G3_C3.1,tennet,overall,point,smape,3.86422283085131
G3_C3.1,tennet,overall,quantile,wis,360.78139343733943
G3_C3.1,tennet,overall,quantile,lqs,180.39069671866972
G3_C3.1,tennet,overall,quantile,mae_median,589.2983134723229
G3_C3.1,tennet,overall,quantile,cov50,53.18988297470744
G3_C3.1,tennet,overall,quantile,cov95,96.41492072480182
G3_C3.1,tennet,overall,ensemble,wis,360.78139343733943
G3_C3.1,tennet,overall,ensemble,lqs,180.39069671866972
G3_C3.1,tennet,overall,ensemble,mae_median,589.2983134723229
G3_C3.1,tennet,overall,ensemble,cov50,53.18988297470744
G3_C3.1,tennet,overall,ensemble,cov95,96.41492072480182
G3_C3.1,tennet,overall,ensemble,crps,437.9880172094253
G3_C3.1,tennet,overall,ensemble,energy_score,5067.861716888924
G3_C3.1,transnetbw,overall,point,rmse,481.42623813135805
G3_C3.1,transnetbw,overall,point,r2,0.8787135343102536
G3_C3.1,transnetbw,overall,point,mae,303.8324120568621
G3_C3.1,transnetbw,overall,point,smape,4.728103602746931
G3_C3.1,transnetbw,overall,quantile,wis,183.05011047404926
G3_C3.1,transnetbw,overall,quantile,lqs,91.52505523702463
G3_C3.1,transnetbw,overall,quantile,mae_median,297.7488611118315
G3_C3.1,transnetbw,overall,quantile,cov50,53.96847867119667
G3_C3.1,transnetbw,overall,quantile,cov95,96.6178274820687
G3_C3.1,transnetbw,overall,ensemble,wis,183.05011047404926
G3_C3.1,transnetbw,overall,ensemble,lqs,91.52505523702463
G3_C3.1,transnetbw,overall,ensemble,mae_median,297.7488611118315
G3_C3.1,transnetbw,overall,ensemble,cov50,53.96847867119667
G3_C3.1,transnetbw,overall,ensemble,cov95,96.6178274820687
G3_C3.1,transnetbw,overall,ensemble,crps,221.53327525372265
G3_C3.1,transnetbw,overall,ensemble,energy_score,2577.50929547584
G3_C3.2,50hertz,2024,point,rmse,863.8267881503846
G3_C3.2,50hertz,2024,point,r2,0.7855085794346855
G3_C3.2,50hertz,2024,point,mae,669.431841215302
G3_C3.2,50hertz,2024,point,smape,5.864238600498335
G3_C3.2,50hertz,2024,quantile,wis,391.28718351377336
G3_C3.2,50hertz,2024,quantile,lqs,195.6435917568867
G3_C3.2,50hertz,2024,quantile,mae_median,665.2351203526565
G3_C3.2,50hertz,2024,quantile,cov50,47.361680327868854
G3_C3.2,50hertz,2024,quantile,cov95,96.35985883424408
G3_C3.2,50hertz,2024,ensemble,wis,391.28718351377336
G3_C3.2,50hertz,2024,ensemble,lqs,195.6435917568867
G3_C3.2,50hertz,2024,ensemble,mae_median,665.2351203526565
G3_C3.2,50hertz,2024,ensemble,cov50,47.361680327868854
G3_C3.2,50hertz,2024,ensemble,cov95,96.35985883424408
G3_C3.2,50hertz,2024,ensemble,crps,479.4404764463051
G3_C3.2,50hertz,2024,ensemble,energy_score,5494.991557097612
G3_C3.2,50hertz,2025,point,rmse,958.7149134373105
G3_C3.2,50hertz,2025,point,r2,0.7408670001829586
G3_C3.2,50hertz,2025,point,mae,766.338734658132
G3_C3.2,50hertz,2025,point,smape,6.660154333726825
G3_C3.2,50hertz,2025,quantile,wis,443.487518549905
G3_C3.2,50hertz,2025,quantile,lqs,221.74375927495254
G3_C3.2,50hertz,2025,quantile,mae_median,761.7226266027442
G3_C3.2,50hertz,2025,quantile,cov50,44.91723744292238
G3_C3.2,50hertz,2025,quantile,cov95,96.90068493150686
G3_C3.2,50hertz,2025,ensemble,wis,443.487518549905
G3_C3.2,50hertz,2025,ensemble,lqs,221.74375927495254
G3_C3.2,50hertz,2025,ensemble,mae_median,761.7226266027442
G3_C3.2,50hertz,2025,ensemble,cov50,44.91723744292238
G3_C3.2,50hertz,2025,ensemble,cov95,96.90068493150686
G3_C3.2,50hertz,2025,ensemble,crps,543.1629291145845
G3_C3.2,50hertz,2025,ensemble,energy_score,6176.199904053505
G3_C3.2,50hertz,2026H1,point,rmse,972.1651761693298
G3_C3.2,50hertz,2026H1,point,r2,0.7966555083668516
G3_C3.2,50hertz,2026H1,point,mae,724.5834599567307
G3_C3.2,50hertz,2026H1,point,smape,6.034225397280486
G3_C3.2,50hertz,2026H1,quantile,wis,432.4516001287159
G3_C3.2,50hertz,2026H1,quantile,lqs,216.22580006435797
G3_C3.2,50hertz,2026H1,quantile,mae_median,721.8327509564851
G3_C3.2,50hertz,2026H1,quantile,cov50,53.22779605263158
G3_C3.2,50hertz,2026H1,quantile,cov95,95.48382675438597
G3_C3.2,50hertz,2026H1,ensemble,wis,432.4516001287159
G3_C3.2,50hertz,2026H1,ensemble,lqs,216.22580006435797
G3_C3.2,50hertz,2026H1,ensemble,mae_median,721.8327509564851
G3_C3.2,50hertz,2026H1,ensemble,cov50,53.22779605263158
G3_C3.2,50hertz,2026H1,ensemble,cov95,95.48382675438597
G3_C3.2,50hertz,2026H1,ensemble,crps,531.5198879752469
G3_C3.2,50hertz,2026H1,ensemble,energy_score,5995.864354915888
G3_C3.2,amprion,2024,point,rmse,1201.7757009977036
G3_C3.2,amprion,2024,point,r2,0.8676681858080231
G3_C3.2,amprion,2024,point,mae,809.7463779475082
G3_C3.2,amprion,2024,point,smape,4.376547372452668
G3_C3.2,amprion,2024,quantile,wis,495.0996561284815
G3_C3.2,amprion,2024,quantile,lqs,247.54982806424078
G3_C3.2,amprion,2024,quantile,mae_median,801.249459467809
G3_C3.2,amprion,2024,quantile,cov50,53.19615209471766
G3_C3.2,amprion,2024,quantile,cov95,96.06671220400729
G3_C3.2,amprion,2024,ensemble,wis,495.0996561284815
G3_C3.2,amprion,2024,ensemble,lqs,247.54982806424078
G3_C3.2,amprion,2024,ensemble,mae_median,801.249459467809
G3_C3.2,amprion,2024,ensemble,cov50,53.19615209471766
G3_C3.2,amprion,2024,ensemble,cov95,96.06671220400729
G3_C3.2,amprion,2024,ensemble,crps,599.406898562799
G3_C3.2,amprion,2024,ensemble,energy_score,6934.016576185054
G3_C3.2,amprion,2025,point,rmse,1064.8249389230534
G3_C3.2,amprion,2025,point,r2,0.8925282505192258
G3_C3.2,amprion,2025,point,mae,754.9274490066981
G3_C3.2,amprion,2025,point,smape,3.945482220927047
G3_C3.2,amprion,2025,quantile,wis,446.721104284202
G3_C3.2,amprion,2025,quantile,lqs,223.360552142101
G3_C3.2,amprion,2025,quantile,mae_median,739.4165320485694
G3_C3.2,amprion,2025,quantile,cov50,52.75399543378996
G3_C3.2,amprion,2025,quantile,cov95,97.18892694063926
G3_C3.2,amprion,2025,ensemble,wis,446.721104284202
G3_C3.2,amprion,2025,ensemble,lqs,223.360552142101
G3_C3.2,amprion,2025,ensemble,mae_median,739.4165320485694
G3_C3.2,amprion,2025,ensemble,cov50,52.75399543378996
G3_C3.2,amprion,2025,ensemble,cov95,97.18892694063926
G3_C3.2,amprion,2025,ensemble,crps,544.8826831563066
G3_C3.2,amprion,2025,ensemble,energy_score,6398.970775537948
G3_C3.2,amprion,2026H1,point,rmse,1365.2408623223484
G3_C3.2,amprion,2026H1,point,r2,0.841256643697004
G3_C3.2,amprion,2026H1,point,mae,957.3107110639279
G3_C3.2,amprion,2026H1,point,smape,4.847538914727539
G3_C3.2,amprion,2026H1,quantile,wis,577.0059424042508
G3_C3.2,amprion,2026H1,quantile,lqs,288.5029712021254
G3_C3.2,amprion,2026H1,quantile,mae_median,963.2800933475534
G3_C3.2,amprion,2026H1,quantile,cov50,51.76123903508771
G3_C3.2,amprion,2026H1,quantile,cov95,95.94983552631578
G3_C3.2,amprion,2026H1,ensemble,wis,577.0059424042508
G3_C3.2,amprion,2026H1,ensemble,lqs,288.5029712021254
G3_C3.2,amprion,2026H1,ensemble,mae_median,963.2800933475534
G3_C3.2,amprion,2026H1,ensemble,cov50,51.76123903508771
G3_C3.2,amprion,2026H1,ensemble,cov95,95.94983552631578
G3_C3.2,amprion,2026H1,ensemble,crps,702.818116366742
G3_C3.2,amprion,2026H1,ensemble,energy_score,8059.5549299172035
G3_C3.2,de_lu,2024,point,rmse,2942.638603694123
G3_C3.2,de_lu,2024,point,r2,0.8983830846231251
G3_C3.2,de_lu,2024,point,mae,1938.887706309629
G3_C3.2,de_lu,2024,point,smape,3.680091790621151
G3_C3.2,de_lu,2024,quantile,wis,1190.1882437791594
G3_C3.2,de_lu,2024,quantile,lqs,595.0941218895798
G3_C3.2,de_lu,2024,quantile,mae_median,1915.8983957365592
G3_C3.2,de_lu,2024,quantile,cov50,61.21072404371585
G3_C3.2,de_lu,2024,quantile,cov95,98.12158469945356
G3_C3.2,de_lu,2024,ensemble,wis,1190.1882437791594
G3_C3.2,de_lu,2024,ensemble,lqs,595.0941218895798
G3_C3.2,de_lu,2024,ensemble,mae_median,1915.8983957365592
G3_C3.2,de_lu,2024,ensemble,cov50,61.21072404371585
G3_C3.2,de_lu,2024,ensemble,cov95,98.12158469945356
G3_C3.2,de_lu,2024,ensemble,crps,1447.9551572554258
G3_C3.2,de_lu,2024,ensemble,energy_score,16305.04567946548
G3_C3.2,de_lu,2025,point,rmse,2835.6910137409536
G3_C3.2,de_lu,2025,point,r2,0.9061108896252219
G3_C3.2,de_lu,2025,point,mae,1950.0243358882271
G3_C3.2,de_lu,2025,point,smape,3.6728944044750294
G3_C3.2,de_lu,2025,quantile,wis,1177.411366712025
G3_C3.2,de_lu,2025,quantile,lqs,588.7056833560125
G3_C3.2,de_lu,2025,quantile,mae_median,1908.077644033319
G3_C3.2,de_lu,2025,quantile,cov50,60.89897260273973
G3_C3.2,de_lu,2025,quantile,cov95,98.4560502283105
G3_C3.2,de_lu,2025,ensemble,wis,1177.411366712025
G3_C3.2,de_lu,2025,ensemble,lqs,588.7056833560125
G3_C3.2,de_lu,2025,ensemble,mae_median,1908.077644033319
G3_C3.2,de_lu,2025,ensemble,cov50,60.89897260273973
G3_C3.2,de_lu,2025,ensemble,cov95,98.4560502283105
G3_C3.2,de_lu,2025,ensemble,crps,1438.525484449038
G3_C3.2,de_lu,2025,ensemble,energy_score,16294.875958929375
G3_C3.2,de_lu,2026H1,point,rmse,3654.8668085345207
G3_C3.2,de_lu,2026H1,point,r2,0.8602319175286204
G3_C3.2,de_lu,2026H1,point,mae,2433.3786012276255
G3_C3.2,de_lu,2026H1,point,smape,4.484301999208016
G3_C3.2,de_lu,2026H1,quantile,wis,1493.5105474248603
G3_C3.2,de_lu,2026H1,quantile,lqs,746.7552737124303
G3_C3.2,de_lu,2026H1,quantile,mae_median,2432.633760007213
G3_C3.2,de_lu,2026H1,quantile,cov50,60.78673245614035
G3_C3.2,de_lu,2026H1,quantile,cov95,97.6014254385965
G3_C3.2,de_lu,2026H1,ensemble,wis,1493.5105474248603
G3_C3.2,de_lu,2026H1,ensemble,lqs,746.7552737124303
G3_C3.2,de_lu,2026H1,ensemble,mae_median,2432.633760007213
G3_C3.2,de_lu,2026H1,ensemble,cov50,60.78673245614035
G3_C3.2,de_lu,2026H1,ensemble,cov95,97.6014254385965
G3_C3.2,de_lu,2026H1,ensemble,crps,1826.319555480361
G3_C3.2,de_lu,2026H1,ensemble,energy_score,20456.94083913291
G3_C3.2,lu,2024,point,rmse,30.148775088277105
G3_C3.2,lu,2024,point,r2,0.9058919720046895
G3_C3.2,lu,2024,point,mae,19.376282832430988
G3_C3.2,lu,2024,point,smape,3.494667237035507
G3_C3.2,lu,2024,quantile,wis,11.693097135516899
G3_C3.2,lu,2024,quantile,lqs,5.84654856775845
G3_C3.2,lu,2024,quantile,mae_median,18.93104626847703
G3_C3.2,lu,2024,quantile,cov50,50.16507285974499
G3_C3.2,lu,2024,quantile,cov95,96.00694444444444
G3_C3.2,lu,2024,ensemble,wis,11.693097135516899
G3_C3.2,lu,2024,ensemble,lqs,5.84654856775845
G3_C3.2,lu,2024,ensemble,mae_median,18.93104626847703
G3_C3.2,lu,2024,ensemble,cov50,50.16507285974499
G3_C3.2,lu,2024,ensemble,cov95,96.00694444444444
G3_C3.2,lu,2024,ensemble,crps,14.136500845871781
G3_C3.2,lu,2024,ensemble,energy_score,162.17768563222145
G3_C3.2,lu,2025,point,rmse,30.519368838951856
G3_C3.2,lu,2025,point,r2,0.9043290733673485
G3_C3.2,lu,2025,point,mae,20.45612221722969
G3_C3.2,lu,2025,point,smape,3.734822275590611
G3_C3.2,lu,2025,quantile,wis,12.275321912182065
G3_C3.2,lu,2025,quantile,lqs,6.1376609560910325
G3_C3.2,lu,2025,quantile,mae_median,20.075420991286187
G3_C3.2,lu,2025,quantile,cov50,49.34931506849315
G3_C3.2,lu,2025,quantile,cov95,96.45833333333333
G3_C3.2,lu,2025,ensemble,wis,12.275321912182065
G3_C3.2,lu,2025,ensemble,lqs,6.1376609560910325
G3_C3.2,lu,2025,ensemble,mae_median,20.075420991286187
G3_C3.2,lu,2025,ensemble,cov50,49.34931506849315
G3_C3.2,lu,2025,ensemble,cov95,96.45833333333333
G3_C3.2,lu,2025,ensemble,crps,14.87367956227235
G3_C3.2,lu,2025,ensemble,energy_score,171.9531126067516
G3_C3.2,lu,2026H1,point,rmse,46.381332681787136
G3_C3.2,lu,2026H1,point,r2,0.7840112290242233
G3_C3.2,lu,2026H1,point,mae,28.42373121589027
G3_C3.2,lu,2026H1,point,smape,5.34449597477112
G3_C3.2,lu,2026H1,quantile,wis,17.124103565516766
G3_C3.2,lu,2026H1,quantile,lqs,8.562051782758383
G3_C3.2,lu,2026H1,quantile,mae_median,28.33365095311817
G3_C3.2,lu,2026H1,quantile,cov50,49.588815789473685
G3_C3.2,lu,2026H1,quantile,cov95,96.26507675438597
G3_C3.2,lu,2026H1,ensemble,wis,17.124103565516766
G3_C3.2,lu,2026H1,ensemble,lqs,8.562051782758383
G3_C3.2,lu,2026H1,ensemble,mae_median,28.33365095311817
G3_C3.2,lu,2026H1,ensemble,cov50,49.588815789473685
G3_C3.2,lu,2026H1,ensemble,cov95,96.26507675438597
G3_C3.2,lu,2026H1,ensemble,crps,20.81600251718203
G3_C3.2,lu,2026H1,ensemble,energy_score,239.05852610612132
G3_C3.2,tennet,2024,point,rmse,855.4137241390741
G3_C3.2,tennet,2024,point,r2,0.9067416777065096
G3_C3.2,tennet,2024,point,mae,565.7862828749413
G3_C3.2,tennet,2024,point,smape,3.5983735352795776
G3_C3.2,tennet,2024,quantile,wis,337.93003901932235
G3_C3.2,tennet,2024,quantile,lqs,168.96501950966118
G3_C3.2,tennet,2024,quantile,mae_median,557.0035351039977
G3_C3.2,tennet,2024,quantile,cov50,49.28847905282331
G3_C3.2,tennet,2024,quantile,cov95,96.54770036429873
G3_C3.2,tennet,2024,ensemble,wis,337.93003901932235
G3_C3.2,tennet,2024,ensemble,lqs,168.96501950966118
G3_C3.2,tennet,2024,ensemble,mae_median,557.0035351039977
G3_C3.2,tennet,2024,ensemble,cov50,49.28847905282331
G3_C3.2,tennet,2024,ensemble,cov95,96.54770036429873
G3_C3.2,tennet,2024,ensemble,crps,409.09028959336786
G3_C3.2,tennet,2024,ensemble,energy_score,4709.887493523097
G3_C3.2,tennet,2025,point,rmse,856.349405228772
G3_C3.2,tennet,2025,point,r2,0.9096380317484557
G3_C3.2,tennet,2025,point,mae,571.7396603670528
G3_C3.2,tennet,2025,point,smape,3.650380890816126
G3_C3.2,tennet,2025,quantile,wis,343.12694294832136
G3_C3.2,tennet,2025,quantile,lqs,171.56347147416068
G3_C3.2,tennet,2025,quantile,mae_median,563.2220554551494
G3_C3.2,tennet,2025,quantile,cov50,49.36929223744293
G3_C3.2,tennet,2025,quantile,cov95,95.7648401826484
G3_C3.2,tennet,2025,ensemble,wis,343.12694294832136
G3_C3.2,tennet,2025,ensemble,lqs,171.56347147416068
G3_C3.2,tennet,2025,ensemble,mae_median,563.2220554551494
G3_C3.2,tennet,2025,ensemble,cov50,49.36929223744293
G3_C3.2,tennet,2025,ensemble,cov95,95.7648401826484
G3_C3.2,tennet,2025,ensemble,crps,415.7201183621364
G3_C3.2,tennet,2025,ensemble,energy_score,4806.421798192274
G3_C3.2,tennet,2026H1,point,rmse,1218.7680174406826
G3_C3.2,tennet,2026H1,point,r2,0.8406345563714213
G3_C3.2,tennet,2026H1,point,mae,831.7177586586809
G3_C3.2,tennet,2026H1,point,smape,5.433629362504998
G3_C3.2,tennet,2026H1,quantile,wis,496.2826016126532
G3_C3.2,tennet,2026H1,quantile,lqs,248.14130080632663
G3_C3.2,tennet,2026H1,quantile,mae_median,827.5483669181957
G3_C3.2,tennet,2026H1,quantile,cov50,48.90350877192983
G3_C3.2,tennet,2026H1,quantile,cov95,94.66145833333334
G3_C3.2,tennet,2026H1,ensemble,wis,496.2826016126532
G3_C3.2,tennet,2026H1,ensemble,lqs,248.14130080632663
G3_C3.2,tennet,2026H1,ensemble,mae_median,827.5483669181957
G3_C3.2,tennet,2026H1,ensemble,cov50,48.90350877192983
G3_C3.2,tennet,2026H1,ensemble,cov95,94.66145833333334
G3_C3.2,tennet,2026H1,ensemble,crps,602.8195551216406
G3_C3.2,tennet,2026H1,ensemble,energy_score,6987.540181935292
G3_C3.2,transnetbw,2024,point,rmse,468.8009426338211
G3_C3.2,transnetbw,2024,point,r2,0.8829066627703694
G3_C3.2,transnetbw,2024,point,mae,291.62079009663006
G3_C3.2,transnetbw,2024,point,smape,4.585628891505355
G3_C3.2,transnetbw,2024,quantile,wis,175.41825848631868
G3_C3.2,transnetbw,2024,quantile,lqs,87.70912924315934
G3_C3.2,transnetbw,2024,quantile,mae_median,286.1309345380161
G3_C3.2,transnetbw,2024,quantile,cov50,50.35291438979964
G3_C3.2,transnetbw,2024,quantile,cov95,96.48224043715847
G3_C3.2,transnetbw,2024,ensemble,wis,175.41825848631868
G3_C3.2,transnetbw,2024,ensemble,lqs,87.70912924315934
G3_C3.2,transnetbw,2024,ensemble,mae_median,286.1309345380161
G3_C3.2,transnetbw,2024,ensemble,cov50,50.35291438979964
G3_C3.2,transnetbw,2024,ensemble,cov95,96.48224043715847
G3_C3.2,transnetbw,2024,ensemble,crps,211.63066048564127
G3_C3.2,transnetbw,2024,ensemble,energy_score,2460.1619445439464
G3_C3.2,transnetbw,2025,point,rmse,465.09309155576227
G3_C3.2,transnetbw,2025,point,r2,0.8860574205724985
G3_C3.2,transnetbw,2025,point,mae,292.8594439377245
G3_C3.2,transnetbw,2025,point,smape,4.610942988797097
G3_C3.2,transnetbw,2025,quantile,wis,177.34997835615826
G3_C3.2,transnetbw,2025,quantile,lqs,88.67498917807913
G3_C3.2,transnetbw,2025,quantile,mae_median,288.84785691548944
G3_C3.2,transnetbw,2025,quantile,cov50,50.16552511415525
G3_C3.2,transnetbw,2025,quantile,cov95,96.17009132420091
G3_C3.2,transnetbw,2025,ensemble,wis,177.34997835615826
G3_C3.2,transnetbw,2025,ensemble,lqs,88.67498917807913
G3_C3.2,transnetbw,2025,ensemble,mae_median,288.84785691548944
G3_C3.2,transnetbw,2025,ensemble,cov50,50.16552511415525
G3_C3.2,transnetbw,2025,ensemble,cov95,96.17009132420091
G3_C3.2,transnetbw,2025,ensemble,crps,214.17556593651338
G3_C3.2,transnetbw,2025,ensemble,energy_score,2505.0045712883875
G3_C3.2,transnetbw,2026H1,point,rmse,595.0082374305987
G3_C3.2,transnetbw,2026H1,point,r2,0.806217826186408
G3_C3.2,transnetbw,2026H1,point,mae,380.1106947473257
G3_C3.2,transnetbw,2026H1,point,smape,5.599431448295588
G3_C3.2,transnetbw,2026H1,quantile,wis,229.0322884368562
G3_C3.2,transnetbw,2026H1,quantile,lqs,114.5161442184281
G3_C3.2,transnetbw,2026H1,quantile,mae_median,381.9244810377422
G3_C3.2,transnetbw,2026H1,quantile,cov50,51.78179824561403
G3_C3.2,transnetbw,2026H1,quantile,cov95,95.48382675438597
G3_C3.2,transnetbw,2026H1,ensemble,wis,229.0322884368562
G3_C3.2,transnetbw,2026H1,ensemble,lqs,114.5161442184281
G3_C3.2,transnetbw,2026H1,ensemble,mae_median,381.9244810377422
G3_C3.2,transnetbw,2026H1,ensemble,cov50,51.78179824561403
G3_C3.2,transnetbw,2026H1,ensemble,cov95,95.48382675438597
G3_C3.2,transnetbw,2026H1,ensemble,crps,278.58149041609704
G3_C3.2,transnetbw,2026H1,ensemble,energy_score,3208.3473069211723
G3_C3.2,50hertz,overall,point,rmse,922.9967401107034
G3_C3.2,50hertz,overall,point,r2,0.7738309813763247
G3_C3.2,50hertz,overall,point,mae,718.9834404852116
G3_C3.2,50hertz,overall,point,smape,6.222502740633427
G3_C3.2,50hertz,overall,quantile,wis,419.9509588406808
G3_C3.2,50hertz,overall,quantile,lqs,209.9754794203405
G3_C3.2,50hertz,overall,quantile,mae_median,714.8622773549939
G3_C3.2,50hertz,overall,quantile,cov50,47.361032465081166
G3_C3.2,50hertz,overall,quantile,cov95,96.4326160815402
G3_C3.2,50hertz,overall,ensemble,wis,419.9509588406808
G3_C3.2,50hertz,overall,ensemble,lqs,209.9754794203405
G3_C3.2,50hertz,overall,ensemble,mae_median,714.8622773549939
G3_C3.2,50hertz,overall,ensemble,cov50,47.361032465081166
G3_C3.2,50hertz,overall,ensemble,cov95,96.4326160815402
G3_C3.2,50hertz,overall,ensemble,crps,514.745986951765
G3_C3.2,50hertz,overall,ensemble,energy_score,5862.798705350475
G3_C3.2,amprion,overall,point,rmse,1178.2125172883714
G3_C3.2,amprion,overall,point,r2,0.874972952047361
G3_C3.2,amprion,overall,point,mae,812.4880195899773
G3_C3.2,amprion,overall,point,smape,4.279437445067537
G3_C3.2,amprion,overall,quantile,wis,489.20111036489703
G3_C3.2,amprion,overall,quantile,lqs,244.60055518244855
G3_C3.2,amprion,overall,quantile,mae_median,803.5820051548972
G3_C3.2,amprion,overall,quantile,cov50,52.766374103435254
G3_C3.2,amprion,overall,quantile,cov95,96.51047565118913
G3_C3.2,amprion,overall,ensemble,wis,489.20111036489703
G3_C3.2,amprion,overall,ensemble,lqs,244.60055518244855
G3_C3.2,amprion,overall,ensemble,mae_median,803.5820051548972
G3_C3.2,amprion,overall,ensemble,cov50,52.766374103435254
G3_C3.2,amprion,overall,ensemble,cov95,96.51047565118913
G3_C3.2,amprion,overall,ensemble,crps,594.6698277619266
G3_C3.2,amprion,overall,ensemble,energy_score,6906.598810082102
G3_C3.2,de_lu,overall,point,rmse,3035.2179396739803
G3_C3.2,de_lu,overall,point,r2,0.8952509704068546
G3_C3.2,de_lu,overall,point,mae,2028.6130583183767
G3_C3.2,de_lu,overall,point,smape,3.815553745051354
G3_C3.2,de_lu,overall,quantile,wis,1237.1207806134091
G3_C3.2,de_lu,overall,quantile,lqs,618.5603903067046
G3_C3.2,de_lu,overall,quantile,mae_median,2001.6166301617648
G3_C3.2,de_lu,overall,quantile,cov50,61.008871272178176
G3_C3.2,de_lu,overall,quantile,cov95,98.17030011325029
G3_C3.2,de_lu,overall,ensemble,wis,1237.1207806134091
G3_C3.2,de_lu,overall,ensemble,lqs,618.5603903067046
G3_C3.2,de_lu,overall,ensemble,mae_median,2001.6166301617648
G3_C3.2,de_lu,overall,ensemble,cov50,61.008871272178176
G3_C3.2,de_lu,overall,ensemble,cov95,98.17030011325029
G3_C3.2,de_lu,overall,ensemble,crps,1509.1890847252544
G3_C3.2,de_lu,overall,ensemble,energy_score,17015.550907408597
G3_C3.2,lu,overall,point,rmse,33.646528739585804
G3_C3.2,lu,overall,point,r2,0.8839983193082959
G3_C3.2,lu,overall,point,mae,21.380080714353227
G3_C3.2,lu,overall,point,smape,3.912368887328175
G3_C3.2,lu,overall,quantile,wis,12.868663410537017
G3_C3.2,lu,overall,quantile,lqs,6.43433170526851
G3_C3.2,lu,overall,quantile,mae_median,21.022657464276346
G3_C3.2,lu,overall,quantile,cov50,49.72867119667799
G3_C3.2,lu,overall,quantile,cov95,96.2379671574179
G3_C3.2,lu,overall,ensemble,wis,12.868663410537017
G3_C3.2,lu,overall,ensemble,lqs,6.43433170526851
G3_C3.2,lu,overall,ensemble,mae_median,21.022657464276346
G3_C3.2,lu,overall,ensemble,cov50,49.72867119667799
G3_C3.2,lu,overall,ensemble,cov95,96.2379671574179
G3_C3.2,lu,overall,ensemble,crps,15.591035937066986
G3_C3.2,lu,overall,ensemble,energy_score,179.4527916319228
G3_C3.2,tennet,overall,point,rmse,928.50985717315
G3_C3.2,tennet,overall,point,r2,0.8950775050767557
G3_C3.2,tennet,overall,point,mae,614.0247507161067
G3_C3.2,tennet,overall,point,smape,3.935793207430318
G3_C3.2,tennet,overall,quantile,wis,367.3371278622113
G3_C3.2,tennet,overall,quantile,lqs,183.66856393110567
G3_C3.2,tennet,overall,quantile,mae_median,606.14574842668
G3_C3.2,tennet,overall,quantile,cov50,49.25561532653832
G3_C3.2,tennet,overall,quantile,cov95,95.89939599849001
G3_C3.2,tennet,overall,ensemble,wis,367.3371278622113
G3_C3.2,tennet,overall,ensemble,lqs,183.66856393110567
G3_C3.2,tennet,overall,ensemble,mae_median,606.14574842668
G3_C3.2,tennet,overall,ensemble,cov50,49.25561532653832
G3_C3.2,tennet,overall,ensemble,cov95,95.89939599849001
G3_C3.2,tennet,overall,ensemble,crps,445.1794581787563
G3_C3.2,tennet,overall,ensemble,energy_score,5141.867368769873
G3_C3.2,transnetbw,overall,point,rmse,491.3803109315103
G3_C3.2,transnetbw,overall,point,r2,0.8736461933496551
G3_C3.2,transnetbw,overall,point,mae,307.3654946933517
G3_C3.2,transnetbw,overall,point,smape,4.770609224623816
G3_C3.2,transnetbw,overall,quantile,wis,185.4459032258126
G3_C3.2,transnetbw,overall,quantile,lqs,92.72295161290631
G3_C3.2,transnetbw,overall,quantile,mae_median,303.7439534912846
G3_C3.2,transnetbw,overall,quantile,cov50,50.521423178557946
G3_C3.2,transnetbw,overall,quantile,cov95,96.18134201585504
G3_C3.2,transnetbw,overall,ensemble,wis,185.4459032258126
G3_C3.2,transnetbw,overall,ensemble,lqs,92.72295161290631
G3_C3.2,transnetbw,overall,ensemble,mae_median,303.7439534912846
G3_C3.2,transnetbw,overall,ensemble,cov50,50.521423178557946
G3_C3.2,transnetbw,overall,ensemble,cov95,96.18134201585504
G3_C3.2,transnetbw,overall,ensemble,crps,224.20757627159549
G3_C3.2,transnetbw,overall,ensemble,energy_score,2607.491201444353
G3_C3.3,50hertz,2024,point,rmse,856.5397119712163
G3_C3.3,50hertz,2024,point,r2,0.7891121321257825
G3_C3.3,50hertz,2024,point,mae,662.4512922820263
G3_C3.3,50hertz,2024,point,smape,5.803145494579797
G3_C3.3,50hertz,2024,quantile,wis,390.12224095044024
G3_C3.3,50hertz,2024,quantile,lqs,195.06112047522015
G3_C3.3,50hertz,2024,quantile,mae_median,659.8126781214869
G3_C3.3,50hertz,2024,quantile,cov50,51.169740437158474
G3_C3.3,50hertz,2024,quantile,cov95,96.98315118397086
G3_C3.3,50hertz,2024,ensemble,wis,390.12224095044024
G3_C3.3,50hertz,2024,ensemble,lqs,195.06112047522015
G3_C3.3,50hertz,2024,ensemble,mae_median,659.8126781214869
G3_C3.3,50hertz,2024,ensemble,cov50,51.169740437158474
G3_C3.3,50hertz,2024,ensemble,cov95,96.98315118397086
G3_C3.3,50hertz,2024,ensemble,crps,478.9661044231747
G3_C3.3,50hertz,2024,ensemble,energy_score,5501.989109937675
G3_C3.3,50hertz,2025,point,rmse,925.288962236559
G3_C3.3,50hertz,2025,point,r2,0.758621536024077
G3_C3.3,50hertz,2025,point,mae,735.9201793806121
G3_C3.3,50hertz,2025,point,smape,6.401099314868521
G3_C3.3,50hertz,2025,quantile,wis,426.97161694840105
G3_C3.3,50hertz,2025,quantile,lqs,213.48580847420052
G3_C3.3,50hertz,2025,quantile,mae_median,734.2780616047062
G3_C3.3,50hertz,2025,quantile,cov50,49.43778538812785
G3_C3.3,50hertz,2025,quantile,cov95,97.84817351598174
G3_C3.3,50hertz,2025,ensemble,wis,426.97161694840105
G3_C3.3,50hertz,2025,ensemble,lqs,213.48580847420052
G3_C3.3,50hertz,2025,ensemble,mae_median,734.2780616047062
G3_C3.3,50hertz,2025,ensemble,cov50,49.43778538812785
G3_C3.3,50hertz,2025,ensemble,cov95,97.84817351598174
G3_C3.3,50hertz,2025,ensemble,crps,524.3439942291485
G3_C3.3,50hertz,2025,ensemble,energy_score,5997.024637540264
G3_C3.3,50hertz,2026H1,point,rmse,930.1975079322715
G3_C3.3,50hertz,2026H1,point,r2,0.8138330278766288
G3_C3.3,50hertz,2026H1,point,mae,702.8034344219058
G3_C3.3,50hertz,2026H1,point,smape,5.878089566471513
G3_C3.3,50hertz,2026H1,quantile,wis,415.0023600924442
G3_C3.3,50hertz,2026H1,quantile,lqs,207.5011800462221
G3_C3.3,50hertz,2026H1,quantile,mae_median,696.3932707492761
G3_C3.3,50hertz,2026H1,quantile,cov50,55.39336622807017
G3_C3.3,50hertz,2026H1,quantile,cov95,96.34731359649122
G3_C3.3,50hertz,2026H1,ensemble,wis,415.0023600924442
G3_C3.3,50hertz,2026H1,ensemble,lqs,207.5011800462221
G3_C3.3,50hertz,2026H1,ensemble,mae_median,696.3932707492761
G3_C3.3,50hertz,2026H1,ensemble,cov50,55.39336622807017
G3_C3.3,50hertz,2026H1,ensemble,cov95,96.34731359649122
G3_C3.3,50hertz,2026H1,ensemble,crps,510.32542727814945
G3_C3.3,50hertz,2026H1,ensemble,energy_score,5793.493532086424
G3_C3.3,amprion,2024,point,rmse,1183.0031664167632
G3_C3.3,amprion,2024,point,r2,0.8717701178096929
G3_C3.3,amprion,2024,point,mae,804.7233632522607
G3_C3.3,amprion,2024,point,smape,4.356322073920666
G3_C3.3,amprion,2024,quantile,wis,491.4248486506259
G3_C3.3,amprion,2024,quantile,lqs,245.71242432531295
G3_C3.3,amprion,2024,quantile,mae_median,787.9145287473424
G3_C3.3,amprion,2024,quantile,cov50,58.404485428051004
G3_C3.3,amprion,2024,quantile,cov95,96.5363160291439
G3_C3.3,amprion,2024,ensemble,wis,491.4248486506259
G3_C3.3,amprion,2024,ensemble,lqs,245.71242432531295
G3_C3.3,amprion,2024,ensemble,mae_median,787.9145287473424
G3_C3.3,amprion,2024,ensemble,cov50,58.404485428051004
G3_C3.3,amprion,2024,ensemble,cov95,96.5363160291439
G3_C3.3,amprion,2024,ensemble,crps,597.9309727051709
G3_C3.3,amprion,2024,ensemble,energy_score,6912.521167710768
G3_C3.3,amprion,2025,point,rmse,1038.8234335404443
G3_C3.3,amprion,2025,point,r2,0.897712782189527
G3_C3.3,amprion,2025,point,mae,742.6044226042281
G3_C3.3,amprion,2025,point,smape,3.8982951780108714
G3_C3.3,amprion,2025,quantile,wis,442.3117694646759
G3_C3.3,amprion,2025,quantile,lqs,221.15588473233794
G3_C3.3,amprion,2025,quantile,mae_median,729.6916706602187
G3_C3.3,amprion,2025,quantile,cov50,58.67294520547945
G3_C3.3,amprion,2025,quantile,cov95,97.6769406392694
G3_C3.3,amprion,2025,ensemble,wis,442.3117694646759
G3_C3.3,amprion,2025,ensemble,lqs,221.15588473233794
G3_C3.3,amprion,2025,ensemble,mae_median,729.6916706602187
G3_C3.3,amprion,2025,ensemble,cov50,58.67294520547945
G3_C3.3,amprion,2025,ensemble,cov95,97.6769406392694
G3_C3.3,amprion,2025,ensemble,crps,543.2400092323036
G3_C3.3,amprion,2025,ensemble,energy_score,6363.092395602251
G3_C3.3,amprion,2026H1,point,rmse,1315.7726303210202
G3_C3.3,amprion,2026H1,point,r2,0.8525520638527786
G3_C3.3,amprion,2026H1,point,mae,928.5606260144675
G3_C3.3,amprion,2026H1,point,smape,4.709386190230655
G3_C3.3,amprion,2026H1,quantile,wis,561.9440975809165
G3_C3.3,amprion,2026H1,quantile,lqs,280.9720487904583
G3_C3.3,amprion,2026H1,quantile,mae_median,924.004624423721
G3_C3.3,amprion,2026H1,quantile,cov50,58.16200657894737
G3_C3.3,amprion,2026H1,quantile,cov95,95.84703947368422
G3_C3.3,amprion,2026H1,ensemble,wis,561.9440975809165
G3_C3.3,amprion,2026H1,ensemble,lqs,280.9720487904583
G3_C3.3,amprion,2026H1,ensemble,mae_median,924.004624423721
G3_C3.3,amprion,2026H1,ensemble,cov50,58.16200657894737
G3_C3.3,amprion,2026H1,ensemble,cov95,95.84703947368422
G3_C3.3,amprion,2026H1,ensemble,crps,687.7804216522792
G3_C3.3,amprion,2026H1,ensemble,energy_score,7898.877911700088
G3_C3.3,de_lu,2024,point,rmse,2899.64599541258
G3_C3.3,de_lu,2024,point,r2,0.9013306853465434
G3_C3.3,de_lu,2024,point,mae,1909.1902551051703
G3_C3.3,de_lu,2024,point,smape,3.629035247518473
G3_C3.3,de_lu,2024,quantile,wis,1191.8530233409429
G3_C3.3,de_lu,2024,quantile,lqs,595.9265116704713
G3_C3.3,de_lu,2024,quantile,mae_median,1867.5676774504568
G3_C3.3,de_lu,2024,quantile,cov50,65.73030510018215
G3_C3.3,de_lu,2024,quantile,cov95,98.20127504553734
G3_C3.3,de_lu,2024,ensemble,wis,1191.8530233409429
G3_C3.3,de_lu,2024,ensemble,lqs,595.9265116704713
G3_C3.3,de_lu,2024,ensemble,mae_median,1867.5676774504568
G3_C3.3,de_lu,2024,ensemble,cov50,65.73030510018215
G3_C3.3,de_lu,2024,ensemble,cov95,98.20127504553734
G3_C3.3,de_lu,2024,ensemble,crps,1455.8387094640523
G3_C3.3,de_lu,2024,ensemble,energy_score,16377.984444165042
G3_C3.3,de_lu,2025,point,rmse,2753.3007202065082
G3_C3.3,de_lu,2025,point,r2,0.9114874797198161
G3_C3.3,de_lu,2025,point,mae,1899.0438331059308
G3_C3.3,de_lu,2025,point,smape,3.5885728799039307
G3_C3.3,de_lu,2025,quantile,wis,1161.8977689904168
G3_C3.3,de_lu,2025,quantile,lqs,580.9488844952084
G3_C3.3,de_lu,2025,quantile,mae_median,1862.6243983815639
G3_C3.3,de_lu,2025,quantile,cov50,66.58961187214612
G3_C3.3,de_lu,2025,quantile,cov95,98.61586757990868
G3_C3.3,de_lu,2025,ensemble,wis,1161.8977689904168
G3_C3.3,de_lu,2025,ensemble,lqs,580.9488844952084
G3_C3.3,de_lu,2025,ensemble,mae_median,1862.6243983815639
G3_C3.3,de_lu,2025,ensemble,cov50,66.58961187214612
G3_C3.3,de_lu,2025,ensemble,cov95,98.61586757990868
G3_C3.3,de_lu,2025,ensemble,crps,1425.5843633934433
G3_C3.3,de_lu,2025,ensemble,energy_score,16163.969637139111
G3_C3.3,de_lu,2026H1,point,rmse,3511.659630598306
G3_C3.3,de_lu,2026H1,point,r2,0.8709702882013775
G3_C3.3,de_lu,2026H1,point,mae,2342.3733609311985
G3_C3.3,de_lu,2026H1,point,smape,4.324662774470629
G3_C3.3,de_lu,2026H1,quantile,wis,1455.3872740118609
G3_C3.3,de_lu,2026H1,quantile,lqs,727.6936370059306
G3_C3.3,de_lu,2026H1,quantile,mae_median,2316.1378439077407
G3_C3.3,de_lu,2026H1,quantile,cov50,66.50904605263158
G3_C3.3,de_lu,2026H1,quantile,cov95,97.24506578947368
G3_C3.3,de_lu,2026H1,ensemble,wis,1455.3872740118609
G3_C3.3,de_lu,2026H1,ensemble,lqs,727.6936370059306
G3_C3.3,de_lu,2026H1,ensemble,mae_median,2316.1378439077407
G3_C3.3,de_lu,2026H1,ensemble,cov50,66.50904605263158
G3_C3.3,de_lu,2026H1,ensemble,cov95,97.24506578947368
G3_C3.3,de_lu,2026H1,ensemble,crps,1786.1397640727498
G3_C3.3,de_lu,2026H1,ensemble,energy_score,20029.998651024198
G3_C3.3,lu,2024,point,rmse,29.67556025275688
G3_C3.3,lu,2024,point,r2,0.9088230242715466
G3_C3.3,lu,2024,point,mae,19.08610623900319
G3_C3.3,lu,2024,point,smape,3.4495329269103534
G3_C3.3,lu,2024,quantile,wis,11.57624698642286
G3_C3.3,lu,2024,quantile,lqs,5.78812349321143
G3_C3.3,lu,2024,quantile,mae_median,18.673379805698637
G3_C3.3,lu,2024,quantile,cov50,53.19899817850637
G3_C3.3,lu,2024,quantile,cov95,95.85040983606558
G3_C3.3,lu,2024,ensemble,wis,11.57624698642286
G3_C3.3,lu,2024,ensemble,lqs,5.78812349321143
G3_C3.3,lu,2024,ensemble,mae_median,18.673379805698637
G3_C3.3,lu,2024,ensemble,cov50,53.19899817850637
G3_C3.3,lu,2024,ensemble,cov95,95.85040983606558
G3_C3.3,lu,2024,ensemble,crps,13.984375392031302
G3_C3.3,lu,2024,ensemble,energy_score,160.4661468294507
G3_C3.3,lu,2025,point,rmse,30.070190794774987
G3_C3.3,lu,2025,point,r2,0.9071244813465855
G3_C3.3,lu,2025,point,mae,20.136309459202373
G3_C3.3,lu,2025,point,smape,3.6887816298419045
G3_C3.3,lu,2025,quantile,wis,12.083509387125687
G3_C3.3,lu,2025,quantile,lqs,6.041754693562843
G3_C3.3,lu,2025,quantile,mae_median,19.66205761846255
G3_C3.3,lu,2025,quantile,cov50,54.13527397260274
G3_C3.3,lu,2025,quantile,cov95,96.32705479452055
G3_C3.3,lu,2025,ensemble,wis,12.083509387125687
G3_C3.3,lu,2025,ensemble,lqs,6.041754693562843
G3_C3.3,lu,2025,ensemble,mae_median,19.66205761846255
G3_C3.3,lu,2025,ensemble,cov50,54.13527397260274
G3_C3.3,lu,2025,ensemble,cov95,96.32705479452055
G3_C3.3,lu,2025,ensemble,crps,14.69987230452623
G3_C3.3,lu,2025,ensemble,energy_score,169.82762826200198
G3_C3.3,lu,2026H1,point,rmse,41.3093864444786
G3_C3.3,lu,2026H1,point,r2,0.8286665278524005
G3_C3.3,lu,2026H1,point,mae,27.0870884447008
G3_C3.3,lu,2026H1,point,smape,5.036521120678246
G3_C3.3,lu,2026H1,quantile,wis,16.323772255837905
G3_C3.3,lu,2026H1,quantile,lqs,8.161886127918953
G3_C3.3,lu,2026H1,quantile,mae_median,26.557651099077997
G3_C3.3,lu,2026H1,quantile,cov50,54.39967105263158
G3_C3.3,lu,2026H1,quantile,cov95,95.7922149122807
G3_C3.3,lu,2026H1,ensemble,wis,16.323772255837905
G3_C3.3,lu,2026H1,ensemble,lqs,8.161886127918953
G3_C3.3,lu,2026H1,ensemble,mae_median,26.557651099077997
G3_C3.3,lu,2026H1,ensemble,cov50,54.39967105263158
G3_C3.3,lu,2026H1,ensemble,cov95,95.7922149122807
G3_C3.3,lu,2026H1,ensemble,crps,19.862320112987483
G3_C3.3,lu,2026H1,ensemble,energy_score,228.58736828754087
G3_C3.3,tennet,2024,point,rmse,846.2369337137665
G3_C3.3,tennet,2024,point,r2,0.9087318761873481
G3_C3.3,tennet,2024,point,mae,559.0099316785039
G3_C3.3,tennet,2024,point,smape,3.5607046007271195
G3_C3.3,tennet,2024,quantile,wis,336.14596892150155
G3_C3.3,tennet,2024,quantile,lqs,168.0729844607508
G3_C3.3,tennet,2024,quantile,mae_median,546.8788619122391
G3_C3.3,tennet,2024,quantile,cov50,54.548041894353375
G3_C3.3,tennet,2024,quantile,cov95,96.60746812386157
G3_C3.3,tennet,2024,ensemble,wis,336.14596892150155
G3_C3.3,tennet,2024,ensemble,lqs,168.0729844607508
G3_C3.3,tennet,2024,ensemble,mae_median,546.8788619122391
G3_C3.3,tennet,2024,ensemble,cov50,54.548041894353375
G3_C3.3,tennet,2024,ensemble,cov95,96.60746812386157
G3_C3.3,tennet,2024,ensemble,crps,407.84618494172645
G3_C3.3,tennet,2024,ensemble,energy_score,4707.308005146166
G3_C3.3,tennet,2025,point,rmse,838.4560054719022
G3_C3.3,tennet,2025,point,r2,0.9133748019209817
G3_C3.3,tennet,2025,point,mae,564.9848218710504
G3_C3.3,tennet,2025,point,smape,3.624511343330373
G3_C3.3,tennet,2025,quantile,wis,338.2559419360909
G3_C3.3,tennet,2025,quantile,lqs,169.12797096804545
G3_C3.3,tennet,2025,quantile,mae_median,555.1753474183523
G3_C3.3,tennet,2025,quantile,cov50,52.708333333333336
G3_C3.3,tennet,2025,quantile,cov95,96.18150684931507
G3_C3.3,tennet,2025,ensemble,wis,338.2559419360909
G3_C3.3,tennet,2025,ensemble,lqs,169.12797096804545
G3_C3.3,tennet,2025,ensemble,mae_median,555.1753474183523
G3_C3.3,tennet,2025,ensemble,cov50,52.708333333333336
G3_C3.3,tennet,2025,ensemble,cov95,96.18150684931507
G3_C3.3,tennet,2025,ensemble,crps,410.5803275149576
G3_C3.3,tennet,2025,ensemble,energy_score,4771.264893048932
G3_C3.3,tennet,2026H1,point,rmse,1186.3772121646405
G3_C3.3,tennet,2026H1,point,r2,0.8489928015907875
G3_C3.3,tennet,2026H1,point,mae,810.2122450714749
G3_C3.3,tennet,2026H1,point,smape,5.30023498177196
G3_C3.3,tennet,2026H1,quantile,wis,490.2327404263279
G3_C3.3,tennet,2026H1,quantile,lqs,245.11637021316398
G3_C3.3,tennet,2026H1,quantile,mae_median,803.7626871032716
G3_C3.3,tennet,2026H1,quantile,cov50,53.57730263157895
G3_C3.3,tennet,2026H1,quantile,cov95,94.64775219298247
G3_C3.3,tennet,2026H1,ensemble,wis,490.2327404263279
G3_C3.3,tennet,2026H1,ensemble,lqs,245.11637021316398
G3_C3.3,tennet,2026H1,ensemble,mae_median,803.7626871032716
G3_C3.3,tennet,2026H1,ensemble,cov50,53.57730263157895
G3_C3.3,tennet,2026H1,ensemble,cov95,94.64775219298247
G3_C3.3,tennet,2026H1,ensemble,crps,596.1198248463216
G3_C3.3,tennet,2026H1,ensemble,energy_score,6912.8041547361445
G3_C3.3,transnetbw,2024,point,rmse,468.0029658862011
G3_C3.3,transnetbw,2024,point,r2,0.8833049479641841
G3_C3.3,transnetbw,2024,point,mae,293.423343101751
G3_C3.3,transnetbw,2024,point,smape,4.61814890521811
G3_C3.3,transnetbw,2024,quantile,wis,177.34277417929533
G3_C3.3,transnetbw,2024,quantile,lqs,88.67138708964767
G3_C3.3,transnetbw,2024,quantile,mae_median,286.2956021362749
G3_C3.3,transnetbw,2024,quantile,cov50,54.62488615664846
G3_C3.3,transnetbw,2024,quantile,cov95,95.95571493624773
G3_C3.3,transnetbw,2024,ensemble,wis,177.34277417929533
G3_C3.3,transnetbw,2024,ensemble,lqs,88.67138708964767
G3_C3.3,transnetbw,2024,ensemble,mae_median,286.2956021362749
G3_C3.3,transnetbw,2024,ensemble,cov50,54.62488615664846
G3_C3.3,transnetbw,2024,ensemble,cov95,95.95571493624773
G3_C3.3,transnetbw,2024,ensemble,crps,214.2307526506274
G3_C3.3,transnetbw,2024,ensemble,energy_score,2478.4515253128525
G3_C3.3,transnetbw,2025,point,rmse,454.17780030733
G3_C3.3,transnetbw,2025,point,r2,0.8913429087600261
G3_C3.3,transnetbw,2025,point,mae,290.2225674393975
G3_C3.3,transnetbw,2025,point,smape,4.579400931717282
G3_C3.3,transnetbw,2025,quantile,wis,175.99951345115517
G3_C3.3,transnetbw,2025,quantile,lqs,87.99975672557757
G3_C3.3,transnetbw,2025,quantile,mae_median,286.4953705505984
G3_C3.3,transnetbw,2025,quantile,cov50,54.962899543378995
G3_C3.3,transnetbw,2025,quantile,cov95,96.30707762557078
G3_C3.3,transnetbw,2025,ensemble,wis,175.99951345115517
G3_C3.3,transnetbw,2025,ensemble,lqs,87.99975672557757
G3_C3.3,transnetbw,2025,ensemble,mae_median,286.4953705505984
G3_C3.3,transnetbw,2025,ensemble,cov50,54.962899543378995
G3_C3.3,transnetbw,2025,ensemble,cov95,96.30707762557078
G3_C3.3,transnetbw,2025,ensemble,crps,212.88438626188594
G3_C3.3,transnetbw,2025,ensemble,energy_score,2498.528975719706
G3_C3.3,transnetbw,2026H1,point,rmse,573.4226449749261
G3_C3.3,transnetbw,2026H1,point,r2,0.820022777115781
G3_C3.3,transnetbw,2026H1,point,mae,366.88690963208444
G3_C3.3,transnetbw,2026H1,point,smape,5.392378921912317
G3_C3.3,transnetbw,2026H1,quantile,wis,222.6115644767594
G3_C3.3,transnetbw,2026H1,quantile,lqs,111.30578223837969
G3_C3.3,transnetbw,2026H1,quantile,mae_median,363.4795238901774
G3_C3.3,transnetbw,2026H1,quantile,cov50,57.17516447368421
G3_C3.3,transnetbw,2026H1,quantile,cov95,95.38103070175438
G3_C3.3,transnetbw,2026H1,ensemble,wis,222.6115644767594
G3_C3.3,transnetbw,2026H1,ensemble,lqs,111.30578223837969
G3_C3.3,transnetbw,2026H1,ensemble,mae_median,363.4795238901774
G3_C3.3,transnetbw,2026H1,ensemble,cov50,57.17516447368421
G3_C3.3,transnetbw,2026H1,ensemble,cov95,95.38103070175438
G3_C3.3,transnetbw,2026H1,ensemble,crps,270.7210462296808
G3_C3.3,transnetbw,2026H1,ensemble,energy_score,3126.7788461895557
G3_C3.3,50hertz,overall,point,rmse,898.3050507648171
G3_C3.3,50hertz,overall,point,r2,0.7857699139150283
G3_C3.3,50hertz,overall,point,mae,699.7668861622591
G3_C3.3,50hertz,overall,point,smape,6.0632187033373555
G3_C3.3,50hertz,overall,quantile,wis,409.6373036331586
G3_C3.3,50hertz,overall,quantile,lqs,204.81865181657926
G3_C3.3,50hertz,overall,quantile,mae_median,696.8909511121992
G3_C3.3,50hertz,overall,quantile,cov50,51.18087013967535
G3_C3.3,50hertz,overall,quantile,cov95,97.23126651566629
G3_C3.3,50hertz,overall,ensemble,wis,409.6373036331586
G3_C3.3,50hertz,overall,ensemble,lqs,204.81865181657926
G3_C3.3,50hertz,overall,ensemble,mae_median,696.8909511121992
G3_C3.3,50hertz,overall,ensemble,cov50,51.18087013967535
G3_C3.3,50hertz,overall,ensemble,cov95,97.23126651566629
G3_C3.3,50hertz,overall,ensemble,crps,503.1218766237824
G3_C3.3,50hertz,overall,ensemble,energy_score,5756.798441468315
G3_C3.3,amprion,overall,point,rmse,1150.7337407292234
G3_C3.3,amprion,overall,point,r2,0.8807368140177722
G3_C3.3,amprion,overall,point,mae,800.3630581597621
G3_C3.3,amprion,overall,point,smape,4.227767066754237
G3_C3.3,amprion,overall,quantile,wis,483.26250656062865
G3_C3.3,amprion,overall,quantile,lqs,241.63125328031433
G3_C3.3,amprion,overall,quantile,mae_median,787.2739300395388
G3_C3.3,amprion,overall,quantile,cov50,58.47371649679124
G3_C3.3,amprion,overall,quantile,cov95,96.88915628539071
G3_C3.3,amprion,overall,ensemble,wis,483.26250656062865
G3_C3.3,amprion,overall,ensemble,lqs,241.63125328031433
G3_C3.3,amprion,overall,ensemble,mae_median,787.2739300395388
G3_C3.3,amprion,overall,ensemble,cov50,58.47371649679124
G3_C3.3,amprion,overall,ensemble,cov95,96.88915628539071
G3_C3.3,amprion,overall,ensemble,crps,590.7904456070554
G3_C3.3,amprion,overall,ensemble,energy_score,6855.199223505523
G3_C3.3,de_lu,overall,point,rmse,2956.589995827607
G3_C3.3,de_lu,overall,point,r2,0.9006077656959431
G3_C3.3,de_lu,overall,point,mae,1979.5644205138158
G3_C3.3,de_lu,overall,point,smape,3.7320552021248377
G3_C3.3,de_lu,overall,quantile,wis,1224.835512881189
G3_C3.3,de_lu,overall,quantile,lqs,612.4177564405944
G3_C3.3,de_lu,overall,quantile,mae_median,1942.7413676445237
G3_C3.3,de_lu,overall,quantile,cov50,66.21956398640997
G3_C3.3,de_lu,overall,quantile,cov95,98.20805020762552
G3_C3.3,de_lu,overall,ensemble,wis,1224.835512881189
G3_C3.3,de_lu,overall,ensemble,lqs,612.4177564405944
G3_C3.3,de_lu,overall,ensemble,mae_median,1942.7413676445237
G3_C3.3,de_lu,overall,ensemble,cov50,66.21956398640997
G3_C3.3,de_lu,overall,ensemble,cov95,98.20805020762552
G3_C3.3,de_lu,overall,ensemble,crps,1500.190831757087
G3_C3.3,de_lu,overall,ensemble,energy_score,16918.177824547973
G3_C3.3,lu,overall,point,rmse,32.133208505816036
G3_C3.3,lu,overall,point,r2,0.894198473197634
G3_C3.3,lu,overall,point,mae,20.897514473022145
G3_C3.3,lu,overall,point,smape,3.8216144467549014
G3_C3.3,lu,overall,quantile,wis,12.603171807722541
G3_C3.3,lu,overall,quantile,lqs,6.301585903861271
G3_C3.3,lu,overall,quantile,mae_median,20.439265013232603
G3_C3.3,lu,overall,quantile,cov50,53.79270479426198
G3_C3.3,lu,overall,quantile,cov95,96.03741978104945
G3_C3.3,lu,overall,ensemble,wis,12.603171807722541
G3_C3.3,lu,overall,ensemble,lqs,6.301585903861271
G3_C3.3,lu,overall,ensemble,mae_median,20.439265013232603
G3_C3.3,lu,overall,ensemble,cov50,53.79270479426198
G3_C3.3,lu,overall,ensemble,cov95,96.03741978104945
G3_C3.3,lu,overall,ensemble,crps,15.291967657768547
G3_C3.3,lu,overall,ensemble,energy_score,176.06225825018788
G3_C3.3,tennet,overall,point,rmse,910.8851685727013
G3_C3.3,tennet,overall,point,r2,0.8990229140857151
G3_C3.3,tennet,overall,point,mae,604.7218077328765
G3_C3.3,tennet,overall,point,smape,3.8865234897067378
G3_C3.3,tennet,overall,quantile,wis,363.54271798045824
G3_C3.3,tennet,overall,quantile,lqs,181.77135899022912
G3_C3.3,tennet,overall,quantile,mae_median,594.5284186945362
G3_C3.3,tennet,overall,quantile,cov50,53.62046998867497
G3_C3.3,tennet,overall,quantile,cov95,96.09404492261231
G3_C3.3,tennet,overall,ensemble,wis,363.54271798045824
G3_C3.3,tennet,overall,ensemble,lqs,181.77135899022912
G3_C3.3,tennet,overall,ensemble,mae_median,594.5284186945362
G3_C3.3,tennet,overall,ensemble,cov50,53.62046998867497
G3_C3.3,tennet,overall,ensemble,cov95,96.09404492261231
G3_C3.3,tennet,overall,ensemble,crps,441.38588517358124
G3_C3.3,tennet,overall,ensemble,energy_score,5113.400506643546
G3_C3.3,transnetbw,overall,point,rmse,482.34367277985234
G3_C3.3,transnetbw,overall,point,r2,0.8782508323597853
G3_C3.3,transnetbw,overall,point,mae,304.746309121968
G3_C3.3,transnetbw,overall,point,smape,4.735408194243837
G3_C3.3,transnetbw,overall,quantile,wis,184.58010822170007
G3_C3.3,transnetbw,overall,quantile,lqs,92.29005411085002
G3_C3.3,transnetbw,overall,quantile,mae_median,299.6646526207837
G3_C3.3,transnetbw,overall,quantile,cov50,55.20361457153643
G3_C3.3,transnetbw,overall,quantile,cov95,96.00202906757266
G3_C3.3,transnetbw,overall,ensemble,wis,184.58010822170007
G3_C3.3,transnetbw,overall,ensemble,lqs,92.29005411085002
G3_C3.3,transnetbw,overall,ensemble,mae_median,299.6646526207837
G3_C3.3,transnetbw,overall,ensemble,cov50,55.20361457153643
G3_C3.3,transnetbw,overall,ensemble,cov95,96.00202906757266
G3_C3.3,transnetbw,overall,ensemble,crps,223.3984773302712
G3_C3.3,transnetbw,overall,ensemble,energy_score,2598.354155178946
G3_C3.4,50hertz,2024,point,rmse,863.385864942383
G3_C3.4,50hertz,2024,point,r2,0.7857274893128463
G3_C3.4,50hertz,2024,point,mae,666.7422692628361
G3_C3.4,50hertz,2024,point,smape,5.839506651186497
G3_C3.4,50hertz,2024,quantile,wis,392.27355849132994
G3_C3.4,50hertz,2024,quantile,lqs,196.13677924566497
G3_C3.4,50hertz,2024,quantile,mae_median,665.2321080775861
G3_C3.4,50hertz,2024,quantile,cov50,49.87477231329691
G3_C3.4,50hertz,2024,quantile,cov95,97.22222222222221
G3_C3.4,50hertz,2024,ensemble,wis,392.27355849132994
G3_C3.4,50hertz,2024,ensemble,lqs,196.13677924566497
G3_C3.4,50hertz,2024,ensemble,mae_median,665.2321080775861
G3_C3.4,50hertz,2024,ensemble,cov50,49.87477231329691
G3_C3.4,50hertz,2024,ensemble,cov95,97.22222222222221
G3_C3.4,50hertz,2024,ensemble,crps,481.1643573207729
G3_C3.4,50hertz,2024,ensemble,energy_score,5514.468258408843
G3_C3.4,50hertz,2025,point,rmse,938.6284152719329
G3_C3.4,50hertz,2025,point,r2,0.7516116906865592
G3_C3.4,50hertz,2025,point,mae,750.2748178889306
G3_C3.4,50hertz,2025,point,smape,6.5191991931642965
G3_C3.4,50hertz,2025,quantile,wis,435.3595989550921
G3_C3.4,50hertz,2025,quantile,lqs,217.67979947754606
G3_C3.4,50hertz,2025,quantile,mae_median,747.4485652416212
G3_C3.4,50hertz,2025,quantile,cov50,47.82819634703196
G3_C3.4,50hertz,2025,quantile,cov95,97.75399543378995
G3_C3.4,50hertz,2025,ensemble,wis,435.3595989550921
G3_C3.4,50hertz,2025,ensemble,lqs,217.67979947754606
G3_C3.4,50hertz,2025,ensemble,mae_median,747.4485652416212
G3_C3.4,50hertz,2025,ensemble,cov50,47.82819634703196
G3_C3.4,50hertz,2025,ensemble,cov95,97.75399543378995
G3_C3.4,50hertz,2025,ensemble,crps,533.4106619799795
G3_C3.4,50hertz,2025,ensemble,energy_score,6077.857499412976
G3_C3.4,50hertz,2026H1,point,rmse,942.9121843769145
G3_C3.4,50hertz,2026H1,point,r2,0.8087088898920864
G3_C3.4,50hertz,2026H1,point,mae,706.6437382975031
G3_C3.4,50hertz,2026H1,point,smape,5.904994733740673
G3_C3.4,50hertz,2026H1,quantile,wis,421.3278701876858
G3_C3.4,50hertz,2026H1,quantile,lqs,210.6639350938429
G3_C3.4,50hertz,2026H1,quantile,mae_median,706.300249002557
G3_C3.4,50hertz,2026H1,quantile,cov50,54.85882675438597
G3_C3.4,50hertz,2026H1,quantile,cov95,96.45696271929825
G3_C3.4,50hertz,2026H1,ensemble,wis,421.3278701876858
G3_C3.4,50hertz,2026H1,ensemble,lqs,210.6639350938429
G3_C3.4,50hertz,2026H1,ensemble,mae_median,706.300249002557
G3_C3.4,50hertz,2026H1,ensemble,cov50,54.85882675438597
G3_C3.4,50hertz,2026H1,ensemble,cov95,96.45696271929825
G3_C3.4,50hertz,2026H1,ensemble,crps,517.7097820015038
G3_C3.4,50hertz,2026H1,ensemble,energy_score,5857.720250973352
G3_C3.4,amprion,2024,point,rmse,1193.6616617323682
G3_C3.4,amprion,2024,point,r2,0.8694490850674499
G3_C3.4,amprion,2024,point,mae,808.8335657318519
G3_C3.4,amprion,2024,point,smape,4.380992979363513
G3_C3.4,amprion,2024,quantile,wis,496.29014050312793
G3_C3.4,amprion,2024,quantile,lqs,248.145070251564
G3_C3.4,amprion,2024,quantile,mae_median,798.5404039270014
G3_C3.4,amprion,2024,quantile,cov50,56.045081967213115
G3_C3.4,amprion,2024,quantile,cov95,96.22893897996357
G3_C3.4,amprion,2024,ensemble,wis,496.29014050312793
G3_C3.4,amprion,2024,ensemble,lqs,248.145070251564
G3_C3.4,amprion,2024,ensemble,mae_median,798.5404039270014
G3_C3.4,amprion,2024,ensemble,cov50,56.045081967213115
G3_C3.4,amprion,2024,ensemble,cov95,96.22893897996357
G3_C3.4,amprion,2024,ensemble,crps,602.1590143504089
G3_C3.4,amprion,2024,ensemble,energy_score,6971.469609991195
G3_C3.4,amprion,2025,point,rmse,1065.2727824760204
G3_C3.4,amprion,2025,point,r2,0.8924378306769987
G3_C3.4,amprion,2025,point,mae,755.7770730313664
G3_C3.4,amprion,2025,point,smape,3.962964459948741
G3_C3.4,amprion,2025,quantile,wis,450.6304074894161
G3_C3.4,amprion,2025,quantile,lqs,225.31520374470807
G3_C3.4,amprion,2025,quantile,mae_median,744.0083507152451
G3_C3.4,amprion,2025,quantile,cov50,55.71347031963471
G3_C3.4,amprion,2025,quantile,cov95,97.537100456621
G3_C3.4,amprion,2025,ensemble,wis,450.6304074894161
G3_C3.4,amprion,2025,ensemble,lqs,225.31520374470807
G3_C3.4,amprion,2025,ensemble,mae_median,744.0083507152451
G3_C3.4,amprion,2025,ensemble,cov50,55.71347031963471
G3_C3.4,amprion,2025,ensemble,cov95,97.537100456621
G3_C3.4,amprion,2025,ensemble,crps,550.737845716516
G3_C3.4,amprion,2025,ensemble,energy_score,6455.0549229723665
G3_C3.4,amprion,2026H1,point,rmse,1352.881368251562
G3_C3.4,amprion,2026H1,point,r2,0.8441178335584673
G3_C3.4,amprion,2026H1,point,mae,950.3793965513137
G3_C3.4,amprion,2026H1,point,smape,4.825009198262948
G3_C3.4,amprion,2026H1,quantile,wis,576.5874834726792
G3_C3.4,amprion,2026H1,quantile,lqs,288.29374173633965
G3_C3.4,amprion,2026H1,quantile,mae_median,957.2517544157114
G3_C3.4,amprion,2026H1,quantile,cov50,53.96792763157895
G3_C3.4,amprion,2026H1,quantile,cov95,96.28563596491229
G3_C3.4,amprion,2026H1,ensemble,wis,576.5874834726792
G3_C3.4,amprion,2026H1,ensemble,lqs,288.29374173633965
G3_C3.4,amprion,2026H1,ensemble,mae_median,957.2517544157114
G3_C3.4,amprion,2026H1,ensemble,cov50,53.96792763157895
G3_C3.4,amprion,2026H1,ensemble,cov95,96.28563596491229
G3_C3.4,amprion,2026H1,ensemble,crps,702.6200161580447
G3_C3.4,amprion,2026H1,ensemble,energy_score,8037.934736416706
G3_C3.4,de_lu,2024,point,rmse,2958.730617272548
G3_C3.4,de_lu,2024,point,r2,0.897268648119496
G3_C3.4,de_lu,2024,point,mae,1951.2731650085457
G3_C3.4,de_lu,2024,point,smape,3.711640473397086
G3_C3.4,de_lu,2024,quantile,wis,1205.4455330461576
G3_C3.4,de_lu,2024,quantile,lqs,602.7227665230787
G3_C3.4,de_lu,2024,quantile,mae_median,1919.502822627334
G3_C3.4,de_lu,2024,quantile,cov50,62.909836065573764
G3_C3.4,de_lu,2024,quantile,cov95,98.02481785063752
G3_C3.4,de_lu,2024,ensemble,wis,1205.4455330461576
G3_C3.4,de_lu,2024,ensemble,lqs,602.7227665230787
G3_C3.4,de_lu,2024,ensemble,mae_median,1919.502822627334
G3_C3.4,de_lu,2024,ensemble,cov50,62.909836065573764
G3_C3.4,de_lu,2024,ensemble,cov95,98.02481785063752
G3_C3.4,de_lu,2024,ensemble,crps,1469.7508649980057
G3_C3.4,de_lu,2024,ensemble,energy_score,16546.109100227615
G3_C3.4,de_lu,2025,point,rmse,2836.5937176952425
G3_C3.4,de_lu,2025,point,r2,0.9060511034489802
G3_C3.4,de_lu,2025,point,mae,1954.5668107222943
G3_C3.4,de_lu,2025,point,smape,3.6888725045289483
G3_C3.4,de_lu,2025,quantile,wis,1186.5282120536742
G3_C3.4,de_lu,2025,quantile,lqs,593.2641060268372
G3_C3.4,de_lu,2025,quantile,mae_median,1915.7277665122717
G3_C3.4,de_lu,2025,quantile,cov50,62.851027397260275
G3_C3.4,de_lu,2025,quantile,cov95,98.52168949771689
G3_C3.4,de_lu,2025,ensemble,wis,1186.5282120536742
G3_C3.4,de_lu,2025,ensemble,lqs,593.2641060268372
G3_C3.4,de_lu,2025,ensemble,mae_median,1915.7277665122717
G3_C3.4,de_lu,2025,ensemble,cov50,62.851027397260275
G3_C3.4,de_lu,2025,ensemble,cov95,98.52168949771689
G3_C3.4,de_lu,2025,ensemble,crps,1451.0837024612874
G3_C3.4,de_lu,2025,ensemble,energy_score,16425.889730732382
G3_C3.4,de_lu,2026H1,point,rmse,3591.8208375169957
G3_C3.4,de_lu,2026H1,point,r2,0.8650122904476906
G3_C3.4,de_lu,2026H1,point,mae,2394.384251835716
G3_C3.4,de_lu,2026H1,point,smape,4.430813203901775
G3_C3.4,de_lu,2026H1,quantile,wis,1481.2273390338864
G3_C3.4,de_lu,2026H1,quantile,lqs,740.6136695169432
G3_C3.4,de_lu,2026H1,quantile,mae_median,2399.414378378803
G3_C3.4,de_lu,2026H1,quantile,cov50,62.43146929824561
G3_C3.4,de_lu,2026H1,quantile,cov95,97.75219298245614
G3_C3.4,de_lu,2026H1,ensemble,wis,1481.2273390338864
G3_C3.4,de_lu,2026H1,ensemble,lqs,740.6136695169432
G3_C3.4,de_lu,2026H1,ensemble,mae_median,2399.414378378803
G3_C3.4,de_lu,2026H1,ensemble,cov50,62.43146929824561
G3_C3.4,de_lu,2026H1,ensemble,cov95,97.75219298245614
G3_C3.4,de_lu,2026H1,ensemble,crps,1811.7438590423021
G3_C3.4,de_lu,2026H1,ensemble,energy_score,20269.25896517976
G3_C3.4,lu,2024,point,rmse,30.35668534059377
G3_C3.4,lu,2024,point,r2,0.9045895317673434
G3_C3.4,lu,2024,point,mae,19.409323211227864
G3_C3.4,lu,2024,point,smape,3.5094396058819983
G3_C3.4,lu,2024,quantile,wis,11.77813093342234
G3_C3.4,lu,2024,quantile,lqs,5.88906546671117
G3_C3.4,lu,2024,quantile,mae_median,19.04110689239641
G3_C3.4,lu,2024,quantile,cov50,51.37750455373406
G3_C3.4,lu,2024,quantile,cov95,96.0297131147541
G3_C3.4,lu,2024,ensemble,wis,11.77813093342234
G3_C3.4,lu,2024,ensemble,lqs,5.88906546671117
G3_C3.4,lu,2024,ensemble,mae_median,19.04110689239641
G3_C3.4,lu,2024,ensemble,cov50,51.37750455373406
G3_C3.4,lu,2024,ensemble,cov95,96.0297131147541
G3_C3.4,lu,2024,ensemble,crps,14.239884979159752
G3_C3.4,lu,2024,ensemble,energy_score,163.28888334073065
G3_C3.4,lu,2025,point,rmse,30.612473993325022
G3_C3.4,lu,2025,point,r2,0.903744458175116
G3_C3.4,lu,2025,point,mae,20.602877339191608
G3_C3.4,lu,2025,point,smape,3.764803239238812
G3_C3.4,lu,2025,quantile,wis,12.387929785181333
G3_C3.4,lu,2025,quantile,lqs,6.193964892590666
G3_C3.4,lu,2025,quantile,mae_median,20.31913788677198
G3_C3.4,lu,2025,quantile,cov50,51.735159817351594
G3_C3.4,lu,2025,quantile,cov95,96.52111872146119
G3_C3.4,lu,2025,ensemble,wis,12.387929785181333
G3_C3.4,lu,2025,ensemble,lqs,6.193964892590666
G3_C3.4,lu,2025,ensemble,mae_median,20.31913788677198
G3_C3.4,lu,2025,ensemble,cov50,51.735159817351594
G3_C3.4,lu,2025,ensemble,cov95,96.52111872146119
G3_C3.4,lu,2025,ensemble,crps,15.040641610570509
G3_C3.4,lu,2025,ensemble,energy_score,173.574453025947
G3_C3.4,lu,2026H1,point,rmse,44.29859879303188
G3_C3.4,lu,2026H1,point,r2,0.8029734714183607
G3_C3.4,lu,2026H1,point,mae,27.95837296559018
G3_C3.4,lu,2026H1,point,smape,5.229380719655398
G3_C3.4,lu,2026H1,quantile,wis,16.885252231357004
G3_C3.4,lu,2026H1,quantile,lqs,8.442626115678504
G3_C3.4,lu,2026H1,quantile,mae_median,27.909027877881368
G3_C3.4,lu,2026H1,quantile,cov50,51.87088815789473
G3_C3.4,lu,2026H1,quantile,cov95,96.74479166666666
G3_C3.4,lu,2026H1,ensemble,wis,16.885252231357004
G3_C3.4,lu,2026H1,ensemble,lqs,8.442626115678504
G3_C3.4,lu,2026H1,ensemble,mae_median,27.909027877881368
G3_C3.4,lu,2026H1,ensemble,cov50,51.87088815789473
G3_C3.4,lu,2026H1,ensemble,cov95,96.74479166666666
G3_C3.4,lu,2026H1,ensemble,crps,20.528011867085585
G3_C3.4,lu,2026H1,ensemble,energy_score,235.5220564707986
G3_C3.4,tennet,2024,point,rmse,861.6532224047456
G3_C3.4,tennet,2024,point,r2,0.9053762394479454
G3_C3.4,tennet,2024,point,mae,568.1165412406118
G3_C3.4,tennet,2024,point,smape,3.621689559746992
G3_C3.4,tennet,2024,quantile,wis,340.5653533820759
G3_C3.4,tennet,2024,quantile,lqs,170.28267669103792
G3_C3.4,tennet,2024,quantile,mae_median,558.6432226684793
G3_C3.4,tennet,2024,quantile,cov50,50.91928506375227
G3_C3.4,tennet,2024,quantile,cov95,96.53916211293262
G3_C3.4,tennet,2024,ensemble,wis,340.5653533820759
G3_C3.4,tennet,2024,ensemble,lqs,170.28267669103792
G3_C3.4,tennet,2024,ensemble,mae_median,558.6432226684793
G3_C3.4,tennet,2024,ensemble,cov50,50.91928506375227
G3_C3.4,tennet,2024,ensemble,cov95,96.53916211293262
G3_C3.4,tennet,2024,ensemble,crps,411.96217908040853
G3_C3.4,tennet,2024,ensemble,energy_score,4746.985536403773
G3_C3.4,tennet,2025,point,rmse,856.9282069798467
G3_C3.4,tennet,2025,point,r2,0.9095158401749321
G3_C3.4,tennet,2025,point,mae,574.3929254435195
G3_C3.4,tennet,2025,point,smape,3.676483213206258
G3_C3.4,tennet,2025,quantile,wis,344.65160949241044
G3_C3.4,tennet,2025,quantile,lqs,172.32580474620525
G3_C3.4,tennet,2025,quantile,mae_median,566.2691231824343
G3_C3.4,tennet,2025,quantile,cov50,49.240867579908674
G3_C3.4,tennet,2025,quantile,cov95,96.03025114155251
G3_C3.4,tennet,2025,ensemble,wis,344.65160949241044
G3_C3.4,tennet,2025,ensemble,lqs,172.32580474620525
G3_C3.4,tennet,2025,ensemble,mae_median,566.2691231824343
G3_C3.4,tennet,2025,ensemble,cov50,49.240867579908674
G3_C3.4,tennet,2025,ensemble,cov95,96.03025114155251
G3_C3.4,tennet,2025,ensemble,crps,417.18405984464516
G3_C3.4,tennet,2025,ensemble,energy_score,4823.083694927391
G3_C3.4,tennet,2026H1,point,rmse,1200.523928039631
G3_C3.4,tennet,2026H1,point,r2,0.8453700202603434
G3_C3.4,tennet,2026H1,point,mae,814.877643746066
G3_C3.4,tennet,2026H1,point,smape,5.34432485999922
G3_C3.4,tennet,2026H1,quantile,wis,489.9235837824571
G3_C3.4,tennet,2026H1,quantile,lqs,244.96179189122853
G3_C3.4,tennet,2026H1,quantile,mae_median,814.1928497732061
G3_C3.4,tennet,2026H1,quantile,cov50,50.54139254385965
G3_C3.4,tennet,2026H1,quantile,cov95,95.24396929824562
G3_C3.4,tennet,2026H1,ensemble,wis,489.9235837824571
G3_C3.4,tennet,2026H1,ensemble,lqs,244.96179189122853
G3_C3.4,tennet,2026H1,ensemble,mae_median,814.1928497732061
G3_C3.4,tennet,2026H1,ensemble,cov50,50.54139254385965
G3_C3.4,tennet,2026H1,ensemble,cov95,95.24396929824562
G3_C3.4,tennet,2026H1,ensemble,crps,595.7214141022922
G3_C3.4,tennet,2026H1,ensemble,energy_score,6897.572796352247
G3_C3.4,transnetbw,2024,point,rmse,478.60897552296694
G3_C3.4,transnetbw,2024,point,r2,0.8779558663105992
G3_C3.4,transnetbw,2024,point,mae,299.9297902899478
G3_C3.4,transnetbw,2024,point,smape,4.721395935107432
G3_C3.4,transnetbw,2024,quantile,wis,179.93728717876218
G3_C3.4,transnetbw,2024,quantile,lqs,89.9686435893811
G3_C3.4,transnetbw,2024,quantile,mae_median,293.23046794092284
G3_C3.4,transnetbw,2024,quantile,cov50,51.0957422586521
G3_C3.4,transnetbw,2024,quantile,cov95,96.16063296903461
G3_C3.4,transnetbw,2024,ensemble,wis,179.93728717876218
G3_C3.4,transnetbw,2024,ensemble,lqs,89.9686435893811
G3_C3.4,transnetbw,2024,ensemble,mae_median,293.23046794092284
G3_C3.4,transnetbw,2024,ensemble,cov50,51.0957422586521
G3_C3.4,transnetbw,2024,ensemble,cov95,96.16063296903461
G3_C3.4,transnetbw,2024,ensemble,crps,217.36164749446323
G3_C3.4,transnetbw,2024,ensemble,energy_score,2520.555156699766
G3_C3.4,transnetbw,2025,point,rmse,468.73602703228664
G3_C3.4,transnetbw,2025,point,r2,0.8842654735718893
G3_C3.4,transnetbw,2025,point,mae,299.08747020478296
G3_C3.4,transnetbw,2025,point,smape,4.722600023300275
G3_C3.4,transnetbw,2025,quantile,wis,180.7385092777016
G3_C3.4,transnetbw,2025,quantile,lqs,90.36925463885079
G3_C3.4,transnetbw,2025,quantile,mae_median,294.41611295985393
G3_C3.4,transnetbw,2025,quantile,cov50,50.84474885844749
G3_C3.4,transnetbw,2025,quantile,cov95,96.19577625570777
G3_C3.4,transnetbw,2025,ensemble,wis,180.7385092777016
G3_C3.4,transnetbw,2025,ensemble,lqs,90.36925463885079
G3_C3.4,transnetbw,2025,ensemble,mae_median,294.41611295985393
G3_C3.4,transnetbw,2025,ensemble,cov50,50.84474885844749
G3_C3.4,transnetbw,2025,ensemble,cov95,96.19577625570777
G3_C3.4,transnetbw,2025,ensemble,crps,217.905413395205
G3_C3.4,transnetbw,2025,ensemble,energy_score,2544.519278921694
G3_C3.4,transnetbw,2026H1,point,rmse,583.0004526707071
G3_C3.4,transnetbw,2026H1,point,r2,0.8139602912744534
G3_C3.4,transnetbw,2026H1,point,mae,372.7357867905657
G3_C3.4,transnetbw,2026H1,point,smape,5.497819307490135
G3_C3.4,transnetbw,2026H1,quantile,wis,224.78077519656065
G3_C3.4,transnetbw,2026H1,quantile,lqs,112.39038759828034
G3_C3.4,transnetbw,2026H1,quantile,mae_median,374.48811115867215
G3_C3.4,transnetbw,2026H1,quantile,cov50,53.09758771929825
G3_C3.4,transnetbw,2026H1,quantile,cov95,96.23081140350878
G3_C3.4,transnetbw,2026H1,ensemble,wis,224.78077519656065
G3_C3.4,transnetbw,2026H1,ensemble,lqs,112.39038759828034
G3_C3.4,transnetbw,2026H1,ensemble,mae_median,374.48811115867215
G3_C3.4,transnetbw,2026H1,ensemble,cov50,53.09758771929825
G3_C3.4,transnetbw,2026H1,ensemble,cov95,96.23081140350878
G3_C3.4,transnetbw,2026H1,ensemble,crps,273.9311155240586
G3_C3.4,transnetbw,2026H1,ensemble,energy_score,3153.5705592833197
G3_C3.4,50hertz,overall,point,rmse,908.9609550100754
G3_C3.4,50hertz,overall,point,r2,0.7806572744486027
G3_C3.4,50hertz,overall,point,mae,708.1402347688314
G3_C3.4,50hertz,overall,point,smape,6.131739908683814
G3_C3.4,50hertz,overall,quantile,wis,415.0851781369916
G3_C3.4,50hertz,overall,quantile,lqs,207.54258906849577
G3_C3.4,50hertz,overall,quantile,mae_median,706.2868807678107
G3_C3.4,50hertz,overall,quantile,cov50,49.88674971687429
G3_C3.4,50hertz,overall,quantile,cov95,97.31030577576443
G3_C3.4,50hertz,overall,ensemble,wis,415.0851781369916
G3_C3.4,50hertz,overall,ensemble,lqs,207.54258906849577
G3_C3.4,50hertz,overall,ensemble,mae_median,706.2868807678107
G3_C3.4,50hertz,overall,ensemble,cov50,49.88674971687429
G3_C3.4,50hertz,overall,ensemble,cov95,97.31030577576443
G3_C3.4,50hertz,overall,ensemble,crps,509.0520195541609
G3_C3.4,50hertz,overall,ensemble,energy_score,5806.440371473751
G3_C3.4,amprion,overall,point,rmse,1172.4929205887854
G3_C3.4,amprion,overall,point,r2,0.8761838856512498
G3_C3.4,amprion,overall,point,mae,811.2677066705621
G3_C3.4,amprion,overall,point,smape,4.284628376516766
G3_C3.4,amprion,overall,quantile,wis,491.23849110490255
G3_C3.4,amprion,overall,quantile,lqs,245.61924555245128
G3_C3.4,amprion,overall,quantile,mae_median,803.3194819020783
G3_C3.4,amprion,overall,quantile,cov50,55.55044356360891
G3_C3.4,amprion,overall,quantile,cov95,96.77944507361268
G3_C3.4,amprion,overall,ensemble,wis,491.23849110490255
G3_C3.4,amprion,overall,ensemble,lqs,245.61924555245128
G3_C3.4,amprion,overall,ensemble,mae_median,803.3194819020783
G3_C3.4,amprion,overall,ensemble,cov50,55.55044356360891
G3_C3.4,amprion,overall,ensemble,cov95,96.77944507361268
G3_C3.4,amprion,overall,ensemble,crps,598.196778476558
G3_C3.4,amprion,overall,ensemble,energy_score,6941.584376078178
G3_C3.4,de_lu,overall,point,rmse,3029.089061031085
G3_C3.4,de_lu,overall,point,r2,0.89567357328298
G3_C3.4,de_lu,overall,point,mae,2028.9119712183397
G3_C3.4,de_lu,overall,point,smape,3.8260277286630466
G3_C3.4,de_lu,overall,quantile,wis,1245.0990011638
G3_C3.4,de_lu,overall,quantile,lqs,622.5495005819
G3_C3.4,de_lu,overall,quantile,mae_median,2000.5545338303073
G3_C3.4,de_lu,overall,quantile,cov50,62.80318044545111
G3_C3.4,de_lu,overall,quantile,cov95,98.18327670819177
G3_C3.4,de_lu,overall,ensemble,wis,1245.0990011638
G3_C3.4,de_lu,overall,ensemble,lqs,622.5495005819
G3_C3.4,de_lu,overall,ensemble,mae_median,2000.5545338303073
G3_C3.4,de_lu,overall,ensemble,cov50,62.80318044545111
G3_C3.4,de_lu,overall,ensemble,cov95,98.18327670819177
G3_C3.4,de_lu,overall,ensemble,crps,1520.9053619049491
G3_C3.4,de_lu,overall,ensemble,energy_score,17137.319416883296
G3_C3.4,lu,overall,point,rmse,33.27378933445136
G3_C3.4,lu,overall,point,r2,0.8865542381238531
G3_C3.4,lu,overall,point,mae,21.374332066686346
G3_C3.4,lu,overall,point,smape,3.9110690231739507
G3_C3.4,lu,overall,quantile,wis,12.909341599535704
G3_C3.4,lu,overall,quantile,lqs,6.454670799767852
G3_C3.4,lu,overall,quantile,mae_median,21.095926034798218
G3_C3.4,lu,overall,quantile,cov50,51.610277463193654
G3_C3.4,lu,overall,quantile,cov95,96.3559362023405
G3_C3.4,lu,overall,ensemble,wis,12.909341599535704
G3_C3.4,lu,overall,ensemble,lqs,6.454670799767852
G3_C3.4,lu,overall,ensemble,mae_median,21.095926034798218
G3_C3.4,lu,overall,ensemble,cov50,51.610277463193654
G3_C3.4,lu,overall,ensemble,cov95,96.3559362023405
G3_C3.4,lu,overall,ensemble,crps,15.653329438309981
G3_C3.4,lu,overall,ensemble,energy_score,179.97481227716813
G3_C3.4,tennet,overall,point,rmse,927.0293035191478
G3_C3.4,tennet,overall,point,r2,0.8954118462381253
G3_C3.4,tennet,overall,point,mae,613.188531970952
G3_C3.4,tennet,overall,point,smape,3.9408744398726667
G3_C3.4,tennet,overall,quantile,wis,367.9650527038539
G3_C3.4,tennet,overall,quantile,lqs,183.982526351927
G3_C3.4,tennet,overall,quantile,mae_median,605.7859146362166
G3_C3.4,tennet,overall,quantile,cov50,50.16043790109476
G3_C3.4,tennet,overall,quantile,cov95,96.10584182710457
G3_C3.4,tennet,overall,ensemble,wis,367.9650527038539
G3_C3.4,tennet,overall,ensemble,lqs,183.982526351927
G3_C3.4,tennet,overall,ensemble,mae_median,605.7859146362166
G3_C3.4,tennet,overall,ensemble,cov50,50.16043790109476
G3_C3.4,tennet,overall,ensemble,cov95,96.10584182710457
G3_C3.4,tennet,overall,ensemble,crps,445.75310796180463
G3_C3.4,tennet,overall,ensemble,energy_score,5148.644756532073
G3_C3.4,transnetbw,overall,point,rmse,494.24431268385763
G3_C3.4,transnetbw,overall,point,r2,0.8721689989482014
G3_C3.4,transnetbw,overall,point,mae,312.11446145303813
G3_C3.4,transnetbw,overall,point,smape,4.855547514713954
G3_C3.4,transnetbw,overall,quantile,wis,187.98786050245218
G3_C3.4,transnetbw,overall,quantile,lqs,93.99393025122609
G3_C3.4,transnetbw,overall,quantile,mae_median,307.7082960281343
G3_C3.4,transnetbw,overall,quantile,cov50,51.3365892789732
G3_C3.4,transnetbw,overall,quantile,cov95,96.18724046810117
G3_C3.4,transnetbw,overall,ensemble,wis,187.98786050245218
G3_C3.4,transnetbw,overall,ensemble,lqs,93.99393025122609
G3_C3.4,transnetbw,overall,ensemble,mae_median,307.7082960281343
G3_C3.4,transnetbw,overall,ensemble,cov50,51.3365892789732
G3_C3.4,transnetbw,overall,ensemble,cov95,96.18724046810117
G3_C3.4,transnetbw,overall,ensemble,crps,227.32431305988703
G3_C3.4,transnetbw,overall,ensemble,energy_score,2639.4285947560556
G3_C4,50hertz,2024,point,rmse,808.409268968302
G3_C4,50hertz,2024,point,r2,0.8121465572990898
G3_C4,50hertz,2024,point,mae,618.1783828404739
G3_C4,50hertz,2024,point,smape,5.398791309076595
G3_C4,50hertz,2024,quantile,wis,364.811613935752
G3_C4,50hertz,2024,quantile,lqs,182.405806967876
G3_C4,50hertz,2024,quantile,mae_median,618.6176311911216
G3_C4,50hertz,2024,quantile,cov50,43.59346539162113
G3_C4,50hertz,2024,quantile,cov95,94.28790983606558
G3_C4,50hertz,2024,ensemble,wis,364.811613935752
G3_C4,50hertz,2024,ensemble,lqs,182.405806967876
G3_C4,50hertz,2024,ensemble,mae_median,618.6176311911216
G3_C4,50hertz,2024,ensemble,cov50,43.59346539162113
G3_C4,50hertz,2024,ensemble,cov95,94.28790983606558
G3_C4,50hertz,2024,ensemble,crps,444.8041480206103
G3_C4,50hertz,2024,ensemble,energy_score,5165.321437032468
G3_C4,50hertz,2025,point,rmse,884.3590972035965
G3_C4,50hertz,2025,point,r2,0.7795038292755262
G3_C4,50hertz,2025,point,mae,687.9553857199605
G3_C4,50hertz,2025,point,smape,6.01191360700226
G3_C4,50hertz,2025,quantile,wis,403.042581512348
G3_C4,50hertz,2025,quantile,lqs,201.52129075617404
G3_C4,50hertz,2025,quantile,mae_median,689.4641344943948
G3_C4,50hertz,2025,quantile,cov50,44.243721461187214
G3_C4,50hertz,2025,quantile,cov95,95.03995433789954
G3_C4,50hertz,2025,ensemble,wis,403.042581512348
G3_C4,50hertz,2025,ensemble,lqs,201.52129075617404
G3_C4,50hertz,2025,ensemble,mae_median,689.4641344943948
G3_C4,50hertz,2025,ensemble,cov50,44.243721461187214
G3_C4,50hertz,2025,ensemble,cov95,95.03995433789954
G3_C4,50hertz,2025,ensemble,crps,492.8600529298303
G3_C4,50hertz,2025,ensemble,energy_score,5692.905610074938
G3_C4,50hertz,2026H1,point,rmse,945.8909612241546
G3_C4,50hertz,2026H1,point,r2,0.8074983559839903
G3_C4,50hertz,2026H1,point,mae,695.9294208530434
G3_C4,50hertz,2026H1,point,smape,5.824768258665193
G3_C4,50hertz,2026H1,quantile,wis,419.12991167717644
G3_C4,50hertz,2026H1,quantile,lqs,209.56495583858822
G3_C4,50hertz,2026H1,quantile,mae_median,696.8926230468749
G3_C4,50hertz,2026H1,quantile,cov50,47.546600877192986
G3_C4,50hertz,2026H1,quantile,cov95,92.20120614035088
G3_C4,50hertz,2026H1,ensemble,wis,419.12991167717644
G3_C4,50hertz,2026H1,ensemble,lqs,209.56495583858822
G3_C4,50hertz,2026H1,ensemble,mae_median,696.8926230468749
G3_C4,50hertz,2026H1,ensemble,cov50,47.546600877192986
G3_C4,50hertz,2026H1,ensemble,cov95,92.20120614035088
G3_C4,50hertz,2026H1,ensemble,crps,510.4243063184337
G3_C4,50hertz,2026H1,ensemble,energy_score,5800.9189507858755
G3_C4,amprion,2024,point,rmse,1177.9978300183095
G3_C4,amprion,2024,point,r2,0.8728529143771563
G3_C4,amprion,2024,point,mae,807.7134468543345
G3_C4,amprion,2024,point,smape,4.381916456782139
G3_C4,amprion,2024,quantile,wis,494.14417673479926
G3_C4,amprion,2024,quantile,lqs,247.07208836739966
G3_C4,amprion,2024,quantile,mae_median,802.2898619909513
G3_C4,amprion,2024,quantile,cov50,45.83617941712204
G3_C4,amprion,2024,quantile,cov95,92.99578779599271
G3_C4,amprion,2024,ensemble,wis,494.14417673479926
G3_C4,amprion,2024,ensemble,lqs,247.07208836739966
G3_C4,amprion,2024,ensemble,mae_median,802.2898619909513
G3_C4,amprion,2024,ensemble,cov50,45.83617941712204
G3_C4,amprion,2024,ensemble,cov95,92.99578779599271
G3_C4,amprion,2024,ensemble,crps,593.2252098052764
G3_C4,amprion,2024,ensemble,energy_score,6893.01730481763
G3_C4,amprion,2025,point,rmse,1078.6715285696746
G3_C4,amprion,2025,point,r2,0.8897150318917785
G3_C4,amprion,2025,point,mae,745.0986534772904
G3_C4,amprion,2025,point,smape,3.919847454329001
G3_C4,amprion,2025,quantile,wis,446.16542878258775
G3_C4,amprion,2025,quantile,lqs,223.0827143912939
G3_C4,amprion,2025,quantile,mae_median,741.7984238261629
G3_C4,amprion,2025,quantile,cov50,46.37271689497717
G3_C4,amprion,2025,quantile,cov95,94.40068493150685
G3_C4,amprion,2025,ensemble,wis,446.16542878258775
G3_C4,amprion,2025,ensemble,lqs,223.0827143912939
G3_C4,amprion,2025,ensemble,mae_median,741.7984238261629
G3_C4,amprion,2025,ensemble,cov50,46.37271689497717
G3_C4,amprion,2025,ensemble,cov95,94.40068493150685
G3_C4,amprion,2025,ensemble,crps,540.8517301778745
G3_C4,amprion,2025,ensemble,energy_score,6361.839195717399
G3_C4,amprion,2026H1,point,rmse,1298.8204299942183
G3_C4,amprion,2026H1,point,r2,0.856326978890998
G3_C4,amprion,2026H1,point,mae,915.0323290513944
G3_C4,amprion,2026H1,point,smape,4.649959762945972
G3_C4,amprion,2026H1,quantile,wis,558.4313848240882
G3_C4,amprion,2026H1,quantile,lqs,279.21569241204406
G3_C4,amprion,2026H1,quantile,mae_median,916.3742815444892
G3_C4,amprion,2026H1,quantile,cov50,46.23766447368421
G3_C4,amprion,2026H1,quantile,cov95,92.11896929824562
G3_C4,amprion,2026H1,ensemble,wis,558.4313848240882
G3_C4,amprion,2026H1,ensemble,lqs,279.21569241204406
G3_C4,amprion,2026H1,ensemble,mae_median,916.3742815444892
G3_C4,amprion,2026H1,ensemble,cov50,46.23766447368421
G3_C4,amprion,2026H1,ensemble,cov95,92.11896929824562
G3_C4,amprion,2026H1,ensemble,crps,673.2337417513114
G3_C4,amprion,2026H1,ensemble,energy_score,7758.517030368288
G3_C4,de_lu,2024,point,rmse,2805.8853700677178
G3_C4,de_lu,2024,point,r2,0.9076085036785378
G3_C4,de_lu,2024,point,mae,1831.0883448183756
G3_C4,de_lu,2024,point,smape,3.488076656744394
G3_C4,de_lu,2024,quantile,wis,1125.2774009993016
G3_C4,de_lu,2024,quantile,lqs,562.6387004996509
G3_C4,de_lu,2024,quantile,mae_median,1819.858048397292
G3_C4,de_lu,2024,quantile,cov50,54.8981102003643
G3_C4,de_lu,2024,quantile,cov95,96.79815573770492
G3_C4,de_lu,2024,ensemble,wis,1125.2774009993016
G3_C4,de_lu,2024,ensemble,lqs,562.6387004996509
G3_C4,de_lu,2024,ensemble,mae_median,1819.858048397292
G3_C4,de_lu,2024,ensemble,cov50,54.8981102003643
G3_C4,de_lu,2024,ensemble,cov95,96.79815573770492
G3_C4,de_lu,2024,ensemble,crps,1359.4223374110552
G3_C4,de_lu,2024,ensemble,energy_score,15371.659557845433
G3_C4,de_lu,2025,point,rmse,2786.4084005406094
G3_C4,de_lu,2025,point,r2,0.9093460041473206
G3_C4,de_lu,2025,point,mae,1821.7078364268148
G3_C4,de_lu,2025,point,smape,3.46718244428875
G3_C4,de_lu,2025,quantile,wis,1107.1021340185616
G3_C4,de_lu,2025,quantile,lqs,553.5510670092809
G3_C4,de_lu,2025,quantile,mae_median,1809.8651869826983
G3_C4,de_lu,2025,quantile,cov50,56.43550228310502
G3_C4,de_lu,2025,quantile,cov95,97.1318493150685
G3_C4,de_lu,2025,ensemble,wis,1107.1021340185616
G3_C4,de_lu,2025,ensemble,lqs,553.5510670092809
G3_C4,de_lu,2025,ensemble,mae_median,1809.8651869826983
G3_C4,de_lu,2025,ensemble,cov50,56.43550228310502
G3_C4,de_lu,2025,ensemble,cov95,97.1318493150685
G3_C4,de_lu,2025,ensemble,crps,1347.6332653014756
G3_C4,de_lu,2025,ensemble,energy_score,15296.3340707245
G3_C4,de_lu,2026H1,point,rmse,3507.007795896507
G3_C4,de_lu,2026H1,point,r2,0.8713119086317416
G3_C4,de_lu,2026H1,point,mae,2313.692358878268
G3_C4,de_lu,2026H1,point,smape,4.299661668826888
G3_C4,de_lu,2026H1,quantile,wis,1416.4393499752193
G3_C4,de_lu,2026H1,quantile,lqs,708.2196749876098
G3_C4,de_lu,2026H1,quantile,mae_median,2303.6096793810307
G3_C4,de_lu,2026H1,quantile,cov50,54.00904605263158
G3_C4,de_lu,2026H1,quantile,cov95,95.3673245614035
G3_C4,de_lu,2026H1,ensemble,wis,1416.4393499752193
G3_C4,de_lu,2026H1,ensemble,lqs,708.2196749876098
G3_C4,de_lu,2026H1,ensemble,mae_median,2303.6096793810307
G3_C4,de_lu,2026H1,ensemble,cov50,54.00904605263158
G3_C4,de_lu,2026H1,ensemble,cov95,95.3673245614035
G3_C4,de_lu,2026H1,ensemble,crps,1712.993397668723
G3_C4,de_lu,2026H1,ensemble,energy_score,19077.017868194624
G3_C4,lu,2024,point,rmse,28.33823002763189
G3_C4,lu,2024,point,r2,0.9168556444160694
G3_C4,lu,2024,point,mae,17.882245526708765
G3_C4,lu,2024,point,smape,3.223043504209444
G3_C4,lu,2024,quantile,wis,10.968388470324184
G3_C4,lu,2024,quantile,lqs,5.484194235162092
G3_C4,lu,2024,quantile,mae_median,17.54989362433178
G3_C4,lu,2024,quantile,cov50,45.064890710382514
G3_C4,lu,2024,quantile,cov95,93.14093806921676
G3_C4,lu,2024,ensemble,wis,10.968388470324184
G3_C4,lu,2024,ensemble,lqs,5.484194235162092
G3_C4,lu,2024,ensemble,mae_median,17.54989362433178
G3_C4,lu,2024,ensemble,cov50,45.064890710382514
G3_C4,lu,2024,ensemble,cov95,93.14093806921676
G3_C4,lu,2024,ensemble,crps,13.102370619735328
G3_C4,lu,2024,ensemble,energy_score,151.73538864420993
G3_C4,lu,2025,point,rmse,30.186993094897968
G3_C4,lu,2025,point,r2,0.9064015632258444
G3_C4,lu,2025,point,mae,19.553789709162107
G3_C4,lu,2025,point,smape,3.5996917757908946
G3_C4,lu,2025,quantile,wis,11.957562530835645
G3_C4,lu,2025,quantile,lqs,5.9787812654178225
G3_C4,lu,2025,quantile,mae_median,19.37803744722828
G3_C4,lu,2025,quantile,cov50,45.816210045662096
G3_C4,lu,2025,quantile,cov95,93.31335616438356
G3_C4,lu,2025,ensemble,wis,11.957562530835645
G3_C4,lu,2025,ensemble,lqs,5.9787812654178225
G3_C4,lu,2025,ensemble,mae_median,19.37803744722828
G3_C4,lu,2025,ensemble,cov50,45.816210045662096
G3_C4,lu,2025,ensemble,cov95,93.31335616438356
G3_C4,lu,2025,ensemble,crps,14.381501417595585
G3_C4,lu,2025,ensemble,energy_score,165.80153382283146
G3_C4,lu,2026H1,point,rmse,39.94517420937152
G3_C4,lu,2026H1,point,r2,0.8397959960704076
G3_C4,lu,2026H1,point,mae,25.490286053215904
G3_C4,lu,2026H1,point,smape,4.733055783226295
G3_C4,lu,2026H1,quantile,wis,15.764382370145896
G3_C4,lu,2026H1,quantile,lqs,7.882191185072948
G3_C4,lu,2026H1,quantile,mae_median,25.2490894972146
G3_C4,lu,2026H1,quantile,cov50,45.18229166666667
G3_C4,lu,2026H1,quantile,cov95,93.39364035087719
G3_C4,lu,2026H1,ensemble,wis,15.764382370145896
G3_C4,lu,2026H1,ensemble,lqs,7.882191185072948
G3_C4,lu,2026H1,ensemble,mae_median,25.2490894972146
G3_C4,lu,2026H1,ensemble,cov50,45.18229166666667
G3_C4,lu,2026H1,ensemble,cov95,93.39364035087719
G3_C4,lu,2026H1,ensemble,crps,18.947088005429272
G3_C4,lu,2026H1,ensemble,energy_score,219.56018107909802
G3_C4,tennet,2024,point,rmse,803.2290613512077
G3_C4,tennet,2024,point,r2,0.9177730849159749
G3_C4,tennet,2024,point,mae,515.3241267993909
G3_C4,tennet,2024,point,smape,3.279068201202918
G3_C4,tennet,2024,quantile,wis,315.7997278277704
G3_C4,tennet,2024,quantile,lqs,157.89986391388524
G3_C4,tennet,2024,quantile,mae_median,511.70038171875893
G3_C4,tennet,2024,quantile,cov50,45.20150273224044
G3_C4,tennet,2024,quantile,cov95,93.0726320582878
G3_C4,tennet,2024,ensemble,wis,315.7997278277704
G3_C4,tennet,2024,ensemble,lqs,157.89986391388524
G3_C4,tennet,2024,ensemble,mae_median,511.70038171875893
G3_C4,tennet,2024,ensemble,cov50,45.20150273224044
G3_C4,tennet,2024,ensemble,cov95,93.0726320582878
G3_C4,tennet,2024,ensemble,crps,378.92803228040174
G3_C4,tennet,2024,ensemble,energy_score,4386.34563173953
G3_C4,tennet,2025,point,rmse,826.9585109978328
G3_C4,tennet,2025,point,r2,0.915734243544183
G3_C4,tennet,2025,point,mae,530.868376664573
G3_C4,tennet,2025,point,smape,3.417222872351606
G3_C4,tennet,2025,quantile,wis,325.13260491124544
G3_C4,tennet,2025,quantile,lqs,162.56630245562275
G3_C4,tennet,2025,quantile,mae_median,528.2986316936893
G3_C4,tennet,2025,quantile,cov50,43.49029680365297
G3_C4,tennet,2025,quantile,cov95,92.14326484018265
G3_C4,tennet,2025,ensemble,wis,325.13260491124544
G3_C4,tennet,2025,ensemble,lqs,162.56630245562275
G3_C4,tennet,2025,ensemble,mae_median,528.2986316936893
G3_C4,tennet,2025,ensemble,cov50,43.49029680365297
G3_C4,tennet,2025,ensemble,cov95,92.14326484018265
G3_C4,tennet,2025,ensemble,crps,390.1170297267045
G3_C4,tennet,2025,ensemble,energy_score,4490.247407292468
G3_C4,tennet,2026H1,point,rmse,1145.1896696149067
G3_C4,tennet,2026H1,point,r2,0.8592958518020667
G3_C4,tennet,2026H1,point,mae,759.6094597670476
G3_C4,tennet,2026H1,point,smape,5.0301109787855545
G3_C4,tennet,2026H1,quantile,wis,462.4702988707626
G3_C4,tennet,2026H1,quantile,lqs,231.2351494353813
G3_C4,tennet,2026H1,quantile,mae_median,753.6419580094187
G3_C4,tennet,2026H1,quantile,cov50,42.30400219298245
G3_C4,tennet,2026H1,quantile,cov95,91.83799342105263
G3_C4,tennet,2026H1,ensemble,wis,462.4702988707626
G3_C4,tennet,2026H1,ensemble,lqs,231.2351494353813
G3_C4,tennet,2026H1,ensemble,mae_median,753.6419580094187
G3_C4,tennet,2026H1,ensemble,cov50,42.30400219298245
G3_C4,tennet,2026H1,ensemble,cov95,91.83799342105263
G3_C4,tennet,2026H1,ensemble,crps,555.2823145227751
G3_C4,tennet,2026H1,ensemble,energy_score,6362.013427520798
G3_C4,transnetbw,2024,point,rmse,439.9874869289491
G3_C4,transnetbw,2024,point,r2,0.8968579207116141
G3_C4,transnetbw,2024,point,mae,269.09904903079996
G3_C4,transnetbw,2024,point,smape,4.261376336786479
G3_C4,transnetbw,2024,quantile,wis,165.23360362278396
G3_C4,transnetbw,2024,quantile,lqs,82.61680181139198
G3_C4,transnetbw,2024,quantile,mae_median,264.26004610850293
G3_C4,transnetbw,2024,quantile,cov50,44.18829690346084
G3_C4,transnetbw,2024,quantile,cov95,92.57741347905282
G3_C4,transnetbw,2024,ensemble,wis,165.23360362278396
G3_C4,transnetbw,2024,ensemble,lqs,82.61680181139198
G3_C4,transnetbw,2024,ensemble,mae_median,264.26004610850293
G3_C4,transnetbw,2024,ensemble,cov50,44.18829690346084
G3_C4,transnetbw,2024,ensemble,cov95,92.57741347905282
G3_C4,transnetbw,2024,ensemble,crps,197.24570787972473
G3_C4,transnetbw,2024,ensemble,energy_score,2275.5250876843174
G3_C4,transnetbw,2025,point,rmse,445.4735637501548
G3_C4,transnetbw,2025,point,r2,0.8954677876119035
G3_C4,transnetbw,2025,point,mae,271.35124271728944
G3_C4,transnetbw,2025,point,smape,4.332187056016287
G3_C4,transnetbw,2025,quantile,wis,166.09746570911256
G3_C4,transnetbw,2025,quantile,lqs,83.04873285455628
G3_C4,transnetbw,2025,quantile,mae_median,267.6388150342466
G3_C4,transnetbw,2025,quantile,cov50,44.018264840182646
G3_C4,transnetbw,2025,quantile,cov95,92.3458904109589
G3_C4,transnetbw,2025,ensemble,wis,166.09746570911256
G3_C4,transnetbw,2025,ensemble,lqs,83.04873285455628
G3_C4,transnetbw,2025,ensemble,mae_median,267.6388150342466
G3_C4,transnetbw,2025,ensemble,cov50,44.018264840182646
G3_C4,transnetbw,2025,ensemble,cov95,92.3458904109589
G3_C4,transnetbw,2025,ensemble,crps,198.53873208997774
G3_C4,transnetbw,2025,ensemble,energy_score,2298.514607814583
G3_C4,transnetbw,2026H1,point,rmse,565.0833601999907
G3_C4,transnetbw,2026H1,point,r2,0.8252195291805763
G3_C4,transnetbw,2026H1,point,mae,346.298936631613
G3_C4,transnetbw,2026H1,point,smape,5.127914426284496
G3_C4,transnetbw,2026H1,quantile,wis,215.49796885047041
G3_C4,transnetbw,2026H1,quantile,lqs,107.74898442523522
G3_C4,transnetbw,2026H1,quantile,mae_median,345.8562233450371
G3_C4,transnetbw,2026H1,quantile,cov50,44.57236842105263
G3_C4,transnetbw,2026H1,quantile,cov95,91.61184210526315
G3_C4,transnetbw,2026H1,ensemble,wis,215.49796885047041
G3_C4,transnetbw,2026H1,ensemble,lqs,107.74898442523522
G3_C4,transnetbw,2026H1,ensemble,mae_median,345.8562233450371
G3_C4,transnetbw,2026H1,ensemble,cov50,44.57236842105263
G3_C4,transnetbw,2026H1,ensemble,cov95,91.61184210526315
G3_C4,transnetbw,2026H1,ensemble,crps,257.47930134518174
G3_C4,transnetbw,2026H1,ensemble,energy_score,2966.955005465523
G3_C4,50hertz,overall,point,rmse,864.9782468783064
G3_C4,50hertz,overall,point,r2,0.8013707738901051
G3_C4,50hertz,overall,point,mae,660.4057484451434
G3_C4,50hertz,overall,point,smape,5.725561563980711
G3_C4,50hertz,overall,quantile,wis,389.96527692799896
G3_C4,50hertz,overall,quantile,lqs,194.9826384639995
G3_C4,50hertz,overall,quantile,mae_median,661.3772829099996
G3_C4,50hertz,overall,quantile,cov50,44.54275198187995
G3_C4,50hertz,overall,quantile,cov95,94.23957153642884
G3_C4,50hertz,overall,ensemble,wis,389.96527692799896
G3_C4,50hertz,overall,ensemble,lqs,194.9826384639995
G3_C4,50hertz,overall,ensemble,mae_median,661.3772829099996
G3_C4,50hertz,overall,ensemble,cov50,44.54275198187995
G3_C4,50hertz,overall,ensemble,cov95,94.23957153642884
G3_C4,50hertz,overall,ensemble,crps,475.96458896413753
G3_C4,50hertz,overall,ensemble,energy_score,5492.817524519467
G3_C4,amprion,overall,point,rmse,1160.4046017688988
G3_C4,amprion,overall,point,r2,0.8787237953700536
G3_C4,amprion,overall,point,mae,800.3046931865338
G3_C4,amprion,overall,point,smape,4.237055071325182
G3_C4,amprion,overall,quantile,wis,485.37793961930066
G3_C4,amprion,overall,quantile,lqs,242.68896980965036
G3_C4,amprion,overall,quantile,mae_median,796.9234484484713
G3_C4,amprion,overall,quantile,cov50,46.12707625519064
G3_C4,amprion,overall,quantile,cov95,93.42558512646282
G3_C4,amprion,overall,ensemble,wis,485.37793961930066
G3_C4,amprion,overall,ensemble,lqs,242.68896980965036
G3_C4,amprion,overall,ensemble,mae_median,796.9234484484713
G3_C4,amprion,overall,ensemble,cov50,46.12707625519064
G3_C4,amprion,overall,ensemble,cov95,93.42558512646282
G3_C4,amprion,overall,ensemble,crps,585.3486263305264
G3_C4,amprion,overall,ensemble,energy_score,6822.435139995564
G3_C4,de_lu,overall,point,rmse,2930.849947456456
G3_C4,de_lu,overall,point,r2,0.9023308482928942
G3_C4,de_lu,overall,point,mae,1910.2864473938953
G3_C4,de_lu,overall,point,smape,3.6191463445022984
G3_C4,de_lu,overall,quantile,wis,1167.8851516180666
G3_C4,de_lu,overall,quantile,lqs,583.9425758090333
G3_C4,de_lu,overall,quantile,mae_median,1899.0005778346665
G3_C4,de_lu,overall,quantile,cov50,55.38056813892035
G3_C4,de_lu,overall,quantile,cov95,96.6897885994715
G3_C4,de_lu,overall,ensemble,wis,1167.8851516180666
G3_C4,de_lu,overall,ensemble,lqs,583.9425758090333
G3_C4,de_lu,overall,ensemble,mae_median,1899.0005778346665
G3_C4,de_lu,overall,ensemble,cov50,55.38056813892035
G3_C4,de_lu,overall,ensemble,cov95,96.6897885994715
G3_C4,de_lu,overall,ensemble,crps,1415.413039380669
G3_C4,de_lu,overall,ensemble,energy_score,15978.364722481827
G3_C4,lu,overall,point,rmse,31.37216631937334
G3_C4,lu,overall,point,r2,0.8991507278188844
G3_C4,lu,overall,point,mae,19.882852306578027
G3_C4,lu,overall,point,smape,3.6386703281480517
G3_C4,lu,overall,quantile,wis,12.202861409010008
G3_C4,lu,overall,quantile,lqs,6.101430704505004
G3_C4,lu,overall,quantile,mae_median,19.630924505459085
G3_C4,lu,overall,quantile,cov50,45.39566817667044
G3_C4,lu,overall,quantile,cov95,93.25570970177426
G3_C4,lu,overall,ensemble,wis,12.202861409010008
G3_C4,lu,overall,ensemble,lqs,6.101430704505004
G3_C4,lu,overall,ensemble,mae_median,19.630924505459085
G3_C4,lu,overall,ensemble,cov50,45.39566817667044
G3_C4,lu,overall,ensemble,cov95,93.25570970177426
G3_C4,lu,overall,ensemble,crps,14.637228812084675
G3_C4,lu,overall,ensemble,energy_score,169.2252090749006
G3_C4,tennet,overall,point,rmse,880.8299510277761
G3_C4,tennet,overall,point,r2,0.9055765816224587
G3_C4,tennet,overall,point,mae,563.8009351933607
G3_C4,tennet,overall,point,smape,3.637601561522093
G3_C4,tennet,overall,quantile,wis,344.90553409504474
G3_C4,tennet,overall,quantile,lqs,172.45276704752234
G3_C4,tennet,overall,quantile,mae_median,560.2094200392911
G3_C4,tennet,overall,quantile,cov50,43.99537561343904
G3_C4,tennet,overall,quantile,cov95,92.47593431483578
G3_C4,tennet,overall,ensemble,wis,344.90553409504474
G3_C4,tennet,overall,ensemble,lqs,172.45276704752234
G3_C4,tennet,overall,ensemble,mae_median,560.2094200392911
G3_C4,tennet,overall,ensemble,cov50,43.99537561343904
G3_C4,tennet,overall,ensemble,cov95,92.47593431483578
G3_C4,tennet,overall,ensemble,crps,413.91085783956515
G3_C4,tennet,overall,ensemble,energy_score,4769.387141406093
G3_C4,transnetbw,overall,point,rmse,466.09037868251943
G3_C4,transnetbw,overall,point,r2,0.8863176336788265
G3_C4,transnetbw,overall,point,mae,283.31924564562695
G3_C4,transnetbw,overall,point,smape,4.439813145532321
G3_C4,transnetbw,overall,quantile,wis,174.24322216878426
G3_C4,transnetbw,overall,quantile,lqs,87.12161108439214
G3_C4,transnetbw,overall,quantile,mae_median,279.70270703471994
G3_C4,transnetbw,overall,quantile,cov50,44.184126085315214
G3_C4,transnetbw,overall,quantile,cov95,92.31549641374104
G3_C4,transnetbw,overall,ensemble,wis,174.24322216878426
G3_C4,transnetbw,overall,ensemble,lqs,87.12161108439214
G3_C4,transnetbw,overall,ensemble,mae_median,279.70270703471994
G3_C4,transnetbw,overall,ensemble,cov50,44.184126085315214
G3_C4,transnetbw,overall,ensemble,cov95,92.31549641374104
G3_C4,transnetbw,overall,ensemble,crps,208.14883363679363
G3_C4,transnetbw,overall,ensemble,energy_score,2404.0511605612037
G3_C5,50hertz,2024,point,rmse,760.1627204525095
G3_C5,50hertz,2024,point,r2,0.8338999647915695
G3_C5,50hertz,2024,point,mae,590.495231673894
G3_C5,50hertz,2024,point,smape,5.154909628941167
G3_C5,50hertz,2024,quantile,wis,343.3232534735563
G3_C5,50hertz,2024,quantile,lqs,171.66162673677817
G3_C5,50hertz,2024,quantile,mae_median,589.3910851378171
G3_C5,50hertz,2024,quantile,cov50,47.876821493624774
G3_C5,50hertz,2024,quantile,cov95,97.11407103825137
G3_C5,50hertz,2024,ensemble,wis,343.3232534735563
G3_C5,50hertz,2024,ensemble,lqs,171.66162673677817
G3_C5,50hertz,2024,ensemble,mae_median,589.3910851378171
G3_C5,50hertz,2024,ensemble,cov50,47.876821493624774
G3_C5,50hertz,2024,ensemble,cov95,97.11407103825137
G3_C5,50hertz,2024,ensemble,crps,422.1132501988303
G3_C5,50hertz,2024,ensemble,energy_score,4927.305463766983
G3_C5,50hertz,2025,point,rmse,869.0583526922917
G3_C5,50hertz,2025,point,r2,0.7870676572676976
G3_C5,50hertz,2025,point,mae,685.7040833735086
G3_C5,50hertz,2025,point,smape,5.98653394538242
G3_C5,50hertz,2025,quantile,wis,399.1512244580162
G3_C5,50hertz,2025,quantile,lqs,199.5756122290081
G3_C5,50hertz,2025,quantile,mae_median,684.8110656138521
G3_C5,50hertz,2025,quantile,cov50,47.285958904109584
G3_C5,50hertz,2025,quantile,cov95,97.46860730593608
G3_C5,50hertz,2025,ensemble,wis,399.1512244580162
G3_C5,50hertz,2025,ensemble,lqs,199.5756122290081
G3_C5,50hertz,2025,ensemble,mae_median,684.8110656138521
G3_C5,50hertz,2025,ensemble,cov50,47.285958904109584
G3_C5,50hertz,2025,ensemble,cov95,97.46860730593608
G3_C5,50hertz,2025,ensemble,crps,490.329434677425
G3_C5,50hertz,2025,ensemble,energy_score,5658.339522975026
G3_C5,50hertz,2026H1,point,rmse,867.4841461706516
G3_C5,50hertz,2026H1,point,r2,0.8380893616581362
G3_C5,50hertz,2026H1,point,mae,648.6023752345544
G3_C5,50hertz,2026H1,point,smape,5.394102461243789
G3_C5,50hertz,2026H1,quantile,wis,385.4637162975111
G3_C5,50hertz,2026H1,quantile,lqs,192.73185814875552
G3_C5,50hertz,2026H1,quantile,mae_median,649.6845703804952
G3_C5,50hertz,2026H1,quantile,cov50,51.72012061403509
G3_C5,50hertz,2026H1,quantile,cov95,94.5860745614035
G3_C5,50hertz,2026H1,ensemble,wis,385.4637162975111
G3_C5,50hertz,2026H1,ensemble,lqs,192.73185814875552
G3_C5,50hertz,2026H1,ensemble,mae_median,649.6845703804952
G3_C5,50hertz,2026H1,ensemble,cov50,51.72012061403509
G3_C5,50hertz,2026H1,ensemble,cov95,94.5860745614035
G3_C5,50hertz,2026H1,ensemble,crps,472.77778662657033
G3_C5,50hertz,2026H1,ensemble,energy_score,5402.299024151379
G3_C5,amprion,2024,point,rmse,1037.568693928704
G3_C5,amprion,2024,point,r2,0.9013604350422257
G3_C5,amprion,2024,point,mae,727.9434706625098
G3_C5,amprion,2024,point,smape,3.9472003968729408
G3_C5,amprion,2024,quantile,wis,439.07710205035556
G3_C5,amprion,2024,quantile,lqs,219.5385510251778
G3_C5,amprion,2024,quantile,mae_median,721.564418269147
G3_C5,amprion,2024,quantile,cov50,49.994307832422585
G3_C5,amprion,2024,quantile,cov95,94.76889799635701
G3_C5,amprion,2024,ensemble,wis,439.07710205035556
G3_C5,amprion,2024,ensemble,lqs,219.5385510251778
G3_C5,amprion,2024,ensemble,mae_median,721.564418269147
G3_C5,amprion,2024,ensemble,cov50,49.994307832422585
G3_C5,amprion,2024,ensemble,cov95,94.76889799635701
G3_C5,amprion,2024,ensemble,crps,533.3952813956982
G3_C5,amprion,2024,ensemble,energy_score,6292.680814369368
G3_C5,amprion,2025,point,rmse,921.8070139882072
G3_C5,amprion,2025,point,r2,0.9194588350165063
G3_C5,amprion,2025,point,mae,658.4387252632739
G3_C5,amprion,2025,point,smape,3.44831148191138
G3_C5,amprion,2025,quantile,wis,389.57994310474345
G3_C5,amprion,2025,quantile,lqs,194.78997155237175
G3_C5,amprion,2025,quantile,mae_median,652.9868134354309
G3_C5,amprion,2025,quantile,cov50,50.67922374429224
G3_C5,amprion,2025,quantile,cov95,96.66381278538813
G3_C5,amprion,2025,ensemble,wis,389.57994310474345
G3_C5,amprion,2025,ensemble,lqs,194.78997155237175
G3_C5,amprion,2025,ensemble,mae_median,652.9868134354309
G3_C5,amprion,2025,ensemble,cov50,50.67922374429224
G3_C5,amprion,2025,ensemble,cov95,96.66381278538813
G3_C5,amprion,2025,ensemble,crps,475.379776458177
G3_C5,amprion,2025,ensemble,energy_score,5680.227045904803
G3_C5,amprion,2026H1,point,rmse,1082.2038155895566
G3_C5,amprion,2026H1,point,r2,0.9002540839724965
G3_C5,amprion,2026H1,point,mae,789.4959504261366
G3_C5,amprion,2026H1,point,smape,3.9876245054640678
G3_C5,amprion,2026H1,quantile,wis,469.01080829859785
G3_C5,amprion,2026H1,quantile,lqs,234.50540414929895
G3_C5,amprion,2026H1,quantile,mae_median,791.7959141328511
G3_C5,amprion,2026H1,quantile,cov50,49.520285087719294
G3_C5,amprion,2026H1,quantile,cov95,95.10690789473685
G3_C5,amprion,2026H1,ensemble,wis,469.01080829859785
G3_C5,amprion,2026H1,ensemble,lqs,234.50540414929895
G3_C5,amprion,2026H1,ensemble,mae_median,791.7959141328511
G3_C5,amprion,2026H1,ensemble,cov50,49.520285087719294
G3_C5,amprion,2026H1,ensemble,cov95,95.10690789473685
G3_C5,amprion,2026H1,ensemble,crps,573.3536605233444
G3_C5,amprion,2026H1,ensemble,energy_score,6755.73091516501
G3_C5,de_lu,2024,point,rmse,2338.227162973443
G3_C5,de_lu,2024,point,r2,0.9358398228803609
G3_C5,de_lu,2024,point,mae,1564.425274300391
G3_C5,de_lu,2024,point,smape,2.9699416189194996
G3_C5,de_lu,2024,quantile,wis,955.6738091616972
G3_C5,de_lu,2024,quantile,lqs,477.83690458084874
G3_C5,de_lu,2024,quantile,mae_median,1548.1093272706057
G3_C5,de_lu,2024,quantile,cov50,61.617714025500916
G3_C5,de_lu,2024,quantile,cov95,98.10166211293262
G3_C5,de_lu,2024,ensemble,wis,955.6738091616972
G3_C5,de_lu,2024,ensemble,lqs,477.83690458084874
G3_C5,de_lu,2024,ensemble,mae_median,1548.1093272706057
G3_C5,de_lu,2024,ensemble,cov50,61.617714025500916
G3_C5,de_lu,2024,ensemble,cov95,98.10166211293262
G3_C5,de_lu,2024,ensemble,crps,1170.5761798484664
G3_C5,de_lu,2024,ensemble,energy_score,13447.098450755217
G3_C5,de_lu,2025,point,rmse,2283.4157765971527
G3_C5,de_lu,2025,point,r2,0.9391210147475243
G3_C5,de_lu,2025,point,mae,1570.234648834402
G3_C5,de_lu,2025,point,smape,2.972454420643793
G3_C5,de_lu,2025,quantile,wis,953.293495561891
G3_C5,de_lu,2025,quantile,lqs,476.6467477809455
G3_C5,de_lu,2025,quantile,mae_median,1556.1560358403967
G3_C5,de_lu,2025,quantile,cov50,62.18036529680365
G3_C5,de_lu,2025,quantile,cov95,98.82705479452055
G3_C5,de_lu,2025,ensemble,wis,953.293495561891
G3_C5,de_lu,2025,ensemble,lqs,476.6467477809455
G3_C5,de_lu,2025,ensemble,mae_median,1556.1560358403967
G3_C5,de_lu,2025,ensemble,cov50,62.18036529680365
G3_C5,de_lu,2025,ensemble,cov95,98.82705479452055
G3_C5,de_lu,2025,ensemble,crps,1169.376187618879
G3_C5,de_lu,2025,ensemble,energy_score,13422.744869148792
G3_C5,de_lu,2026H1,point,rmse,2714.3401144326576
G3_C5,de_lu,2026H1,point,r2,0.9229108198007191
G3_C5,de_lu,2026H1,point,mae,1886.8542080788716
G3_C5,de_lu,2026H1,point,smape,3.468831946304825
G3_C5,de_lu,2026H1,quantile,wis,1137.7758523724185
G3_C5,de_lu,2026H1,quantile,lqs,568.8879261862094
G3_C5,de_lu,2026H1,quantile,mae_median,1883.5750921933939
G3_C5,de_lu,2026H1,quantile,cov50,59.36814692982456
G3_C5,de_lu,2026H1,quantile,cov95,97.95093201754386
G3_C5,de_lu,2026H1,ensemble,wis,1137.7758523724185
G3_C5,de_lu,2026H1,ensemble,lqs,568.8879261862094
G3_C5,de_lu,2026H1,ensemble,mae_median,1883.5750921933939
G3_C5,de_lu,2026H1,ensemble,cov50,59.36814692982456
G3_C5,de_lu,2026H1,ensemble,cov95,97.95093201754386
G3_C5,de_lu,2026H1,ensemble,crps,1397.4428698880045
G3_C5,de_lu,2026H1,ensemble,energy_score,15847.863371186902
G3_C5,lu,2024,point,rmse,25.001934304118798
G3_C5,lu,2024,point,r2,0.9352805901439415
G3_C5,lu,2024,point,mae,15.854288989289511
G3_C5,lu,2024,point,smape,2.8538044329357026
G3_C5,lu,2024,quantile,wis,9.686312159763398
G3_C5,lu,2024,quantile,lqs,4.8431560798817
G3_C5,lu,2024,quantile,mae_median,15.640465374868425
G3_C5,lu,2024,quantile,cov50,49.37101548269581
G3_C5,lu,2024,quantile,cov95,95.06773679417122
G3_C5,lu,2024,ensemble,wis,9.686312159763398
G3_C5,lu,2024,ensemble,lqs,4.8431560798817
G3_C5,lu,2024,ensemble,mae_median,15.640465374868425
G3_C5,lu,2024,ensemble,cov50,49.37101548269581
G3_C5,lu,2024,ensemble,cov95,95.06773679417122
G3_C5,lu,2024,ensemble,crps,11.666823950883895
G3_C5,lu,2024,ensemble,energy_score,136.31836105078133
G3_C5,lu,2025,point,rmse,27.16990175487066
G3_C5,lu,2025,point,r2,0.9241762916792157
G3_C5,lu,2025,point,mae,17.925328713435015
G3_C5,lu,2025,point,smape,3.296762817042383
G3_C5,lu,2025,quantile,wis,10.833005818026207
G3_C5,lu,2025,quantile,lqs,5.416502909013103
G3_C5,lu,2025,quantile,mae_median,17.707604312781765
G3_C5,lu,2025,quantile,cov50,48.90696347031964
G3_C5,lu,2025,quantile,cov95,95.45947488584476
G3_C5,lu,2025,ensemble,wis,10.833005818026207
G3_C5,lu,2025,ensemble,lqs,5.416502909013103
G3_C5,lu,2025,ensemble,mae_median,17.707604312781765
G3_C5,lu,2025,ensemble,cov50,48.90696347031964
G3_C5,lu,2025,ensemble,cov95,95.45947488584476
G3_C5,lu,2025,ensemble,crps,13.137681311021293
G3_C5,lu,2025,ensemble,energy_score,152.53277043225316
G3_C5,lu,2026H1,point,rmse,36.779712217561084
G3_C5,lu,2026H1,point,r2,0.8641807335509717
G3_C5,lu,2026H1,point,mae,23.301945617372837
G3_C5,lu,2026H1,point,smape,4.33362149441146
G3_C5,lu,2026H1,quantile,wis,14.20506541455436
G3_C5,lu,2026H1,quantile,lqs,7.102532707277182
G3_C5,lu,2026H1,quantile,mae_median,23.276634803955748
G3_C5,lu,2026H1,quantile,cov50,46.71052631578947
G3_C5,lu,2026H1,quantile,cov95,95.28508771929825
G3_C5,lu,2026H1,ensemble,wis,14.20506541455436
G3_C5,lu,2026H1,ensemble,lqs,7.102532707277182
G3_C5,lu,2026H1,ensemble,mae_median,23.276634803955748
G3_C5,lu,2026H1,ensemble,cov50,46.71052631578947
G3_C5,lu,2026H1,ensemble,cov95,95.28508771929825
G3_C5,lu,2026H1,ensemble,crps,17.24869506420385
G3_C5,lu,2026H1,ensemble,energy_score,200.55102430972525
G3_C5,tennet,2024,point,rmse,673.9364506961616
G3_C5,tennet,2024,point,r2,0.9421140635424504
G3_C5,tennet,2024,point,mae,442.63000931488915
G3_C5,tennet,2024,point,smape,2.8071707803941197
G3_C5,tennet,2024,quantile,wis,265.56567438502907
G3_C5,tennet,2024,quantile,lqs,132.78283719251456
G3_C5,tennet,2024,quantile,mae_median,440.61017530430865
G3_C5,tennet,2024,quantile,cov50,46.92907559198543
G3_C5,tennet,2024,quantile,cov95,94.78597449908925
G3_C5,tennet,2024,ensemble,wis,265.56567438502907
G3_C5,tennet,2024,ensemble,lqs,132.78283719251456
G3_C5,tennet,2024,ensemble,mae_median,440.61017530430865
G3_C5,tennet,2024,ensemble,cov50,46.92907559198543
G3_C5,tennet,2024,ensemble,cov95,94.78597449908925
G3_C5,tennet,2024,ensemble,crps,321.40586408590445
G3_C5,tennet,2024,ensemble,energy_score,3803.867279328636
G3_C5,tennet,2025,point,rmse,671.9305017933931
G3_C5,tennet,2025,point,r2,0.944367011087529
G3_C5,tennet,2025,point,mae,453.332312972621
G3_C5,tennet,2025,point,smape,2.8898080509817126
G3_C5,tennet,2025,quantile,wis,270.52171258176475
G3_C5,tennet,2025,quantile,lqs,135.2608562908824
G3_C5,tennet,2025,quantile,mae_median,451.15330440278075
G3_C5,tennet,2025,quantile,cov50,46.30707762557078
G3_C5,tennet,2025,quantile,cov95,94.67751141552512
G3_C5,tennet,2025,ensemble,wis,270.52171258176475
G3_C5,tennet,2025,ensemble,lqs,135.2608562908824
G3_C5,tennet,2025,ensemble,mae_median,451.15330440278075
G3_C5,tennet,2025,ensemble,cov50,46.30707762557078
G3_C5,tennet,2025,ensemble,cov95,94.67751141552512
G3_C5,tennet,2025,ensemble,crps,327.75818252406873
G3_C5,tennet,2025,ensemble,energy_score,3852.5577179335314
G3_C5,tennet,2026H1,point,rmse,894.085694060406
G3_C5,tennet,2026H1,point,r2,0.914234949082492
G3_C5,tennet,2026H1,point,mae,628.9033051055042
G3_C5,tennet,2026H1,point,smape,4.118718984699918
G3_C5,tennet,2026H1,quantile,wis,371.2545203391293
G3_C5,tennet,2026H1,quantile,lqs,185.62726016956464
G3_C5,tennet,2026H1,quantile,mae_median,624.1186083063493
G3_C5,tennet,2026H1,quantile,cov50,46.35416666666667
G3_C5,tennet,2026H1,quantile,cov95,93.91447368421053
G3_C5,tennet,2026H1,ensemble,wis,371.2545203391293
G3_C5,tennet,2026H1,ensemble,lqs,185.62726016956464
G3_C5,tennet,2026H1,ensemble,mae_median,624.1186083063493
G3_C5,tennet,2026H1,ensemble,cov50,46.35416666666667
G3_C5,tennet,2026H1,ensemble,cov95,93.91447368421053
G3_C5,tennet,2026H1,ensemble,crps,452.44194669790414
G3_C5,tennet,2026H1,ensemble,energy_score,5321.115810285493
G3_C5,transnetbw,2024,point,rmse,364.8690675484976
G3_C5,transnetbw,2024,point,r2,0.9290701036985902
G3_C5,transnetbw,2024,point,mae,224.35437636533672
G3_C5,transnetbw,2024,point,smape,3.5442716627522546
G3_C5,transnetbw,2024,quantile,wis,136.26062422650583
G3_C5,transnetbw,2024,quantile,lqs,68.13031211325293
G3_C5,transnetbw,2024,quantile,mae_median,219.49973982708485
G3_C5,transnetbw,2024,quantile,cov50,47.59790528233151
G3_C5,transnetbw,2024,quantile,cov95,94.40744535519126
G3_C5,transnetbw,2024,ensemble,wis,136.26062422650583
G3_C5,transnetbw,2024,ensemble,lqs,68.13031211325293
G3_C5,transnetbw,2024,ensemble,mae_median,219.49973982708485
G3_C5,transnetbw,2024,ensemble,cov50,47.59790528233151
G3_C5,transnetbw,2024,ensemble,cov95,94.40744535519126
G3_C5,transnetbw,2024,ensemble,crps,163.58195802514297
G3_C5,transnetbw,2024,ensemble,energy_score,1935.656738094869
G3_C5,transnetbw,2025,point,rmse,368.3420208021555
G3_C5,transnetbw,2025,point,r2,0.9285324651054253
G3_C5,transnetbw,2025,point,mae,231.60415854069308
G3_C5,transnetbw,2025,point,smape,3.660197731590526
G3_C5,transnetbw,2025,quantile,wis,139.45368757614597
G3_C5,transnetbw,2025,quantile,lqs,69.72684378807298
G3_C5,transnetbw,2025,quantile,mae_median,228.37814667616476
G3_C5,transnetbw,2025,quantile,cov50,46.64954337899543
G3_C5,transnetbw,2025,quantile,cov95,94.38070776255708
G3_C5,transnetbw,2025,ensemble,wis,139.45368757614597
G3_C5,transnetbw,2025,ensemble,lqs,69.72684378807298
G3_C5,transnetbw,2025,ensemble,mae_median,228.37814667616476
G3_C5,transnetbw,2025,ensemble,cov50,46.64954337899543
G3_C5,transnetbw,2025,ensemble,cov95,94.38070776255708
G3_C5,transnetbw,2025,ensemble,crps,168.0443901214463
G3_C5,transnetbw,2025,ensemble,energy_score,1987.6992457337697
G3_C5,transnetbw,2026H1,point,rmse,449.38342303088547
G3_C5,transnetbw,2026H1,point,r2,0.8894644534506639
G3_C5,transnetbw,2026H1,point,mae,285.47625943136575
G3_C5,transnetbw,2026H1,point,smape,4.180699055286065
G3_C5,transnetbw,2026H1,quantile,wis,171.53097544560015
G3_C5,transnetbw,2026H1,quantile,lqs,85.76548772280006
G3_C5,transnetbw,2026H1,quantile,mae_median,285.0230458194665
G3_C5,transnetbw,2026H1,quantile,cov50,48.44435307017544
G3_C5,transnetbw,2026H1,quantile,cov95,94.99725877192982
G3_C5,transnetbw,2026H1,ensemble,wis,171.53097544560015
G3_C5,transnetbw,2026H1,ensemble,lqs,85.76548772280006
G3_C5,transnetbw,2026H1,ensemble,mae_median,285.0230458194665
G3_C5,transnetbw,2026H1,ensemble,cov50,48.44435307017544
G3_C5,transnetbw,2026H1,ensemble,cov95,94.99725877192982
G3_C5,transnetbw,2026H1,ensemble,crps,208.96796967482666
G3_C5,transnetbw,2026H1,ensemble,energy_score,2465.693507700038
G3_C5,50hertz,overall,point,rmse,825.3811274077636
G3_C5,50hertz,overall,point,r2,0.8191402825579027
G3_C5,50hertz,overall,point,mae,639.853687723248
G3_C5,50hertz,overall,point,smape,5.539847551943495
G3_C5,50hertz,overall,quantile,wis,373.6545782284476
G3_C5,50hertz,overall,quantile,lqs,186.8272891142238
G3_C5,50hertz,overall,quantile,mae_median,639.2131719222338
G3_C5,50hertz,overall,quantile,cov50,48.294167610419024
G3_C5,50hertz,overall,quantile,cov95,96.8254530011325
G3_C5,50hertz,overall,ensemble,wis,373.6545782284476
G3_C5,50hertz,overall,ensemble,lqs,186.8272891142238
G3_C5,50hertz,overall,ensemble,mae_median,639.2131719222338
G3_C5,50hertz,overall,ensemble,cov50,48.294167610419024
G3_C5,50hertz,overall,ensemble,cov95,96.8254530011325
G3_C5,50hertz,overall,ensemble,crps,459.03274835478004
G3_C5,50hertz,overall,ensemble,energy_score,5311.253881421982
G3_C5,amprion,overall,point,rmse,999.5382491283523
G3_C5,amprion,overall,point,r2,0.9100180194440316
G3_C5,amprion,overall,point,mae,709.8084138712869
G3_C5,amprion,overall,point,smape,3.7479365356553664
G3_C5,amprion,overall,quantile,wis,423.76958261047383
G3_C5,amprion,overall,quantile,lqs,211.88479130523692
G3_C5,amprion,overall,quantile,mae_median,705.3066171445453
G3_C5,amprion,overall,quantile,cov50,50.19582861457154
G3_C5,amprion,overall,quantile,cov95,95.6103718384296
G3_C5,amprion,overall,ensemble,wis,423.76958261047383
G3_C5,amprion,overall,ensemble,lqs,211.88479130523692
G3_C5,amprion,overall,ensemble,mae_median,705.3066171445453
G3_C5,amprion,overall,ensemble,cov50,50.19582861457154
G3_C5,amprion,overall,ensemble,cov95,95.6103718384296
G3_C5,amprion,overall,ensemble,crps,516.2922398613913
G3_C5,amprion,overall,ensemble,energy_score,6119.224404212371
G3_C5,de_lu,overall,point,rmse,2385.3130247243676
G3_C5,de_lu,overall,point,r2,0.9353064465314243
G3_C5,de_lu,overall,point,mae,1622.3297133029314
G3_C5,de_lu,overall,point,smape,3.056859515173108
G3_C5,de_lu,overall,quantile,wis,986.036998407564
G3_C5,de_lu,overall,quantile,lqs,493.0184992037821
G3_C5,de_lu,overall,quantile,mae_median,1609.182764299187
G3_C5,de_lu,overall,quantile,cov50,61.46305209513023
G3_C5,de_lu,overall,quantile,cov95,98.37556625141562
G3_C5,de_lu,overall,ensemble,wis,986.036998407564
G3_C5,de_lu,overall,ensemble,lqs,493.0184992037821
G3_C5,de_lu,overall,ensemble,mae_median,1609.182764299187
G3_C5,de_lu,overall,ensemble,cov50,61.46305209513023
G3_C5,de_lu,overall,ensemble,cov95,98.37556625141562
G3_C5,de_lu,overall,ensemble,crps,1209.133076476111
G3_C5,de_lu,overall,ensemble,energy_score,13850.300274786101
G3_C5,lu,overall,point,rmse,28.233119474126447
G3_C5,lu,overall,point,r2,0.9183226793489014
G3_C5,lu,overall,point,mae,17.992424104557657
G3_C5,lu,overall,point,smape,3.2916436215464087
G3_C5,lu,overall,quantile,wis,10.938173632010457
G3_C5,lu,overall,quantile,lqs,5.469086816005229
G3_C5,lu,overall,quantile,mae_median,17.80943872204809
G3_C5,lu,overall,quantile,cov50,48.72121555303888
G3_C5,lu,overall,quantile,cov95,95.2670819177048
G3_C5,lu,overall,ensemble,wis,10.938173632010457
G3_C5,lu,overall,ensemble,lqs,5.469086816005229
G3_C5,lu,overall,ensemble,mae_median,17.80943872204809
G3_C5,lu,overall,ensemble,cov50,48.72121555303888
G3_C5,lu,overall,ensemble,cov95,95.2670819177048
G3_C5,lu,overall,ensemble,crps,13.235688442021816
G3_C5,lu,overall,ensemble,energy_score,154.07784490083426
G3_C5,tennet,overall,point,rmse,715.8889932368362
G3_C5,tennet,overall,point,r2,0.9376283917904311
G3_C5,tennet,overall,point,mae,479.1191166707732
G3_C5,tennet,overall,point,smape,3.0671004868708494
G3_C5,tennet,overall,quantile,wis,285.8076432715883
G3_C5,tennet,overall,quantile,lqs,142.90382163579415
G3_C5,tennet,overall,quantile,mae_median,476.5575410316614
G3_C5,tennet,overall,quantile,cov50,46.572999244998115
G3_C5,tennet,overall,quantile,cov95,94.59111929029824
G3_C5,tennet,overall,ensemble,wis,285.8076432715883
G3_C5,tennet,overall,ensemble,lqs,142.90382163579415
G3_C5,tennet,overall,ensemble,mae_median,476.5575410316614
G3_C5,tennet,overall,ensemble,cov50,46.572999244998115
G3_C5,tennet,overall,ensemble,cov95,94.59111929029824
G3_C5,tennet,overall,ensemble,crps,346.5882885331909
G3_C5,tennet,overall,ensemble,energy_score,4085.1739461420325
G3_C5,transnetbw,overall,point,rmse,382.1361650723636
G3_C5,transnetbw,overall,point,r2,0.9235831536716609
G3_C5,transnetbw,overall,point,mae,237.87271919664076
G3_C5,transnetbw,overall,point,smape,3.7017461574194215
G3_C5,transnetbw,overall,quantile,wis,143.6519736125998
G3_C5,transnetbw,overall,quantile,lqs,71.82598680629991
G3_C5,transnetbw,overall,quantile,mae_median,234.44895954481552
G3_C5,transnetbw,overall,quantile,cov50,47.35159494148735
G3_C5,transnetbw,overall,quantile,cov95,94.49792374480937
G3_C5,transnetbw,overall,ensemble,wis,143.6519736125998
G3_C5,transnetbw,overall,ensemble,lqs,71.82598680629991
G3_C5,transnetbw,overall,ensemble,mae_median,234.44895954481552
G3_C5,transnetbw,overall,ensemble,cov50,47.35159494148735
G3_C5,transnetbw,overall,ensemble,cov95,94.49792374480937
G3_C5,transnetbw,overall,ensemble,crps,173.2393323013634
G3_C5,transnetbw,overall,ensemble,energy_score,2048.409970561669
G3_C6,50hertz,2024,point,rmse,837.887734621492
G3_C6,50hertz,2024,point,r2,0.798196703614725
G3_C6,50hertz,2024,point,mae,656.4610312733785
G3_C6,50hertz,2024,point,smape,5.745871189852571
G3_C6,50hertz,2024,quantile,wis,383.0884071988104
G3_C6,50hertz,2024,quantile,lqs,191.5442035994052
G3_C6,50hertz,2024,quantile,mae_median,649.3907603335076
G3_C6,50hertz,2024,quantile,cov50,51.0132058287796
G3_C6,50hertz,2024,quantile,cov95,97.8512067395264
G3_C6,50hertz,2024,ensemble,wis,383.0884071988104
G3_C6,50hertz,2024,ensemble,lqs,191.5442035994052
G3_C6,50hertz,2024,ensemble,mae_median,649.3907603335076
G3_C6,50hertz,2024,ensemble,cov50,51.0132058287796
G3_C6,50hertz,2024,ensemble,cov95,97.8512067395264
G3_C6,50hertz,2024,ensemble,crps,470.62466832391806
G3_C6,50hertz,2024,ensemble,energy_score,5423.04119254071
G3_C6,50hertz,2025,point,rmse,948.3541118145365
G3_C6,50hertz,2025,point,r2,0.7464376200931468
G3_C6,50hertz,2025,point,mae,758.1017333123592
G3_C6,50hertz,2025,point,smape,6.586277856306845
G3_C6,50hertz,2025,quantile,wis,440.7034230535192
G3_C6,50hertz,2025,quantile,lqs,220.35171152675963
G3_C6,50hertz,2025,quantile,mae_median,756.1790550049943
G3_C6,50hertz,2025,quantile,cov50,48.8384703196347
G3_C6,50hertz,2025,quantile,cov95,98.07648401826484
G3_C6,50hertz,2025,ensemble,wis,440.7034230535192
G3_C6,50hertz,2025,ensemble,lqs,220.35171152675963
G3_C6,50hertz,2025,ensemble,mae_median,756.1790550049943
G3_C6,50hertz,2025,ensemble,cov50,48.8384703196347
G3_C6,50hertz,2025,ensemble,cov95,98.07648401826484
G3_C6,50hertz,2025,ensemble,crps,541.5625514839983
G3_C6,50hertz,2025,ensemble,energy_score,6193.16349798409
G3_C6,50hertz,2026H1,point,rmse,949.2311958987995
G3_C6,50hertz,2026H1,point,r2,0.8061363893088167
G3_C6,50hertz,2026H1,point,mae,711.1566928498308
G3_C6,50hertz,2026H1,point,smape,5.8903579273063045
G3_C6,50hertz,2026H1,quantile,wis,428.1114524774585
G3_C6,50hertz,2026H1,quantile,lqs,214.05572623872928
G3_C6,50hertz,2026H1,quantile,mae_median,710.5827125412791
G3_C6,50hertz,2026H1,quantile,cov50,58.895285087719294
G3_C6,50hertz,2026H1,quantile,cov95,97.09429824561403
G3_C6,50hertz,2026H1,ensemble,wis,428.1114524774585
G3_C6,50hertz,2026H1,ensemble,lqs,214.05572623872928
G3_C6,50hertz,2026H1,ensemble,mae_median,710.5827125412791
G3_C6,50hertz,2026H1,ensemble,cov50,58.895285087719294
G3_C6,50hertz,2026H1,ensemble,cov95,97.09429824561403
G3_C6,50hertz,2026H1,ensemble,crps,527.3327098491357
G3_C6,50hertz,2026H1,ensemble,energy_score,5959.825401227829
G3_C6,amprion,2024,point,rmse,1087.7392933523215
G3_C6,amprion,2024,point,r2,0.8915905693509324
G3_C6,amprion,2024,point,mae,767.6564728180692
G3_C6,amprion,2024,point,smape,4.147917317962951
G3_C6,amprion,2024,quantile,wis,467.0133528326805
G3_C6,amprion,2024,quantile,lqs,233.50667641634027
G3_C6,amprion,2024,quantile,mae_median,753.501482892845
G3_C6,amprion,2024,quantile,cov50,59.12454462659381
G3_C6,amprion,2024,quantile,cov95,97.38444899817851
G3_C6,amprion,2024,ensemble,wis,467.0133528326805
G3_C6,amprion,2024,ensemble,lqs,233.50667641634027
G3_C6,amprion,2024,ensemble,mae_median,753.501482892845
G3_C6,amprion,2024,ensemble,cov50,59.12454462659381
G3_C6,amprion,2024,ensemble,cov95,97.38444899817851
G3_C6,amprion,2024,ensemble,crps,571.1032103119123
G3_C6,amprion,2024,ensemble,energy_score,6652.833938233509
G3_C6,amprion,2025,point,rmse,982.2798826267242
G3_C6,amprion,2025,point,r2,0.908544802949432
G3_C6,amprion,2025,point,mae,717.4261432355145
G3_C6,amprion,2025,point,smape,3.7417864019118237
G3_C6,amprion,2025,quantile,wis,432.04190317278045
G3_C6,amprion,2025,quantile,lqs,216.02095158639023
G3_C6,amprion,2025,quantile,mae_median,701.9575339214023
G3_C6,amprion,2025,quantile,cov50,60.53082191780822
G3_C6,amprion,2025,quantile,cov95,98.65296803652967
G3_C6,amprion,2025,ensemble,wis,432.04190317278045
G3_C6,amprion,2025,ensemble,lqs,216.02095158639023
G3_C6,amprion,2025,ensemble,mae_median,701.9575339214023
G3_C6,amprion,2025,ensemble,cov50,60.53082191780822
G3_C6,amprion,2025,ensemble,cov95,98.65296803652967
G3_C6,amprion,2025,ensemble,crps,529.5824018139512
G3_C6,amprion,2025,ensemble,energy_score,6243.167111272997
G3_C6,amprion,2026H1,point,rmse,1194.0706524210093
G3_C6,amprion,2026H1,point,r2,0.8785669088377992
G3_C6,amprion,2026H1,point,mae,886.2376787276899
G3_C6,amprion,2026H1,point,smape,4.460668557443056
G3_C6,amprion,2026H1,quantile,wis,532.0170083412696
G3_C6,amprion,2026H1,quantile,lqs,266.00850417063475
G3_C6,amprion,2026H1,quantile,mae_median,879.0868381999983
G3_C6,amprion,2026H1,quantile,cov50,59.29961622807017
G3_C6,amprion,2026H1,quantile,cov95,98.33470394736842
G3_C6,amprion,2026H1,ensemble,wis,532.0170083412696
G3_C6,amprion,2026H1,ensemble,lqs,266.00850417063475
G3_C6,amprion,2026H1,ensemble,mae_median,879.0868381999983
G3_C6,amprion,2026H1,ensemble,cov50,59.29961622807017
G3_C6,amprion,2026H1,ensemble,cov95,98.33470394736842
G3_C6,amprion,2026H1,ensemble,crps,654.231942694659
G3_C6,amprion,2026H1,ensemble,energy_score,7526.458160888014
G3_C6,de_lu,2024,point,rmse,2584.903137027698
G3_C6,de_lu,2024,point,r2,0.921588330872672
G3_C6,de_lu,2024,point,mae,1806.4741117220474
G3_C6,de_lu,2024,point,smape,3.4265441491421624
G3_C6,de_lu,2024,quantile,wis,1109.6627812669008
G3_C6,de_lu,2024,quantile,lqs,554.8313906334504
G3_C6,de_lu,2024,quantile,mae_median,1764.323709672053
G3_C6,de_lu,2024,quantile,cov50,66.07752732240438
G3_C6,de_lu,2024,quantile,cov95,99.0693306010929
G3_C6,de_lu,2024,ensemble,wis,1109.6627812669008
G3_C6,de_lu,2024,ensemble,lqs,554.8313906334504
G3_C6,de_lu,2024,ensemble,mae_median,1764.323709672053
G3_C6,de_lu,2024,ensemble,cov50,66.07752732240438
G3_C6,de_lu,2024,ensemble,cov95,99.0693306010929
G3_C6,de_lu,2024,ensemble,crps,1368.1909470063083
G3_C6,de_lu,2024,ensemble,energy_score,15541.640644910018
G3_C6,de_lu,2025,point,rmse,2588.386795331465
G3_C6,de_lu,2025,point,r2,0.9217731646403443
G3_C6,de_lu,2025,point,mae,1871.4872956961478
G3_C6,de_lu,2025,point,smape,3.514188603866766
G3_C6,de_lu,2025,quantile,wis,1143.0081433987116
G3_C6,de_lu,2025,quantile,lqs,571.5040716993558
G3_C6,de_lu,2025,quantile,mae_median,1834.774052059753
G3_C6,de_lu,2025,quantile,cov50,66.86929223744292
G3_C6,de_lu,2025,quantile,cov95,99.56050228310502
G3_C6,de_lu,2025,ensemble,wis,1143.0081433987116
G3_C6,de_lu,2025,ensemble,lqs,571.5040716993558
G3_C6,de_lu,2025,ensemble,mae_median,1834.774052059753
G3_C6,de_lu,2025,ensemble,cov50,66.86929223744292
G3_C6,de_lu,2025,ensemble,cov95,99.56050228310502
G3_C6,de_lu,2025,ensemble,crps,1409.1268658041788
G3_C6,de_lu,2025,ensemble,energy_score,16115.837842927034
G3_C6,de_lu,2026H1,point,rmse,3128.2035753987025
G3_C6,de_lu,2026H1,point,r2,0.8976106199916096
G3_C6,de_lu,2026H1,point,mae,2250.7077126860363
G3_C6,de_lu,2026H1,point,smape,4.102247534835554
G3_C6,de_lu,2026H1,quantile,wis,1381.9656205742945
G3_C6,de_lu,2026H1,quantile,lqs,690.9828102871473
G3_C6,de_lu,2026H1,quantile,mae_median,2225.5368941678316
G3_C6,de_lu,2026H1,quantile,cov50,66.4953399122807
G3_C6,de_lu,2026H1,quantile,cov95,99.21875
G3_C6,de_lu,2026H1,ensemble,wis,1381.9656205742945
G3_C6,de_lu,2026H1,ensemble,lqs,690.9828102871473
G3_C6,de_lu,2026H1,ensemble,mae_median,2225.5368941678316
G3_C6,de_lu,2026H1,ensemble,cov50,66.4953399122807
G3_C6,de_lu,2026H1,ensemble,cov95,99.21875
G3_C6,de_lu,2026H1,ensemble,crps,1705.6469195615837
G3_C6,de_lu,2026H1,ensemble,energy_score,19223.364454565613
G3_C6,lu,2024,point,rmse,27.317659118673664
G3_C6,lu,2024,point,r2,0.9227365152293697
G3_C6,lu,2024,point,mae,17.775796682784787
G3_C6,lu,2024,point,smape,3.202547560849384
G3_C6,lu,2024,quantile,wis,10.907827384613121
G3_C6,lu,2024,quantile,lqs,5.4539136923065605
G3_C6,lu,2024,quantile,mae_median,17.51261190516571
G3_C6,lu,2024,quantile,cov50,54.826958105646625
G3_C6,lu,2024,quantile,cov95,96.85223132969034
G3_C6,lu,2024,ensemble,wis,10.907827384613121
G3_C6,lu,2024,ensemble,lqs,5.4539136923065605
G3_C6,lu,2024,ensemble,mae_median,17.51261190516571
G3_C6,lu,2024,ensemble,cov50,54.826958105646625
G3_C6,lu,2024,ensemble,cov95,96.85223132969034
G3_C6,lu,2024,ensemble,crps,13.200371914085515
G3_C6,lu,2024,ensemble,energy_score,152.11171160790988
G3_C6,lu,2025,point,rmse,29.20284039473322
G3_C6,lu,2025,point,r2,0.9124050489280915
G3_C6,lu,2025,point,mae,20.183710359328092
G3_C6,lu,2025,point,smape,3.6825559777887493
G3_C6,lu,2025,quantile,wis,12.039270663396149
G3_C6,lu,2025,quantile,lqs,6.0196353316980735
G3_C6,lu,2025,quantile,mae_median,19.75620253635215
G3_C6,lu,2025,quantile,cov50,53.404680365296805
G3_C6,lu,2025,quantile,cov95,97.68835616438356
G3_C6,lu,2025,ensemble,wis,12.039270663396149
G3_C6,lu,2025,ensemble,lqs,6.0196353316980735
G3_C6,lu,2025,ensemble,mae_median,19.75620253635215
G3_C6,lu,2025,ensemble,cov50,53.404680365296805
G3_C6,lu,2025,ensemble,cov95,97.68835616438356
G3_C6,lu,2025,ensemble,crps,14.679040532386809
G3_C6,lu,2025,ensemble,energy_score,169.49744392375607
G3_C6,lu,2026H1,point,rmse,44.95761717799951
G3_C6,lu,2026H1,point,r2,0.797067644317587
G3_C6,lu,2026H1,point,mae,27.195797113254237
G3_C6,lu,2026H1,point,smape,5.101608548375847
G3_C6,lu,2026H1,quantile,wis,16.388766703440094
G3_C6,lu,2026H1,quantile,lqs,8.194383351720045
G3_C6,lu,2026H1,quantile,mae_median,26.948837816763223
G3_C6,lu,2026H1,quantile,cov50,52.12445175438597
G3_C6,lu,2026H1,quantile,cov95,96.7173793859649
G3_C6,lu,2026H1,ensemble,wis,16.388766703440094
G3_C6,lu,2026H1,ensemble,lqs,8.194383351720045
G3_C6,lu,2026H1,ensemble,mae_median,26.948837816763223
G3_C6,lu,2026H1,ensemble,cov50,52.12445175438597
G3_C6,lu,2026H1,ensemble,cov95,96.7173793859649
G3_C6,lu,2026H1,ensemble,crps,19.94288400158872
G3_C6,lu,2026H1,ensemble,energy_score,228.70998849506796
G3_C6,tennet,2024,point,rmse,758.79535244142
G3_C6,tennet,2024,point,r2,0.9266188530991064
G3_C6,tennet,2024,point,mae,528.257565221536
G3_C6,tennet,2024,point,smape,3.3535134285826316
G3_C6,tennet,2024,quantile,wis,311.6402992886125
G3_C6,tennet,2024,quantile,lqs,155.82014964430627
G3_C6,tennet,2024,quantile,mae_median,518.7561370360439
G3_C6,tennet,2024,quantile,cov50,55.342099271402546
G3_C6,tennet,2024,quantile,cov95,98.15004553734063
G3_C6,tennet,2024,ensemble,wis,311.6402992886125
G3_C6,tennet,2024,ensemble,lqs,155.82014964430627
G3_C6,tennet,2024,ensemble,mae_median,518.7561370360439
G3_C6,tennet,2024,ensemble,cov50,55.342099271402546
G3_C6,tennet,2024,ensemble,cov95,98.15004553734063
G3_C6,tennet,2024,ensemble,crps,381.6671280194454
G3_C6,tennet,2024,ensemble,energy_score,4443.705790481881
G3_C6,tennet,2025,point,rmse,781.7593534519377
G3_C6,tennet,2025,point,r2,0.9246939525744158
G3_C6,tennet,2025,point,mae,549.6092669442567
G3_C6,tennet,2025,point,smape,3.492999292491937
G3_C6,tennet,2025,quantile,wis,325.2045934922226
G3_C6,tennet,2025,quantile,lqs,162.60229674611134
G3_C6,tennet,2025,quantile,mae_median,541.7345804865868
G3_C6,tennet,2025,quantile,cov50,55.22545662100457
G3_C6,tennet,2025,quantile,cov95,97.74543378995433
G3_C6,tennet,2025,ensemble,wis,325.2045934922226
G3_C6,tennet,2025,ensemble,lqs,162.60229674611134
G3_C6,tennet,2025,ensemble,mae_median,541.7345804865868
G3_C6,tennet,2025,ensemble,cov50,55.22545662100457
G3_C6,tennet,2025,ensemble,cov95,97.74543378995433
G3_C6,tennet,2025,ensemble,crps,398.4744843960727
G3_C6,tennet,2025,ensemble,energy_score,4682.331415427132
G3_C6,tennet,2026H1,point,rmse,1067.9021083964199
G3_C6,tennet,2026H1,point,r2,0.8776469088835022
G3_C6,tennet,2026H1,point,mae,767.3678553600264
G3_C6,tennet,2026H1,point,smape,4.967158475876392
G3_C6,tennet,2026H1,quantile,wis,456.8989463482305
G3_C6,tennet,2026H1,quantile,lqs,228.44947317411524
G3_C6,tennet,2026H1,quantile,mae_median,760.1460142120898
G3_C6,tennet,2026H1,quantile,cov50,54.30372807017544
G3_C6,tennet,2026H1,quantile,cov95,96.16913377192982
G3_C6,tennet,2026H1,ensemble,wis,456.8989463482305
G3_C6,tennet,2026H1,ensemble,lqs,228.44947317411524
G3_C6,tennet,2026H1,ensemble,mae_median,760.1460142120898
G3_C6,tennet,2026H1,ensemble,cov50,54.30372807017544
G3_C6,tennet,2026H1,ensemble,cov95,96.16913377192982
G3_C6,tennet,2026H1,ensemble,crps,560.4759481330753
G3_C6,tennet,2026H1,ensemble,energy_score,6554.735356666275
G3_C6,transnetbw,2024,point,rmse,415.2276545470774
G3_C6,transnetbw,2024,point,r2,0.9081397185441159
G3_C6,transnetbw,2024,point,mae,271.6094411144576
G3_C6,transnetbw,2024,point,smape,4.2609977765893285
G3_C6,transnetbw,2024,quantile,wis,162.23548182434334
G3_C6,transnetbw,2024,quantile,lqs,81.11774091217167
G3_C6,transnetbw,2024,quantile,mae_median,264.14812479015694
G3_C6,transnetbw,2024,quantile,cov50,55.80885701275046
G3_C6,transnetbw,2024,quantile,cov95,97.74305555555556
G3_C6,transnetbw,2024,ensemble,wis,162.23548182434334
G3_C6,transnetbw,2024,ensemble,lqs,81.11774091217167
G3_C6,transnetbw,2024,ensemble,mae_median,264.14812479015694
G3_C6,transnetbw,2024,ensemble,cov50,55.80885701275046
G3_C6,transnetbw,2024,ensemble,cov95,97.74305555555556
G3_C6,transnetbw,2024,ensemble,crps,197.3878154720432
G3_C6,transnetbw,2024,ensemble,energy_score,2306.4241662062514
G3_C6,transnetbw,2025,point,rmse,431.67653064341266
G3_C6,transnetbw,2025,point,r2,0.9018425777255415
G3_C6,transnetbw,2025,point,mae,285.18567502190257
G3_C6,transnetbw,2025,point,smape,4.467468991761984
G3_C6,transnetbw,2025,quantile,wis,171.08663187284762
G3_C6,transnetbw,2025,quantile,lqs,85.54331593642381
G3_C6,transnetbw,2025,quantile,mae_median,281.1785245965437
G3_C6,transnetbw,2025,quantile,cov50,56.232876712328775
G3_C6,transnetbw,2025,quantile,cov95,97.462899543379
G3_C6,transnetbw,2025,ensemble,wis,171.08663187284762
G3_C6,transnetbw,2025,ensemble,lqs,85.54331593642381
G3_C6,transnetbw,2025,ensemble,mae_median,281.1785245965437
G3_C6,transnetbw,2025,ensemble,cov50,56.232876712328775
G3_C6,transnetbw,2025,ensemble,cov95,97.462899543379
G3_C6,transnetbw,2025,ensemble,crps,208.53042226050226
G3_C6,transnetbw,2025,ensemble,energy_score,2456.938141560578
G3_C6,transnetbw,2026H1,point,rmse,511.9175308209547
G3_C6,transnetbw,2026H1,point,r2,0.8565607942677691
G3_C6,transnetbw,2026H1,point,mae,343.1840297390866
G3_C6,transnetbw,2026H1,point,smape,4.993017346920657
G3_C6,transnetbw,2026H1,quantile,wis,203.7227769617382
G3_C6,transnetbw,2026H1,quantile,lqs,101.86138848086911
G3_C6,transnetbw,2026H1,quantile,mae_median,338.41144120681497
G3_C6,transnetbw,2026H1,quantile,cov50,56.69544956140351
G3_C6,transnetbw,2026H1,quantile,cov95,97.77275219298247
G3_C6,transnetbw,2026H1,ensemble,wis,203.7227769617382
G3_C6,transnetbw,2026H1,ensemble,lqs,101.86138848086911
G3_C6,transnetbw,2026H1,ensemble,mae_median,338.41144120681497
G3_C6,transnetbw,2026H1,ensemble,cov50,56.69544956140351
G3_C6,transnetbw,2026H1,ensemble,cov95,97.77275219298247
G3_C6,transnetbw,2026H1,ensemble,crps,250.47152444890088
G3_C6,transnetbw,2026H1,ensemble,energy_score,2935.1187511339785
G3_C6,50hertz,overall,point,rmse,904.3637557267148
G3_C6,50hertz,overall,point,r2,0.7828703777673132
G3_C6,50hertz,overall,point,mae,707.8909257284732
G3_C6,50hertz,overall,point,smape,6.118136668163758
G3_C6,50hertz,overall,quantile,wis,414.6546401199013
G3_C6,50hertz,overall,quantile,lqs,207.32732005995064
G3_C6,50hertz,overall,quantile,mae_median,704.0667561326853
G3_C6,50hertz,overall,quantile,cov50,51.471073990184976
G3_C6,50hertz,overall,quantile,cov95,97.814033597584
G3_C6,50hertz,overall,ensemble,wis,414.6546401199013
G3_C6,50hertz,overall,ensemble,lqs,207.32732005995064
G3_C6,50hertz,overall,ensemble,mae_median,704.0667561326853
G3_C6,50hertz,overall,ensemble,cov50,51.471073990184976
G3_C6,50hertz,overall,ensemble,cov95,97.814033597584
G3_C6,50hertz,overall,ensemble,crps,509.70954903202943
G3_C6,50hertz,overall,ensemble,energy_score,5833.783934564805
G3_C6,amprion,overall,point,rmse,1065.2250231888668
G3_C6,amprion,overall,point,r2,0.8978026976420271
G3_C6,amprion,overall,point,mae,767.3057061143659
G3_C6,amprion,overall,point,smape,4.033874740434429
G3_C6,amprion,overall,quantile,wis,463.7471880664767
G3_C6,amprion,overall,quantile,lqs,231.87359403323836
G3_C6,amprion,overall,quantile,mae_median,753.8134111285309
G3_C6,amprion,overall,quantile,cov50,59.735985277463186
G3_C6,amprion,overall,quantile,cov95,98.07238580596452
G3_C6,amprion,overall,ensemble,wis,463.7471880664767
G3_C6,amprion,overall,ensemble,lqs,231.87359403323836
G3_C6,amprion,overall,ensemble,mae_median,753.8134111285309
G3_C6,amprion,overall,ensemble,cov50,59.735985277463186
G3_C6,amprion,overall,ensemble,cov95,98.07238580596452
G3_C6,amprion,overall,ensemble,crps,568.249837968109
G3_C6,amprion,overall,ensemble,energy_score,6633.8786607735965
G3_C6,de_lu,overall,point,rmse,2687.654420286779
G3_C6,de_lu,overall,point,r2,0.9178671108979323
G3_C6,de_lu,overall,point,mae,1909.8187544140894
G3_C6,de_lu,overall,point,smape,3.5790890422337545
G3_C6,de_lu,overall,quantile,wis,1170.3208659246977
G3_C6,de_lu,overall,quantile,lqs,585.160432962349
G3_C6,de_lu,overall,quantile,mae_median,1872.8387481939883
G3_C6,de_lu,overall,quantile,cov50,66.47673650434126
G3_C6,de_lu,overall,quantile,cov95,99.29808418271045
G3_C6,de_lu,overall,ensemble,wis,1170.3208659246977
G3_C6,de_lu,overall,ensemble,lqs,585.160432962349
G3_C6,de_lu,overall,ensemble,mae_median,1872.8387481939883
G3_C6,de_lu,overall,ensemble,cov50,66.47673650434126
G3_C6,de_lu,overall,ensemble,cov95,99.29808418271045
G3_C6,de_lu,overall,ensemble,crps,1443.2021793841393
G3_C6,de_lu,overall,ensemble,energy_score,16412.7663485837
G3_C6,lu,overall,point,rmse,31.77682246388967
G3_C6,lu,overall,point,r2,0.8965323260201672
G3_C6,lu,overall,point,mae,20.392703316272517
G3_C6,lu,overall,point,smape,3.727870711797164
G3_C6,lu,overall,quantile,wis,12.319016029253556
G3_C6,lu,overall,quantile,lqs,6.159508014626779
G3_C6,lu,overall,quantile,mae_median,20.064386445308262
G3_C6,lu,overall,quantile,cov50,53.773829747074366
G3_C6,lu,overall,quantile,cov95,97.17464137410343
G3_C6,lu,overall,ensemble,wis,12.319016029253556
G3_C6,lu,overall,ensemble,lqs,6.159508014626779
G3_C6,lu,overall,ensemble,mae_median,20.064386445308262
G3_C6,lu,overall,ensemble,cov50,53.773829747074366
G3_C6,lu,overall,ensemble,cov95,97.17464137410343
G3_C6,lu,overall,ensemble,crps,14.97225853127743
G3_C6,lu,overall,ensemble,energy_score,172.48399969639448
G3_C6,tennet,overall,point,rmse,829.2118090600894
G3_C6,tennet,overall,point,r2,0.9163190641435449
G3_C6,tennet,overall,point,mae,578.2441283357415
G3_C6,tennet,overall,point,smape,3.6889453510237966
G3_C6,tennet,overall,quantile,wis,342.2521698858714
G3_C6,tennet,overall,quantile,lqs,171.12608494293573
G3_C6,tennet,overall,quantile,mae_median,569.8075449524733
G3_C6,tennet,overall,quantile,cov50,55.11513778784447
G3_C6,tennet,overall,quantile,cov95,97.64179879199698
G3_C6,tennet,overall,ensemble,wis,342.2521698858714
G3_C6,tennet,overall,ensemble,lqs,171.12608494293573
G3_C6,tennet,overall,ensemble,mae_median,569.8075449524733
G3_C6,tennet,overall,ensemble,cov50,55.11513778784447
G3_C6,tennet,overall,ensemble,cov95,97.64179879199698
G3_C6,tennet,overall,ensemble,crps,419.39490348347795
G3_C6,tennet,overall,ensemble,energy_score,4905.738459977968
G3_C6,transnetbw,overall,point,rmse,440.0045912871529
G3_C6,transnetbw,overall,point,r2,0.8986865171697922
G3_C6,transnetbw,overall,point,mae,289.5422416208687
G3_C6,transnetbw,overall,point,smape,4.472355611502557
G3_C6,transnetbw,overall,quantile,wis,173.0358653221781
G3_C6,transnetbw,overall,quantile,lqs,86.51793266108902
G3_C6,transnetbw,overall,quantile,mae_median,283.97159027675167
G3_C6,transnetbw,overall,quantile,cov50,56.13674971687429
G3_C6,transnetbw,overall,quantile,cov95,97.63236126840317
G3_C6,transnetbw,overall,ensemble,wis,173.0358653221781
G3_C6,transnetbw,overall,ensemble,lqs,86.51793266108902
G3_C6,transnetbw,overall,ensemble,mae_median,283.97159027675167
G3_C6,transnetbw,overall,ensemble,cov50,56.13674971687429
G3_C6,transnetbw,overall,ensemble,cov95,97.63236126840317
G3_C6,transnetbw,overall,ensemble,crps,211.13161529341346
G3_C6,transnetbw,overall,ensemble,energy_score,2476.8649112949756
ENTSOE,50hertz,2024,point,rmse,1055.2072738549614
ENTSOE,50hertz,2024,point,r2,0.6799394535376773
ENTSOE,50hertz,2024,point,mae,829.2963775045536
ENTSOE,50hertz,2024,quantile,wis,829.2963775045536
ENTSOE,50hertz,2024,quantile,mae_median,829.2963775045536
ENTSOE,50hertz,2025,point,rmse,1208.1170736201968
ENTSOE,50hertz,2025,point,r2,0.5885076172199959
ENTSOE,50hertz,2025,point,mae,960.8390850790526
ENTSOE,50hertz,2025,quantile,wis,960.8390850790526
ENTSOE,50hertz,2025,quantile,mae_median,960.8390850790526
ENTSOE,50hertz,2026H1,point,rmse,1277.809975959468
ENTSOE,50hertz,2026H1,point,r2,0.639125601831763
ENTSOE,50hertz,2026H1,point,mae,983.8182725748377
ENTSOE,50hertz,2026H1,quantile,wis,983.8182725748377
ENTSOE,50hertz,2026H1,quantile,mae_median,983.8182725748377
ENTSOE,50hertz,overall,point,rmse,1164.3101950778305
ENTSOE,50hertz,overall,point,r2,0.6374636843062393
ENTSOE,50hertz,overall,point,mae,912.7572012109215
ENTSOE,50hertz,overall,quantile,wis,912.7572012109215
ENTSOE,50hertz,overall,quantile,mae_median,912.7572012109215
ENTSOE,tennet,2024,point,rmse,1154.0860080171342
ENTSOE,tennet,2024,point,r2,0.8302493201630582
ENTSOE,tennet,2024,point,mae,880.6425156534608
ENTSOE,tennet,2024,quantile,wis,880.6425156534608
ENTSOE,tennet,2024,quantile,mae_median,880.6425156534608
ENTSOE,tennet,2025,point,rmse,1092.1471391905723
ENTSOE,tennet,2025,point,r2,0.8530241480587948
ENTSOE,tennet,2025,point,mae,830.506901541096
ENTSOE,tennet,2025,quantile,wis,830.506901541096
ENTSOE,tennet,2025,quantile,mae_median,830.506901541096
ENTSOE,tennet,2026H1,point,rmse,1685.8015232012724
ENTSOE,tennet,2026H1,point,r2,0.6702870636469798
ENTSOE,tennet,2026H1,point,mae,1281.1434495615276
ENTSOE,tennet,2026H1,quantile,wis,1281.1434495615276
ENTSOE,tennet,2026H1,quantile,mae_median,1281.1434495615276
ENTSOE,tennet,overall,point,rmse,1257.0702646972604
ENTSOE,tennet,overall,point,r2,0.8052618241479659
ENTSOE,tennet,overall,point,mae,941.223523135764
ENTSOE,tennet,overall,quantile,wis,941.223523135764
ENTSOE,tennet,overall,quantile,mae_median,941.223523135764
ENTSOE,amprion,2024,point,rmse,1200.8521995753515
ENTSOE,amprion,2024,point,r2,0.8678714877437823
ENTSOE,amprion,2024,point,mae,929.4880843398223
ENTSOE,amprion,2024,quantile,wis,929.4880843398223
ENTSOE,amprion,2024,quantile,mae_median,929.4880843398223
ENTSOE,amprion,2025,point,rmse,898.4055757589906
ENTSOE,amprion,2025,point,r2,0.9234962422235119
ENTSOE,amprion,2025,point,mae,700.4699247802511
ENTSOE,amprion,2025,quantile,wis,700.4699247802511
ENTSOE,amprion,2025,quantile,mae_median,700.4699247802511
ENTSOE,amprion,2026H1,point,rmse,1023.9266071385923
ENTSOE,amprion,2026H1,point,r2,0.9060231732467244
ENTSOE,amprion,2026H1,point,mae,821.5236014408565
ENTSOE,amprion,2026H1,quantile,wis,821.5236014408565
ENTSOE,amprion,2026H1,quantile,mae_median,821.5236014408565
ENTSOE,amprion,overall,point,rmse,1053.419915326874
ENTSOE,amprion,overall,point,r2,0.8987647521337156
ENTSOE,amprion,overall,point,mae,816.4141153856955
ENTSOE,amprion,overall,quantile,wis,816.4141153856955
ENTSOE,amprion,overall,quantile,mae_median,816.4141153856955
ENTSOE,transnetbw,2024,point,rmse,477.5589279472177
ENTSOE,transnetbw,2024,point,r2,0.8784907980528086
ENTSOE,transnetbw,2024,point,mae,385.17392304189434
ENTSOE,transnetbw,2024,quantile,wis,385.17392304189434
ENTSOE,transnetbw,2024,quantile,mae_median,385.17392304189434
ENTSOE,transnetbw,2025,point,rmse,533.2238440467363
ENTSOE,transnetbw,2025,point,r2,0.8502298059701031
ENTSOE,transnetbw,2025,point,mae,446.7467229823059
ENTSOE,transnetbw,2025,quantile,wis,446.7467229823059
ENTSOE,transnetbw,2025,quantile,mae_median,446.7467229823059
ENTSOE,transnetbw,2026H1,point,rmse,444.75742798809904
ENTSOE,transnetbw,2026H1,point,r2,0.8894653692946602
ENTSOE,transnetbw,2026H1,point,mae,342.76602972834445
ENTSOE,transnetbw,2026H1,quantile,wis,342.76602972834445
ENTSOE,transnetbw,2026H1,quantile,mae_median,342.76602972834445
ENTSOE,transnetbw,overall,point,rmse,494.44832330568727
ENTSOE,transnetbw,overall,point,r2,0.8717554007008399
ENTSOE,transnetbw,overall,point,mae,401.2777665618055
ENTSOE,transnetbw,overall,quantile,wis,401.2777665618055
ENTSOE,transnetbw,overall,quantile,mae_median,401.2777665618055
ENTSOE,de_lu,2024,point,rmse,2570.4594216631217
ENTSOE,de_lu,2024,point,r2,0.9224497550204094
ENTSOE,de_lu,2024,point,mae,1979.5342832659685
ENTSOE,de_lu,2024,quantile,wis,1979.5342832659685
ENTSOE,de_lu,2024,quantile,mae_median,1979.5342832659685
ENTSOE,de_lu,2025,point,rmse,2480.3502015928157
ENTSOE,de_lu,2025,point,r2,0.9281670971903796
ENTSOE,de_lu,2025,point,mae,1947.352238425856
ENTSOE,de_lu,2025,quantile,wis,1947.352238425856
ENTSOE,de_lu,2025,quantile,mae_median,1947.352238425856
ENTSOE,de_lu,2026H1,point,rmse,2917.3180013698293
ENTSOE,de_lu,2026H1,point,r2,0.9056934589673238
ENTSOE,de_lu,2026H1,point,mae,2294.807741282942
ENTSOE,de_lu,2026H1,quantile,wis,2294.807741282942
ENTSOE,de_lu,2026H1,quantile,mae_median,2294.807741282942
ENTSOE,de_lu,overall,point,rmse,2609.3501866869183
ENTSOE,de_lu,overall,point,r2,0.921582357899728
ENTSOE,de_lu,overall,point,mae,2030.1313385923024
ENTSOE,de_lu,overall,quantile,wis,2030.1313385923024
ENTSOE,de_lu,overall,quantile,mae_median,2030.1313385923024
ENTSOE,lu,2024,point,rmse,19.88391814541634
ENTSOE,lu,2024,point,r2,0.9590652478612123
ENTSOE,lu,2024,point,mae,13.875339405670044
ENTSOE,lu,2024,quantile,wis,13.875339405670044
ENTSOE,lu,2024,quantile,mae_median,13.875339405670044
ENTSOE,lu,2025,point,rmse,37.39453237872925
ENTSOE,lu,2025,point,r2,0.8563700206391904
ENTSOE,lu,2025,point,mae,15.659738042237441
ENTSOE,lu,2025,quantile,wis,15.659738042237441
ENTSOE,lu,2025,quantile,mae_median,15.659738042237441
ENTSOE,lu,2026H1,point,rmse,28.318733136658253
ENTSOE,lu,2026H1,point,r2,0.9146972398682487
ENTSOE,lu,2026H1,point,mae,17.62640721654127
ENTSOE,lu,2026H1,quantile,wis,17.62640721654127
ENTSOE,lu,2026H1,quantile,mae_median,17.62640721654127
ENTSOE,lu,overall,point,rmse,29.61054618610354
ENTSOE,lu,overall,point,r2,0.9090800777200246
ENTSOE,lu,overall,point,mae,15.355618221178759
ENTSOE,lu,overall,quantile,wis,15.355618221178759
ENTSOE,lu,overall,quantile,mae_median,15.355618221178759
