config,area,period,output,metric,value
G1_C1,de_lu,2024,point,rmse,2775.8043860652915
G1_C1,de_lu,2024,point,r2,0.9095788831940312
G1_C1,de_lu,2024,point,mae,1790.4877688877232
G1_C1,de_lu,2024,point,smape,3.4065197960738196
G1_C1,de_lu,2024,quantile,wis,1093.5174244218351
G1_C1,de_lu,2024,quantile,lqs,546.7587122109176
G1_C1,de_lu,2024,quantile,mae_median,1779.335150383083
G1_C1,de_lu,2024,quantile,cov50,47.47267759562842
G1_C1,de_lu,2024,quantile,cov95,94.86566484517304
G1_C1,de_lu,2024,ensemble,wis,1093.5174244218351
G1_C1,de_lu,2024,ensemble,lqs,546.7587122109176
G1_C1,de_lu,2024,ensemble,mae_median,1779.335150383083
G1_C1,de_lu,2024,ensemble,cov50,47.47267759562842
G1_C1,de_lu,2024,ensemble,cov95,94.86566484517304
G1_C1,de_lu,2024,ensemble,crps,1316.8826978560635
G1_C1,de_lu,2024,ensemble,energy_score,15072.386950327247
G1_C1,de_lu,2025,point,rmse,2686.78575235949
G1_C1,de_lu,2025,point,r2,0.915712439691584
G1_C1,de_lu,2025,point,mae,1838.365540788677
G1_C1,de_lu,2025,point,smape,3.4440779564933472
G1_C1,de_lu,2025,quantile,wis,1102.2442685028539
G1_C1,de_lu,2025,quantile,lqs,551.122134251427
G1_C1,de_lu,2025,quantile,mae_median,1814.812136946918
G1_C1,de_lu,2025,quantile,cov50,47.851027397260275
G1_C1,de_lu,2025,quantile,cov95,94.7431506849315
G1_C1,de_lu,2025,ensemble,wis,1102.2442685028539
G1_C1,de_lu,2025,ensemble,lqs,551.122134251427
G1_C1,de_lu,2025,ensemble,mae_median,1814.812136946918
G1_C1,de_lu,2025,ensemble,cov50,47.851027397260275
G1_C1,de_lu,2025,ensemble,cov95,94.7431506849315
G1_C1,de_lu,2025,ensemble,crps,1334.5296167591027
G1_C1,de_lu,2025,ensemble,energy_score,15407.55562154001
G1_C1,de_lu,2026H1,point,rmse,3312.6275243453033
G1_C1,de_lu,2026H1,point,r2,0.8851819652220162
G1_C1,de_lu,2026H1,point,mae,2143.843820520608
G1_C1,de_lu,2026H1,point,smape,3.925495430988757
G1_C1,de_lu,2026H1,quantile,wis,1332.601176546971
G1_C1,de_lu,2026H1,quantile,lqs,666.3005882734853
G1_C1,de_lu,2026H1,quantile,mae_median,2122.274041459635
G1_C1,de_lu,2026H1,quantile,cov50,47.99205043859649
G1_C1,de_lu,2026H1,quantile,cov95,92.77686403508771
G1_C1,de_lu,2026H1,ensemble,wis,1332.601176546971
G1_C1,de_lu,2026H1,ensemble,lqs,666.3005882734853
G1_C1,de_lu,2026H1,ensemble,mae_median,2122.274041459635
G1_C1,de_lu,2026H1,ensemble,cov50,47.99205043859649
G1_C1,de_lu,2026H1,ensemble,cov95,92.77686403508771
G1_C1,de_lu,2026H1,ensemble,crps,1597.4792392560535
G1_C1,de_lu,2026H1,ensemble,energy_score,18253.41977528523
G1_C1,de_lu,overall,point,rmse,2840.1951423917635
G1_C1,de_lu,overall,point,r2,0.9082794589290288
G1_C1,de_lu,overall,point,mae,1871.1055566476853
G1_C1,de_lu,overall,point,smape,3.5113816591091513
G1_C1,de_lu,overall,quantile,wis,1138.2807635074437
G1_C1,de_lu,overall,quantile,lqs,569.140381753722
G1_C1,de_lu,overall,quantile,mae_median,1853.033691197846
G1_C1,de_lu,overall,quantile,cov50,47.71847867119668
G1_C1,de_lu,overall,quantile,cov95,94.45545488863722
G1_C1,de_lu,overall,ensemble,wis,1138.2807635074437
G1_C1,de_lu,overall,ensemble,lqs,569.140381753722
G1_C1,de_lu,overall,ensemble,mae_median,1853.033691197846
G1_C1,de_lu,overall,ensemble,cov50,47.71847867119668
G1_C1,de_lu,overall,ensemble,cov95,94.45545488863722
G1_C1,de_lu,overall,ensemble,crps,1372.4792999992208
G1_C1,de_lu,overall,ensemble,energy_score,15758.517815996864
G1_C2.1,de_lu,2024,point,rmse,2915.104352345202
G1_C2.1,de_lu,2024,point,r2,0.9002758454300243
G1_C2.1,de_lu,2024,point,mae,1870.306982457081
G1_C2.1,de_lu,2024,point,smape,3.5481199688543943
G1_C2.1,de_lu,2024,quantile,wis,1138.2892565079005
G1_C2.1,de_lu,2024,quantile,lqs,569.1446282539504
G1_C2.1,de_lu,2024,quantile,mae_median,1839.3429076608604
G1_C2.1,de_lu,2024,quantile,cov50,50.90220856102003
G1_C2.1,de_lu,2024,quantile,cov95,95.30111566484517
G1_C2.1,de_lu,2024,ensemble,wis,1138.2892565079005
G1_C2.1,de_lu,2024,ensemble,lqs,569.1446282539504
G1_C2.1,de_lu,2024,ensemble,mae_median,1839.3429076608604
G1_C2.1,de_lu,2024,ensemble,cov50,50.90220856102003
G1_C2.1,de_lu,2024,ensemble,cov95,95.30111566484517
G1_C2.1,de_lu,2024,ensemble,crps,1370.4023681031667
G1_C2.1,de_lu,2024,ensemble,energy_score,15579.100654141695
G1_C2.1,de_lu,2025,point,rmse,2837.767445492636
G1_C2.1,de_lu,2025,point,r2,0.9059733388790189
G1_C2.1,de_lu,2025,point,mae,1920.5801899919823
G1_C2.1,de_lu,2025,point,smape,3.619985100934601
G1_C2.1,de_lu,2025,quantile,wis,1142.7470810366437
G1_C2.1,de_lu,2025,quantile,lqs,571.373540518322
G1_C2.1,de_lu,2025,quantile,mae_median,1903.256114469178
G1_C2.1,de_lu,2025,quantile,cov50,49.00684931506849
G1_C2.1,de_lu,2025,quantile,cov95,95.80194063926942
G1_C2.1,de_lu,2025,ensemble,wis,1142.7470810366437
G1_C2.1,de_lu,2025,ensemble,lqs,571.373540518322
G1_C2.1,de_lu,2025,ensemble,mae_median,1903.256114469178
G1_C2.1,de_lu,2025,ensemble,cov50,49.00684931506849
G1_C2.1,de_lu,2025,ensemble,cov95,95.80194063926942
G1_C2.1,de_lu,2025,ensemble,crps,1385.6494171667987
G1_C2.1,de_lu,2025,ensemble,energy_score,15810.598688303551
G1_C2.1,de_lu,2026H1,point,rmse,3605.863251958259
G1_C2.1,de_lu,2026H1,point,r2,0.8639547439657093
G1_C2.1,de_lu,2026H1,point,mae,2350.2482275492475
G1_C2.1,de_lu,2026H1,point,smape,4.356975389623212
G1_C2.1,de_lu,2026H1,quantile,wis,1429.7262956655018
G1_C2.1,de_lu,2026H1,quantile,lqs,714.8631478327509
G1_C2.1,de_lu,2026H1,quantile,mae_median,2314.121134538857
G1_C2.1,de_lu,2026H1,quantile,cov50,50.46600877192983
G1_C2.1,de_lu,2026H1,quantile,cov95,94.02412280701753
G1_C2.1,de_lu,2026H1,ensemble,wis,1429.7262956655018
G1_C2.1,de_lu,2026H1,ensemble,lqs,714.8631478327509
G1_C2.1,de_lu,2026H1,ensemble,mae_median,2314.121134538857
G1_C2.1,de_lu,2026H1,ensemble,cov50,50.46600877192983
G1_C2.1,de_lu,2026H1,ensemble,cov95,94.02412280701753
G1_C2.1,de_lu,2026H1,ensemble,crps,1723.5334759209225
G1_C2.1,de_lu,2026H1,ensemble,energy_score,19502.65961842152
G1_C2.1,de_lu,overall,point,rmse,3014.8492962706487
G1_C2.1,de_lu,overall,point,r2,0.8966521459667365
G1_C2.1,de_lu,overall,point,mae,1973.7053856329
G1_C2.1,de_lu,overall,point,smape,3.7170631140029053
G1_C2.1,de_lu,overall,quantile,wis,1190.3000559472514
G1_C2.1,de_lu,overall,quantile,lqs,595.1500279736256
G1_C2.1,de_lu,overall,quantile,mae_median,1947.490824954735
G1_C2.1,de_lu,overall,quantile,cov50,50.04364854662137
G1_C2.1,de_lu,overall,quantile,cov95,95.28831634579088
G1_C2.1,de_lu,overall,ensemble,wis,1190.3000559472514
G1_C2.1,de_lu,overall,ensemble,lqs,595.1500279736256
G1_C2.1,de_lu,overall,ensemble,mae_median,1947.490824954735
G1_C2.1,de_lu,overall,ensemble,cov50,50.04364854662137
G1_C2.1,de_lu,overall,ensemble,cov95,95.28831634579088
G1_C2.1,de_lu,overall,ensemble,crps,1437.493083048268
G1_C2.1,de_lu,overall,ensemble,energy_score,16350.19662813899
G1_C2.2,de_lu,2024,point,rmse,2792.5343263089667
G1_C2.2,de_lu,2024,point,r2,0.9084856515702608
G1_C2.2,de_lu,2024,point,mae,1799.3869593614638
G1_C2.2,de_lu,2024,point,smape,3.4180318839573234
G1_C2.2,de_lu,2024,quantile,wis,1092.6845181722906
G1_C2.2,de_lu,2024,quantile,lqs,546.3422590861453
G1_C2.2,de_lu,2024,quantile,mae_median,1777.8584899272541
G1_C2.2,de_lu,2024,quantile,cov50,49.126252276867035
G1_C2.2,de_lu,2024,quantile,cov95,95.26411657559198
G1_C2.2,de_lu,2024,ensemble,wis,1092.6845181722906
G1_C2.2,de_lu,2024,ensemble,lqs,546.3422590861453
G1_C2.2,de_lu,2024,ensemble,mae_median,1777.8584899272541
G1_C2.2,de_lu,2024,ensemble,cov50,49.126252276867035
G1_C2.2,de_lu,2024,ensemble,cov95,95.26411657559198
G1_C2.2,de_lu,2024,ensemble,crps,1315.1243803514453
G1_C2.2,de_lu,2024,ensemble,energy_score,14960.758652152372
G1_C2.2,de_lu,2025,point,rmse,2811.40517075792
G1_C2.2,de_lu,2025,point,r2,0.9077122009605157
G1_C2.2,de_lu,2025,point,mae,1853.8435939240053
G1_C2.2,de_lu,2025,point,smape,3.49422470481219
G1_C2.2,de_lu,2025,quantile,wis,1117.9432618181506
G1_C2.2,de_lu,2025,quantile,lqs,558.9716309090753
G1_C2.2,de_lu,2025,quantile,mae_median,1846.522276624429
G1_C2.2,de_lu,2025,quantile,cov50,48.49600456621005
G1_C2.2,de_lu,2025,quantile,cov95,95.07705479452055
G1_C2.2,de_lu,2025,ensemble,wis,1117.9432618181506
G1_C2.2,de_lu,2025,ensemble,lqs,558.9716309090753
G1_C2.2,de_lu,2025,ensemble,mae_median,1846.522276624429
G1_C2.2,de_lu,2025,ensemble,cov50,48.49600456621005
G1_C2.2,de_lu,2025,ensemble,cov95,95.07705479452055
G1_C2.2,de_lu,2025,ensemble,crps,1350.6359043142193
G1_C2.2,de_lu,2025,ensemble,energy_score,15371.74904003934
G1_C2.2,de_lu,2026H1,point,rmse,3427.367055546208
G1_C2.2,de_lu,2026H1,point,r2,0.8770903072812473
G1_C2.2,de_lu,2026H1,point,mae,2212.843011496616
G1_C2.2,de_lu,2026H1,point,smape,4.09757210415917
G1_C2.2,de_lu,2026H1,quantile,wis,1346.3006769070314
G1_C2.2,de_lu,2026H1,quantile,lqs,673.1503384535157
G1_C2.2,de_lu,2026H1,quantile,mae_median,2159.2667321526183
G1_C2.2,de_lu,2026H1,quantile,cov50,49.040570175438596
G1_C2.2,de_lu,2026H1,quantile,cov95,93.29084429824562
G1_C2.2,de_lu,2026H1,ensemble,wis,1346.3006769070314
G1_C2.2,de_lu,2026H1,ensemble,lqs,673.1503384535157
G1_C2.2,de_lu,2026H1,ensemble,mae_median,2159.2667321526183
G1_C2.2,de_lu,2026H1,ensemble,cov50,49.040570175438596
G1_C2.2,de_lu,2026H1,ensemble,cov95,93.29084429824562
G1_C2.2,de_lu,2026H1,ensemble,crps,1615.7214330201373
G1_C2.2,de_lu,2026H1,ensemble,energy_score,18183.283113952017
G1_C2.2,de_lu,overall,point,rmse,2919.1907751066587
G1_C2.2,de_lu,overall,point,r2,0.9031063751794867
G1_C2.2,de_lu,overall,point,mae,1893.0698489875913
G1_C2.2,de_lu,overall,point,smape,3.566503563552688
G1_C2.2,de_lu,overall,quantile,wis,1146.7831564037963
G1_C2.2,de_lu,overall,quantile,lqs,573.3915782018983
G1_C2.2,de_lu,overall,quantile,mae_median,1871.8973743697504
G1_C2.2,de_lu,overall,quantile,cov50,48.850981502453756
G1_C2.2,de_lu,overall,quantile,cov95,94.8471121177803
G1_C2.2,de_lu,overall,ensemble,wis,1146.7831564037963
G1_C2.2,de_lu,overall,ensemble,lqs,573.3915782018983
G1_C2.2,de_lu,overall,ensemble,mae_median,1871.8973743697504
G1_C2.2,de_lu,overall,ensemble,cov50,48.850981502453756
G1_C2.2,de_lu,overall,ensemble,cov95,94.8471121177803
G1_C2.2,de_lu,overall,ensemble,crps,1381.5484553820838
G1_C2.2,de_lu,overall,ensemble,energy_score,15685.373838757454
G1_C2.3,de_lu,2024,point,rmse,2856.2669684640996
G1_C2.3,de_lu,2024,point,r2,0.9042608105341753
G1_C2.3,de_lu,2024,point,mae,1853.9543248582215
G1_C2.3,de_lu,2024,point,smape,3.5195239890530132
G1_C2.3,de_lu,2024,quantile,wis,1124.1225273128186
G1_C2.3,de_lu,2024,quantile,lqs,562.0612636564094
G1_C2.3,de_lu,2024,quantile,mae_median,1829.2039134297588
G1_C2.3,de_lu,2024,quantile,cov50,52.330942622950815
G1_C2.3,de_lu,2024,quantile,cov95,96.31432149362477
G1_C2.3,de_lu,2024,ensemble,wis,1124.1225273128186
G1_C2.3,de_lu,2024,ensemble,lqs,562.0612636564094
G1_C2.3,de_lu,2024,ensemble,mae_median,1829.2039134297588
G1_C2.3,de_lu,2024,ensemble,cov50,52.330942622950815
G1_C2.3,de_lu,2024,ensemble,cov95,96.31432149362477
G1_C2.3,de_lu,2024,ensemble,crps,1357.2447731457974
G1_C2.3,de_lu,2024,ensemble,energy_score,15473.48166479983
G1_C2.3,de_lu,2025,point,rmse,2801.3712218921114
G1_C2.3,de_lu,2025,point,r2,0.90836977859619
G1_C2.3,de_lu,2025,point,mae,1850.6463237154
G1_C2.3,de_lu,2025,point,smape,3.4981644057387453
G1_C2.3,de_lu,2025,quantile,wis,1120.7325898783106
G1_C2.3,de_lu,2025,quantile,lqs,560.3662949391553
G1_C2.3,de_lu,2025,quantile,mae_median,1831.104375833904
G1_C2.3,de_lu,2025,quantile,cov50,53.96689497716894
G1_C2.3,de_lu,2025,quantile,cov95,96.37271689497717
G1_C2.3,de_lu,2025,ensemble,wis,1120.7325898783106
G1_C2.3,de_lu,2025,ensemble,lqs,560.3662949391553
G1_C2.3,de_lu,2025,ensemble,mae_median,1831.104375833904
G1_C2.3,de_lu,2025,ensemble,cov50,53.96689497716894
G1_C2.3,de_lu,2025,ensemble,cov95,96.37271689497717
G1_C2.3,de_lu,2025,ensemble,crps,1359.0284686956807
G1_C2.3,de_lu,2025,ensemble,energy_score,15514.10657657185
G1_C2.3,de_lu,2026H1,point,rmse,3573.0592686211908
G1_C2.3,de_lu,2026H1,point,r2,0.8664188009427609
G1_C2.3,de_lu,2026H1,point,mae,2355.528331052994
G1_C2.3,de_lu,2026H1,point,smape,4.352094019843874
G1_C2.3,de_lu,2026H1,quantile,wis,1437.089131176302
G1_C2.3,de_lu,2026H1,quantile,lqs,718.544565588151
G1_C2.3,de_lu,2026H1,quantile,mae_median,2310.1219509534676
G1_C2.3,de_lu,2026H1,quantile,cov50,50.74013157894737
G1_C2.3,de_lu,2026H1,quantile,cov95,94.07209429824562
G1_C2.3,de_lu,2026H1,ensemble,wis,1437.089131176302
G1_C2.3,de_lu,2026H1,ensemble,lqs,718.544565588151
G1_C2.3,de_lu,2026H1,ensemble,mae_median,2310.1219509534676
G1_C2.3,de_lu,2026H1,ensemble,cov50,50.74013157894737
G1_C2.3,de_lu,2026H1,ensemble,cov95,94.07209429824562
G1_C2.3,de_lu,2026H1,ensemble,crps,1731.9172931184441
G1_C2.3,de_lu,2026H1,ensemble,energy_score,19496.225337466414
G1_C2.3,de_lu,overall,point,rmse,2970.384849421977
G1_C2.3,de_lu,overall,point,r2,0.8996781136549616
G1_C2.3,de_lu,overall,point,mae,1938.9280830965856
G1_C2.3,de_lu,overall,point,smape,3.6540136796198346
G1_C2.3,de_lu,overall,quantile,wis,1176.5954566714304
G1_C2.3,de_lu,overall,quantile,lqs,588.2977283357152
G1_C2.3,de_lu,overall,quantile,mae_median,1912.774933227173
G1_C2.3,de_lu,overall,quantile,cov50,52.73334277085693
G1_C2.3,de_lu,overall,quantile,cov95,95.95248206870517
G1_C2.3,de_lu,overall,ensemble,wis,1176.5954566714304
G1_C2.3,de_lu,overall,ensemble,lqs,588.2977283357152
G1_C2.3,de_lu,overall,ensemble,mae_median,1912.774933227173
G1_C2.3,de_lu,overall,ensemble,cov50,52.73334277085693
G1_C2.3,de_lu,overall,ensemble,cov95,95.95248206870517
G1_C2.3,de_lu,overall,ensemble,crps,1422.478376669636
G1_C2.3,de_lu,overall,ensemble,energy_score,16182.75134887923
G1_C3.1,de_lu,2024,point,rmse,2854.0920482048414
G1_C3.1,de_lu,2024,point,r2,0.9044065572924406
G1_C3.1,de_lu,2024,point,mae,1865.9674562177825
G1_C3.1,de_lu,2024,point,smape,3.555276424310961
G1_C3.1,de_lu,2024,quantile,wis,1133.5234448288022
G1_C3.1,de_lu,2024,quantile,lqs,566.7617224144012
G1_C3.1,de_lu,2024,quantile,mae_median,1841.015806971653
G1_C3.1,de_lu,2024,quantile,cov50,52.64970400728597
G1_C3.1,de_lu,2024,quantile,cov95,96.68146630236795
G1_C3.1,de_lu,2024,ensemble,wis,1133.5234448288022
G1_C3.1,de_lu,2024,ensemble,lqs,566.7617224144012
G1_C3.1,de_lu,2024,ensemble,mae_median,1841.015806971653
G1_C3.1,de_lu,2024,ensemble,cov50,52.64970400728597
G1_C3.1,de_lu,2024,ensemble,cov95,96.68146630236795
G1_C3.1,de_lu,2024,ensemble,crps,1369.682205746875
G1_C3.1,de_lu,2024,ensemble,energy_score,15561.759220227288
G1_C3.1,de_lu,2025,point,rmse,2746.0544383363354
G1_C3.1,de_lu,2025,point,r2,0.911952770451537
G1_C3.1,de_lu,2025,point,mae,1888.343277024815
G1_C3.1,de_lu,2025,point,smape,3.5499282302158437
G1_C3.1,de_lu,2025,quantile,wis,1125.4320340002282
G1_C3.1,de_lu,2025,quantile,lqs,562.7160170001142
G1_C3.1,de_lu,2025,quantile,mae_median,1850.7281345468036
G1_C3.1,de_lu,2025,quantile,cov50,52.12328767123287
G1_C3.1,de_lu,2025,quantile,cov95,96.86643835616438
G1_C3.1,de_lu,2025,ensemble,wis,1125.4320340002282
G1_C3.1,de_lu,2025,ensemble,lqs,562.7160170001142
G1_C3.1,de_lu,2025,ensemble,mae_median,1850.7281345468036
G1_C3.1,de_lu,2025,ensemble,cov50,52.12328767123287
G1_C3.1,de_lu,2025,ensemble,cov95,96.86643835616438
G1_C3.1,de_lu,2025,ensemble,crps,1366.762231491402
G1_C3.1,de_lu,2025,ensemble,energy_score,15711.316918552759
G1_C3.1,de_lu,2026H1,point,rmse,3403.353702181277
G1_C3.1,de_lu,2026H1,point,r2,0.878806571864146
G1_C3.1,de_lu,2026H1,point,mae,2269.874711487361
G1_C3.1,de_lu,2026H1,point,smape,4.175924998093372
G1_C3.1,de_lu,2026H1,quantile,wis,1383.350207046313
G1_C3.1,de_lu,2026H1,quantile,lqs,691.6751035231566
G1_C3.1,de_lu,2026H1,quantile,mae_median,2254.2375827434894
G1_C3.1,de_lu,2026H1,quantile,cov50,51.22669956140351
G1_C3.1,de_lu,2026H1,quantile,cov95,95.16858552631578
G1_C3.1,de_lu,2026H1,ensemble,wis,1383.350207046313
G1_C3.1,de_lu,2026H1,ensemble,lqs,691.6751035231566
G1_C3.1,de_lu,2026H1,ensemble,mae_median,2254.2375827434894
G1_C3.1,de_lu,2026H1,ensemble,cov50,51.22669956140351
G1_C3.1,de_lu,2026H1,ensemble,cov95,95.16858552631578
G1_C3.1,de_lu,2026H1,ensemble,crps,1672.7741661888472
G1_C3.1,de_lu,2026H1,ensemble,energy_score,19027.997668355893
G1_C3.1,de_lu,overall,point,rmse,2913.3121885711225
G1_C3.1,de_lu,overall,point,r2,0.9034962257114286
G1_C3.1,de_lu,overall,point,mae,1944.7455733135275
G1_C3.1,de_lu,overall,point,smape,3.6599043884901326
G1_C3.1,de_lu,overall,quantile,wis,1173.1840370197788
G1_C3.1,de_lu,overall,quantile,lqs,586.5920185098893
G1_C3.1,de_lu,overall,quantile,mae_median,1916.1627033275413
G1_C3.1,de_lu,overall,quantile,cov50,52.187146092865234
G1_C3.1,de_lu,overall,quantile,cov95,96.49749905624763
G1_C3.1,de_lu,overall,ensemble,wis,1173.1840370197788
G1_C3.1,de_lu,overall,ensemble,lqs,586.5920185098893
G1_C3.1,de_lu,overall,ensemble,mae_median,1916.1627033275413
G1_C3.1,de_lu,overall,ensemble,cov50,52.187146092865234
G1_C3.1,de_lu,overall,ensemble,cov95,96.49749905624763
G1_C3.1,de_lu,overall,ensemble,crps,1420.6495753776026
G1_C3.1,de_lu,overall,ensemble,energy_score,16220.2606970159
G1_C3.2,de_lu,2024,point,rmse,2913.5401690190356
G1_C3.2,de_lu,2024,point,r2,0.9003828364610962
G1_C3.2,de_lu,2024,point,mae,1905.417873930702
G1_C3.2,de_lu,2024,point,smape,3.6227953301630906
G1_C3.2,de_lu,2024,quantile,wis,1141.711248020469
G1_C3.2,de_lu,2024,quantile,lqs,570.8556240102346
G1_C3.2,de_lu,2024,quantile,mae_median,1858.6248538635018
G1_C3.2,de_lu,2024,quantile,cov50,50.865209471766846
G1_C3.2,de_lu,2024,quantile,cov95,96.56193078324226
G1_C3.2,de_lu,2024,ensemble,wis,1141.711248020469
G1_C3.2,de_lu,2024,ensemble,lqs,570.8556240102346
G1_C3.2,de_lu,2024,ensemble,mae_median,1858.6248538635018
G1_C3.2,de_lu,2024,ensemble,cov50,50.865209471766846
G1_C3.2,de_lu,2024,ensemble,cov95,96.56193078324226
G1_C3.2,de_lu,2024,ensemble,crps,1379.6583963685373
G1_C3.2,de_lu,2024,ensemble,energy_score,15648.04103199522
G1_C3.2,de_lu,2025,point,rmse,2735.6337599279836
G1_C3.2,de_lu,2025,point,r2,0.9126197426515468
G1_C3.2,de_lu,2025,point,mae,1878.7971283458633
G1_C3.2,de_lu,2025,point,smape,3.523030418902319
G1_C3.2,de_lu,2025,quantile,wis,1120.9381062350456
G1_C3.2,de_lu,2025,quantile,lqs,560.4690531175229
G1_C3.2,de_lu,2025,quantile,mae_median,1840.3165948898402
G1_C3.2,de_lu,2025,quantile,cov50,51.68093607305936
G1_C3.2,de_lu,2025,quantile,cov95,96.63527397260275
G1_C3.2,de_lu,2025,ensemble,wis,1120.9381062350456
G1_C3.2,de_lu,2025,ensemble,lqs,560.4690531175229
G1_C3.2,de_lu,2025,ensemble,mae_median,1840.3165948898402
G1_C3.2,de_lu,2025,ensemble,cov50,51.68093607305936
G1_C3.2,de_lu,2025,ensemble,cov95,96.63527397260275
G1_C3.2,de_lu,2025,ensemble,crps,1363.0609290636578
G1_C3.2,de_lu,2025,ensemble,energy_score,15616.952187673132
G1_C3.2,de_lu,2026H1,point,rmse,3429.858698433397
G1_C3.2,de_lu,2026H1,point,r2,0.8769115354280405
G1_C3.2,de_lu,2026H1,point,mae,2289.4991783652717
G1_C3.2,de_lu,2026H1,point,smape,4.215539937368471
G1_C3.2,de_lu,2026H1,quantile,wis,1394.8061029216692
G1_C3.2,de_lu,2026H1,quantile,lqs,697.4030514608347
G1_C3.2,de_lu,2026H1,quantile,mae_median,2279.3297924621024
G1_C3.2,de_lu,2026H1,quantile,cov50,49.75328947368421
G1_C3.2,de_lu,2026H1,quantile,cov95,95.23026315789474
G1_C3.2,de_lu,2026H1,ensemble,wis,1394.8061029216692
G1_C3.2,de_lu,2026H1,ensemble,lqs,697.4030514608347
G1_C3.2,de_lu,2026H1,ensemble,mae_median,2279.3297924621024
G1_C3.2,de_lu,2026H1,ensemble,cov50,49.75328947368421
G1_C3.2,de_lu,2026H1,ensemble,cov95,95.23026315789474
G1_C3.2,de_lu,2026H1,ensemble,crps,1686.5965814974381
G1_C3.2,de_lu,2026H1,ensemble,energy_score,19113.25236603704
G1_C3.2,de_lu,overall,point,rmse,2938.8897145212327
G1_C3.2,de_lu,overall,point,r2,0.9017942706749358
G1_C3.2,de_lu,overall,point,mae,1960.529749508945
G1_C3.2,de_lu,overall,point,smape,3.683591465706733
G1_C3.2,de_lu,overall,quantile,wis,1176.6922459743794
G1_C3.2,de_lu,overall,quantile,lqs,588.3461229871898
G1_C3.2,de_lu,overall,quantile,mae_median,1923.477216424771
G1_C3.2,de_lu,overall,quantile,cov50,51.01099471498679
G1_C3.2,de_lu,overall,quantile,cov95,96.36301434503586
G1_C3.2,de_lu,overall,ensemble,wis,1176.6922459743794
G1_C3.2,de_lu,overall,ensemble,lqs,588.3461229871898
G1_C3.2,de_lu,overall,ensemble,mae_median,1923.477216424771
G1_C3.2,de_lu,overall,ensemble,cov50,51.01099471498679
G1_C3.2,de_lu,overall,ensemble,cov95,96.36301434503586
G1_C3.2,de_lu,overall,ensemble,crps,1425.634079917022
G1_C3.2,de_lu,overall,ensemble,energy_score,16231.69300775603
G1_C3.3,de_lu,2024,point,rmse,2951.29477455069
G1_C3.3,de_lu,2024,point,r2,0.8977843654114698
G1_C3.3,de_lu,2024,point,mae,1947.6546804005604
G1_C3.3,de_lu,2024,point,smape,3.702810349374651
G1_C3.3,de_lu,2024,quantile,wis,1176.8565850062614
G1_C3.3,de_lu,2024,quantile,lqs,588.4282925031307
G1_C3.3,de_lu,2024,quantile,mae_median,1905.6108055784382
G1_C3.3,de_lu,2024,quantile,cov50,57.31158925318761
G1_C3.3,de_lu,2024,quantile,cov95,97.51821493624773
G1_C3.3,de_lu,2024,ensemble,wis,1176.8565850062614
G1_C3.3,de_lu,2024,ensemble,lqs,588.4282925031307
G1_C3.3,de_lu,2024,ensemble,mae_median,1905.6108055784382
G1_C3.3,de_lu,2024,ensemble,cov50,57.31158925318761
G1_C3.3,de_lu,2024,ensemble,cov95,97.51821493624773
G1_C3.3,de_lu,2024,ensemble,crps,1431.9041659209058
G1_C3.3,de_lu,2024,ensemble,energy_score,16147.232130746881
G1_C3.3,de_lu,2025,point,rmse,2770.8823512559184
G1_C3.3,de_lu,2025,point,r2,0.9103534494814232
G1_C3.3,de_lu,2025,point,mae,1917.5368083658134
G1_C3.3,de_lu,2025,point,smape,3.5984422922719697
G1_C3.3,de_lu,2025,quantile,wis,1149.8237908439498
G1_C3.3,de_lu,2025,quantile,lqs,574.911895421975
G1_C3.3,de_lu,2025,quantile,mae_median,1871.6085603687216
G1_C3.3,de_lu,2025,quantile,cov50,59.198059360730596
G1_C3.3,de_lu,2025,quantile,cov95,97.94805936073058
G1_C3.3,de_lu,2025,ensemble,wis,1149.8237908439498
G1_C3.3,de_lu,2025,ensemble,lqs,574.911895421975
G1_C3.3,de_lu,2025,ensemble,mae_median,1871.6085603687216
G1_C3.3,de_lu,2025,ensemble,cov50,59.198059360730596
G1_C3.3,de_lu,2025,ensemble,cov95,97.94805936073058
G1_C3.3,de_lu,2025,ensemble,crps,1405.1781119112347
G1_C3.3,de_lu,2025,ensemble,energy_score,16058.458751062299
G1_C3.3,de_lu,2026H1,point,rmse,3439.3538374859695
G1_C3.3,de_lu,2026H1,point,r2,0.8762290817477894
G1_C3.3,de_lu,2026H1,point,mae,2324.6524119120686
G1_C3.3,de_lu,2026H1,point,smape,4.283413866183925
G1_C3.3,de_lu,2026H1,quantile,wis,1407.1890210178865
G1_C3.3,de_lu,2026H1,quantile,lqs,703.5945105089434
G1_C3.3,de_lu,2026H1,quantile,mae_median,2293.0060832153918
G1_C3.3,de_lu,2026H1,quantile,cov50,56.414473684210535
G1_C3.3,de_lu,2026H1,quantile,cov95,95.66885964912281
G1_C3.3,de_lu,2026H1,ensemble,wis,1407.1890210178865
G1_C3.3,de_lu,2026H1,ensemble,lqs,703.5945105089434
G1_C3.3,de_lu,2026H1,ensemble,mae_median,2293.0060832153918
G1_C3.3,de_lu,2026H1,ensemble,cov50,56.414473684210535
G1_C3.3,de_lu,2026H1,ensemble,cov95,95.66885964912281
G1_C3.3,de_lu,2026H1,ensemble,crps,1714.9337354900954
G1_C3.3,de_lu,2026H1,ensemble,energy_score,19419.068947282667
G1_C3.3,de_lu,overall,point,rmse,2969.9011176897
G1_C3.3,de_lu,overall,point,r2,0.8997107861407341
G1_C3.3,de_lu,overall,point,mae,2000.1016021412922
G1_C3.3,de_lu,overall,point,smape,3.7596137397625675
G1_C3.3,de_lu,overall,quantile,wis,1205.3317383522674
G1_C3.3,de_lu,overall,quantile,lqs,602.6658691761337
G1_C3.3,de_lu,overall,quantile,mae_median,1958.2419071631157
G1_C3.3,de_lu,overall,quantile,cov50,57.936957342393356
G1_C3.3,de_lu,overall,quantile,cov95,97.37754813137033
G1_C3.3,de_lu,overall,ensemble,wis,1205.3317383522674
G1_C3.3,de_lu,overall,ensemble,lqs,602.6658691761337
G1_C3.3,de_lu,overall,ensemble,mae_median,1958.2419071631157
G1_C3.3,de_lu,overall,ensemble,cov50,57.936957342393356
G1_C3.3,de_lu,overall,ensemble,cov95,97.37754813137033
G1_C3.3,de_lu,overall,ensemble,crps,1469.5774217091127
G1_C3.3,de_lu,overall,ensemble,energy_score,16673.751850484783
G1_C3.4,de_lu,2024,point,rmse,2961.7429920889786
G1_C3.4,de_lu,2024,point,r2,0.8970593537190168
G1_C3.4,de_lu,2024,point,mae,1962.580816572052
G1_C3.4,de_lu,2024,point,smape,3.731225849242263
G1_C3.4,de_lu,2024,quantile,wis,1192.9777601447859
G1_C3.4,de_lu,2024,quantile,lqs,596.488880072393
G1_C3.4,de_lu,2024,quantile,mae_median,1940.8201750918718
G1_C3.4,de_lu,2024,quantile,cov50,54.849726775956285
G1_C3.4,de_lu,2024,quantile,cov95,96.99453551912568
G1_C3.4,de_lu,2024,ensemble,wis,1192.9777601447859
G1_C3.4,de_lu,2024,ensemble,lqs,596.488880072393
G1_C3.4,de_lu,2024,ensemble,mae_median,1940.8201750918718
G1_C3.4,de_lu,2024,ensemble,cov50,54.849726775956285
G1_C3.4,de_lu,2024,ensemble,cov95,96.99453551912568
G1_C3.4,de_lu,2024,ensemble,crps,1446.750196673601
G1_C3.4,de_lu,2024,ensemble,energy_score,16352.596175431854
G1_C3.4,de_lu,2025,point,rmse,2851.8181483940957
G1_C3.4,de_lu,2025,point,r2,0.9050399210407288
G1_C3.4,de_lu,2025,point,mae,1964.6521616979505
G1_C3.4,de_lu,2025,point,smape,3.6913541224948436
G1_C3.4,de_lu,2025,quantile,wis,1175.0586002715752
G1_C3.4,de_lu,2025,quantile,lqs,587.5293001357877
G1_C3.4,de_lu,2025,quantile,mae_median,1929.954934824201
G1_C3.4,de_lu,2025,quantile,cov50,54.474885844748854
G1_C3.4,de_lu,2025,quantile,cov95,97.42294520547945
G1_C3.4,de_lu,2025,ensemble,wis,1175.0586002715752
G1_C3.4,de_lu,2025,ensemble,lqs,587.5293001357877
G1_C3.4,de_lu,2025,ensemble,mae_median,1929.954934824201
G1_C3.4,de_lu,2025,ensemble,cov50,54.474885844748854
G1_C3.4,de_lu,2025,ensemble,cov95,97.42294520547945
G1_C3.4,de_lu,2025,ensemble,crps,1429.8786925854727
G1_C3.4,de_lu,2025,ensemble,energy_score,16320.675324869508
G1_C3.4,de_lu,2026H1,point,rmse,3557.533072262806
G1_C3.4,de_lu,2026H1,point,r2,0.867577193023411
G1_C3.4,de_lu,2026H1,point,mae,2411.1621585501807
G1_C3.4,de_lu,2026H1,point,smape,4.4418213275450045
G1_C3.4,de_lu,2026H1,quantile,wis,1456.9196995729028
G1_C3.4,de_lu,2026H1,quantile,lqs,728.4598497864515
G1_C3.4,de_lu,2026H1,quantile,mae_median,2409.5068730669545
G1_C3.4,de_lu,2026H1,quantile,cov50,51.302083333333336
G1_C3.4,de_lu,2026H1,quantile,cov95,95.5797697368421
G1_C3.4,de_lu,2026H1,ensemble,wis,1456.9196995729028
G1_C3.4,de_lu,2026H1,ensemble,lqs,728.4598497864515
G1_C3.4,de_lu,2026H1,ensemble,mae_median,2409.5068730669545
G1_C3.4,de_lu,2026H1,ensemble,cov50,51.302083333333336
G1_C3.4,de_lu,2026H1,ensemble,cov95,95.5797697368421
G1_C3.4,de_lu,2026H1,ensemble,crps,1767.4669118257555
G1_C3.4,de_lu,2026H1,ensemble,energy_score,19949.031473124596
G1_C3.4,de_lu,overall,point,rmse,3029.252992248309
G1_C3.4,de_lu,overall,point,r2,0.8956622808973441
G1_C3.4,de_lu,overall,point,mae,2040.6560203677811
G1_C3.4,de_lu,overall,point,smape,3.8370665428314013
G1_C3.4,de_lu,overall,quantile,wis,1231.0057119447315
G1_C3.4,de_lu,overall,quantile,lqs,615.5028559723658
G1_C3.4,de_lu,overall,quantile,mae_median,2017.0088108727468
G1_C3.4,de_lu,overall,quantile,cov50,54.084088335220834
G1_C3.4,de_lu,overall,quantile,cov95,96.92808607021519
G1_C3.4,de_lu,overall,ensemble,wis,1231.0057119447315
G1_C3.4,de_lu,overall,ensemble,lqs,615.5028559723658
G1_C3.4,de_lu,overall,ensemble,mae_median,2017.0088108727468
G1_C3.4,de_lu,overall,ensemble,cov50,54.084088335220834
G1_C3.4,de_lu,overall,ensemble,cov95,96.92808607021519
G1_C3.4,de_lu,overall,ensemble,crps,1494.9844454968863
G1_C3.4,de_lu,overall,ensemble,energy_score,16958.493179728615
G1_C4,de_lu,2024,point,rmse,2769.889363105164
G1_C4,de_lu,2024,point,r2,0.9099638333225777
G1_C4,de_lu,2024,point,mae,1798.1988548157742
G1_C4,de_lu,2024,point,smape,3.4132037085974463
G1_C4,de_lu,2024,quantile,wis,1087.1660906633197
G1_C4,de_lu,2024,quantile,lqs,543.58304533166
G1_C4,de_lu,2024,quantile,mae_median,1773.7900855162798
G1_C4,de_lu,2024,quantile,cov50,47.72313296903461
G1_C4,de_lu,2024,quantile,cov95,94.82866575591984
G1_C4,de_lu,2024,ensemble,wis,1087.1660906633197
G1_C4,de_lu,2024,ensemble,lqs,543.58304533166
G1_C4,de_lu,2024,ensemble,mae_median,1773.7900855162798
G1_C4,de_lu,2024,ensemble,cov50,47.72313296903461
G1_C4,de_lu,2024,ensemble,cov95,94.82866575591984
G1_C4,de_lu,2024,ensemble,crps,1308.8479471944406
G1_C4,de_lu,2024,ensemble,energy_score,14924.926262786108
G1_C4,de_lu,2025,point,rmse,2856.552630178328
G1_C4,de_lu,2025,point,r2,0.904724360977492
G1_C4,de_lu,2025,point,mae,1875.9206895280768
G1_C4,de_lu,2025,point,smape,3.539171231181258
G1_C4,de_lu,2025,quantile,wis,1137.1209636446347
G1_C4,de_lu,2025,quantile,lqs,568.5604818223173
G1_C4,de_lu,2025,quantile,mae_median,1864.2970371147258
G1_C4,de_lu,2025,quantile,cov50,46.666666666666664
G1_C4,de_lu,2025,quantile,cov95,94.0582191780822
G1_C4,de_lu,2025,ensemble,wis,1137.1209636446347
G1_C4,de_lu,2025,ensemble,lqs,568.5604818223173
G1_C4,de_lu,2025,ensemble,mae_median,1864.2970371147258
G1_C4,de_lu,2025,ensemble,cov50,46.666666666666664
G1_C4,de_lu,2025,ensemble,cov95,94.0582191780822
G1_C4,de_lu,2025,ensemble,crps,1371.1575582570408
G1_C4,de_lu,2025,ensemble,energy_score,15623.828784135234
G1_C4,de_lu,2026H1,point,rmse,3459.2912451510665
G1_C4,de_lu,2026H1,point,r2,0.8747899604898677
G1_C4,de_lu,2026H1,point,mae,2230.267095413805
G1_C4,de_lu,2026H1,point,smape,4.139194745866504
G1_C4,de_lu,2026H1,quantile,wis,1357.6096383650631
G1_C4,de_lu,2026H1,quantile,lqs,678.8048191825316
G1_C4,de_lu,2026H1,quantile,mae_median,2208.0490129992463
G1_C4,de_lu,2026H1,quantile,cov50,46.29934210526316
G1_C4,de_lu,2026H1,quantile,cov95,92.69462719298247
G1_C4,de_lu,2026H1,ensemble,wis,1357.6096383650631
G1_C4,de_lu,2026H1,ensemble,lqs,678.8048191825316
G1_C4,de_lu,2026H1,ensemble,mae_median,2208.0490129992463
G1_C4,de_lu,2026H1,ensemble,cov50,46.29934210526316
G1_C4,de_lu,2026H1,ensemble,cov95,92.69462719298247
G1_C4,de_lu,2026H1,ensemble,crps,1631.9893689336768
G1_C4,de_lu,2026H1,ensemble,energy_score,18384.282472182076
G1_C4,de_lu,overall,point,rmse,2934.806116909339
G1_C4,de_lu,overall,point,r2,0.9020669954809085
G1_C4,de_lu,overall,point,mae,1904.7026399130461
G1_C4,de_lu,overall,point,smape,3.5902464984139675
G1_C4,de_lu,overall,quantile,wis,1154.3698821569153
G1_C4,de_lu,overall,quantile,lqs,577.1849410784578
G1_C4,de_lu,overall,quantile,mae_median,1885.9558774877903
G1_C4,de_lu,overall,quantile,cov50,47.04133635334088
G1_C4,de_lu,overall,quantile,cov95,94.1428369195923
G1_C4,de_lu,overall,ensemble,wis,1154.3698821569153
G1_C4,de_lu,overall,ensemble,lqs,577.1849410784578
G1_C4,de_lu,overall,ensemble,mae_median,1885.9558774877903
G1_C4,de_lu,overall,ensemble,cov50,47.04133635334088
G1_C4,de_lu,overall,ensemble,cov95,94.1428369195923
G1_C4,de_lu,overall,ensemble,crps,1390.2301715910578
G1_C4,de_lu,overall,ensemble,energy_score,15809.322145142416
G1_C5,de_lu,2024,point,rmse,2354.485646121288
G1_C5,de_lu,2024,point,r2,0.9349444660456747
G1_C5,de_lu,2024,point,mae,1594.764187182892
G1_C5,de_lu,2024,point,smape,3.020732879809635
G1_C5,de_lu,2024,quantile,wis,951.9650392852687
G1_C5,de_lu,2024,quantile,lqs,475.98251964263443
G1_C5,de_lu,2024,quantile,mae_median,1583.693558562045
G1_C5,de_lu,2024,quantile,cov50,50.9306693989071
G1_C5,de_lu,2024,quantile,cov95,95.82194899817851
G1_C5,de_lu,2024,ensemble,wis,951.9650392852687
G1_C5,de_lu,2024,ensemble,lqs,475.98251964263443
G1_C5,de_lu,2024,ensemble,mae_median,1583.693558562045
G1_C5,de_lu,2024,ensemble,cov50,50.9306693989071
G1_C5,de_lu,2024,ensemble,cov95,95.82194899817851
G1_C5,de_lu,2024,ensemble,crps,1156.4690630017824
G1_C5,de_lu,2024,ensemble,energy_score,13420.75336942254
G1_C5,de_lu,2025,point,rmse,2302.8941118394155
G1_C5,de_lu,2025,point,r2,0.9380779466989283
G1_C5,de_lu,2025,point,mae,1617.5569155130938
G1_C5,de_lu,2025,point,smape,3.0319797431836815
G1_C5,de_lu,2025,quantile,wis,958.2178643787777
G1_C5,de_lu,2025,quantile,lqs,479.1089321893889
G1_C5,de_lu,2025,quantile,mae_median,1611.614450356735
G1_C5,de_lu,2025,quantile,cov50,50.288242009132425
G1_C5,de_lu,2025,quantile,cov95,96.55536529680366
G1_C5,de_lu,2025,ensemble,wis,958.2178643787777
G1_C5,de_lu,2025,ensemble,lqs,479.1089321893889
G1_C5,de_lu,2025,ensemble,mae_median,1611.614450356735
G1_C5,de_lu,2025,ensemble,cov50,50.288242009132425
G1_C5,de_lu,2025,ensemble,cov95,96.55536529680366
G1_C5,de_lu,2025,ensemble,crps,1168.6381776855642
G1_C5,de_lu,2025,ensemble,energy_score,13536.116615238268
G1_C5,de_lu,2026H1,point,rmse,2547.9951324171593
G1_C5,de_lu,2026H1,point,r2,0.9320699264014247
G1_C5,de_lu,2026H1,point,mae,1735.0009706437609
G1_C5,de_lu,2026H1,point,smape,3.17491470633438
G1_C5,de_lu,2026H1,quantile,wis,1036.7699849735882
G1_C5,de_lu,2026H1,quantile,lqs,518.3849924867942
G1_C5,de_lu,2026H1,quantile,mae_median,1737.628560293791
G1_C5,de_lu,2026H1,quantile,cov50,48.807565789473685
G1_C5,de_lu,2026H1,quantile,cov95,95.68941885964912
G1_C5,de_lu,2026H1,ensemble,wis,1036.7699849735882
G1_C5,de_lu,2026H1,ensemble,lqs,518.3849924867942
G1_C5,de_lu,2026H1,ensemble,mae_median,1737.628560293791
G1_C5,de_lu,2026H1,ensemble,cov50,48.807565789473685
G1_C5,de_lu,2026H1,ensemble,cov95,95.68941885964912
G1_C5,de_lu,2026H1,ensemble,crps,1261.642183185746
G1_C5,de_lu,2026H1,ensemble,energy_score,14622.726852736316
G1_C5,de_lu,overall,point,rmse,2368.0339292500753
G1_C5,de_lu,overall,point,r2,0.9362403258698128
G1_C5,de_lu,overall,point,mae,1628.3262901574967
G1_C5,de_lu,overall,point,smape,3.051922848963982
G1_C5,de_lu,overall,quantile,wis,969.1480890063958
G1_C5,de_lu,overall,quantile,lqs,484.5740445031981
G1_C5,de_lu,overall,quantile,mae_median,1621.7334744944203
G1_C5,de_lu,overall,quantile,cov50,50.29964137410343
G1_C5,de_lu,overall,quantile,cov95,96.10230275575688
G1_C5,de_lu,overall,ensemble,wis,969.1480890063958
G1_C5,de_lu,overall,ensemble,lqs,484.5740445031981
G1_C5,de_lu,overall,ensemble,mae_median,1621.7334744944203
G1_C5,de_lu,overall,ensemble,cov50,50.29964137410343
G1_C5,de_lu,overall,ensemble,cov95,96.10230275575688
G1_C5,de_lu,overall,ensemble,crps,1179.6038774157607
G1_C5,de_lu,overall,ensemble,energy_score,13675.348561026658
G1_C6,de_lu,2024,point,rmse,2465.0275251953335
G1_C6,de_lu,2024,point,r2,0.9286924200312053
G1_C6,de_lu,2024,point,mae,1700.546673821499
G1_C6,de_lu,2024,point,smape,3.2270700716036353
G1_C6,de_lu,2024,quantile,wis,1016.6716037813525
G1_C6,de_lu,2024,quantile,lqs,508.33580189067624
G1_C6,de_lu,2024,quantile,mae_median,1685.2382747585384
G1_C6,de_lu,2024,quantile,cov50,53.00261839708561
G1_C6,de_lu,2024,quantile,cov95,96.82377049180327
G1_C6,de_lu,2024,ensemble,wis,1016.6716037813525
G1_C6,de_lu,2024,ensemble,lqs,508.33580189067624
G1_C6,de_lu,2024,ensemble,mae_median,1685.2382747585384
G1_C6,de_lu,2024,ensemble,cov50,53.00261839708561
G1_C6,de_lu,2024,ensemble,cov95,96.82377049180327
G1_C6,de_lu,2024,ensemble,crps,1241.4157401097054
G1_C6,de_lu,2024,ensemble,energy_score,14332.207550187759
G1_C6,de_lu,2025,point,rmse,2390.4674007657027
G1_C6,de_lu,2025,point,r2,0.9332789209702832
G1_C6,de_lu,2025,point,mae,1728.5676815581105
G1_C6,de_lu,2025,point,smape,3.2345684822764627
G1_C6,de_lu,2025,quantile,wis,1029.846837457991
G1_C6,de_lu,2025,quantile,lqs,514.9234187289954
G1_C6,de_lu,2025,quantile,mae_median,1717.3971802659817
G1_C6,de_lu,2025,quantile,cov50,53.016552511415526
G1_C6,de_lu,2025,quantile,cov95,97.71689497716895
G1_C6,de_lu,2025,ensemble,wis,1029.846837457991
G1_C6,de_lu,2025,ensemble,lqs,514.9234187289954
G1_C6,de_lu,2025,ensemble,mae_median,1717.3971802659817
G1_C6,de_lu,2025,ensemble,cov50,53.016552511415526
G1_C6,de_lu,2025,ensemble,cov95,97.71689497716895
G1_C6,de_lu,2025,ensemble,crps,1261.3495859118443
G1_C6,de_lu,2025,ensemble,energy_score,14655.331834143492
G1_C6,de_lu,2026H1,point,rmse,2563.880544426501
G1_C6,de_lu,2026H1,point,r2,0.9312202693550214
G1_C6,de_lu,2026H1,point,mae,1886.9902891293632
G1_C6,de_lu,2026H1,point,smape,3.414874348679018
G1_C6,de_lu,2026H1,quantile,wis,1119.4712036856224
G1_C6,de_lu,2026H1,quantile,lqs,559.7356018428112
G1_C6,de_lu,2026H1,quantile,mae_median,1881.2111806982593
G1_C6,de_lu,2026H1,quantile,cov50,52.13815789473685
G1_C6,de_lu,2026H1,quantile,cov95,96.68996710526315
G1_C6,de_lu,2026H1,ensemble,wis,1119.4712036856224
G1_C6,de_lu,2026H1,ensemble,lqs,559.7356018428112
G1_C6,de_lu,2026H1,ensemble,mae_median,1881.2111806982593
G1_C6,de_lu,2026H1,ensemble,cov50,52.13815789473685
G1_C6,de_lu,2026H1,ensemble,cov95,96.68996710526315
G1_C6,de_lu,2026H1,ensemble,crps,1369.6459268735725
G1_C6,de_lu,2026H1,ensemble,energy_score,15886.00762663175
G1_C6,de_lu,overall,point,rmse,2451.9965641192907
G1_C6,de_lu,overall,point,r2,0.9316387552437403
G1_C6,de_lu,overall,point,mae,1744.224020764487
G1_C6,de_lu,overall,point,smape,3.2624983502118345
G1_C6,de_lu,overall,quantile,wis,1039.8137322948544
G1_C6,de_lu,overall,quantile,lqs,519.9068661474271
G1_C6,de_lu,overall,quantile,mae_median,1732.2664539352704
G1_C6,de_lu,overall,quantile,cov50,52.85956964892412
G1_C6,de_lu,overall,quantile,cov95,97.16992261230654
G1_C6,de_lu,overall,ensemble,wis,1039.8137322948544
G1_C6,de_lu,overall,ensemble,lqs,519.9068661474271
G1_C6,de_lu,overall,ensemble,mae_median,1732.2664539352704
G1_C6,de_lu,overall,ensemble,cov50,52.85956964892412
G1_C6,de_lu,overall,ensemble,cov95,97.16992261230654
G1_C6,de_lu,overall,ensemble,crps,1271.7292645784353
G1_C6,de_lu,overall,ensemble,energy_score,14733.247159772503
G2_C1,50hertz,2024,point,rmse,832.107518076732
G2_C1,50hertz,2024,point,r2,0.8009714029823325
G2_C1,50hertz,2024,point,mae,638.5901615355842
G2_C1,50hertz,2024,point,smape,5.587262633985815
G2_C1,50hertz,2024,quantile,wis,375.0787486908015
G2_C1,50hertz,2024,quantile,lqs,187.53937434540072
G2_C1,50hertz,2024,quantile,mae_median,638.2458284949909
G2_C1,50hertz,2024,quantile,cov50,44.91689435336976
G2_C1,50hertz,2024,quantile,cov95,94.37044626593807
G2_C1,50hertz,2024,ensemble,wis,375.0787486908015
G2_C1,50hertz,2024,ensemble,lqs,187.53937434540072
G2_C1,50hertz,2024,ensemble,mae_median,638.2458284949909
G2_C1,50hertz,2024,ensemble,cov50,44.91689435336976
G2_C1,50hertz,2024,ensemble,cov95,94.37044626593807
G2_C1,50hertz,2024,ensemble,crps,458.2387661013479
G2_C1,50hertz,2024,ensemble,energy_score,5305.136962072704
G2_C1,50hertz,2025,point,rmse,920.2768502951764
G2_C1,50hertz,2025,point,r2,0.7612294547634553
G2_C1,50hertz,2025,point,mae,727.7309330234833
G2_C1,50hertz,2025,point,smape,6.324519217930883
G2_C1,50hertz,2025,quantile,wis,422.1295476826484
G2_C1,50hertz,2025,quantile,lqs,211.0647738413242
G2_C1,50hertz,2025,quantile,mae_median,724.7357901826484
G2_C1,50hertz,2025,quantile,cov50,45.00570776255708
G2_C1,50hertz,2025,quantile,cov95,95.04566210045662
G2_C1,50hertz,2025,ensemble,wis,422.1295476826484
G2_C1,50hertz,2025,ensemble,lqs,211.0647738413242
G2_C1,50hertz,2025,ensemble,mae_median,724.7357901826484
G2_C1,50hertz,2025,ensemble,cov50,45.00570776255708
G2_C1,50hertz,2025,ensemble,cov95,95.04566210045662
G2_C1,50hertz,2025,ensemble,crps,517.0063153506457
G2_C1,50hertz,2025,ensemble,energy_score,5951.033822721153
G2_C1,50hertz,2026H1,point,rmse,982.36699063714
G2_C1,50hertz,2026H1,point,r2,0.7923653577911406
G2_C1,50hertz,2026H1,point,mae,702.4863358918128
G2_C1,50hertz,2026H1,point,smape,5.794196236530389
G2_C1,50hertz,2026H1,quantile,wis,425.26860737390354
G2_C1,50hertz,2026H1,quantile,lqs,212.63430368695177
G2_C1,50hertz,2026H1,quantile,mae_median,700.6991995614035
G2_C1,50hertz,2026H1,quantile,cov50,53.426535087719294
G2_C1,50hertz,2026H1,quantile,cov95,93.88020833333334
G2_C1,50hertz,2026H1,ensemble,wis,425.26860737390354
G2_C1,50hertz,2026H1,ensemble,lqs,212.63430368695177
G2_C1,50hertz,2026H1,ensemble,mae_median,700.6991995614035
G2_C1,50hertz,2026H1,ensemble,cov50,53.426535087719294
G2_C1,50hertz,2026H1,ensemble,cov95,93.88020833333334
G2_C1,50hertz,2026H1,ensemble,crps,519.4651317240895
G2_C1,50hertz,2026H1,ensemble,energy_score,5898.6508574349145
G2_C1,amprion,2024,point,rmse,1144.616524683177
G2_C1,amprion,2024,point,r2,0.8799568309121019
G2_C1,amprion,2024,point,mae,762.7974890636493
G2_C1,amprion,2024,point,smape,4.137482767444206
G2_C1,amprion,2024,quantile,wis,468.6542634510701
G2_C1,amprion,2024,quantile,lqs,234.32713172553508
G2_C1,amprion,2024,quantile,mae_median,757.7072648696494
G2_C1,amprion,2024,quantile,cov50,49.647085610200364
G2_C1,amprion,2024,quantile,cov95,94.43021402550092
G2_C1,amprion,2024,ensemble,wis,468.6542634510701
G2_C1,amprion,2024,ensemble,lqs,234.32713172553508
G2_C1,amprion,2024,ensemble,mae_median,757.7072648696494
G2_C1,amprion,2024,ensemble,cov50,49.647085610200364
G2_C1,amprion,2024,ensemble,cov95,94.43021402550092
G2_C1,amprion,2024,ensemble,crps,564.7781385318195
G2_C1,amprion,2024,ensemble,energy_score,6591.063916337478
G2_C1,amprion,2025,point,rmse,990.855663981604
G2_C1,amprion,2025,point,r2,0.9069409353615104
G2_C1,amprion,2025,point,mae,692.4977122048814
G2_C1,amprion,2025,point,smape,3.6077312949071216
G2_C1,amprion,2025,quantile,wis,414.4673934296804
G2_C1,amprion,2025,quantile,lqs,207.2336967148402
G2_C1,amprion,2025,quantile,mae_median,683.3617696552512
G2_C1,amprion,2025,quantile,cov50,49.648972602739725
G2_C1,amprion,2025,quantile,cov95,95.46232876712328
G2_C1,amprion,2025,ensemble,wis,414.4673934296804
G2_C1,amprion,2025,ensemble,lqs,207.2336967148402
G2_C1,amprion,2025,ensemble,mae_median,683.3617696552512
G2_C1,amprion,2025,ensemble,cov50,49.648972602739725
G2_C1,amprion,2025,ensemble,cov95,95.46232876712328
G2_C1,amprion,2025,ensemble,crps,503.1193479116954
G2_C1,amprion,2025,ensemble,energy_score,5993.894961183115
G2_C1,amprion,2026H1,point,rmse,1215.026566588941
G2_C1,amprion,2026H1,point,r2,0.874267210978278
G2_C1,amprion,2026H1,point,mae,849.2047256515964
G2_C1,amprion,2026H1,point,smape,4.287113374185971
G2_C1,amprion,2026H1,quantile,wis,515.3562797441064
G2_C1,amprion,2026H1,quantile,lqs,257.67813987205324
G2_C1,amprion,2026H1,quantile,mae_median,849.2667658422423
G2_C1,amprion,2026H1,quantile,cov50,48.48547149122807
G2_C1,amprion,2026H1,quantile,cov95,94.09265350877193
G2_C1,amprion,2026H1,ensemble,wis,515.3562797441064
G2_C1,amprion,2026H1,ensemble,lqs,257.67813987205324
G2_C1,amprion,2026H1,ensemble,mae_median,849.2667658422423
G2_C1,amprion,2026H1,ensemble,cov50,48.48547149122807
G2_C1,amprion,2026H1,ensemble,cov95,94.09265350877193
G2_C1,amprion,2026H1,ensemble,crps,626.6193816902111
G2_C1,amprion,2026H1,ensemble,energy_score,7287.229251424028
G2_C1,de_lu,2024,point,rmse,2740.6835861408995
G2_C1,de_lu,2024,point,r2,0.9118525102362824
G2_C1,de_lu,2024,point,mae,1755.7962306724944
G2_C1,de_lu,2024,point,smape,3.3390850859555963
G2_C1,de_lu,2024,quantile,wis,1086.6220612366633
G2_C1,de_lu,2024,quantile,lqs,543.3110306183318
G2_C1,de_lu,2024,quantile,mae_median,1741.3305564611796
G2_C1,de_lu,2024,quantile,cov50,59.989754098360656
G2_C1,de_lu,2024,quantile,cov95,97.57513661202186
G2_C1,de_lu,2024,ensemble,wis,1086.6220612366633
G2_C1,de_lu,2024,ensemble,lqs,543.3110306183318
G2_C1,de_lu,2024,ensemble,mae_median,1741.3305564611796
G2_C1,de_lu,2024,ensemble,cov50,59.989754098360656
G2_C1,de_lu,2024,ensemble,cov95,97.57513661202186
G2_C1,de_lu,2024,ensemble,crps,1320.0933790601657
G2_C1,de_lu,2024,ensemble,energy_score,15024.955444039011
G2_C1,de_lu,2025,point,rmse,2639.071251770562
G2_C1,de_lu,2025,point,r2,0.9186795746094925
G2_C1,de_lu,2025,point,mae,1798.2852146771856
G2_C1,de_lu,2025,point,smape,3.3703996107872976
G2_C1,de_lu,2025,quantile,wis,1091.073494996233
G2_C1,de_lu,2025,quantile,lqs,545.5367474981165
G2_C1,de_lu,2025,quantile,mae_median,1772.1318882368719
G2_C1,de_lu,2025,quantile,cov50,59.62328767123287
G2_C1,de_lu,2025,quantile,cov95,97.95091324200914
G2_C1,de_lu,2025,ensemble,wis,1091.073494996233
G2_C1,de_lu,2025,ensemble,lqs,545.5367474981165
G2_C1,de_lu,2025,ensemble,mae_median,1772.1318882368719
G2_C1,de_lu,2025,ensemble,cov50,59.62328767123287
G2_C1,de_lu,2025,ensemble,cov95,97.95091324200914
G2_C1,de_lu,2025,ensemble,crps,1331.4197358768624
G2_C1,de_lu,2025,ensemble,energy_score,15303.63680229004
G2_C1,de_lu,2026H1,point,rmse,3306.5970473070797
G2_C1,de_lu,2026H1,point,r2,0.8855996259883633
G2_C1,de_lu,2026H1,point,mae,2156.2703975708705
G2_C1,de_lu,2026H1,point,smape,3.938296962868737
G2_C1,de_lu,2026H1,quantile,wis,1342.5500929746438
G2_C1,de_lu,2026H1,quantile,lqs,671.2750464873218
G2_C1,de_lu,2026H1,quantile,mae_median,2139.5305003827434
G2_C1,de_lu,2026H1,quantile,cov50,61.492598684210535
G2_C1,de_lu,2026H1,quantile,cov95,96.43640350877193
G2_C1,de_lu,2026H1,ensemble,wis,1342.5500929746438
G2_C1,de_lu,2026H1,ensemble,lqs,671.2750464873218
G2_C1,de_lu,2026H1,ensemble,mae_median,2139.5305003827434
G2_C1,de_lu,2026H1,ensemble,cov50,61.492598684210535
G2_C1,de_lu,2026H1,ensemble,cov95,96.43640350877193
G2_C1,de_lu,2026H1,ensemble,crps,1638.6526073907469
G2_C1,de_lu,2026H1,ensemble,energy_score,18535.436998087596
G2_C1,lu,2024,point,rmse,28.106559208556273
G2_C1,lu,2024,point,r2,0.9182095317304285
G2_C1,lu,2024,point,mae,17.67253053305794
G2_C1,lu,2024,point,smape,3.1972240448822005
G2_C1,lu,2024,quantile,wis,10.850483373890027
G2_C1,lu,2024,quantile,lqs,5.425241686945014
G2_C1,lu,2024,quantile,mae_median,17.28962073087432
G2_C1,lu,2024,quantile,cov50,47.83128415300546
G2_C1,lu,2024,quantile,cov95,94.27652550091075
G2_C1,lu,2024,ensemble,wis,10.850483373890027
G2_C1,lu,2024,ensemble,lqs,5.425241686945014
G2_C1,lu,2024,ensemble,mae_median,17.28962073087432
G2_C1,lu,2024,ensemble,cov50,47.83128415300546
G2_C1,lu,2024,ensemble,cov95,94.27652550091075
G2_C1,lu,2024,ensemble,crps,12.990931878887713
G2_C1,lu,2024,ensemble,energy_score,149.57905602530911
G2_C1,lu,2025,point,rmse,28.02747686703455
G2_C1,lu,2025,point,r2,0.9193142407176309
G2_C1,lu,2025,point,mae,18.680838659219393
G2_C1,lu,2025,point,smape,3.4153135331963984
G2_C1,lu,2025,quantile,wis,11.325398344748859
G2_C1,lu,2025,quantile,lqs,5.662699172374429
G2_C1,lu,2025,quantile,mae_median,18.42056795091324
G2_C1,lu,2025,quantile,cov50,48.87271689497717
G2_C1,lu,2025,quantile,cov95,95.23687214611873
G2_C1,lu,2025,ensemble,wis,11.325398344748859
G2_C1,lu,2025,ensemble,lqs,5.662699172374429
G2_C1,lu,2025,ensemble,mae_median,18.42056795091324
G2_C1,lu,2025,ensemble,cov50,48.87271689497717
G2_C1,lu,2025,ensemble,cov95,95.23687214611873
G2_C1,lu,2025,ensemble,crps,13.696899503321115
G2_C1,lu,2025,ensemble,energy_score,158.84746185154415
G2_C1,lu,2026H1,point,rmse,42.57329989249571
G2_C1,lu,2026H1,point,r2,0.8180218041805769
G2_C1,lu,2026H1,point,mae,25.377994181883746
G2_C1,lu,2026H1,point,smape,4.76052393848121
G2_C1,lu,2026H1,quantile,wis,15.385205651452848
G2_C1,lu,2026H1,quantile,lqs,7.692602825726425
G2_C1,lu,2026H1,quantile,mae_median,24.603057222108003
G2_C1,lu,2026H1,quantile,cov50,51.08963815789473
G2_C1,lu,2026H1,quantile,cov95,93.89391447368422
G2_C1,lu,2026H1,ensemble,wis,15.385205651452848
G2_C1,lu,2026H1,ensemble,lqs,7.692602825726425
G2_C1,lu,2026H1,ensemble,mae_median,24.603057222108003
G2_C1,lu,2026H1,ensemble,cov50,51.08963815789473
G2_C1,lu,2026H1,ensemble,cov95,93.89391447368422
G2_C1,lu,2026H1,ensemble,crps,18.62927336841002
G2_C1,lu,2026H1,ensemble,energy_score,214.82877999621235
G2_C1,tennet,2024,point,rmse,802.8282763763439
G2_C1,tennet,2024,point,r2,0.917855121515172
G2_C1,tennet,2024,point,mae,521.6911735894266
G2_C1,tennet,2024,point,smape,3.3240359621095137
G2_C1,tennet,2024,quantile,wis,316.1171942167578
G2_C1,tennet,2024,quantile,lqs,158.0585971083789
G2_C1,tennet,2024,quantile,mae_median,515.5368152322404
G2_C1,tennet,2024,quantile,cov50,47.54382969034609
G2_C1,tennet,2024,quantile,cov95,94.95389344262296
G2_C1,tennet,2024,ensemble,wis,316.1171942167578
G2_C1,tennet,2024,ensemble,lqs,158.0585971083789
G2_C1,tennet,2024,ensemble,mae_median,515.5368152322404
G2_C1,tennet,2024,ensemble,cov50,47.54382969034609
G2_C1,tennet,2024,ensemble,cov95,94.95389344262296
G2_C1,tennet,2024,ensemble,crps,381.1405621125196
G2_C1,tennet,2024,ensemble,energy_score,4432.011005988464
G2_C1,tennet,2025,point,rmse,809.3898237179511
G2_C1,tennet,2025,point,r2,0.9192766529521174
G2_C1,tennet,2025,point,mae,547.4008505585454
G2_C1,tennet,2025,point,smape,3.484605859341029
G2_C1,tennet,2025,quantile,wis,329.3440762614155
G2_C1,tennet,2025,quantile,lqs,164.67203813070776
G2_C1,tennet,2025,quantile,mae_median,538.9829794805936
G2_C1,tennet,2025,quantile,cov50,48.35616438356165
G2_C1,tennet,2025,quantile,cov95,94.97431506849315
G2_C1,tennet,2025,ensemble,wis,329.3440762614155
G2_C1,tennet,2025,ensemble,lqs,164.67203813070776
G2_C1,tennet,2025,ensemble,mae_median,538.9829794805936
G2_C1,tennet,2025,ensemble,cov50,48.35616438356165
G2_C1,tennet,2025,ensemble,cov95,94.97431506849315
G2_C1,tennet,2025,ensemble,crps,398.55866074593075
G2_C1,tennet,2025,ensemble,energy_score,4663.702629988209
G2_C1,tennet,2026H1,point,rmse,1144.3168704125324
G2_C1,tennet,2026H1,point,r2,0.8595102436595573
G2_C1,tennet,2026H1,point,mae,765.110689830044
G2_C1,tennet,2026H1,point,smape,4.976162404891328
G2_C1,tennet,2026H1,quantile,wis,475.6516174342105
G2_C1,tennet,2026H1,quantile,lqs,237.82580871710525
G2_C1,tennet,2026H1,quantile,mae_median,755.7602309484648
G2_C1,tennet,2026H1,quantile,cov50,51.44599780701754
G2_C1,tennet,2026H1,quantile,cov95,92.6672149122807
G2_C1,tennet,2026H1,ensemble,wis,475.6516174342105
G2_C1,tennet,2026H1,ensemble,lqs,237.82580871710525
G2_C1,tennet,2026H1,ensemble,mae_median,755.7602309484648
G2_C1,tennet,2026H1,ensemble,cov50,51.44599780701754
G2_C1,tennet,2026H1,ensemble,cov95,92.6672149122807
G2_C1,tennet,2026H1,ensemble,crps,574.194773971449
G2_C1,tennet,2026H1,ensemble,energy_score,6690.252628241324
G2_C1,transnetbw,2024,point,rmse,431.6240239582119
G2_C1,transnetbw,2024,point,r2,0.9007417875094406
G2_C1,transnetbw,2024,point,mae,265.2559947469425
G2_C1,transnetbw,2024,point,smape,4.1843212359464825
G2_C1,transnetbw,2024,quantile,wis,161.0662756147541
G2_C1,transnetbw,2024,quantile,lqs,80.53313780737705
G2_C1,transnetbw,2024,quantile,mae_median,260.2483959471767
G2_C1,transnetbw,2024,quantile,cov50,49.82354280510018
G2_C1,transnetbw,2024,quantile,cov95,95.66256830601093
G2_C1,transnetbw,2024,ensemble,wis,161.0662756147541
G2_C1,transnetbw,2024,ensemble,lqs,80.53313780737705
G2_C1,transnetbw,2024,ensemble,mae_median,260.2483959471767
G2_C1,transnetbw,2024,ensemble,cov50,49.82354280510018
G2_C1,transnetbw,2024,ensemble,cov95,95.66256830601093
G2_C1,transnetbw,2024,ensemble,crps,193.91918012005956
G2_C1,transnetbw,2024,ensemble,energy_score,2268.480416408376
G2_C1,transnetbw,2025,point,rmse,437.64405546321433
G2_C1,transnetbw,2025,point,r2,0.8991099500171351
G2_C1,transnetbw,2025,point,mae,276.4633688066699
G2_C1,transnetbw,2025,point,smape,4.338688968667404
G2_C1,transnetbw,2025,quantile,wis,168.7778841375571
G2_C1,transnetbw,2025,quantile,lqs,84.38894206877853
G2_C1,transnetbw,2025,quantile,mae_median,274.3872058989726
G2_C1,transnetbw,2025,quantile,cov50,49.012557077625566
G2_C1,transnetbw,2025,quantile,cov95,95.29965753424658
G2_C1,transnetbw,2025,ensemble,wis,168.7778841375571
G2_C1,transnetbw,2025,ensemble,lqs,84.38894206877853
G2_C1,transnetbw,2025,ensemble,mae_median,274.3872058989726
G2_C1,transnetbw,2025,ensemble,cov50,49.012557077625566
G2_C1,transnetbw,2025,ensemble,cov95,95.29965753424658
G2_C1,transnetbw,2025,ensemble,crps,203.32635002045603
G2_C1,transnetbw,2025,ensemble,energy_score,2407.947089406735
G2_C1,transnetbw,2026H1,point,rmse,558.9834842132163
G2_C1,transnetbw,2026H1,point,r2,0.8289725503201015
G2_C1,transnetbw,2026H1,point,mae,346.84262848527567
G2_C1,transnetbw,2026H1,point,smape,5.070767427389758
G2_C1,transnetbw,2026H1,quantile,wis,213.1000163377193
G2_C1,transnetbw,2026H1,quantile,lqs,106.55000816885965
G2_C1,transnetbw,2026H1,quantile,mae_median,343.0690819627193
G2_C1,transnetbw,2026H1,quantile,cov50,51.64473684210527
G2_C1,transnetbw,2026H1,quantile,cov95,93.14692982456141
G2_C1,transnetbw,2026H1,ensemble,wis,213.1000163377193
G2_C1,transnetbw,2026H1,ensemble,lqs,106.55000816885965
G2_C1,transnetbw,2026H1,ensemble,mae_median,343.0690819627193
G2_C1,transnetbw,2026H1,ensemble,cov50,51.64473684210527
G2_C1,transnetbw,2026H1,ensemble,cov95,93.14692982456141
G2_C1,transnetbw,2026H1,ensemble,crps,257.85828312845604
G2_C1,transnetbw,2026H1,ensemble,energy_score,3004.960003391996
G2_C1,50hertz,overall,point,rmse,896.2159378496725
G2_C1,50hertz,overall,point,r2,0.7867651892360265
G2_C1,50hertz,overall,point,mae,686.4368207600801
G2_C1,50hertz,overall,point,smape,5.927639259950396
G2_C1,50hertz,overall,quantile,wis,403.167537084749
G2_C1,50hertz,overall,quantile,lqs,201.58376854237451
G2_C1,50hertz,overall,quantile,mae_median,684.7483748348434
G2_C1,50hertz,overall,quantile,cov50,46.41845979614949
G2_C1,50hertz,overall,quantile,cov95,94.56516610041525
G2_C1,50hertz,overall,ensemble,wis,403.167537084749
G2_C1,50hertz,overall,ensemble,lqs,201.58376854237451
G2_C1,50hertz,overall,ensemble,mae_median,684.7483748348434
G2_C1,50hertz,overall,ensemble,cov50,46.41845979614949
G2_C1,50hertz,overall,ensemble,cov95,94.56516610041525
G2_C1,50hertz,overall,ensemble,crps,493.07066083594634
G2_C1,50hertz,overall,ensemble,energy_score,5674.294907975015
G2_C1,amprion,overall,point,rmse,1096.8218094666502
G2_C1,amprion,overall,point,r2,0.8916500120610121
G2_C1,amprion,overall,point,mae,748.6123037951529
G2_C1,amprion,overall,point,smape,3.9442603039659643
G2_C1,amprion,overall,quantile,wis,454.29469257760945
G2_C1,amprion,overall,quantile,lqs,227.14734628880478
G2_C1,amprion,overall,quantile,mae_median,742.7366401749481
G2_C1,amprion,overall,quantile,cov50,49.447904869762176
G2_C1,amprion,overall,quantile,cov95,94.79874480936202
G2_C1,amprion,overall,ensemble,wis,454.29469257760945
G2_C1,amprion,overall,ensemble,lqs,227.14734628880478
G2_C1,amprion,overall,ensemble,mae_median,742.7366401749481
G2_C1,amprion,overall,ensemble,cov50,49.447904869762176
G2_C1,amprion,overall,ensemble,cov95,94.79874480936202
G2_C1,amprion,overall,ensemble,crps,549.9360211861006
G2_C1,amprion,overall,ensemble,energy_score,6464.054247370108
G2_C1,de_lu,overall,point,rmse,2806.1516371411394
G2_C1,de_lu,overall,point,r2,0.9104650658904213
G2_C1,de_lu,overall,point,mae,1842.2974226659999
G2_C1,de_lu,overall,point,smape,3.4551779589503506
G2_C1,de_lu,overall,quantile,wis,1132.5176831465342
G2_C1,de_lu,overall,quantile,lqs,566.2588415732671
G2_C1,de_lu,overall,quantile,mae_median,1822.60901351011
G2_C1,de_lu,overall,quantile,cov50,60.096970554926386
G2_C1,de_lu,overall,quantile,cov95,97.53444696111741
G2_C1,de_lu,overall,ensemble,wis,1132.5176831465342
G2_C1,de_lu,overall,ensemble,lqs,566.2588415732671
G2_C1,de_lu,overall,ensemble,mae_median,1822.60901351011
G2_C1,de_lu,overall,ensemble,cov50,60.096970554926386
G2_C1,de_lu,overall,ensemble,cov95,97.53444696111741
G2_C1,de_lu,overall,ensemble,crps,1379.6122045916975
G2_C1,de_lu,overall,ensemble,energy_score,15744.447960434269
G2_C1,lu,overall,point,rmse,31.050901611190557
G2_C1,lu,overall,point,r2,0.9012056334384022
G2_C1,lu,overall,point,mae,19.415750171416327
G2_C1,lu,overall,point,smape,3.5564814028230063
G2_C1,lu,overall,quantile,wis,11.827404948695262
G2_C1,lu,overall,quantile,lqs,5.913702474347632
G2_C1,lu,overall,quantile,mae_median,19.016051174794736
G2_C1,lu,overall,quantile,cov50,48.82266893167233
G2_C1,lu,overall,quantile,cov95,94.60763495658739
G2_C1,lu,overall,ensemble,wis,11.827404948695262
G2_C1,lu,overall,ensemble,lqs,5.913702474347632
G2_C1,lu,overall,ensemble,mae_median,19.016051174794736
G2_C1,lu,overall,ensemble,cov50,48.82266893167233
G2_C1,lu,overall,ensemble,cov95,94.60763495658739
G2_C1,lu,overall,ensemble,crps,14.25333968106844
G2_C1,lu,overall,ensemble,energy_score,164.64239257134884
G2_C1,tennet,overall,point,rmse,873.7087817523384
G2_C1,tennet,overall,point,r2,0.9070971636084775
G2_C1,tennet,overall,point,mae,574.2209567856918
G2_C1,tennet,overall,point,smape,3.67480745904308
G2_C1,tennet,overall,quantile,wis,349.04702918318236
G2_C1,tennet,overall,quantile,lqs,174.52351459159118
G2_C1,tennet,overall,quantile,mae_median,566.5807666926198
G2_C1,tennet,overall,quantile,cov50,48.551340128350326
G2_C1,tennet,overall,quantile,cov95,94.56870517176293
G2_C1,tennet,overall,ensemble,wis,349.04702918318236
G2_C1,tennet,overall,ensemble,lqs,174.52351459159118
G2_C1,tennet,overall,ensemble,mae_median,566.5807666926198
G2_C1,tennet,overall,ensemble,cov50,48.551340128350326
G2_C1,tennet,overall,ensemble,cov95,94.56870517176293
G2_C1,tennet,overall,ensemble,crps,421.5730040193739
G2_C1,tennet,overall,ensemble,energy_score,4916.518559037549
G2_C1,transnetbw,overall,point,rmse,458.4541767838689
G2_C1,transnetbw,overall,point,r2,0.8900121541451084
G2_C1,transnetbw,overall,point,mae,283.9330727311182
G2_C1,transnetbw,overall,point,smape,4.400724456266431
G2_C1,transnetbw,overall,quantile,wis,173.21108388283315
G2_C1,transnetbw,overall,quantile,lqs,86.60554194141659
G2_C1,transnetbw,overall,quantile,mae_median,280.34965291973384
G2_C1,transnetbw,overall,quantile,cov50,49.801812004530014
G2_C1,transnetbw,overall,quantile,cov95,95.07951113627784
G2_C1,transnetbw,overall,ensemble,wis,173.21108388283315
G2_C1,transnetbw,overall,ensemble,lqs,86.60554194141659
G2_C1,transnetbw,overall,ensemble,mae_median,280.34965291973384
G2_C1,transnetbw,overall,ensemble,cov50,49.801812004530014
G2_C1,transnetbw,overall,ensemble,cov95,95.07951113627784
G2_C1,transnetbw,overall,ensemble,crps,208.81426581759183
G2_C1,transnetbw,overall,ensemble,energy_score,2452.9087661998947
G2_C2.1,50hertz,2024,point,rmse,867.5231979837762
G2_C2.1,50hertz,2024,point,r2,0.7836689871706556
G2_C2.1,50hertz,2024,point,mae,671.8487083794128
G2_C2.1,50hertz,2024,point,smape,5.868273147736494
G2_C2.1,50hertz,2024,quantile,wis,392.05692719717666
G2_C2.1,50hertz,2024,quantile,lqs,196.02846359858833
G2_C2.1,50hertz,2024,quantile,mae_median,670.2279431352458
G2_C2.1,50hertz,2024,quantile,cov50,46.13217213114754
G2_C2.1,50hertz,2024,quantile,cov95,95.17019581056466
G2_C2.1,50hertz,2024,ensemble,wis,392.05692719717666
G2_C2.1,50hertz,2024,ensemble,lqs,196.02846359858833
G2_C2.1,50hertz,2024,ensemble,mae_median,670.2279431352458
G2_C2.1,50hertz,2024,ensemble,cov50,46.13217213114754
G2_C2.1,50hertz,2024,ensemble,cov95,95.17019581056466
G2_C2.1,50hertz,2024,ensemble,crps,479.38630337149283
G2_C2.1,50hertz,2024,ensemble,energy_score,5519.536340580963
G2_C2.1,50hertz,2025,point,rmse,970.4303119187067
G2_C2.1,50hertz,2025,point,r2,0.7344951472449136
G2_C2.1,50hertz,2025,point,mae,756.0452391498152
G2_C2.1,50hertz,2025,point,smape,6.569155525545548
G2_C2.1,50hertz,2025,quantile,wis,440.3862369863014
G2_C2.1,50hertz,2025,quantile,lqs,220.19311849315068
G2_C2.1,50hertz,2025,quantile,mae_median,754.7491125570776
G2_C2.1,50hertz,2025,quantile,cov50,47.42579908675799
G2_C2.1,50hertz,2025,quantile,cov95,96.03310502283105
G2_C2.1,50hertz,2025,ensemble,wis,440.3862369863014
G2_C2.1,50hertz,2025,ensemble,lqs,220.19311849315068
G2_C2.1,50hertz,2025,ensemble,mae_median,754.7491125570776
G2_C2.1,50hertz,2025,ensemble,cov50,47.42579908675799
G2_C2.1,50hertz,2025,ensemble,cov95,96.03310502283105
G2_C2.1,50hertz,2025,ensemble,crps,540.3327460419707
G2_C2.1,50hertz,2025,ensemble,energy_score,6169.344813094857
G2_C2.1,50hertz,2026H1,point,rmse,1026.272395318614
G2_C2.1,50hertz,2026H1,point,r2,0.7733907743391898
G2_C2.1,50hertz,2026H1,point,mae,761.957015259503
G2_C2.1,50hertz,2026H1,point,smape,6.345840793358735
G2_C2.1,50hertz,2026H1,quantile,wis,454.2694591008772
G2_C2.1,50hertz,2026H1,quantile,lqs,227.13472955043864
G2_C2.1,50hertz,2026H1,quantile,mae_median,759.6341148574562
G2_C2.1,50hertz,2026H1,quantile,cov50,50.19873903508771
G2_C2.1,50hertz,2026H1,quantile,cov95,93.61979166666666
G2_C2.1,50hertz,2026H1,ensemble,wis,454.2694591008772
G2_C2.1,50hertz,2026H1,ensemble,lqs,227.13472955043864
G2_C2.1,50hertz,2026H1,ensemble,mae_median,759.6341148574562
G2_C2.1,50hertz,2026H1,ensemble,cov50,50.19873903508771
G2_C2.1,50hertz,2026H1,ensemble,cov95,93.61979166666666
G2_C2.1,50hertz,2026H1,ensemble,crps,556.2425371414648
G2_C2.1,50hertz,2026H1,ensemble,energy_score,6270.607183383545
G2_C2.1,amprion,2024,point,rmse,1220.4137688889336
G2_C2.1,amprion,2024,point,r2,0.8635317486547907
G2_C2.1,amprion,2024,point,mae,826.9411979270047
G2_C2.1,amprion,2024,point,smape,4.482332218451148
G2_C2.1,amprion,2024,quantile,wis,502.4815618451958
G2_C2.1,amprion,2024,quantile,lqs,251.24078092259793
G2_C2.1,amprion,2024,quantile,mae_median,816.298009228939
G2_C2.1,amprion,2024,quantile,cov50,51.38035063752277
G2_C2.1,amprion,2024,quantile,cov95,94.67782331511839
G2_C2.1,amprion,2024,ensemble,wis,502.4815618451958
G2_C2.1,amprion,2024,ensemble,lqs,251.24078092259793
G2_C2.1,amprion,2024,ensemble,mae_median,816.298009228939
G2_C2.1,amprion,2024,ensemble,cov50,51.38035063752277
G2_C2.1,amprion,2024,ensemble,cov95,94.67782331511839
G2_C2.1,amprion,2024,ensemble,crps,606.7836722025362
G2_C2.1,amprion,2024,ensemble,energy_score,7020.832187586566
G2_C2.1,amprion,2025,point,rmse,1069.5497604141742
G2_C2.1,amprion,2025,point,r2,0.8915723912417873
G2_C2.1,amprion,2025,point,mae,739.2750687068656
G2_C2.1,amprion,2025,point,smape,3.883634790091227
G2_C2.1,amprion,2025,quantile,wis,442.3263124200913
G2_C2.1,amprion,2025,quantile,lqs,221.16315621004568
G2_C2.1,amprion,2025,quantile,mae_median,735.053008
G2_C2.1,amprion,2025,quantile,cov50,51.49828767123288
G2_C2.1,amprion,2025,quantile,cov95,96.03025114155251
G2_C2.1,amprion,2025,ensemble,wis,442.3263124200913
G2_C2.1,amprion,2025,ensemble,lqs,221.16315621004568
G2_C2.1,amprion,2025,ensemble,mae_median,735.053008
G2_C2.1,amprion,2025,ensemble,cov50,51.49828767123288
G2_C2.1,amprion,2025,ensemble,cov95,96.03025114155251
G2_C2.1,amprion,2025,ensemble,crps,538.0437597355972
G2_C2.1,amprion,2025,ensemble,energy_score,6313.379773576864
G2_C2.1,amprion,2026H1,point,rmse,1301.9384235828054
G2_C2.1,amprion,2026H1,point,r2,0.8556363379734684
G2_C2.1,amprion,2026H1,point,mae,900.7201490755209
G2_C2.1,amprion,2026H1,point,smape,4.578547660723934
G2_C2.1,amprion,2026H1,quantile,wis,545.811188361705
G2_C2.1,amprion,2026H1,quantile,lqs,272.9055941808525
G2_C2.1,amprion,2026H1,quantile,mae_median,897.4153078063322
G2_C2.1,amprion,2026H1,quantile,cov50,49.73273026315789
G2_C2.1,amprion,2026H1,quantile,cov95,94.60663377192982
G2_C2.1,amprion,2026H1,ensemble,wis,545.811188361705
G2_C2.1,amprion,2026H1,ensemble,lqs,272.9055941808525
G2_C2.1,amprion,2026H1,ensemble,mae_median,897.4153078063322
G2_C2.1,amprion,2026H1,ensemble,cov50,49.73273026315789
G2_C2.1,amprion,2026H1,ensemble,cov95,94.60663377192982
G2_C2.1,amprion,2026H1,ensemble,crps,662.4389496213734
G2_C2.1,amprion,2026H1,ensemble,energy_score,7662.8545570823835
G2_C2.1,de_lu,2024,point,rmse,2862.344988994255
G2_C2.1,de_lu,2024,point,r2,0.9038529187646485
G2_C2.1,de_lu,2024,point,mae,1849.4922526140654
G2_C2.1,de_lu,2024,point,smape,3.5146160148342687
G2_C2.1,de_lu,2024,quantile,wis,1138.5140895160007
G2_C2.1,de_lu,2024,quantile,lqs,569.2570447580003
G2_C2.1,de_lu,2024,quantile,mae_median,1824.5248816519809
G2_C2.1,de_lu,2024,quantile,cov50,61.57786885245902
G2_C2.1,de_lu,2024,quantile,cov95,97.92805100182149
G2_C2.1,de_lu,2024,ensemble,wis,1138.5140895160007
G2_C2.1,de_lu,2024,ensemble,lqs,569.2570447580003
G2_C2.1,de_lu,2024,ensemble,mae_median,1824.5248816519809
G2_C2.1,de_lu,2024,ensemble,cov50,61.57786885245902
G2_C2.1,de_lu,2024,ensemble,cov95,97.92805100182149
G2_C2.1,de_lu,2024,ensemble,crps,1385.9839768829443
G2_C2.1,de_lu,2024,ensemble,energy_score,15613.903037268801
G2_C2.1,de_lu,2025,point,rmse,2766.5795455895823
G2_C2.1,de_lu,2025,point,r2,0.9106316512540722
G2_C2.1,de_lu,2025,point,mae,1840.1526753502665
G2_C2.1,de_lu,2025,point,smape,3.4781305013510524
G2_C2.1,de_lu,2025,quantile,wis,1123.4424842213043
G2_C2.1,de_lu,2025,quantile,lqs,561.7212421106522
G2_C2.1,de_lu,2025,quantile,mae_median,1821.2523038230595
G2_C2.1,de_lu,2025,quantile,cov50,61.840753424657535
G2_C2.1,de_lu,2025,quantile,cov95,98.39326484018265
G2_C2.1,de_lu,2025,ensemble,wis,1123.4424842213043
G2_C2.1,de_lu,2025,ensemble,lqs,561.7212421106522
G2_C2.1,de_lu,2025,ensemble,mae_median,1821.2523038230595
G2_C2.1,de_lu,2025,ensemble,cov50,61.840753424657535
G2_C2.1,de_lu,2025,ensemble,cov95,98.39326484018265
G2_C2.1,de_lu,2025,ensemble,crps,1371.9949591700035
G2_C2.1,de_lu,2025,ensemble,energy_score,15494.274662912429
G2_C2.1,de_lu,2026H1,point,rmse,3536.7619508329676
G2_C2.1,de_lu,2026H1,point,r2,0.8691190144858756
G2_C2.1,de_lu,2026H1,point,mae,2341.9907137151636
G2_C2.1,de_lu,2026H1,point,smape,4.340190349020861
G2_C2.1,de_lu,2026H1,quantile,wis,1424.7626937021998
G2_C2.1,de_lu,2026H1,quantile,lqs,712.3813468511
G2_C2.1,de_lu,2026H1,quantile,mae_median,2303.696442705524
G2_C2.1,de_lu,2026H1,quantile,cov50,62.02713815789473
G2_C2.1,de_lu,2026H1,quantile,cov95,96.64884868421053
G2_C2.1,de_lu,2026H1,ensemble,wis,1424.7626937021998
G2_C2.1,de_lu,2026H1,ensemble,lqs,712.3813468511
G2_C2.1,de_lu,2026H1,ensemble,mae_median,2303.696442705524
G2_C2.1,de_lu,2026H1,ensemble,cov50,62.02713815789473
G2_C2.1,de_lu,2026H1,ensemble,cov95,96.64884868421053
G2_C2.1,de_lu,2026H1,ensemble,crps,1740.2870950984197
G2_C2.1,de_lu,2026H1,ensemble,energy_score,19402.082662697205
G2_C2.1,lu,2024,point,rmse,29.36892131793377
G2_C2.1,lu,2024,point,r2,0.9106975609411956
G2_C2.1,lu,2024,point,mae,17.876054629900686
G2_C2.1,lu,2024,point,smape,3.2331285909241476
G2_C2.1,lu,2024,quantile,wis,11.014638299038024
G2_C2.1,lu,2024,quantile,lqs,5.507319149519011
G2_C2.1,lu,2024,quantile,mae_median,17.455635815118395
G2_C2.1,lu,2024,quantile,cov50,50.31591530054644
G2_C2.1,lu,2024,quantile,cov95,94.70628415300546
G2_C2.1,lu,2024,ensemble,wis,11.014638299038024
G2_C2.1,lu,2024,ensemble,lqs,5.507319149519011
G2_C2.1,lu,2024,ensemble,mae_median,17.455635815118395
G2_C2.1,lu,2024,ensemble,cov50,50.31591530054644
G2_C2.1,lu,2024,ensemble,cov95,94.70628415300546
G2_C2.1,lu,2024,ensemble,crps,13.17493710329077
G2_C2.1,lu,2024,ensemble,energy_score,151.41576010771618
G2_C2.1,lu,2025,point,rmse,30.177480852251797
G2_C2.1,lu,2025,point,r2,0.9064605416582249
G2_C2.1,lu,2025,point,mae,19.48723265044031
G2_C2.1,lu,2025,point,smape,3.5873807814121035
G2_C2.1,lu,2025,quantile,wis,11.849506591395548
G2_C2.1,lu,2025,quantile,lqs,5.924753295697775
G2_C2.1,lu,2025,quantile,mae_median,19.146543407534246
G2_C2.1,lu,2025,quantile,cov50,51.88356164383562
G2_C2.1,lu,2025,quantile,cov95,94.53481735159818
G2_C2.1,lu,2025,ensemble,wis,11.849506591395548
G2_C2.1,lu,2025,ensemble,lqs,5.924753295697775
G2_C2.1,lu,2025,ensemble,mae_median,19.146543407534246
G2_C2.1,lu,2025,ensemble,cov50,51.88356164383562
G2_C2.1,lu,2025,ensemble,cov95,94.53481735159818
G2_C2.1,lu,2025,ensemble,crps,14.320517377192505
G2_C2.1,lu,2025,ensemble,energy_score,164.96007342762744
G2_C2.1,lu,2026H1,point,rmse,42.94257442443509
G2_C2.1,lu,2026H1,point,r2,0.8148512087919945
G2_C2.1,lu,2026H1,point,mae,25.561020209002326
G2_C2.1,lu,2026H1,point,smape,4.815990898280195
G2_C2.1,lu,2026H1,quantile,wis,15.695138516097863
G2_C2.1,lu,2026H1,quantile,lqs,7.8475692580489325
G2_C2.1,lu,2026H1,quantile,mae_median,25.034692638500548
G2_C2.1,lu,2026H1,quantile,cov50,52.432839912280706
G2_C2.1,lu,2026H1,quantile,cov95,94.55866228070175
G2_C2.1,lu,2026H1,ensemble,wis,15.695138516097863
G2_C2.1,lu,2026H1,ensemble,lqs,7.8475692580489325
G2_C2.1,lu,2026H1,ensemble,mae_median,25.034692638500548
G2_C2.1,lu,2026H1,ensemble,cov50,52.432839912280706
G2_C2.1,lu,2026H1,ensemble,cov95,94.55866228070175
G2_C2.1,lu,2026H1,ensemble,crps,18.87574433686352
G2_C2.1,lu,2026H1,ensemble,energy_score,216.8530618376629
G2_C2.1,tennet,2024,point,rmse,858.9430605174387
G2_C2.1,tennet,2024,point,r2,0.9059705444488041
G2_C2.1,tennet,2024,point,mae,539.8384032114668
G2_C2.1,tennet,2024,point,smape,3.433230479284851
G2_C2.1,tennet,2024,quantile,wis,329.77301275045534
G2_C2.1,tennet,2024,quantile,lqs,164.88650637522773
G2_C2.1,tennet,2024,quantile,mae_median,531.0621351320583
G2_C2.1,tennet,2024,quantile,cov50,52.123178506375226
G2_C2.1,tennet,2024,quantile,cov95,95.63979963570127
G2_C2.1,tennet,2024,ensemble,wis,329.77301275045534
G2_C2.1,tennet,2024,ensemble,lqs,164.88650637522773
G2_C2.1,tennet,2024,ensemble,mae_median,531.0621351320583
G2_C2.1,tennet,2024,ensemble,cov50,52.123178506375226
G2_C2.1,tennet,2024,ensemble,cov95,95.63979963570127
G2_C2.1,tennet,2024,ensemble,crps,397.5851233380419
G2_C2.1,tennet,2024,ensemble,energy_score,4576.21208947514
G2_C2.1,tennet,2025,point,rmse,844.2987277268134
G2_C2.1,tennet,2025,point,r2,0.9121633121717042
G2_C2.1,tennet,2025,point,mae,549.4069194023157
G2_C2.1,tennet,2025,point,smape,3.5219236100565645
G2_C2.1,tennet,2025,quantile,wis,333.8140787157534
G2_C2.1,tennet,2025,quantile,lqs,166.90703935787673
G2_C2.1,tennet,2025,quantile,mae_median,543.5751572773972
G2_C2.1,tennet,2025,quantile,cov50,50.8162100456621
G2_C2.1,tennet,2025,quantile,cov95,94.83162100456622
G2_C2.1,tennet,2025,ensemble,wis,333.8140787157534
G2_C2.1,tennet,2025,ensemble,lqs,166.90703935787673
G2_C2.1,tennet,2025,ensemble,mae_median,543.5751572773972
G2_C2.1,tennet,2025,ensemble,cov50,50.8162100456621
G2_C2.1,tennet,2025,ensemble,cov95,94.83162100456622
G2_C2.1,tennet,2025,ensemble,crps,403.405386460113
G2_C2.1,tennet,2025,ensemble,energy_score,4649.503876862901
G2_C2.1,tennet,2026H1,point,rmse,1204.758879210518
G2_C2.1,tennet,2026H1,point,r2,0.8442771550221854
G2_C2.1,tennet,2026H1,point,mae,810.0989297984546
G2_C2.1,tennet,2026H1,point,smape,5.367129843550787
G2_C2.1,tennet,2026H1,quantile,wis,485.2217276795505
G2_C2.1,tennet,2026H1,quantile,lqs,242.61086383977522
G2_C2.1,tennet,2026H1,quantile,mae_median,796.1183114035086
G2_C2.1,tennet,2026H1,quantile,cov50,50.01370614035088
G2_C2.1,tennet,2026H1,quantile,cov95,93.97615131578947
G2_C2.1,tennet,2026H1,ensemble,wis,485.2217276795505
G2_C2.1,tennet,2026H1,ensemble,lqs,242.61086383977522
G2_C2.1,tennet,2026H1,ensemble,mae_median,796.1183114035086
G2_C2.1,tennet,2026H1,ensemble,cov50,50.01370614035088
G2_C2.1,tennet,2026H1,ensemble,cov95,93.97615131578947
G2_C2.1,tennet,2026H1,ensemble,crps,588.4340606277599
G2_C2.1,tennet,2026H1,ensemble,energy_score,6738.31864279191
G2_C2.1,transnetbw,2024,point,rmse,436.2007050187303
G2_C2.1,transnetbw,2024,point,r2,0.8986256791586753
G2_C2.1,transnetbw,2024,point,mae,255.08115971138002
G2_C2.1,transnetbw,2024,point,smape,4.043139549712375
G2_C2.1,transnetbw,2024,quantile,wis,156.58548360655737
G2_C2.1,transnetbw,2024,quantile,lqs,78.29274180327869
G2_C2.1,transnetbw,2024,quantile,mae_median,252.92786828324225
G2_C2.1,transnetbw,2024,quantile,cov50,50.58913934426229
G2_C2.1,transnetbw,2024,quantile,cov95,95.40072859744991
G2_C2.1,transnetbw,2024,ensemble,wis,156.58548360655737
G2_C2.1,transnetbw,2024,ensemble,lqs,78.29274180327869
G2_C2.1,transnetbw,2024,ensemble,mae_median,252.92786828324225
G2_C2.1,transnetbw,2024,ensemble,cov50,50.58913934426229
G2_C2.1,transnetbw,2024,ensemble,cov95,95.40072859744991
G2_C2.1,transnetbw,2024,ensemble,crps,187.86447433413255
G2_C2.1,transnetbw,2024,ensemble,energy_score,2168.783654682797
G2_C2.1,transnetbw,2025,point,rmse,432.5998971021896
G2_C2.1,transnetbw,2025,point,r2,0.9014222064499322
G2_C2.1,transnetbw,2025,point,mae,257.2053743173788
G2_C2.1,transnetbw,2025,point,smape,4.093432914219224
G2_C2.1,transnetbw,2025,quantile,wis,158.2470184446347
G2_C2.1,transnetbw,2025,quantile,lqs,79.12350922231735
G2_C2.1,transnetbw,2025,quantile,mae_median,253.37633221746574
G2_C2.1,transnetbw,2025,quantile,cov50,51.88356164383562
G2_C2.1,transnetbw,2025,quantile,cov95,95.1027397260274
G2_C2.1,transnetbw,2025,ensemble,wis,158.2470184446347
G2_C2.1,transnetbw,2025,ensemble,lqs,79.12350922231735
G2_C2.1,transnetbw,2025,ensemble,mae_median,253.37633221746574
G2_C2.1,transnetbw,2025,ensemble,cov50,51.88356164383562
G2_C2.1,transnetbw,2025,ensemble,cov95,95.1027397260274
G2_C2.1,transnetbw,2025,ensemble,crps,189.74550145004997
G2_C2.1,transnetbw,2025,ensemble,energy_score,2203.263812384024
G2_C2.1,transnetbw,2026H1,point,rmse,572.0615403273983
G2_C2.1,transnetbw,2026H1,point,r2,0.8208761689471422
G2_C2.1,transnetbw,2026H1,point,mae,342.53991894449666
G2_C2.1,transnetbw,2026H1,point,smape,5.043324152747966
G2_C2.1,transnetbw,2026H1,quantile,wis,215.6178609649123
G2_C2.1,transnetbw,2026H1,quantile,lqs,107.80893048245613
G2_C2.1,transnetbw,2026H1,quantile,mae_median,337.0592257401316
G2_C2.1,transnetbw,2026H1,quantile,cov50,54.22149122807017
G2_C2.1,transnetbw,2026H1,quantile,cov95,93.75
G2_C2.1,transnetbw,2026H1,ensemble,wis,215.6178609649123
G2_C2.1,transnetbw,2026H1,ensemble,lqs,107.80893048245613
G2_C2.1,transnetbw,2026H1,ensemble,mae_median,337.0592257401316
G2_C2.1,transnetbw,2026H1,ensemble,cov50,54.22149122807017
G2_C2.1,transnetbw,2026H1,ensemble,cov95,93.75
G2_C2.1,transnetbw,2026H1,ensemble,crps,257.6026726833826
G2_C2.1,transnetbw,2026H1,ensemble,energy_score,2954.7458020000226
G2_C2.1,50hertz,overall,point,rmse,939.431477055171
G2_C2.1,50hertz,overall,point,r2,0.7657050139089947
G2_C2.1,50hertz,overall,point,mae,722.1637665639774
G2_C2.1,50hertz,overall,point,smape,6.240201063970792
G2_C2.1,50hertz,overall,quantile,wis,422.74379347395245
G2_C2.1,50hertz,overall,quantile,lqs,211.37189673697623
G2_C2.1,50hertz,overall,quantile,mae_median,720.5563292516043
G2_C2.1,50hertz,overall,quantile,cov50,47.366930917327295
G2_C2.1,50hertz,overall,quantile,cov95,95.26000377500944
G2_C2.1,50hertz,overall,ensemble,wis,422.74379347395245
G2_C2.1,50hertz,overall,ensemble,lqs,211.37189673697623
G2_C2.1,50hertz,overall,ensemble,mae_median,720.5563292516043
G2_C2.1,50hertz,overall,ensemble,cov50,47.366930917327295
G2_C2.1,50hertz,overall,ensemble,cov95,95.26000377500944
G2_C2.1,50hertz,overall,ensemble,crps,517.8094054187864
G2_C2.1,50hertz,overall,ensemble,energy_score,5917.433124922486
G2_C2.1,amprion,overall,point,rmse,1175.585684646451
G2_C2.1,amprion,overall,point,r2,0.8755298278450033
G2_C2.1,amprion,overall,point,mae,803.4035573938493
G2_C2.1,amprion,overall,point,smape,4.251415101660765
G2_C2.1,amprion,overall,quantile,wis,485.07435594524827
G2_C2.1,amprion,overall,quantile,lqs,242.5371779726241
G2_C2.1,amprion,overall,quantile,mae_median,796.6778551351689
G2_C2.1,amprion,overall,quantile,cov50,51.14547942619857
G2_C2.1,amprion,overall,quantile,cov95,95.22461306153266
G2_C2.1,amprion,overall,ensemble,wis,485.07435594524827
G2_C2.1,amprion,overall,ensemble,lqs,242.5371779726241
G2_C2.1,amprion,overall,ensemble,mae_median,796.6778551351689
G2_C2.1,amprion,overall,ensemble,cov50,51.14547942619857
G2_C2.1,amprion,overall,ensemble,cov95,95.22461306153266
G2_C2.1,amprion,overall,ensemble,crps,587.9496225051754
G2_C2.1,amprion,overall,ensemble,energy_score,6838.9151649929345
G2_C2.1,de_lu,overall,point,rmse,2951.794912066744
G2_C2.1,de_lu,overall,point,r2,0.9009298987020433
G2_C2.1,de_lu,overall,point,mae,1930.4105089969423
G2_C2.1,de_lu,overall,point,smape,3.6416489552362936
G2_C2.1,de_lu,overall,quantile,wis,1181.5589954092488
G2_C2.1,de_lu,overall,quantile,lqs,590.7794977046244
G2_C2.1,de_lu,overall,quantile,mae_median,1905.6569160490162
G2_C2.1,de_lu,overall,quantile,cov50,61.7638731596829
G2_C2.1,de_lu,overall,quantile,cov95,97.9001510003775
G2_C2.1,de_lu,overall,ensemble,wis,1181.5589954092488
G2_C2.1,de_lu,overall,ensemble,lqs,590.7794977046244
G2_C2.1,de_lu,overall,ensemble,mae_median,1905.6569160490162
G2_C2.1,de_lu,overall,ensemble,cov50,61.7638731596829
G2_C2.1,de_lu,overall,ensemble,cov95,97.9001510003775
G2_C2.1,de_lu,overall,ensemble,crps,1441.1913183365446
G2_C2.1,de_lu,overall,ensemble,energy_score,16216.551900717319
G2_C2.1,lu,overall,point,rmse,32.42525052277687
G2_C2.1,lu,overall,point,r2,0.8922665838603778
G2_C2.1,lu,overall,point,mae,19.86495015144136
G2_C2.1,lu,overall,point,smape,3.6520381268768345
G2_C2.1,lu,overall,quantile,wis,12.165445727920913
G2_C2.1,lu,overall,quantile,lqs,6.082722863960457
G2_C2.1,lu,overall,quantile,mae_median,19.4592574554195
G2_C2.1,lu,overall,quantile,cov50,51.32833144582861
G2_C2.1,lu,overall,quantile,cov95,94.60999433748584
G2_C2.1,lu,overall,ensemble,wis,12.165445727920913
G2_C2.1,lu,overall,ensemble,lqs,6.082722863960457
G2_C2.1,lu,overall,ensemble,mae_median,19.4592574554195
G2_C2.1,lu,overall,ensemble,cov50,51.32833144582861
G2_C2.1,lu,overall,ensemble,cov95,94.60999433748584
G2_C2.1,lu,overall,ensemble,crps,14.62981762364999
G2_C2.1,lu,overall,ensemble,energy_score,168.27889060003724
G2_C2.1,tennet,overall,point,rmse,922.12938028699
G2_C2.1,tennet,overall,point,r2,0.8965145504388651
G2_C2.1,tennet,overall,point,mae,590.3164422271882
G2_C2.1,tennet,overall,point,smape,3.802795254030148
G2_C2.1,tennet,overall,quantile,wis,358.2024507420253
G2_C2.1,tennet,overall,quantile,lqs,179.10122537101265
G2_C2.1,tennet,overall,quantile,mae_median,581.8614464302568
G2_C2.1,tennet,overall,quantile,cov50,51.21979992449981
G2_C2.1,tennet,overall,quantile,cov95,95.01934692336731
G2_C2.1,tennet,overall,ensemble,wis,358.2024507420253
G2_C2.1,tennet,overall,ensemble,lqs,179.10122537101265
G2_C2.1,tennet,overall,ensemble,mae_median,581.8614464302568
G2_C2.1,tennet,overall,ensemble,cov50,51.21979992449981
G2_C2.1,tennet,overall,ensemble,cov95,95.01934692336731
G2_C2.1,tennet,overall,ensemble,crps,432.8438260646479
G2_C2.1,tennet,overall,ensemble,energy_score,4978.694194232423
G2_C2.1,transnetbw,overall,point,rmse,461.04041919083244
G2_C2.1,transnetbw,overall,point,r2,0.8887677219492988
G2_C2.1,transnetbw,overall,point,mae,271.01442101899414
G2_C2.1,transnetbw,overall,point,smape,4.236101200569011
G2_C2.1,transnetbw,overall,quantile,wis,167.4341603612212
G2_C2.1,transnetbw,overall,quantile,lqs,83.71708018061061
G2_C2.1,transnetbw,overall,quantile,mae_median,267.59565499834844
G2_C2.1,transnetbw,overall,quantile,cov50,51.74948093620234
G2_C2.1,transnetbw,overall,quantile,cov95,94.99339373348434
G2_C2.1,transnetbw,overall,ensemble,wis,167.4341603612212
G2_C2.1,transnetbw,overall,ensemble,lqs,83.71708018061061
G2_C2.1,transnetbw,overall,ensemble,mae_median,267.59565499834844
G2_C2.1,transnetbw,overall,ensemble,cov50,51.74948093620234
G2_C2.1,transnetbw,overall,ensemble,cov95,94.99339373348434
G2_C2.1,transnetbw,overall,ensemble,crps,200.64678582495458
G2_C2.1,transnetbw,overall,ensemble,energy_score,2318.332356781513
G2_C2.2,50hertz,2024,point,rmse,843.680939263448
G2_C2.2,50hertz,2024,point,r2,0.7953964970584398
G2_C2.2,50hertz,2024,point,mae,645.097535169464
G2_C2.2,50hertz,2024,point,smape,5.624545788209393
G2_C2.2,50hertz,2024,quantile,wis,379.5650729166667
G2_C2.2,50hertz,2024,quantile,lqs,189.78253645833334
G2_C2.2,50hertz,2024,quantile,mae_median,644.6604368738615
G2_C2.2,50hertz,2024,quantile,cov50,46.923383424408016
G2_C2.2,50hertz,2024,quantile,cov95,95.46049635701274
G2_C2.2,50hertz,2024,ensemble,wis,379.5650729166667
G2_C2.2,50hertz,2024,ensemble,lqs,189.78253645833334
G2_C2.2,50hertz,2024,ensemble,mae_median,644.6604368738615
G2_C2.2,50hertz,2024,ensemble,cov50,46.923383424408016
G2_C2.2,50hertz,2024,ensemble,cov95,95.46049635701274
G2_C2.2,50hertz,2024,ensemble,crps,463.5004498522618
G2_C2.2,50hertz,2024,ensemble,energy_score,5335.062967326872
G2_C2.2,50hertz,2025,point,rmse,936.4397799430344
G2_C2.2,50hertz,2025,point,r2,0.7527686930045066
G2_C2.2,50hertz,2025,point,mae,725.9242879294412
G2_C2.2,50hertz,2025,point,smape,6.299909857539577
G2_C2.2,50hertz,2025,quantile,wis,421.3834923630137
G2_C2.2,50hertz,2025,quantile,lqs,210.69174618150686
G2_C2.2,50hertz,2025,quantile,mae_median,725.1569272260274
G2_C2.2,50hertz,2025,quantile,cov50,47.32591324200913
G2_C2.2,50hertz,2025,quantile,cov95,95.94748858447488
G2_C2.2,50hertz,2025,ensemble,wis,421.3834923630137
G2_C2.2,50hertz,2025,ensemble,lqs,210.69174618150686
G2_C2.2,50hertz,2025,ensemble,mae_median,725.1569272260274
G2_C2.2,50hertz,2025,ensemble,cov50,47.32591324200913
G2_C2.2,50hertz,2025,ensemble,cov95,95.94748858447488
G2_C2.2,50hertz,2025,ensemble,crps,516.9775983237815
G2_C2.2,50hertz,2025,ensemble,energy_score,5921.063834643838
G2_C2.2,50hertz,2026H1,point,rmse,1015.6056832396507
G2_C2.2,50hertz,2026H1,point,r2,0.7780768864140719
G2_C2.2,50hertz,2026H1,point,mae,751.1031824874685
G2_C2.2,50hertz,2026H1,point,smape,6.260428150905558
G2_C2.2,50hertz,2026H1,quantile,wis,445.87264632675436
G2_C2.2,50hertz,2026H1,quantile,lqs,222.9363231633772
G2_C2.2,50hertz,2026H1,quantile,mae_median,750.5005833333332
G2_C2.2,50hertz,2026H1,quantile,cov50,48.39638157894737
G2_C2.2,50hertz,2026H1,quantile,cov95,93.15378289473685
G2_C2.2,50hertz,2026H1,ensemble,wis,445.87264632675436
G2_C2.2,50hertz,2026H1,ensemble,lqs,222.9363231633772
G2_C2.2,50hertz,2026H1,ensemble,mae_median,750.5005833333332
G2_C2.2,50hertz,2026H1,ensemble,cov50,48.39638157894737
G2_C2.2,50hertz,2026H1,ensemble,cov95,93.15378289473685
G2_C2.2,50hertz,2026H1,ensemble,crps,545.1731144406776
G2_C2.2,50hertz,2026H1,ensemble,energy_score,6135.738005755389
G2_C2.2,amprion,2024,point,rmse,1187.511080952252
G2_C2.2,amprion,2024,point,r2,0.8707909983710362
G2_C2.2,amprion,2024,point,mae,809.727763000862
G2_C2.2,amprion,2024,point,smape,4.393296015310878
G2_C2.2,amprion,2024,quantile,wis,493.6573234942395
G2_C2.2,amprion,2024,quantile,lqs,246.82866174711975
G2_C2.2,amprion,2024,quantile,mae_median,800.1590920663707
G2_C2.2,amprion,2024,quantile,cov50,50.92213114754098
G2_C2.2,amprion,2024,quantile,cov95,94.38467668488161
G2_C2.2,amprion,2024,ensemble,wis,493.6573234942395
G2_C2.2,amprion,2024,ensemble,lqs,246.82866174711975
G2_C2.2,amprion,2024,ensemble,mae_median,800.1590920663707
G2_C2.2,amprion,2024,ensemble,cov50,50.92213114754098
G2_C2.2,amprion,2024,ensemble,cov95,94.38467668488161
G2_C2.2,amprion,2024,ensemble,crps,595.5756009795938
G2_C2.2,amprion,2024,ensemble,energy_score,6901.063369512806
G2_C2.2,amprion,2025,point,rmse,1088.7782756563981
G2_C2.2,amprion,2025,point,r2,0.8876386925307401
G2_C2.2,amprion,2025,point,mae,747.1645866226897
G2_C2.2,amprion,2025,point,smape,3.9264931170494233
G2_C2.2,amprion,2025,quantile,wis,447.4909359255708
G2_C2.2,amprion,2025,quantile,lqs,223.74546796278537
G2_C2.2,amprion,2025,quantile,mae_median,744.3829276204337
G2_C2.2,amprion,2025,quantile,cov50,49.90011415525114
G2_C2.2,amprion,2025,quantile,cov95,95.69634703196347
G2_C2.2,amprion,2025,ensemble,wis,447.4909359255708
G2_C2.2,amprion,2025,ensemble,lqs,223.74546796278537
G2_C2.2,amprion,2025,ensemble,mae_median,744.3829276204337
G2_C2.2,amprion,2025,ensemble,cov50,49.90011415525114
G2_C2.2,amprion,2025,ensemble,cov95,95.69634703196347
G2_C2.2,amprion,2025,ensemble,crps,543.6600230610264
G2_C2.2,amprion,2025,ensemble,energy_score,6362.544942478365
G2_C2.2,amprion,2026H1,point,rmse,1277.8811077994771
G2_C2.2,amprion,2026H1,point,r2,0.8609221716890167
G2_C2.2,amprion,2026H1,point,mae,889.2781152355172
G2_C2.2,amprion,2026H1,point,smape,4.510376661450094
G2_C2.2,amprion,2026H1,quantile,wis,540.8183242534266
G2_C2.2,amprion,2026H1,quantile,lqs,270.4091621267133
G2_C2.2,amprion,2026H1,quantile,mae_median,883.7936483970669
G2_C2.2,amprion,2026H1,quantile,cov50,50.83607456140351
G2_C2.2,amprion,2026H1,quantile,cov95,93.79797149122807
G2_C2.2,amprion,2026H1,ensemble,wis,540.8183242534266
G2_C2.2,amprion,2026H1,ensemble,lqs,270.4091621267133
G2_C2.2,amprion,2026H1,ensemble,mae_median,883.7936483970669
G2_C2.2,amprion,2026H1,ensemble,cov50,50.83607456140351
G2_C2.2,amprion,2026H1,ensemble,cov95,93.79797149122807
G2_C2.2,amprion,2026H1,ensemble,crps,656.2132494064355
G2_C2.2,amprion,2026H1,ensemble,energy_score,7589.353028227752
G2_C2.2,de_lu,2024,point,rmse,2780.5997497977187
G2_C2.2,de_lu,2024,point,r2,0.9092661978457167
G2_C2.2,de_lu,2024,point,mae,1790.1957675597025
G2_C2.2,de_lu,2024,point,smape,3.4030306823229473
G2_C2.2,de_lu,2024,quantile,wis,1102.2736408715562
G2_C2.2,de_lu,2024,quantile,lqs,551.1368204357782
G2_C2.2,de_lu,2024,quantile,mae_median,1766.463866225296
G2_C2.2,de_lu,2024,quantile,cov50,61.17941712204007
G2_C2.2,de_lu,2024,quantile,cov95,97.78574681238615
G2_C2.2,de_lu,2024,ensemble,wis,1102.2736408715562
G2_C2.2,de_lu,2024,ensemble,lqs,551.1368204357782
G2_C2.2,de_lu,2024,ensemble,mae_median,1766.463866225296
G2_C2.2,de_lu,2024,ensemble,cov50,61.17941712204007
G2_C2.2,de_lu,2024,ensemble,cov95,97.78574681238615
G2_C2.2,de_lu,2024,ensemble,crps,1340.394385588055
G2_C2.2,de_lu,2024,ensemble,energy_score,15121.96546476562
G2_C2.2,de_lu,2025,point,rmse,2747.743988886628
G2_C2.2,de_lu,2025,point,r2,0.9118443924044547
G2_C2.2,de_lu,2025,point,mae,1791.4002100656933
G2_C2.2,de_lu,2025,point,smape,3.38236378819376
G2_C2.2,de_lu,2025,quantile,wis,1093.8857320297518
G2_C2.2,de_lu,2025,quantile,lqs,546.9428660148759
G2_C2.2,de_lu,2025,quantile,mae_median,1777.8667154297946
G2_C2.2,de_lu,2025,quantile,cov50,61.823630136986296
G2_C2.2,de_lu,2025,quantile,cov95,98.06221461187215
G2_C2.2,de_lu,2025,ensemble,wis,1093.8857320297518
G2_C2.2,de_lu,2025,ensemble,lqs,546.9428660148759
G2_C2.2,de_lu,2025,ensemble,mae_median,1777.8667154297946
G2_C2.2,de_lu,2025,ensemble,cov50,61.823630136986296
G2_C2.2,de_lu,2025,ensemble,cov95,98.06221461187215
G2_C2.2,de_lu,2025,ensemble,crps,1335.3739579321282
G2_C2.2,de_lu,2025,ensemble,energy_score,15082.165461130426
G2_C2.2,de_lu,2026H1,point,rmse,3429.806159939641
G2_C2.2,de_lu,2026H1,point,r2,0.8769153063314894
G2_C2.2,de_lu,2026H1,point,mae,2232.748516439109
G2_C2.2,de_lu,2026H1,point,smape,4.151717588680043
G2_C2.2,de_lu,2026H1,quantile,wis,1369.4421189274462
G2_C2.2,de_lu,2026H1,quantile,lqs,684.7210594637232
G2_C2.2,de_lu,2026H1,quantile,mae_median,2191.1509139261925
G2_C2.2,de_lu,2026H1,quantile,cov50,62.80838815789473
G2_C2.2,de_lu,2026H1,quantile,cov95,96.68311403508771
G2_C2.2,de_lu,2026H1,ensemble,wis,1369.4421189274462
G2_C2.2,de_lu,2026H1,ensemble,lqs,684.7210594637232
G2_C2.2,de_lu,2026H1,ensemble,mae_median,2191.1509139261925
G2_C2.2,de_lu,2026H1,ensemble,cov50,62.80838815789473
G2_C2.2,de_lu,2026H1,ensemble,cov95,96.68311403508771
G2_C2.2,de_lu,2026H1,ensemble,crps,1672.3215239036288
G2_C2.2,de_lu,2026H1,ensemble,energy_score,18609.343020086573
G2_C2.2,lu,2024,point,rmse,29.36629815494149
G2_C2.2,lu,2024,point,r2,0.9107135127965039
G2_C2.2,lu,2024,point,mae,17.868209386384336
G2_C2.2,lu,2024,point,smape,3.2318797617169395
G2_C2.2,lu,2024,quantile,wis,11.009923505094491
G2_C2.2,lu,2024,quantile,lqs,5.504961752547246
G2_C2.2,lu,2024,quantile,mae_median,17.4521875
G2_C2.2,lu,2024,quantile,cov50,50.25899362477231
G2_C2.2,lu,2024,quantile,cov95,94.69489981785064
G2_C2.2,lu,2024,ensemble,wis,11.009923505094491
G2_C2.2,lu,2024,ensemble,lqs,5.504961752547246
G2_C2.2,lu,2024,ensemble,mae_median,17.4521875
G2_C2.2,lu,2024,ensemble,cov50,50.25899362477231
G2_C2.2,lu,2024,ensemble,cov95,94.69489981785064
G2_C2.2,lu,2024,ensemble,crps,13.168311709356633
G2_C2.2,lu,2024,ensemble,energy_score,151.35169104904767
G2_C2.2,lu,2025,point,rmse,30.177480852251797
G2_C2.2,lu,2025,point,r2,0.9064605416582249
G2_C2.2,lu,2025,point,mae,19.48723265044031
G2_C2.2,lu,2025,point,smape,3.5873807814121035
G2_C2.2,lu,2025,quantile,wis,11.849506591395548
G2_C2.2,lu,2025,quantile,lqs,5.924753295697775
G2_C2.2,lu,2025,quantile,mae_median,19.146543407534246
G2_C2.2,lu,2025,quantile,cov50,51.88356164383562
G2_C2.2,lu,2025,quantile,cov95,94.53481735159818
G2_C2.2,lu,2025,ensemble,wis,11.849506591395548
G2_C2.2,lu,2025,ensemble,lqs,5.924753295697775
G2_C2.2,lu,2025,ensemble,mae_median,19.146543407534246
G2_C2.2,lu,2025,ensemble,cov50,51.88356164383562
G2_C2.2,lu,2025,ensemble,cov95,94.53481735159818
G2_C2.2,lu,2025,ensemble,crps,14.320517377192505
G2_C2.2,lu,2025,ensemble,energy_score,164.96007342762744
G2_C2.2,lu,2026H1,point,rmse,42.94257442443509
G2_C2.2,lu,2026H1,point,r2,0.8148512087919945
G2_C2.2,lu,2026H1,point,mae,25.561020209002326
G2_C2.2,lu,2026H1,point,smape,4.815990898280195
G2_C2.2,lu,2026H1,quantile,wis,15.695138516097863
G2_C2.2,lu,2026H1,quantile,lqs,7.8475692580489325
G2_C2.2,lu,2026H1,quantile,mae_median,25.034692638500548
G2_C2.2,lu,2026H1,quantile,cov50,52.432839912280706
G2_C2.2,lu,2026H1,quantile,cov95,94.55866228070175
G2_C2.2,lu,2026H1,ensemble,wis,15.695138516097863
G2_C2.2,lu,2026H1,ensemble,lqs,7.8475692580489325
G2_C2.2,lu,2026H1,ensemble,mae_median,25.034692638500548
G2_C2.2,lu,2026H1,ensemble,cov50,52.432839912280706
G2_C2.2,lu,2026H1,ensemble,cov95,94.55866228070175
G2_C2.2,lu,2026H1,ensemble,crps,18.87574433686352
G2_C2.2,lu,2026H1,ensemble,energy_score,216.8530618376629
G2_C2.2,tennet,2024,point,rmse,815.6871660701973
G2_C2.2,tennet,2024,point,r2,0.915202620925684
G2_C2.2,tennet,2024,point,mae,509.0943310618874
G2_C2.2,tennet,2024,point,smape,3.247070888579807
G2_C2.2,tennet,2024,quantile,wis,312.5732720856102
G2_C2.2,tennet,2024,quantile,lqs,156.28663604280513
G2_C2.2,tennet,2024,quantile,mae_median,503.0759898679417
G2_C2.2,tennet,2024,quantile,cov50,51.03882058287796
G2_C2.2,tennet,2024,quantile,cov95,94.90551001821494
G2_C2.2,tennet,2024,ensemble,wis,312.5732720856102
G2_C2.2,tennet,2024,ensemble,lqs,156.28663604280513
G2_C2.2,tennet,2024,ensemble,mae_median,503.0759898679417
G2_C2.2,tennet,2024,ensemble,cov50,51.03882058287796
G2_C2.2,tennet,2024,ensemble,cov95,94.90551001821494
G2_C2.2,tennet,2024,ensemble,crps,376.0967159652264
G2_C2.2,tennet,2024,ensemble,energy_score,4341.023128690059
G2_C2.2,tennet,2025,point,rmse,812.3893474917226
G2_C2.2,tennet,2025,point,r2,0.9186772378122009
G2_C2.2,tennet,2025,point,mae,517.2090509608067
G2_C2.2,tennet,2025,point,smape,3.327189205118667
G2_C2.2,tennet,2025,quantile,wis,316.14945663812784
G2_C2.2,tennet,2025,quantile,lqs,158.07472831906392
G2_C2.2,tennet,2025,quantile,mae_median,514.1113178938356
G2_C2.2,tennet,2025,quantile,cov50,49.9115296803653
G2_C2.2,tennet,2025,quantile,cov95,94.06963470319634
G2_C2.2,tennet,2025,ensemble,wis,316.14945663812784
G2_C2.2,tennet,2025,ensemble,lqs,158.07472831906392
G2_C2.2,tennet,2025,ensemble,mae_median,514.1113178938356
G2_C2.2,tennet,2025,ensemble,cov50,49.9115296803653
G2_C2.2,tennet,2025,ensemble,cov95,94.06963470319634
G2_C2.2,tennet,2025,ensemble,crps,380.5531689838759
G2_C2.2,tennet,2025,ensemble,energy_score,4370.264090710791
G2_C2.2,tennet,2026H1,point,rmse,1132.817639575351
G2_C2.2,tennet,2026H1,point,r2,0.8623196175062192
G2_C2.2,tennet,2026H1,point,mae,744.7422395637532
G2_C2.2,tennet,2026H1,point,smape,4.979819797128717
G2_C2.2,tennet,2026H1,quantile,wis,446.5991945243969
G2_C2.2,tennet,2026H1,quantile,lqs,223.2995972621985
G2_C2.2,tennet,2026H1,quantile,mae_median,727.7505963541666
G2_C2.2,tennet,2026H1,quantile,cov50,50.58936403508771
G2_C2.2,tennet,2026H1,quantile,cov95,93.94873903508771
G2_C2.2,tennet,2026H1,ensemble,wis,446.5991945243969
G2_C2.2,tennet,2026H1,ensemble,lqs,223.2995972621985
G2_C2.2,tennet,2026H1,ensemble,mae_median,727.7505963541666
G2_C2.2,tennet,2026H1,ensemble,cov50,50.58936403508771
G2_C2.2,tennet,2026H1,ensemble,cov95,93.94873903508771
G2_C2.2,tennet,2026H1,ensemble,crps,539.73515086358
G2_C2.2,tennet,2026H1,ensemble,energy_score,6158.740061228267
G2_C2.2,transnetbw,2024,point,rmse,442.0045292843602
G2_C2.2,transnetbw,2024,point,r2,0.8959100809938584
G2_C2.2,transnetbw,2024,point,mae,251.19141585892098
G2_C2.2,transnetbw,2024,point,smape,3.992708503740695
G2_C2.2,transnetbw,2024,quantile,wis,156.62083208105645
G2_C2.2,transnetbw,2024,quantile,lqs,78.31041604052822
G2_C2.2,transnetbw,2024,quantile,mae_median,248.38243909380688
G2_C2.2,transnetbw,2024,quantile,cov50,50.73713570127505
G2_C2.2,transnetbw,2024,quantile,cov95,94.84858834244079
G2_C2.2,transnetbw,2024,ensemble,wis,156.62083208105645
G2_C2.2,transnetbw,2024,ensemble,lqs,78.31041604052822
G2_C2.2,transnetbw,2024,ensemble,mae_median,248.38243909380688
G2_C2.2,transnetbw,2024,ensemble,cov50,50.73713570127505
G2_C2.2,transnetbw,2024,ensemble,cov95,94.84858834244079
G2_C2.2,transnetbw,2024,ensemble,crps,186.45540701966885
G2_C2.2,transnetbw,2024,ensemble,energy_score,2142.4980422931194
G2_C2.2,transnetbw,2025,point,rmse,424.3289240760962
G2_C2.2,transnetbw,2025,point,r2,0.9051556331048262
G2_C2.2,transnetbw,2025,point,mae,248.79319730607196
G2_C2.2,transnetbw,2025,point,smape,3.9566856145376224
G2_C2.2,transnetbw,2025,quantile,wis,154.55685520376713
G2_C2.2,transnetbw,2025,quantile,lqs,77.27842760188356
G2_C2.2,transnetbw,2025,quantile,mae_median,245.8634106535388
G2_C2.2,transnetbw,2025,quantile,cov50,51.1843607305936
G2_C2.2,transnetbw,2025,quantile,cov95,94.02682648401827
G2_C2.2,transnetbw,2025,ensemble,wis,154.55685520376713
G2_C2.2,transnetbw,2025,ensemble,lqs,77.27842760188356
G2_C2.2,transnetbw,2025,ensemble,mae_median,245.8634106535388
G2_C2.2,transnetbw,2025,ensemble,cov50,51.1843607305936
G2_C2.2,transnetbw,2025,ensemble,cov95,94.02682648401827
G2_C2.2,transnetbw,2025,ensemble,crps,184.8738886316448
G2_C2.2,transnetbw,2025,ensemble,energy_score,2132.1266570764346
G2_C2.2,transnetbw,2026H1,point,rmse,565.6157228060056
G2_C2.2,transnetbw,2026H1,point,r2,0.8248900541937783
G2_C2.2,transnetbw,2026H1,point,mae,331.5886043689954
G2_C2.2,transnetbw,2026H1,point,smape,4.922707550297682
G2_C2.2,transnetbw,2026H1,quantile,wis,210.19290238486843
G2_C2.2,transnetbw,2026H1,quantile,lqs,105.09645119243422
G2_C2.2,transnetbw,2026H1,quantile,mae_median,327.8802323190789
G2_C2.2,transnetbw,2026H1,quantile,cov50,54.19407894736842
G2_C2.2,transnetbw,2026H1,quantile,cov95,93.37993421052632
G2_C2.2,transnetbw,2026H1,ensemble,wis,210.19290238486843
G2_C2.2,transnetbw,2026H1,ensemble,lqs,105.09645119243422
G2_C2.2,transnetbw,2026H1,ensemble,mae_median,327.8802323190789
G2_C2.2,transnetbw,2026H1,ensemble,cov50,54.19407894736842
G2_C2.2,transnetbw,2026H1,ensemble,cov95,93.37993421052632
G2_C2.2,transnetbw,2026H1,ensemble,crps,251.3456454976728
G2_C2.2,transnetbw,2026H1,ensemble,energy_score,2881.04118863754
G2_C2.2,50hertz,overall,point,rmse,913.8264998337273
G2_C2.2,50hertz,overall,point,r2,0.7783027658109689
G2_C2.2,50hertz,overall,point,mae,696.7562250332561
G2_C2.2,50hertz,overall,point,smape,6.013177729812263
G2_C2.2,50hertz,overall,quantile,wis,408.26549676292944
G2_C2.2,50hertz,overall,quantile,lqs,204.1327483814647
G2_C2.2,50hertz,overall,quantile,mae_median,696.1541189127973
G2_C2.2,50hertz,overall,quantile,cov50,47.34333710834277
G2_C2.2,50hertz,overall,quantile,cov95,95.26472253680635
G2_C2.2,50hertz,overall,ensemble,wis,408.26549676292944
G2_C2.2,50hertz,overall,ensemble,lqs,204.1327483814647
G2_C2.2,50hertz,overall,ensemble,mae_median,696.1541189127973
G2_C2.2,50hertz,overall,ensemble,cov50,47.34333710834277
G2_C2.2,50hertz,overall,ensemble,cov95,95.26472253680635
G2_C2.2,50hertz,overall,ensemble,crps,499.6651205312469
G2_C2.2,50hertz,overall,ensemble,energy_score,5715.122902108104
G2_C2.2,amprion,overall,point,rmse,1164.3169163340556
G2_C2.2,amprion,overall,point,r2,0.8779046491824036
G2_C2.2,amprion,overall,point,mae,797.5602592201537
G2_C2.2,amprion,overall,point,smape,4.220491032692226
G2_C2.2,amprion,overall,quantile,wis,482.6921373706069
G2_C2.2,amprion,overall,quantile,lqs,241.3460686853034
G2_C2.2,amprion,overall,quantile,mae_median,791.5001481699933
G2_C2.2,amprion,overall,quantile,cov50,50.48485277463194
G2_C2.2,amprion,overall,quantile,cov95,94.82587768969422
G2_C2.2,amprion,overall,ensemble,wis,482.6921373706069
G2_C2.2,amprion,overall,ensemble,lqs,241.3460686853034
G2_C2.2,amprion,overall,ensemble,mae_median,791.5001481699933
G2_C2.2,amprion,overall,ensemble,cov50,50.48485277463194
G2_C2.2,amprion,overall,ensemble,cov95,94.82587768969422
G2_C2.2,amprion,overall,ensemble,crps,584.5537851478869
G2_C2.2,amprion,overall,ensemble,energy_score,6796.941967765469
G2_C2.2,de_lu,overall,point,rmse,2889.7567953035823
G2_C2.2,de_lu,overall,point,r2,0.9050504666356073
G2_C2.2,de_lu,overall,point,mae,1866.8748608149192
G2_C2.2,de_lu,overall,point,smape,3.5233670281996456
G2_C2.2,de_lu,overall,quantile,wis,1144.7968820235797
G2_C2.2,de_lu,overall,quantile,lqs,572.3984410117898
G2_C2.2,de_lu,overall,quantile,mae_median,1844.2831994191556
G2_C2.2,de_lu,overall,quantile,cov50,61.72612306530766
G2_C2.2,de_lu,overall,quantile,cov95,97.7102208380521
G2_C2.2,de_lu,overall,ensemble,wis,1144.7968820235797
G2_C2.2,de_lu,overall,ensemble,lqs,572.3984410117898
G2_C2.2,de_lu,overall,ensemble,mae_median,1844.2831994191556
G2_C2.2,de_lu,overall,ensemble,cov50,61.72612306530766
G2_C2.2,de_lu,overall,ensemble,cov95,97.7102208380521
G2_C2.2,de_lu,overall,ensemble,crps,1395.4572043078217
G2_C2.2,de_lu,overall,ensemble,energy_score,15705.832267802925
G2_C2.2,lu,overall,point,rmse,32.424265746646235
G2_C2.2,lu,overall,point,r2,0.8922731276300582
G2_C2.2,lu,overall,point,mae,19.86169832910049
G2_C2.2,lu,overall,point,smape,3.6515204921205067
G2_C2.2,lu,overall,quantile,wis,12.16349146451963
G2_C2.2,lu,overall,quantile,lqs,6.081745732259815
G2_C2.2,lu,overall,quantile,mae_median,19.457828142471218
G2_C2.2,lu,overall,quantile,cov50,51.30473763684409
G2_C2.2,lu,overall,quantile,cov95,94.60527557568894
G2_C2.2,lu,overall,ensemble,wis,12.16349146451963
G2_C2.2,lu,overall,ensemble,lqs,6.081745732259815
G2_C2.2,lu,overall,ensemble,mae_median,19.457828142471218
G2_C2.2,lu,overall,ensemble,cov50,51.30473763684409
G2_C2.2,lu,overall,ensemble,cov95,94.60527557568894
G2_C2.2,lu,overall,ensemble,crps,14.627071424125763
G2_C2.2,lu,overall,ensemble,energy_score,168.25233422917353
G2_C2.2,tennet,overall,point,rmse,877.2097478861361
G2_C2.2,tennet,overall,point,r2,0.9063511454127372
G2_C2.2,tennet,overall,point,mae,553.0131927327698
G2_C2.2,tennet,overall,point,smape,3.5784650218030443
G2_C2.2,tennet,overall,quantile,wis,337.12281633517364
G2_C2.2,tennet,overall,quantile,lqs,168.56140816758685
G2_C2.2,tennet,overall,quantile,mae_median,546.3131755025482
G2_C2.2,tennet,overall,quantile,cov50,50.49546998867497
G2_C2.2,tennet,overall,quantile,cov95,94.39529067572668
G2_C2.2,tennet,overall,ensemble,wis,337.12281633517364
G2_C2.2,tennet,overall,ensemble,lqs,168.56140816758685
G2_C2.2,tennet,overall,ensemble,mae_median,546.3131755025482
G2_C2.2,tennet,overall,ensemble,cov50,50.49546998867497
G2_C2.2,tennet,overall,ensemble,cov95,94.39529067572668
G2_C2.2,tennet,overall,ensemble,crps,406.10764173686493
G2_C2.2,tennet,overall,ensemble,energy_score,4666.012851094787
G2_C2.2,transnetbw,overall,point,rmse,458.7796996037945
G2_C2.2,transnetbw,overall,point,r2,0.8898559061857251
G2_C2.2,transnetbw,overall,point,mae,264.03968639316946
G2_C2.2,transnetbw,overall,point,smape,4.137908391076528
G2_C2.2,transnetbw,overall,quantile,wis,164.98957854308227
G2_C2.2,transnetbw,overall,quantile,lqs,82.49478927154115
G2_C2.2,transnetbw,overall,quantile,mae_median,261.0259489347395
G2_C2.2,transnetbw,overall,quantile,cov50,51.5170819177048
G2_C2.2,transnetbw,overall,quantile,cov95,94.256087202718
G2_C2.2,transnetbw,overall,ensemble,wis,164.98957854308227
G2_C2.2,transnetbw,overall,ensemble,lqs,82.49478927154115
G2_C2.2,transnetbw,overall,ensemble,mae_median,261.0259489347395
G2_C2.2,transnetbw,overall,ensemble,cov50,51.5170819177048
G2_C2.2,transnetbw,overall,ensemble,cov95,94.256087202718
G2_C2.2,transnetbw,overall,ensemble,crps,196.9718985678317
G2_C2.2,transnetbw,overall,ensemble,energy_score,2265.344024898173
G2_C2.3,50hertz,2024,point,rmse,848.6399199609493
G2_C2.3,50hertz,2024,point,r2,0.7929841948456634
G2_C2.3,50hertz,2024,point,mae,642.13012890049
G2_C2.3,50hertz,2024,point,smape,5.604944266927967
G2_C2.3,50hertz,2024,quantile,wis,379.98424994307834
G2_C2.3,50hertz,2024,quantile,lqs,189.99212497153917
G2_C2.3,50hertz,2024,quantile,mae_median,639.7217847791438
G2_C2.3,50hertz,2024,quantile,cov50,49.29132513661202
G2_C2.3,50hertz,2024,quantile,cov95,95.74795081967213
G2_C2.3,50hertz,2024,ensemble,wis,379.98424994307834
G2_C2.3,50hertz,2024,ensemble,lqs,189.99212497153917
G2_C2.3,50hertz,2024,ensemble,mae_median,639.7217847791438
G2_C2.3,50hertz,2024,ensemble,cov50,49.29132513661202
G2_C2.3,50hertz,2024,ensemble,cov95,95.74795081967213
G2_C2.3,50hertz,2024,ensemble,crps,464.8238363989721
G2_C2.3,50hertz,2024,ensemble,energy_score,5351.068631402241
G2_C2.3,50hertz,2025,point,rmse,887.5133714829055
G2_C2.3,50hertz,2025,point,r2,0.7779281215255237
G2_C2.3,50hertz,2025,point,mae,688.6843584583604
G2_C2.3,50hertz,2025,point,smape,5.983752609762984
G2_C2.3,50hertz,2025,quantile,wis,403.08034293378995
G2_C2.3,50hertz,2025,quantile,lqs,201.54017146689498
G2_C2.3,50hertz,2025,quantile,mae_median,689.7113438926941
G2_C2.3,50hertz,2025,quantile,cov50,49.6175799086758
G2_C2.3,50hertz,2025,quantile,cov95,96.74657534246576
G2_C2.3,50hertz,2025,ensemble,wis,403.08034293378995
G2_C2.3,50hertz,2025,ensemble,lqs,201.54017146689498
G2_C2.3,50hertz,2025,ensemble,mae_median,689.7113438926941
G2_C2.3,50hertz,2025,ensemble,cov50,49.6175799086758
G2_C2.3,50hertz,2025,ensemble,cov95,96.74657534246576
G2_C2.3,50hertz,2025,ensemble,crps,494.64024716100295
G2_C2.3,50hertz,2025,ensemble,energy_score,5698.787518815288
G2_C2.3,50hertz,2026H1,point,rmse,1033.8678142441424
G2_C2.3,50hertz,2026H1,point,r2,0.7700241023701939
G2_C2.3,50hertz,2026H1,point,mae,774.0937528717627
G2_C2.3,50hertz,2026H1,point,smape,6.463867103866662
G2_C2.3,50hertz,2026H1,quantile,wis,456.60011677631576
G2_C2.3,50hertz,2026H1,quantile,lqs,228.30005838815788
G2_C2.3,50hertz,2026H1,quantile,mae_median,771.9535870339911
G2_C2.3,50hertz,2026H1,quantile,cov50,47.77960526315789
G2_C2.3,50hertz,2026H1,quantile,cov95,94.46957236842105
G2_C2.3,50hertz,2026H1,ensemble,wis,456.60011677631576
G2_C2.3,50hertz,2026H1,ensemble,lqs,228.30005838815788
G2_C2.3,50hertz,2026H1,ensemble,mae_median,771.9535870339911
G2_C2.3,50hertz,2026H1,ensemble,cov50,47.77960526315789
G2_C2.3,50hertz,2026H1,ensemble,cov95,94.46957236842105
G2_C2.3,50hertz,2026H1,ensemble,crps,558.3705481259573
G2_C2.3,50hertz,2026H1,ensemble,energy_score,6280.4681403965205
G2_C2.3,amprion,2024,point,rmse,1215.3059561605048
G2_C2.3,amprion,2024,point,r2,0.8646716826576355
G2_C2.3,amprion,2024,point,mae,832.1975353360922
G2_C2.3,amprion,2024,point,smape,4.520532351477245
G2_C2.3,amprion,2024,quantile,wis,506.24415981755124
G2_C2.3,amprion,2024,quantile,lqs,253.1220799087756
G2_C2.3,amprion,2024,quantile,mae_median,822.0710836549408
G2_C2.3,amprion,2024,quantile,cov50,53.77675318761385
G2_C2.3,amprion,2024,quantile,cov95,96.2431693989071
G2_C2.3,amprion,2024,ensemble,wis,506.24415981755124
G2_C2.3,amprion,2024,ensemble,lqs,253.1220799087756
G2_C2.3,amprion,2024,ensemble,mae_median,822.0710836549408
G2_C2.3,amprion,2024,ensemble,cov50,53.77675318761385
G2_C2.3,amprion,2024,ensemble,cov95,96.2431693989071
G2_C2.3,amprion,2024,ensemble,crps,612.6728355164566
G2_C2.3,amprion,2024,ensemble,energy_score,7066.407227919897
G2_C2.3,amprion,2025,point,rmse,1071.7804717138845
G2_C2.3,amprion,2025,point,r2,0.8911196345204625
G2_C2.3,amprion,2025,point,mae,740.9783116897967
G2_C2.3,amprion,2025,point,smape,3.8962850901719888
G2_C2.3,amprion,2025,quantile,wis,445.3323249618722
G2_C2.3,amprion,2025,quantile,lqs,222.66616248093607
G2_C2.3,amprion,2025,quantile,mae_median,734.9517350131279
G2_C2.3,amprion,2025,quantile,cov50,55.9046803652968
G2_C2.3,amprion,2025,quantile,cov95,97.41438356164383
G2_C2.3,amprion,2025,ensemble,wis,445.3323249618722
G2_C2.3,amprion,2025,ensemble,lqs,222.66616248093607
G2_C2.3,amprion,2025,ensemble,mae_median,734.9517350131279
G2_C2.3,amprion,2025,ensemble,cov50,55.9046803652968
G2_C2.3,amprion,2025,ensemble,cov95,97.41438356164383
G2_C2.3,amprion,2025,ensemble,crps,543.7857103144072
G2_C2.3,amprion,2025,ensemble,energy_score,6370.664230502197
G2_C2.3,amprion,2026H1,point,rmse,1311.3891394958118
G2_C2.3,amprion,2026H1,point,r2,0.8535328716709517
G2_C2.3,amprion,2026H1,point,mae,902.2014153182109
G2_C2.3,amprion,2026H1,point,smape,4.571899129048704
G2_C2.3,amprion,2026H1,quantile,wis,553.5821086851698
G2_C2.3,amprion,2026H1,quantile,lqs,276.79105434258497
G2_C2.3,amprion,2026H1,quantile,mae_median,897.9507002871436
G2_C2.3,amprion,2026H1,quantile,cov50,54.84512061403509
G2_C2.3,amprion,2026H1,quantile,cov95,95.28508771929825
G2_C2.3,amprion,2026H1,ensemble,wis,553.5821086851698
G2_C2.3,amprion,2026H1,ensemble,lqs,276.79105434258497
G2_C2.3,amprion,2026H1,ensemble,mae_median,897.9507002871436
G2_C2.3,amprion,2026H1,ensemble,cov50,54.84512061403509
G2_C2.3,amprion,2026H1,ensemble,cov95,95.28508771929825
G2_C2.3,amprion,2026H1,ensemble,crps,672.651835097918
G2_C2.3,amprion,2026H1,ensemble,energy_score,7746.039986900253
G2_C2.3,de_lu,2024,point,rmse,2836.6968621668416
G2_C2.3,de_lu,2024,point,r2,0.9055682565339095
G2_C2.3,de_lu,2024,point,mae,1845.4982378014838
G2_C2.3,de_lu,2024,point,smape,3.5102818325777108
G2_C2.3,de_lu,2024,quantile,wis,1144.4372083915891
G2_C2.3,de_lu,2024,quantile,lqs,572.2186041957946
G2_C2.3,de_lu,2024,quantile,mae_median,1815.3223169891849
G2_C2.3,de_lu,2024,quantile,cov50,64.62887067395265
G2_C2.3,de_lu,2024,quantile,cov95,98.10450819672131
G2_C2.3,de_lu,2024,ensemble,wis,1144.4372083915891
G2_C2.3,de_lu,2024,ensemble,lqs,572.2186041957946
G2_C2.3,de_lu,2024,ensemble,mae_median,1815.3223169891849
G2_C2.3,de_lu,2024,ensemble,cov50,64.62887067395265
G2_C2.3,de_lu,2024,ensemble,cov95,98.10450819672131
G2_C2.3,de_lu,2024,ensemble,crps,1395.4925332383036
G2_C2.3,de_lu,2024,ensemble,energy_score,15675.269810152739
G2_C2.3,de_lu,2025,point,rmse,2729.229916070015
G2_C2.3,de_lu,2025,point,r2,0.9130283606357885
G2_C2.3,de_lu,2025,point,mae,1803.4906214718962
G2_C2.3,de_lu,2025,point,smape,3.4080764981437457
G2_C2.3,de_lu,2025,quantile,wis,1116.201305196304
G2_C2.3,de_lu,2025,quantile,lqs,558.1006525981521
G2_C2.3,de_lu,2025,quantile,mae_median,1785.473829505137
G2_C2.3,de_lu,2025,quantile,cov50,65.03139269406392
G2_C2.3,de_lu,2025,quantile,cov95,98.42180365296804
G2_C2.3,de_lu,2025,ensemble,wis,1116.201305196304
G2_C2.3,de_lu,2025,ensemble,lqs,558.1006525981521
G2_C2.3,de_lu,2025,ensemble,mae_median,1785.473829505137
G2_C2.3,de_lu,2025,ensemble,cov50,65.03139269406392
G2_C2.3,de_lu,2025,ensemble,cov95,98.42180365296804
G2_C2.3,de_lu,2025,ensemble,crps,1366.6012829317126
G2_C2.3,de_lu,2025,ensemble,energy_score,15443.911328400658
G2_C2.3,de_lu,2026H1,point,rmse,3564.3389914703166
G2_C2.3,de_lu,2026H1,point,r2,0.8670700320178739
G2_C2.3,de_lu,2026H1,point,mae,2340.451077466032
G2_C2.3,de_lu,2026H1,point,smape,4.3376746026619575
G2_C2.3,de_lu,2026H1,quantile,wis,1442.6654164038719
G2_C2.3,de_lu,2026H1,quantile,lqs,721.332708201936
G2_C2.3,de_lu,2026H1,quantile,mae_median,2299.477815411938
G2_C2.3,de_lu,2026H1,quantile,cov50,64.13103070175438
G2_C2.3,de_lu,2026H1,quantile,cov95,97.06003289473685
G2_C2.3,de_lu,2026H1,ensemble,wis,1442.6654164038719
G2_C2.3,de_lu,2026H1,ensemble,lqs,721.332708201936
G2_C2.3,de_lu,2026H1,ensemble,mae_median,2299.477815411938
G2_C2.3,de_lu,2026H1,ensemble,cov50,64.13103070175438
G2_C2.3,de_lu,2026H1,ensemble,cov95,97.06003289473685
G2_C2.3,de_lu,2026H1,ensemble,crps,1762.8381620759176
G2_C2.3,de_lu,2026H1,ensemble,energy_score,19583.09120826504
G2_C2.3,lu,2024,point,rmse,29.37359045812106
G2_C2.3,lu,2024,point,r2,0.9106691636604372
G2_C2.3,lu,2024,point,mae,17.87606341210209
G2_C2.3,lu,2024,point,smape,3.2331203155996904
G2_C2.3,lu,2024,quantile,wis,11.01453720614185
G2_C2.3,lu,2024,quantile,lqs,5.507268603070925
G2_C2.3,lu,2024,quantile,mae_median,17.459549749544625
G2_C2.3,lu,2024,quantile,cov50,50.19922586520947
G2_C2.3,lu,2024,quantile,cov95,94.68636156648452
G2_C2.3,lu,2024,ensemble,wis,11.01453720614185
G2_C2.3,lu,2024,ensemble,lqs,5.507268603070925
G2_C2.3,lu,2024,ensemble,mae_median,17.459549749544625
G2_C2.3,lu,2024,ensemble,cov50,50.19922586520947
G2_C2.3,lu,2024,ensemble,cov95,94.68636156648452
G2_C2.3,lu,2024,ensemble,crps,13.172112975005575
G2_C2.3,lu,2024,ensemble,energy_score,151.39082735344022
G2_C2.3,lu,2025,point,rmse,30.177480852251797
G2_C2.3,lu,2025,point,r2,0.9064605416582249
G2_C2.3,lu,2025,point,mae,19.48723265044031
G2_C2.3,lu,2025,point,smape,3.5873807814121035
G2_C2.3,lu,2025,quantile,wis,11.849506591395548
G2_C2.3,lu,2025,quantile,lqs,5.924753295697775
G2_C2.3,lu,2025,quantile,mae_median,19.146543407534246
G2_C2.3,lu,2025,quantile,cov50,51.88356164383562
G2_C2.3,lu,2025,quantile,cov95,94.53481735159818
G2_C2.3,lu,2025,ensemble,wis,11.849506591395548
G2_C2.3,lu,2025,ensemble,lqs,5.924753295697775
G2_C2.3,lu,2025,ensemble,mae_median,19.146543407534246
G2_C2.3,lu,2025,ensemble,cov50,51.88356164383562
G2_C2.3,lu,2025,ensemble,cov95,94.53481735159818
G2_C2.3,lu,2025,ensemble,crps,14.320517377192505
G2_C2.3,lu,2025,ensemble,energy_score,164.96007342762744
G2_C2.3,lu,2026H1,point,rmse,42.94257442443509
G2_C2.3,lu,2026H1,point,r2,0.8148512087919945
G2_C2.3,lu,2026H1,point,mae,25.561020209002326
G2_C2.3,lu,2026H1,point,smape,4.815990898280195
G2_C2.3,lu,2026H1,quantile,wis,15.695138516097863
G2_C2.3,lu,2026H1,quantile,lqs,7.8475692580489325
G2_C2.3,lu,2026H1,quantile,mae_median,25.034692638500548
G2_C2.3,lu,2026H1,quantile,cov50,52.432839912280706
G2_C2.3,lu,2026H1,quantile,cov95,94.55866228070175
G2_C2.3,lu,2026H1,ensemble,wis,15.695138516097863
G2_C2.3,lu,2026H1,ensemble,lqs,7.8475692580489325
G2_C2.3,lu,2026H1,ensemble,mae_median,25.034692638500548
G2_C2.3,lu,2026H1,ensemble,cov50,52.432839912280706
G2_C2.3,lu,2026H1,ensemble,cov95,94.55866228070175
G2_C2.3,lu,2026H1,ensemble,crps,18.87574433686352
G2_C2.3,lu,2026H1,ensemble,energy_score,216.8530618376629
G2_C2.3,tennet,2024,point,rmse,830.4466327136537
G2_C2.3,tennet,2024,point,r2,0.9121061217644855
G2_C2.3,tennet,2024,point,mae,530.747652929569
G2_C2.3,tennet,2024,point,smape,3.3718079688670537
G2_C2.3,tennet,2024,quantile,wis,324.4253505236794
G2_C2.3,tennet,2024,quantile,lqs,162.2126752618397
G2_C2.3,tennet,2024,quantile,mae_median,523.6497091302368
G2_C2.3,tennet,2024,quantile,cov50,55.194102914389795
G2_C2.3,tennet,2024,quantile,cov95,96.36270491803278
G2_C2.3,tennet,2024,ensemble,wis,324.4253505236794
G2_C2.3,tennet,2024,ensemble,lqs,162.2126752618397
G2_C2.3,tennet,2024,ensemble,mae_median,523.6497091302368
G2_C2.3,tennet,2024,ensemble,cov50,55.194102914389795
G2_C2.3,tennet,2024,ensemble,cov95,96.36270491803278
G2_C2.3,tennet,2024,ensemble,crps,391.8413004860414
G2_C2.3,tennet,2024,ensemble,energy_score,4519.845298980354
G2_C2.3,tennet,2025,point,rmse,821.9012846449607
G2_C2.3,tennet,2025,point,r2,0.9167617387454767
G2_C2.3,tennet,2025,point,mae,543.8581980498478
G2_C2.3,tennet,2025,point,smape,3.4830408709215286
G2_C2.3,tennet,2025,quantile,wis,329.8457849486301
G2_C2.3,tennet,2025,quantile,lqs,164.92289247431506
G2_C2.3,tennet,2025,quantile,mae_median,538.2130555079908
G2_C2.3,tennet,2025,quantile,cov50,52.04908675799087
G2_C2.3,tennet,2025,quantile,cov95,96.05308219178083
G2_C2.3,tennet,2025,ensemble,wis,329.8457849486301
G2_C2.3,tennet,2025,ensemble,lqs,164.92289247431506
G2_C2.3,tennet,2025,ensemble,mae_median,538.2130555079908
G2_C2.3,tennet,2025,ensemble,cov50,52.04908675799087
G2_C2.3,tennet,2025,ensemble,cov95,96.05308219178083
G2_C2.3,tennet,2025,ensemble,crps,399.2054949205443
G2_C2.3,tennet,2025,ensemble,energy_score,4595.705833031281
G2_C2.3,tennet,2026H1,point,rmse,1187.1953317349444
G2_C2.3,tennet,2026H1,point,r2,0.8487844622195487
G2_C2.3,tennet,2026H1,point,mae,798.4751674237677
G2_C2.3,tennet,2026H1,point,smape,5.292065274566396
G2_C2.3,tennet,2026H1,quantile,wis,479.36295814144734
G2_C2.3,tennet,2026H1,quantile,lqs,239.6814790707237
G2_C2.3,tennet,2026H1,quantile,mae_median,783.2868126370614
G2_C2.3,tennet,2026H1,quantile,cov50,52.46025219298246
G2_C2.3,tennet,2026H1,quantile,cov95,95.18229166666666
G2_C2.3,tennet,2026H1,ensemble,wis,479.36295814144734
G2_C2.3,tennet,2026H1,ensemble,lqs,239.6814790707237
G2_C2.3,tennet,2026H1,ensemble,mae_median,783.2868126370614
G2_C2.3,tennet,2026H1,ensemble,cov50,52.46025219298246
G2_C2.3,tennet,2026H1,ensemble,cov95,95.18229166666666
G2_C2.3,tennet,2026H1,ensemble,crps,582.7516431449407
G2_C2.3,tennet,2026H1,ensemble,energy_score,6652.457202454712
G2_C2.3,transnetbw,2024,point,rmse,443.17040724857014
G2_C2.3,transnetbw,2024,point,r2,0.8953602395975689
G2_C2.3,transnetbw,2024,point,mae,260.31390013769624
G2_C2.3,transnetbw,2024,point,smape,4.124550279904864
G2_C2.3,transnetbw,2024,quantile,wis,160.15454772882515
G2_C2.3,transnetbw,2024,quantile,lqs,80.07727386441256
G2_C2.3,transnetbw,2024,quantile,mae_median,255.31093693078324
G2_C2.3,transnetbw,2024,quantile,cov50,56.036543715846996
G2_C2.3,transnetbw,2024,quantile,cov95,96.39116575591984
G2_C2.3,transnetbw,2024,ensemble,wis,160.15454772882515
G2_C2.3,transnetbw,2024,ensemble,lqs,80.07727386441256
G2_C2.3,transnetbw,2024,ensemble,mae_median,255.31093693078324
G2_C2.3,transnetbw,2024,ensemble,cov50,56.036543715846996
G2_C2.3,transnetbw,2024,ensemble,cov95,96.39116575591984
G2_C2.3,transnetbw,2024,ensemble,crps,193.09986678262683
G2_C2.3,transnetbw,2024,ensemble,energy_score,2220.533239511642
G2_C2.3,transnetbw,2025,point,rmse,436.2189168503335
G2_C2.3,transnetbw,2025,point,r2,0.8997659543596842
G2_C2.3,transnetbw,2025,point,mae,263.06659128655684
G2_C2.3,transnetbw,2025,point,smape,4.1940021349818215
G2_C2.3,transnetbw,2025,quantile,wis,161.2184375359589
G2_C2.3,transnetbw,2025,quantile,lqs,80.60921876797946
G2_C2.3,transnetbw,2025,quantile,mae_median,260.0445221432648
G2_C2.3,transnetbw,2025,quantile,cov50,53.74714611872145
G2_C2.3,transnetbw,2025,quantile,cov95,95.9332191780822
G2_C2.3,transnetbw,2025,ensemble,wis,161.2184375359589
G2_C2.3,transnetbw,2025,ensemble,lqs,80.60921876797946
G2_C2.3,transnetbw,2025,ensemble,mae_median,260.0445221432648
G2_C2.3,transnetbw,2025,ensemble,cov50,53.74714611872145
G2_C2.3,transnetbw,2025,ensemble,cov95,95.9332191780822
G2_C2.3,transnetbw,2025,ensemble,crps,194.46844556433723
G2_C2.3,transnetbw,2025,ensemble,energy_score,2253.1983896725947
G2_C2.3,transnetbw,2026H1,point,rmse,566.1065669423984
G2_C2.3,transnetbw,2026H1,point,r2,0.8245859997578496
G2_C2.3,transnetbw,2026H1,point,mae,342.9939974154135
G2_C2.3,transnetbw,2026H1,point,smape,5.064740652633643
G2_C2.3,transnetbw,2026H1,quantile,wis,214.14823412486294
G2_C2.3,transnetbw,2026H1,quantile,lqs,107.07411706243147
G2_C2.3,transnetbw,2026H1,quantile,mae_median,337.24526384320177
G2_C2.3,transnetbw,2026H1,quantile,cov50,56.19517543859649
G2_C2.3,transnetbw,2026H1,quantile,cov95,94.86019736842105
G2_C2.3,transnetbw,2026H1,ensemble,wis,214.14823412486294
G2_C2.3,transnetbw,2026H1,ensemble,lqs,107.07411706243147
G2_C2.3,transnetbw,2026H1,ensemble,mae_median,337.24526384320177
G2_C2.3,transnetbw,2026H1,ensemble,cov50,56.19517543859649
G2_C2.3,transnetbw,2026H1,ensemble,cov95,94.86019736842105
G2_C2.3,transnetbw,2026H1,ensemble,crps,257.3177403329753
G2_C2.3,transnetbw,2026H1,ensemble,energy_score,2932.1413914582795
G2_C2.3,50hertz,overall,point,rmse,898.950434635816
G2_C2.3,50hertz,overall,point,r2,0.7854619777444761
G2_C2.3,50hertz,overall,point,mae,684.0902247467598
G2_C2.3,50hertz,overall,point,smape,5.909385168795987
G2_C2.3,50hertz,overall,quantile,wis,402.7200208380521
G2_C2.3,50hertz,overall,quantile,lqs,201.36001041902608
G2_C2.3,50hertz,overall,quantile,mae_median,683.1480849141186
G2_C2.3,50hertz,overall,quantile,cov50,49.16595885239713
G2_C2.3,50hertz,overall,quantile,cov95,95.94068516421291
G2_C2.3,50hertz,overall,ensemble,wis,402.7200208380521
G2_C2.3,50hertz,overall,ensemble,lqs,201.36001041902608
G2_C2.3,50hertz,overall,ensemble,mae_median,683.1480849141186
G2_C2.3,50hertz,overall,ensemble,cov50,49.16595885239713
G2_C2.3,50hertz,overall,ensemble,cov95,95.94068516421291
G2_C2.3,50hertz,overall,ensemble,crps,493.2520245197456
G2_C2.3,50hertz,overall,ensemble,energy_score,5654.79017078264
G2_C2.3,amprion,overall,point,rmse,1176.0403376502713
G2_C2.3,amprion,overall,point,r2,0.875433532557446
G2_C2.3,amprion,overall,point,mae,806.5413327612158
G2_C2.3,amprion,overall,point,smape,4.271333597020215
G2_C2.3,amprion,overall,quantile,wis,489.2142034252015
G2_C2.3,amprion,overall,quantile,lqs,244.60710171260075
G2_C2.3,amprion,overall,quantile,mae_median,799.121071734027
G2_C2.3,amprion,overall,quantile,cov50,54.84026991317479
G2_C2.3,amprion,overall,quantile,cov95,96.56238203095508
G2_C2.3,amprion,overall,ensemble,wis,489.2142034252015
G2_C2.3,amprion,overall,ensemble,lqs,244.60710171260075
G2_C2.3,amprion,overall,ensemble,mae_median,799.121071734027
G2_C2.3,amprion,overall,ensemble,cov50,54.84026991317479
G2_C2.3,amprion,overall,ensemble,cov95,96.56238203095508
G2_C2.3,amprion,overall,ensemble,crps,594.5222208365404
G2_C2.3,amprion,overall,ensemble,energy_score,6895.80471977443
G2_C2.3,de_lu,overall,point,rmse,2932.8086473356366
G2_C2.3,de_lu,overall,point,r2,0.9022002592256161
G2_C2.3,de_lu,overall,point,mae,1913.3352159087449
G2_C2.3,de_lu,overall,point,smape,3.6104616219145256
G2_C2.3,de_lu,overall,quantile,wis,1184.102647747861
G2_C2.3,de_lu,overall,quantile,lqs,592.0513238739305
G2_C2.3,de_lu,overall,quantile,mae_median,1886.3267765912021
G2_C2.3,de_lu,overall,quantile,cov50,64.70956021140053
G2_C2.3,de_lu,overall,quantile,cov95,98.05587013967535
G2_C2.3,de_lu,overall,ensemble,wis,1184.102647747861
G2_C2.3,de_lu,overall,ensemble,lqs,592.0513238739305
G2_C2.3,de_lu,overall,ensemble,mae_median,1886.3267765912021
G2_C2.3,de_lu,overall,ensemble,cov50,64.70956021140053
G2_C2.3,de_lu,overall,ensemble,cov95,98.05587013967535
G2_C2.3,de_lu,overall,ensemble,crps,1446.7849785626659
G2_C2.3,de_lu,overall,ensemble,energy_score,16252.328707857789
G2_C2.3,lu,overall,point,rmse,32.42700353414532
G2_C2.3,lu,overall,point,r2,0.8922549347285847
G2_C2.3,lu,overall,point,mae,19.86495379162903
G2_C2.3,lu,overall,point,smape,3.6520346967876485
G2_C2.3,lu,overall,quantile,wis,12.165403825316156
G2_C2.3,lu,overall,quantile,lqs,6.082701912658079
G2_C2.3,lu,overall,quantile,mae_median,19.460879765725274
G2_C2.3,lu,overall,quantile,cov50,51.27996413741034
G2_C2.3,lu,overall,quantile,cov95,94.60173650434126
G2_C2.3,lu,overall,ensemble,wis,12.165403825316156
G2_C2.3,lu,overall,ensemble,lqs,6.082701912658079
G2_C2.3,lu,overall,ensemble,mae_median,19.460879765725274
G2_C2.3,lu,overall,ensemble,cov50,51.27996413741034
G2_C2.3,lu,overall,ensemble,cov95,94.60173650434126
G2_C2.3,lu,overall,ensemble,crps,14.628647033669944
G2_C2.3,lu,overall,ensemble,energy_score,168.2685560722173
G2_C2.3,tennet,overall,point,rmse,898.7269443913427
G2_C2.3,tennet,overall,point,r2,0.9017005480817367
G2_C2.3,tennet,overall,point,mae,582.2538037472585
G2_C2.3,tennet,overall,point,smape,3.7483415132794926
G2_C2.3,tennet,overall,quantile,wis,353.3369869030767
G2_C2.3,tennet,overall,quantile,lqs,176.6684934515383
G2_C2.3,tennet,overall,quantile,mae_median,574.3637081799735
G2_C2.3,tennet,overall,quantile,cov50,53.4234616836542
G2_C2.3,tennet,overall,quantile,cov95,96.03152132880332
G2_C2.3,tennet,overall,ensemble,wis,353.3369869030767
G2_C2.3,tennet,overall,ensemble,lqs,176.6684934515383
G2_C2.3,tennet,overall,ensemble,mae_median,574.3637081799735
G2_C2.3,tennet,overall,ensemble,cov50,53.4234616836542
G2_C2.3,tennet,overall,ensemble,cov95,96.03152132880332
G2_C2.3,tennet,overall,ensemble,crps,427.7487784619715
G2_C2.3,tennet,overall,ensemble,energy_score,4918.312008217829
G2_C2.3,transnetbw,overall,point,rmse,463.9307022700343
G2_C2.3,transnetbw,overall,point,r2,0.8873687101317131
G2_C2.3,transnetbw,overall,point,mae,275.68434980422757
G2_C2.3,transnetbw,overall,point,smape,4.315103919494744
G2_C2.3,transnetbw,overall,quantile,wis,169.88881739111457
G2_C2.3,transnetbw,overall,quantile,lqs,84.94440869555729
G2_C2.3,transnetbw,overall,quantile,mae_median,271.3718387351359
G2_C2.3,transnetbw,overall,quantile,cov50,55.11749716874292
G2_C2.3,transnetbw,overall,quantile,cov95,95.93832578331445
G2_C2.3,transnetbw,overall,ensemble,wis,169.88881739111457
G2_C2.3,transnetbw,overall,ensemble,lqs,84.94440869555729
G2_C2.3,transnetbw,overall,ensemble,mae_median,271.3718387351359
G2_C2.3,transnetbw,overall,ensemble,cov50,55.11749716874292
G2_C2.3,transnetbw,overall,ensemble,cov95,95.93832578331445
G2_C2.3,transnetbw,overall,ensemble,crps,204.72007973277096
G2_C2.3,transnetbw,overall,ensemble,energy_score,2356.5323549189316
G2_C3.1,50hertz,2024,point,rmse,850.7716353160748
G2_C3.1,50hertz,2024,point,r2,0.7919428744605349
G2_C3.1,50hertz,2024,point,mae,658.112584989483
G2_C3.1,50hertz,2024,point,smape,5.760318040228913
G2_C3.1,50hertz,2024,quantile,wis,385.22289737021856
G2_C3.1,50hertz,2024,quantile,lqs,192.6114486851093
G2_C3.1,50hertz,2024,quantile,mae_median,656.1364159266849
G2_C3.1,50hertz,2024,quantile,cov50,50.01707650273224
G2_C3.1,50hertz,2024,quantile,cov95,97.06284153005464
G2_C3.1,50hertz,2024,ensemble,wis,385.22289737021856
G2_C3.1,50hertz,2024,ensemble,lqs,192.6114486851093
G2_C3.1,50hertz,2024,ensemble,mae_median,656.1364159266849
G2_C3.1,50hertz,2024,ensemble,cov50,50.01707650273224
G2_C3.1,50hertz,2024,ensemble,cov95,97.06284153005464
G2_C3.1,50hertz,2024,ensemble,crps,472.7849728447466
G2_C3.1,50hertz,2024,ensemble,energy_score,5432.44043161208
G2_C3.1,50hertz,2025,point,rmse,942.7648097694637
G2_C3.1,50hertz,2025,point,r2,0.7494176469339908
G2_C3.1,50hertz,2025,point,mae,754.3566250190258
G2_C3.1,50hertz,2025,point,smape,6.556787674772827
G2_C3.1,50hertz,2025,quantile,wis,434.89747522831055
G2_C3.1,50hertz,2025,quantile,lqs,217.44873761415528
G2_C3.1,50hertz,2025,quantile,mae_median,748.9975625
G2_C3.1,50hertz,2025,quantile,cov50,47.47431506849315
G2_C3.1,50hertz,2025,quantile,cov95,97.2203196347032
G2_C3.1,50hertz,2025,ensemble,wis,434.89747522831055
G2_C3.1,50hertz,2025,ensemble,lqs,217.44873761415528
G2_C3.1,50hertz,2025,ensemble,mae_median,748.9975625
G2_C3.1,50hertz,2025,ensemble,cov50,47.47431506849315
G2_C3.1,50hertz,2025,ensemble,cov95,97.2203196347032
G2_C3.1,50hertz,2025,ensemble,crps,533.804533233674
G2_C3.1,50hertz,2025,ensemble,energy_score,6090.162329743851
G2_C3.1,50hertz,2026H1,point,rmse,985.0886444638088
G2_C3.1,50hertz,2026H1,point,r2,0.7912132579267156
G2_C3.1,50hertz,2026H1,point,mae,734.4373544864765
G2_C3.1,50hertz,2026H1,point,smape,6.08143918349812
G2_C3.1,50hertz,2026H1,quantile,wis,435.7703169682017
G2_C3.1,50hertz,2026H1,quantile,lqs,217.88515848410088
G2_C3.1,50hertz,2026H1,quantile,mae_median,728.0118754111842
G2_C3.1,50hertz,2026H1,quantile,cov50,52.72066885964912
G2_C3.1,50hertz,2026H1,quantile,cov95,95.73739035087719
G2_C3.1,50hertz,2026H1,ensemble,wis,435.7703169682017
G2_C3.1,50hertz,2026H1,ensemble,lqs,217.88515848410088
G2_C3.1,50hertz,2026H1,ensemble,mae_median,728.0118754111842
G2_C3.1,50hertz,2026H1,ensemble,cov50,52.72066885964912
G2_C3.1,50hertz,2026H1,ensemble,cov95,95.73739035087719
G2_C3.1,50hertz,2026H1,ensemble,crps,533.9236539056595
G2_C3.1,50hertz,2026H1,ensemble,energy_score,6026.371354122174
G2_C3.1,amprion,2024,point,rmse,1171.1235653127394
G2_C3.1,amprion,2024,point,r2,0.8743325307925625
G2_C3.1,amprion,2024,point,mae,789.9445212450939
G2_C3.1,amprion,2024,point,smape,4.300198434179882
G2_C3.1,amprion,2024,quantile,wis,482.41354251596084
G2_C3.1,amprion,2024,quantile,lqs,241.20677125798042
G2_C3.1,amprion,2024,quantile,mae_median,776.4612668876365
G2_C3.1,amprion,2024,quantile,cov50,54.095514571948996
G2_C3.1,amprion,2024,quantile,cov95,95.79633424408016
G2_C3.1,amprion,2024,ensemble,wis,482.41354251596084
G2_C3.1,amprion,2024,ensemble,lqs,241.20677125798042
G2_C3.1,amprion,2024,ensemble,mae_median,776.4612668876365
G2_C3.1,amprion,2024,ensemble,cov50,54.095514571948996
G2_C3.1,amprion,2024,ensemble,cov95,95.79633424408016
G2_C3.1,amprion,2024,ensemble,crps,584.220419087198
G2_C3.1,amprion,2024,ensemble,energy_score,6761.647659689431
G2_C3.1,amprion,2025,point,rmse,1026.490711911038
G2_C3.1,amprion,2025,point,r2,0.9001270360742349
G2_C3.1,amprion,2025,point,mae,723.5697713626332
G2_C3.1,amprion,2025,point,smape,3.782102624353452
G2_C3.1,amprion,2025,quantile,wis,430.05259171187214
G2_C3.1,amprion,2025,quantile,lqs,215.0262958559361
G2_C3.1,amprion,2025,quantile,mae_median,711.3388169914383
G2_C3.1,amprion,2025,quantile,cov50,53.03938356164384
G2_C3.1,amprion,2025,quantile,cov95,96.92351598173516
G2_C3.1,amprion,2025,ensemble,wis,430.05259171187214
G2_C3.1,amprion,2025,ensemble,lqs,215.0262958559361
G2_C3.1,amprion,2025,ensemble,mae_median,711.3388169914383
G2_C3.1,amprion,2025,ensemble,cov50,53.03938356164384
G2_C3.1,amprion,2025,ensemble,cov95,96.92351598173516
G2_C3.1,amprion,2025,ensemble,crps,524.5152800208897
G2_C3.1,amprion,2025,ensemble,energy_score,6195.171533647488
G2_C3.1,amprion,2026H1,point,rmse,1265.8738085808639
G2_C3.1,amprion,2026H1,point,r2,0.8635235145739845
G2_C3.1,amprion,2026H1,point,mae,887.6397304604938
G2_C3.1,amprion,2026H1,point,smape,4.503583567892613
G2_C3.1,amprion,2026H1,quantile,wis,538.096920361431
G2_C3.1,amprion,2026H1,quantile,lqs,269.0484601807155
G2_C3.1,amprion,2026H1,quantile,mae_median,886.8335329570997
G2_C3.1,amprion,2026H1,quantile,cov50,53.31003289473685
G2_C3.1,amprion,2026H1,quantile,cov95,95.59347587719299
G2_C3.1,amprion,2026H1,ensemble,wis,538.096920361431
G2_C3.1,amprion,2026H1,ensemble,lqs,269.0484601807155
G2_C3.1,amprion,2026H1,ensemble,mae_median,886.8335329570997
G2_C3.1,amprion,2026H1,ensemble,cov50,53.31003289473685
G2_C3.1,amprion,2026H1,ensemble,cov95,95.59347587719299
G2_C3.1,amprion,2026H1,ensemble,crps,656.674627914645
G2_C3.1,amprion,2026H1,ensemble,energy_score,7581.27393916385
G2_C3.1,de_lu,2024,point,rmse,2796.9976046737297
G2_C3.1,de_lu,2024,point,r2,0.9081928849450166
G2_C3.1,de_lu,2024,point,mae,1831.2274883485072
G2_C3.1,de_lu,2024,point,smape,3.4881464476236697
G2_C3.1,de_lu,2024,quantile,wis,1138.0154196993399
G2_C3.1,de_lu,2024,quantile,lqs,569.0077098496698
G2_C3.1,de_lu,2024,quantile,mae_median,1797.5977050818533
G2_C3.1,de_lu,2024,quantile,cov50,64.1421903460838
G2_C3.1,de_lu,2024,quantile,cov95,98.00204918032787
G2_C3.1,de_lu,2024,ensemble,wis,1138.0154196993399
G2_C3.1,de_lu,2024,ensemble,lqs,569.0077098496698
G2_C3.1,de_lu,2024,ensemble,mae_median,1797.5977050818533
G2_C3.1,de_lu,2024,ensemble,cov50,64.1421903460838
G2_C3.1,de_lu,2024,ensemble,cov95,98.00204918032787
G2_C3.1,de_lu,2024,ensemble,crps,1388.37526140851
G2_C3.1,de_lu,2024,ensemble,energy_score,15645.84670588424
G2_C3.1,de_lu,2025,point,rmse,2708.369249423985
G2_C3.1,de_lu,2025,point,r2,0.9143528021451298
G2_C3.1,de_lu,2025,point,mae,1864.7275913057185
G2_C3.1,de_lu,2025,point,smape,3.5068731774386768
G2_C3.1,de_lu,2025,quantile,wis,1134.3041733913242
G2_C3.1,de_lu,2025,quantile,lqs,567.1520866956622
G2_C3.1,de_lu,2025,quantile,mae_median,1819.783476283105
G2_C3.1,de_lu,2025,quantile,cov50,63.852739726027394
G2_C3.1,de_lu,2025,quantile,cov95,98.55593607305936
G2_C3.1,de_lu,2025,ensemble,wis,1134.3041733913242
G2_C3.1,de_lu,2025,ensemble,lqs,567.1520866956622
G2_C3.1,de_lu,2025,ensemble,mae_median,1819.783476283105
G2_C3.1,de_lu,2025,ensemble,cov50,63.852739726027394
G2_C3.1,de_lu,2025,ensemble,cov95,98.55593607305936
G2_C3.1,de_lu,2025,ensemble,crps,1388.8768590805441
G2_C3.1,de_lu,2025,ensemble,energy_score,15824.09970118232
G2_C3.1,de_lu,2026H1,point,rmse,3394.494731476758
G2_C3.1,de_lu,2026H1,point,r2,0.8794366866054184
G2_C3.1,de_lu,2026H1,point,mae,2271.500484077717
G2_C3.1,de_lu,2026H1,point,smape,4.166807216974871
G2_C3.1,de_lu,2026H1,quantile,wis,1406.329629023273
G2_C3.1,de_lu,2026H1,quantile,lqs,703.1648145116367
G2_C3.1,de_lu,2026H1,quantile,mae_median,2240.5122638505345
G2_C3.1,de_lu,2026H1,quantile,cov50,64.04194078947368
G2_C3.1,de_lu,2026H1,quantile,cov95,97.36842105263158
G2_C3.1,de_lu,2026H1,ensemble,wis,1406.329629023273
G2_C3.1,de_lu,2026H1,ensemble,lqs,703.1648145116367
G2_C3.1,de_lu,2026H1,ensemble,mae_median,2240.5122638505345
G2_C3.1,de_lu,2026H1,ensemble,cov50,64.04194078947368
G2_C3.1,de_lu,2026H1,ensemble,cov95,97.36842105263158
G2_C3.1,de_lu,2026H1,ensemble,crps,1721.4846882530603
G2_C3.1,de_lu,2026H1,ensemble,energy_score,19354.6971206537
G2_C3.1,lu,2024,point,rmse,28.90293031125387
G2_C3.1,lu,2024,point,r2,0.9135089676875763
G2_C3.1,lu,2024,point,mae,18.245861344218927
G2_C3.1,lu,2024,point,smape,3.307809566965981
G2_C3.1,lu,2024,quantile,wis,11.186755134335154
G2_C3.1,lu,2024,quantile,lqs,5.593377567167577
G2_C3.1,lu,2024,quantile,mae_median,17.849889628870677
G2_C3.1,lu,2024,quantile,cov50,53.18761384335154
G2_C3.1,lu,2024,quantile,cov95,96.01548269581056
G2_C3.1,lu,2024,ensemble,wis,11.186755134335154
G2_C3.1,lu,2024,ensemble,lqs,5.593377567167577
G2_C3.1,lu,2024,ensemble,mae_median,17.849889628870677
G2_C3.1,lu,2024,ensemble,cov50,53.18761384335154
G2_C3.1,lu,2024,ensemble,cov95,96.01548269581056
G2_C3.1,lu,2024,ensemble,crps,13.4748278771132
G2_C3.1,lu,2024,ensemble,energy_score,154.7041963254956
G2_C3.1,lu,2025,point,rmse,29.087453930355384
G2_C3.1,lu,2025,point,r2,0.9130958929421915
G2_C3.1,lu,2025,point,mae,19.756544842628834
G2_C3.1,lu,2025,point,smape,3.6095024962837985
G2_C3.1,lu,2025,quantile,wis,11.865275102739725
G2_C3.1,lu,2025,quantile,lqs,5.932637551369863
G2_C3.1,lu,2025,quantile,mae_median,19.26914375
G2_C3.1,lu,2025,quantile,cov50,52.12043378995433
G2_C3.1,lu,2025,quantile,cov95,96.60673515981735
G2_C3.1,lu,2025,ensemble,wis,11.865275102739725
G2_C3.1,lu,2025,ensemble,lqs,5.932637551369863
G2_C3.1,lu,2025,ensemble,mae_median,19.26914375
G2_C3.1,lu,2025,ensemble,cov50,52.12043378995433
G2_C3.1,lu,2025,ensemble,cov95,96.60673515981735
G2_C3.1,lu,2025,ensemble,crps,14.393216082365214
G2_C3.1,lu,2025,ensemble,energy_score,165.76614083737482
G2_C3.1,lu,2026H1,point,rmse,40.843908931668985
G2_C3.1,lu,2026H1,point,r2,0.8325059725882508
G2_C3.1,lu,2026H1,point,mae,26.187121183822185
G2_C3.1,lu,2026H1,point,smape,4.885944106637698
G2_C3.1,lu,2026H1,quantile,wis,15.80638341321272
G2_C3.1,lu,2026H1,quantile,lqs,7.90319170660636
G2_C3.1,lu,2026H1,quantile,mae_median,25.464345599163927
G2_C3.1,lu,2026H1,quantile,cov50,51.76809210526315
G2_C3.1,lu,2026H1,quantile,cov95,95.62088815789474
G2_C3.1,lu,2026H1,ensemble,wis,15.80638341321272
G2_C3.1,lu,2026H1,ensemble,lqs,7.90319170660636
G2_C3.1,lu,2026H1,ensemble,mae_median,25.464345599163927
G2_C3.1,lu,2026H1,ensemble,cov50,51.76809210526315
G2_C3.1,lu,2026H1,ensemble,cov95,95.62088815789474
G2_C3.1,lu,2026H1,ensemble,crps,19.12160155690923
G2_C3.1,lu,2026H1,ensemble,energy_score,219.8678779880228
G2_C3.1,tennet,2024,point,rmse,820.9779259251269
G2_C3.1,tennet,2024,point,r2,0.9140990174999303
G2_C3.1,tennet,2024,point,mae,540.9590761612021
G2_C3.1,tennet,2024,point,smape,3.4516066007841384
G2_C3.1,tennet,2024,quantile,wis,326.24385348360653
G2_C3.1,tennet,2024,quantile,lqs,163.12192674180326
G2_C3.1,tennet,2024,quantile,mae_median,530.3944757513661
G2_C3.1,tennet,2024,quantile,cov50,52.59847449908926
G2_C3.1,tennet,2024,quantile,cov95,96.54200819672131
G2_C3.1,tennet,2024,ensemble,wis,326.24385348360653
G2_C3.1,tennet,2024,ensemble,lqs,163.12192674180326
G2_C3.1,tennet,2024,ensemble,mae_median,530.3944757513661
G2_C3.1,tennet,2024,ensemble,cov50,52.59847449908926
G2_C3.1,tennet,2024,ensemble,cov95,96.54200819672131
G2_C3.1,tennet,2024,ensemble,crps,394.62128713978
G2_C3.1,tennet,2024,ensemble,energy_score,4563.063966775052
G2_C3.1,tennet,2025,point,rmse,836.3607894451864
G2_C3.1,tennet,2025,point,r2,0.9138071960574111
G2_C3.1,tennet,2025,point,mae,565.9761922442378
G2_C3.1,tennet,2025,point,smape,3.6154830753682803
G2_C3.1,tennet,2025,quantile,wis,338.8780502111872
G2_C3.1,tennet,2025,quantile,lqs,169.43902510559363
G2_C3.1,tennet,2025,quantile,mae_median,552.9526488299086
G2_C3.1,tennet,2025,quantile,cov50,52.55422374429224
G2_C3.1,tennet,2025,quantile,cov95,96.38413242009133
G2_C3.1,tennet,2025,ensemble,wis,338.8780502111872
G2_C3.1,tennet,2025,ensemble,lqs,169.43902510559363
G2_C3.1,tennet,2025,ensemble,mae_median,552.9526488299086
G2_C3.1,tennet,2025,ensemble,cov50,52.55422374429224
G2_C3.1,tennet,2025,ensemble,cov95,96.38413242009133
G2_C3.1,tennet,2025,ensemble,crps,411.43019141680645
G2_C3.1,tennet,2025,ensemble,energy_score,4784.6179681068015
G2_C3.1,tennet,2026H1,point,rmse,1153.1952841282155
G2_C3.1,tennet,2026H1,point,r2,0.8573217501957064
G2_C3.1,tennet,2026H1,point,mae,788.6183465826023
G2_C3.1,tennet,2026H1,point,smape,5.1430771124765595
G2_C3.1,tennet,2026H1,quantile,wis,479.16987308114034
G2_C3.1,tennet,2026H1,quantile,lqs,239.58493654057014
G2_C3.1,tennet,2026H1,quantile,mae_median,775.737578125
G2_C3.1,tennet,2026H1,quantile,cov50,53.09758771929825
G2_C3.1,tennet,2026H1,quantile,cov95,94.78481359649122
G2_C3.1,tennet,2026H1,ensemble,wis,479.16987308114034
G2_C3.1,tennet,2026H1,ensemble,lqs,239.58493654057014
G2_C3.1,tennet,2026H1,ensemble,mae_median,775.737578125
G2_C3.1,tennet,2026H1,ensemble,cov50,53.09758771929825
G2_C3.1,tennet,2026H1,ensemble,cov95,94.78481359649122
G2_C3.1,tennet,2026H1,ensemble,crps,582.6552463680282
G2_C3.1,tennet,2026H1,ensemble,energy_score,6773.736305698512
G2_C3.1,transnetbw,2024,point,rmse,443.3898092704766
G2_C3.1,transnetbw,2024,point,r2,0.8952566051597859
G2_C3.1,transnetbw,2024,point,mae,277.96621297380517
G2_C3.1,transnetbw,2024,point,smape,4.39222818886253
G2_C3.1,transnetbw,2024,quantile,wis,168.3587530737705
G2_C3.1,transnetbw,2024,quantile,lqs,84.17937653688526
G2_C3.1,transnetbw,2024,quantile,mae_median,269.85961976320584
G2_C3.1,transnetbw,2024,quantile,cov50,53.87921220400729
G2_C3.1,transnetbw,2024,quantile,cov95,96.3285519125683
G2_C3.1,transnetbw,2024,ensemble,wis,168.3587530737705
G2_C3.1,transnetbw,2024,ensemble,lqs,84.17937653688526
G2_C3.1,transnetbw,2024,ensemble,mae_median,269.85961976320584
G2_C3.1,transnetbw,2024,ensemble,cov50,53.87921220400729
G2_C3.1,transnetbw,2024,ensemble,cov95,96.3285519125683
G2_C3.1,transnetbw,2024,ensemble,crps,203.189151508205
G2_C3.1,transnetbw,2024,ensemble,energy_score,2361.562230649012
G2_C3.1,transnetbw,2025,point,rmse,445.07811698321177
G2_C3.1,transnetbw,2025,point,r2,0.8956532916750108
G2_C3.1,transnetbw,2025,point,mae,282.7498434807839
G2_C3.1,transnetbw,2025,point,smape,4.446394316267948
G2_C3.1,transnetbw,2025,quantile,wis,171.54641889554796
G2_C3.1,transnetbw,2025,quantile,lqs,85.77320944777398
G2_C3.1,transnetbw,2025,quantile,mae_median,277.61326149828767
G2_C3.1,transnetbw,2025,quantile,cov50,53.002283105022826
G2_C3.1,transnetbw,2025,quantile,cov95,96.23858447488584
G2_C3.1,transnetbw,2025,ensemble,wis,171.54641889554796
G2_C3.1,transnetbw,2025,ensemble,lqs,85.77320944777398
G2_C3.1,transnetbw,2025,ensemble,mae_median,277.61326149828767
G2_C3.1,transnetbw,2025,ensemble,cov50,53.002283105022826
G2_C3.1,transnetbw,2025,ensemble,cov95,96.23858447488584
G2_C3.1,transnetbw,2025,ensemble,crps,207.1845811253158
G2_C3.1,transnetbw,2025,ensemble,energy_score,2440.1287701801575
G2_C3.1,transnetbw,2026H1,point,rmse,561.628766984788
G2_C3.1,transnetbw,2026H1,point,r2,0.8273500106026831
G2_C3.1,transnetbw,2026H1,point,mae,360.55317034121765
G2_C3.1,transnetbw,2026H1,point,smape,5.284015003530622
G2_C3.1,transnetbw,2026H1,quantile,wis,218.93675172697368
G2_C3.1,transnetbw,2026H1,quantile,lqs,109.46837586348684
G2_C3.1,transnetbw,2026H1,quantile,mae_median,354.0800801809211
G2_C3.1,transnetbw,2026H1,quantile,cov50,52.63157894736842
G2_C3.1,transnetbw,2026H1,quantile,cov95,94.9766995614035
G2_C3.1,transnetbw,2026H1,ensemble,wis,218.93675172697368
G2_C3.1,transnetbw,2026H1,ensemble,lqs,109.46837586348684
G2_C3.1,transnetbw,2026H1,ensemble,mae_median,354.0800801809211
G2_C3.1,transnetbw,2026H1,ensemble,cov50,52.63157894736842
G2_C3.1,transnetbw,2026H1,ensemble,cov95,94.9766995614035
G2_C3.1,transnetbw,2026H1,ensemble,crps,265.2195479326416
G2_C3.1,transnetbw,2026H1,ensemble,energy_score,3066.9770139823468
G2_C3.1,50hertz,overall,point,rmse,913.488997329279
G2_C3.1,50hertz,overall,point,r2,0.7784664939465967
G2_C3.1,50hertz,overall,point,mae,711.0349401132952
G2_C3.1,50hertz,overall,point,smape,6.1448274744140186
G2_C3.1,50hertz,overall,quantile,wis,414.4578109569649
G2_C3.1,50hertz,overall,quantile,lqs,207.22890547848246
G2_C3.1,50hertz,overall,quantile,mae_median,706.8945001179691
G2_C3.1,50hertz,overall,quantile,cov50,49.43138920347301
G2_C3.1,50hertz,overall,quantile,cov95,96.89977349943375
G2_C3.1,50hertz,overall,ensemble,wis,414.4578109569649
G2_C3.1,50hertz,overall,ensemble,lqs,207.22890547848246
G2_C3.1,50hertz,overall,ensemble,mae_median,706.8945001179691
G2_C3.1,50hertz,overall,ensemble,cov50,49.43138920347301
G2_C3.1,50hertz,overall,ensemble,cov95,96.89977349943375
G2_C3.1,50hertz,overall,ensemble,crps,508.5326728030901
G2_C3.1,50hertz,overall,ensemble,energy_score,5806.558204023893
G2_C3.1,amprion,overall,point,rmse,1131.3232200385098
G2_C3.1,amprion,overall,point,r2,0.8847263315527027
G2_C3.1,amprion,overall,point,mae,779.3249154621295
G2_C3.1,amprion,overall,point,smape,4.121047324030039
G2_C3.1,amprion,overall,quantile,wis,470.35479550465743
G2_C3.1,amprion,overall,quantile,lqs,235.17739775232872
G2_C3.1,amprion,overall,quantile,mae_median,768.5415502743252
G2_C3.1,amprion,overall,quantile,cov50,53.523735371838434
G2_C3.1,amprion,overall,quantile,cov95,96.22734994337486
G2_C3.1,amprion,overall,ensemble,wis,470.35479550465743
G2_C3.1,amprion,overall,ensemble,lqs,235.17739775232872
G2_C3.1,amprion,overall,ensemble,mae_median,768.5415502743252
G2_C3.1,amprion,overall,ensemble,cov50,53.523735371838434
G2_C3.1,amprion,overall,ensemble,cov95,96.22734994337486
G2_C3.1,amprion,overall,ensemble,crps,572.0127905283864
G2_C3.1,amprion,overall,ensemble,energy_score,6668.577907112764
G2_C3.1,de_lu,overall,point,rmse,2873.729037671282
G2_C3.1,de_lu,overall,point,r2,0.9061008026182377
G2_C3.1,de_lu,overall,point,mae,1920.8639922332434
G2_C3.1,de_lu,overall,point,smape,3.6127123517277018
G2_C3.1,de_lu,overall,quantile,wis,1182.6690492744385
G2_C3.1,de_lu,overall,quantile,lqs,591.3345246372194
G2_C3.1,de_lu,overall,quantile,mae_median,1883.0119966122004
G2_C3.1,de_lu,overall,quantile,cov50,64.00528501321253
G2_C3.1,de_lu,overall,quantile,cov95,98.12193280483201
G2_C3.1,de_lu,overall,ensemble,wis,1182.6690492744385
G2_C3.1,de_lu,overall,ensemble,lqs,591.3345246372194
G2_C3.1,de_lu,overall,ensemble,mae_median,1883.0119966122004
G2_C3.1,de_lu,overall,ensemble,cov50,64.00528501321253
G2_C3.1,de_lu,overall,ensemble,cov95,98.12193280483201
G2_C3.1,de_lu,overall,ensemble,crps,1445.9242036855928
G2_C3.1,de_lu,overall,ensemble,energy_score,16357.973100367542
G2_C3.1,lu,overall,point,rmse,31.355525863150703
G2_C3.1,lu,overall,point,r2,0.8992576845914149
G2_C3.1,lu,overall,point,mae,20.237334699303084
G2_C3.1,lu,overall,point,smape,3.7041791810442417
G2_C3.1,lu,overall,quantile,wis,12.262455345951302
G2_C3.1,lu,overall,quantile,lqs,6.131227672975651
G2_C3.1,lu,overall,quantile,mae_median,19.74731325480134
G2_C3.1,lu,overall,quantile,cov50,52.50212344280861
G2_C3.1,lu,overall,quantile,cov95,96.19195922989807
G2_C3.1,lu,overall,ensemble,wis,12.262455345951302
G2_C3.1,lu,overall,ensemble,lqs,6.131227672975651
G2_C3.1,lu,overall,ensemble,mae_median,19.74731325480134
G2_C3.1,lu,overall,ensemble,cov50,52.50212344280861
G2_C3.1,lu,overall,ensemble,cov95,96.19195922989807
G2_C3.1,lu,overall,ensemble,crps,14.826494122012386
G2_C3.1,lu,overall,ensemble,energy_score,170.49410499994642
G2_C3.1,tennet,overall,point,rmse,892.9963010318326
G2_C3.1,tennet,overall,point,r2,0.9029501448155413
G2_C3.1,tennet,overall,point,mae,593.9324130517581
G2_C3.1,tennet,overall,point,smape,3.8105176211697103
G2_C3.1,tennet,overall,quantile,wis,357.79112051009815
G2_C3.1,tennet,overall,quantile,lqs,178.89556025504908
G2_C3.1,tennet,overall,quantile,mae_median,581.952669108626
G2_C3.1,tennet,overall,quantile,cov50,52.66610041525104
G2_C3.1,tennet,overall,quantile,cov95,96.17426387315969
G2_C3.1,tennet,overall,ensemble,wis,357.79112051009815
G2_C3.1,tennet,overall,ensemble,lqs,178.89556025504908
G2_C3.1,tennet,overall,ensemble,mae_median,581.952669108626
G2_C3.1,tennet,overall,ensemble,cov50,52.66610041525104
G2_C3.1,tennet,overall,ensemble,cov95,96.17426387315969
G2_C3.1,tennet,overall,ensemble,crps,433.93772186662983
G2_C3.1,tennet,overall,ensemble,energy_score,5035.192399393913
G2_C3.1,transnetbw,overall,point,rmse,466.55162945708014
G2_C3.1,transnetbw,overall,point,r2,0.886092518431972
G2_C3.1,transnetbw,overall,point,mae,294.16014576530455
G2_C3.1,transnetbw,overall,point,smape,4.568131056736288
G2_C3.1,transnetbw,overall,quantile,wis,178.38293633564552
G2_C3.1,transnetbw,overall,quantile,lqs,89.19146816782278
G2_C3.1,transnetbw,overall,quantile,mae_median,287.5624388082767
G2_C3.1,transnetbw,overall,quantile,cov50,53.30195356738392
G2_C3.1,transnetbw,overall,quantile,cov95,96.05865420913553
G2_C3.1,transnetbw,overall,ensemble,wis,178.38293633564552
G2_C3.1,transnetbw,overall,ensemble,lqs,89.19146816782278
G2_C3.1,transnetbw,overall,ensemble,mae_median,287.5624388082767
G2_C3.1,transnetbw,overall,ensemble,cov50,53.30195356738392
G2_C3.1,transnetbw,overall,ensemble,cov95,96.05865420913553
G2_C3.1,transnetbw,overall,ensemble,crps,215.51865554757057
G2_C3.1,transnetbw,overall,ensemble,energy_score,2515.469177416322
G2_C3.2,50hertz,2024,point,rmse,851.8445578059449
G2_C3.2,50hertz,2024,point,r2,0.7914177748475811
G2_C3.2,50hertz,2024,point,mae,657.416200545906
G2_C3.2,50hertz,2024,point,smape,5.7472383533708475
G2_C3.2,50hertz,2024,quantile,wis,383.61968288934423
G2_C3.2,50hertz,2024,quantile,lqs,191.80984144467214
G2_C3.2,50hertz,2024,quantile,mae_median,655.70971909153
G2_C3.2,50hertz,2024,quantile,cov50,46.53346994535519
G2_C3.2,50hertz,2024,quantile,cov95,95.9841757741348
G2_C3.2,50hertz,2024,ensemble,wis,383.61968288934423
G2_C3.2,50hertz,2024,ensemble,lqs,191.80984144467214
G2_C3.2,50hertz,2024,ensemble,mae_median,655.70971909153
G2_C3.2,50hertz,2024,ensemble,cov50,46.53346994535519
G2_C3.2,50hertz,2024,ensemble,cov95,95.9841757741348
G2_C3.2,50hertz,2024,ensemble,crps,469.66440655280786
G2_C3.2,50hertz,2024,ensemble,energy_score,5403.403471844592
G2_C3.2,50hertz,2025,point,rmse,946.5586091156638
G2_C3.2,50hertz,2025,point,r2,0.7473968418700838
G2_C3.2,50hertz,2025,point,mae,753.8071460154382
G2_C3.2,50hertz,2025,point,smape,6.5475457870471825
G2_C3.2,50hertz,2025,quantile,wis,434.8508447945205
G2_C3.2,50hertz,2025,quantile,lqs,217.42542239726032
G2_C3.2,50hertz,2025,quantile,mae_median,747.7159820776257
G2_C3.2,50hertz,2025,quantile,cov50,46.19006849315068
G2_C3.2,50hertz,2025,quantile,cov95,96.47831050228311
G2_C3.2,50hertz,2025,ensemble,wis,434.8508447945205
G2_C3.2,50hertz,2025,ensemble,lqs,217.42542239726032
G2_C3.2,50hertz,2025,ensemble,mae_median,747.7159820776257
G2_C3.2,50hertz,2025,ensemble,cov50,46.19006849315068
G2_C3.2,50hertz,2025,ensemble,cov95,96.47831050228311
G2_C3.2,50hertz,2025,ensemble,crps,534.1482248835151
G2_C3.2,50hertz,2025,ensemble,energy_score,6101.144762106145
G2_C3.2,50hertz,2026H1,point,rmse,987.9561336990758
G2_C3.2,50hertz,2026H1,point,r2,0.7899959764040471
G2_C3.2,50hertz,2026H1,point,mae,739.2732993355784
G2_C3.2,50hertz,2026H1,point,smape,6.108577206935376
G2_C3.2,50hertz,2026H1,quantile,wis,436.85391968201753
G2_C3.2,50hertz,2026H1,quantile,lqs,218.4269598410088
G2_C3.2,50hertz,2026H1,quantile,mae_median,734.4865012335526
G2_C3.2,50hertz,2026H1,quantile,cov50,52.432839912280706
G2_C3.2,50hertz,2026H1,quantile,cov95,95.703125
G2_C3.2,50hertz,2026H1,ensemble,wis,436.85391968201753
G2_C3.2,50hertz,2026H1,ensemble,lqs,218.4269598410088
G2_C3.2,50hertz,2026H1,ensemble,mae_median,734.4865012335526
G2_C3.2,50hertz,2026H1,ensemble,cov50,52.432839912280706
G2_C3.2,50hertz,2026H1,ensemble,cov95,95.703125
G2_C3.2,50hertz,2026H1,ensemble,crps,535.9949278662305
G2_C3.2,50hertz,2026H1,ensemble,energy_score,6039.73778415028
G2_C3.2,amprion,2024,point,rmse,1178.6231885705545
G2_C3.2,amprion,2024,point,r2,0.8727178825110669
G2_C3.2,amprion,2024,point,mae,798.1236885301468
G2_C3.2,amprion,2024,point,smape,4.3319058015291665
G2_C3.2,amprion,2024,quantile,wis,480.29854651295534
G2_C3.2,amprion,2024,quantile,lqs,240.14927325647767
G2_C3.2,amprion,2024,quantile,mae_median,779.2328571410519
G2_C3.2,amprion,2024,quantile,cov50,50.96197632058288
G2_C3.2,amprion,2024,quantile,cov95,95.34380692167578
G2_C3.2,amprion,2024,ensemble,wis,480.29854651295534
G2_C3.2,amprion,2024,ensemble,lqs,240.14927325647767
G2_C3.2,amprion,2024,ensemble,mae_median,779.2328571410519
G2_C3.2,amprion,2024,ensemble,cov50,50.96197632058288
G2_C3.2,amprion,2024,ensemble,cov95,95.34380692167578
G2_C3.2,amprion,2024,ensemble,crps,580.827580965141
G2_C3.2,amprion,2024,ensemble,energy_score,6737.309473835932
G2_C3.2,amprion,2025,point,rmse,1011.0069895999014
G2_C3.2,amprion,2025,point,r2,0.9031173059927774
G2_C3.2,amprion,2025,point,mae,713.6620972994673
G2_C3.2,amprion,2025,point,smape,3.71971498631874
G2_C3.2,amprion,2025,quantile,wis,423.36164824954335
G2_C3.2,amprion,2025,quantile,lqs,211.6808241247717
G2_C3.2,amprion,2025,quantile,mae_median,701.7788123898401
G2_C3.2,amprion,2025,quantile,cov50,50.91038812785388
G2_C3.2,amprion,2025,quantile,cov95,96.47260273972603
G2_C3.2,amprion,2025,ensemble,wis,423.36164824954335
G2_C3.2,amprion,2025,ensemble,lqs,211.6808241247717
G2_C3.2,amprion,2025,ensemble,mae_median,701.7788123898401
G2_C3.2,amprion,2025,ensemble,cov50,50.91038812785388
G2_C3.2,amprion,2025,ensemble,cov95,96.47260273972603
G2_C3.2,amprion,2025,ensemble,crps,516.3115957876026
G2_C3.2,amprion,2025,ensemble,energy_score,6108.610828842623
G2_C3.2,amprion,2026H1,point,rmse,1261.01900148542
G2_C3.2,amprion,2026H1,point,r2,0.864568320913613
G2_C3.2,amprion,2026H1,point,mae,881.6036910056065
G2_C3.2,amprion,2026H1,point,smape,4.461539269966411
G2_C3.2,amprion,2026H1,quantile,wis,533.1290540653782
G2_C3.2,amprion,2026H1,quantile,lqs,266.56452703268917
G2_C3.2,amprion,2026H1,quantile,mae_median,878.6055333874725
G2_C3.2,amprion,2026H1,quantile,cov50,51.11019736842105
G2_C3.2,amprion,2026H1,quantile,cov95,95.24396929824562
G2_C3.2,amprion,2026H1,ensemble,wis,533.1290540653782
G2_C3.2,amprion,2026H1,ensemble,lqs,266.56452703268917
G2_C3.2,amprion,2026H1,ensemble,mae_median,878.6055333874725
G2_C3.2,amprion,2026H1,ensemble,cov50,51.11019736842105
G2_C3.2,amprion,2026H1,ensemble,cov95,95.24396929824562
G2_C3.2,amprion,2026H1,ensemble,crps,650.0074629760304
G2_C3.2,amprion,2026H1,ensemble,energy_score,7509.862419622211
G2_C3.2,de_lu,2024,point,rmse,2846.103072160461
G2_C3.2,de_lu,2024,point,r2,0.9049409653435617
G2_C3.2,de_lu,2024,point,mae,1859.447607012745
G2_C3.2,de_lu,2024,point,smape,3.531108919232139
G2_C3.2,de_lu,2024,quantile,wis,1136.4611867271005
G2_C3.2,de_lu,2024,quantile,lqs,568.2305933635502
G2_C3.2,de_lu,2024,quantile,mae_median,1819.076655510815
G2_C3.2,de_lu,2024,quantile,cov50,60.76958105646631
G2_C3.2,de_lu,2024,quantile,cov95,98.06750910746813
G2_C3.2,de_lu,2024,ensemble,wis,1136.4611867271005
G2_C3.2,de_lu,2024,ensemble,lqs,568.2305933635502
G2_C3.2,de_lu,2024,ensemble,mae_median,1819.076655510815
G2_C3.2,de_lu,2024,ensemble,cov50,60.76958105646631
G2_C3.2,de_lu,2024,ensemble,cov95,98.06750910746813
G2_C3.2,de_lu,2024,ensemble,crps,1384.0947755694444
G2_C3.2,de_lu,2024,ensemble,energy_score,15609.341254694855
G2_C3.2,de_lu,2025,point,rmse,2681.168780306369
G2_C3.2,de_lu,2025,point,r2,0.9160644930583105
G2_C3.2,de_lu,2025,point,mae,1844.0901799588496
G2_C3.2,de_lu,2025,point,smape,3.4618078583124308
G2_C3.2,de_lu,2025,quantile,wis,1117.5048462321918
G2_C3.2,de_lu,2025,quantile,lqs,558.752423116096
G2_C3.2,de_lu,2025,quantile,mae_median,1800.608181700913
G2_C3.2,de_lu,2025,quantile,cov50,61.82077625570776
G2_C3.2,de_lu,2025,quantile,cov95,98.43607305936072
G2_C3.2,de_lu,2025,ensemble,wis,1117.5048462321918
G2_C3.2,de_lu,2025,ensemble,lqs,558.752423116096
G2_C3.2,de_lu,2025,ensemble,mae_median,1800.608181700913
G2_C3.2,de_lu,2025,ensemble,cov50,61.82077625570776
G2_C3.2,de_lu,2025,ensemble,cov95,98.43607305936072
G2_C3.2,de_lu,2025,ensemble,crps,1367.2964847765638
G2_C3.2,de_lu,2025,ensemble,energy_score,15561.146267329375
G2_C3.2,de_lu,2026H1,point,rmse,3410.987650159032
G2_C3.2,de_lu,2026H1,point,r2,0.8782622723104854
G2_C3.2,de_lu,2026H1,point,mae,2281.074124145804
G2_C3.2,de_lu,2026H1,point,smape,4.180958270408038
G2_C3.2,de_lu,2026H1,quantile,wis,1409.4077793602523
G2_C3.2,de_lu,2026H1,quantile,lqs,704.7038896801262
G2_C3.2,de_lu,2026H1,quantile,mae_median,2256.105202703879
G2_C3.2,de_lu,2026H1,quantile,cov50,63.38404605263158
G2_C3.2,de_lu,2026H1,quantile,cov95,97.01206140350878
G2_C3.2,de_lu,2026H1,ensemble,wis,1409.4077793602523
G2_C3.2,de_lu,2026H1,ensemble,lqs,704.7038896801262
G2_C3.2,de_lu,2026H1,ensemble,mae_median,2256.105202703879
G2_C3.2,de_lu,2026H1,ensemble,cov50,63.38404605263158
G2_C3.2,de_lu,2026H1,ensemble,cov95,97.01206140350878
G2_C3.2,de_lu,2026H1,ensemble,crps,1727.621824536952
G2_C3.2,de_lu,2026H1,ensemble,energy_score,19382.024866580112
G2_C3.2,lu,2024,point,rmse,28.118114392542854
G2_C3.2,lu,2024,point,r2,0.9181422664221418
G2_C3.2,lu,2024,point,mae,17.675452403992104
G2_C3.2,lu,2024,point,smape,3.1977843929463035
G2_C3.2,lu,2024,quantile,wis,10.85383958973702
G2_C3.2,lu,2024,quantile,lqs,5.426919794868511
G2_C3.2,lu,2024,quantile,mae_median,17.29437824453552
G2_C3.2,lu,2024,quantile,cov50,47.799977231329684
G2_C3.2,lu,2024,quantile,cov95,94.24806466302368
G2_C3.2,lu,2024,ensemble,wis,10.85383958973702
G2_C3.2,lu,2024,ensemble,lqs,5.426919794868511
G2_C3.2,lu,2024,ensemble,mae_median,17.29437824453552
G2_C3.2,lu,2024,ensemble,cov50,47.799977231329684
G2_C3.2,lu,2024,ensemble,cov95,94.24806466302368
G2_C3.2,lu,2024,ensemble,crps,12.994157658650133
G2_C3.2,lu,2024,ensemble,energy_score,149.61579246461926
G2_C3.2,lu,2025,point,rmse,28.02747686703455
G2_C3.2,lu,2025,point,r2,0.9193142407176309
G2_C3.2,lu,2025,point,mae,18.680838659219393
G2_C3.2,lu,2025,point,smape,3.4153135331963984
G2_C3.2,lu,2025,quantile,wis,11.325398344748859
G2_C3.2,lu,2025,quantile,lqs,5.662699172374429
G2_C3.2,lu,2025,quantile,mae_median,18.42056795091324
G2_C3.2,lu,2025,quantile,cov50,48.87271689497717
G2_C3.2,lu,2025,quantile,cov95,95.23687214611873
G2_C3.2,lu,2025,ensemble,wis,11.325398344748859
G2_C3.2,lu,2025,ensemble,lqs,5.662699172374429
G2_C3.2,lu,2025,ensemble,mae_median,18.42056795091324
G2_C3.2,lu,2025,ensemble,cov50,48.87271689497717
G2_C3.2,lu,2025,ensemble,cov95,95.23687214611873
G2_C3.2,lu,2025,ensemble,crps,13.696899503321115
G2_C3.2,lu,2025,ensemble,energy_score,158.84746185154415
G2_C3.2,lu,2026H1,point,rmse,42.57329989249571
G2_C3.2,lu,2026H1,point,r2,0.8180218041805769
G2_C3.2,lu,2026H1,point,mae,25.377994181883746
G2_C3.2,lu,2026H1,point,smape,4.76052393848121
G2_C3.2,lu,2026H1,quantile,wis,15.385205651452848
G2_C3.2,lu,2026H1,quantile,lqs,7.692602825726425
G2_C3.2,lu,2026H1,quantile,mae_median,24.603057222108003
G2_C3.2,lu,2026H1,quantile,cov50,51.08963815789473
G2_C3.2,lu,2026H1,quantile,cov95,93.89391447368422
G2_C3.2,lu,2026H1,ensemble,wis,15.385205651452848
G2_C3.2,lu,2026H1,ensemble,lqs,7.692602825726425
G2_C3.2,lu,2026H1,ensemble,mae_median,24.603057222108003
G2_C3.2,lu,2026H1,ensemble,cov50,51.08963815789473
G2_C3.2,lu,2026H1,ensemble,cov95,93.89391447368422
G2_C3.2,lu,2026H1,ensemble,crps,18.62927336841002
G2_C3.2,lu,2026H1,ensemble,energy_score,214.82877999621235
G2_C3.2,tennet,2024,point,rmse,844.89523798044
G2_C3.2,tennet,2024,point,r2,0.9090210551936492
G2_C3.2,tennet,2024,point,mae,553.8710772833724
G2_C3.2,tennet,2024,point,smape,3.5237790938413527
G2_C3.2,tennet,2024,quantile,wis,330.2052942850637
G2_C3.2,tennet,2024,quantile,lqs,165.10264714253188
G2_C3.2,tennet,2024,quantile,mae_median,540.6157479508197
G2_C3.2,tennet,2024,quantile,cov50,50.139458105646625
G2_C3.2,tennet,2024,quantile,cov95,96.38831967213115
G2_C3.2,tennet,2024,ensemble,wis,330.2052942850637
G2_C3.2,tennet,2024,ensemble,lqs,165.10264714253188
G2_C3.2,tennet,2024,ensemble,mae_median,540.6157479508197
G2_C3.2,tennet,2024,ensemble,cov50,50.139458105646625
G2_C3.2,tennet,2024,ensemble,cov95,96.38831967213115
G2_C3.2,tennet,2024,ensemble,crps,399.82753560250757
G2_C3.2,tennet,2024,ensemble,energy_score,4603.224918312178
G2_C3.2,tennet,2025,point,rmse,832.3400949065309
G2_C3.2,tennet,2025,point,r2,0.9146339252197525
G2_C3.2,tennet,2025,point,mae,558.5111825328876
G2_C3.2,tennet,2025,point,smape,3.5601990089876847
G2_C3.2,tennet,2025,quantile,wis,335.8020819463471
G2_C3.2,tennet,2025,quantile,lqs,167.9010409731735
G2_C3.2,tennet,2025,quantile,mae_median,546.3007875856164
G2_C3.2,tennet,2025,quantile,cov50,51.35844748858448
G2_C3.2,tennet,2025,quantile,cov95,95.85901826484017
G2_C3.2,tennet,2025,ensemble,wis,335.8020819463471
G2_C3.2,tennet,2025,ensemble,lqs,167.9010409731735
G2_C3.2,tennet,2025,ensemble,mae_median,546.3007875856164
G2_C3.2,tennet,2025,ensemble,cov50,51.35844748858448
G2_C3.2,tennet,2025,ensemble,cov95,95.85901826484017
G2_C3.2,tennet,2025,ensemble,crps,407.7066822467229
G2_C3.2,tennet,2025,ensemble,energy_score,4722.625588189708
G2_C3.2,tennet,2026H1,point,rmse,1177.3190938810194
G2_C3.2,tennet,2026H1,point,r2,0.8512899112177896
G2_C3.2,tennet,2026H1,point,mae,812.6684264110798
G2_C3.2,tennet,2026H1,point,smape,5.300820414737421
G2_C3.2,tennet,2026H1,quantile,wis,491.0776226288377
G2_C3.2,tennet,2026H1,quantile,lqs,245.53881131441887
G2_C3.2,tennet,2026H1,quantile,mae_median,799.799071683114
G2_C3.2,tennet,2026H1,quantile,cov50,51.51452850877193
G2_C3.2,tennet,2026H1,quantile,cov95,94.53125
G2_C3.2,tennet,2026H1,ensemble,wis,491.0776226288377
G2_C3.2,tennet,2026H1,ensemble,lqs,245.53881131441887
G2_C3.2,tennet,2026H1,ensemble,mae_median,799.799071683114
G2_C3.2,tennet,2026H1,ensemble,cov50,51.51452850877193
G2_C3.2,tennet,2026H1,ensemble,cov95,94.53125
G2_C3.2,tennet,2026H1,ensemble,crps,596.61812024543
G2_C3.2,tennet,2026H1,ensemble,energy_score,6913.0579176754645
G2_C3.2,transnetbw,2024,point,rmse,458.54127280674015
G2_C3.2,transnetbw,2024,point,r2,0.8879757369500918
G2_C3.2,transnetbw,2024,point,mae,285.3654501420331
G2_C3.2,transnetbw,2024,point,smape,4.491786820062386
G2_C3.2,transnetbw,2024,quantile,wis,170.8923294057377
G2_C3.2,transnetbw,2024,quantile,lqs,85.44616470286886
G2_C3.2,transnetbw,2024,quantile,mae_median,277.724022654827
G2_C3.2,transnetbw,2024,quantile,cov50,50.95628415300546
G2_C3.2,transnetbw,2024,quantile,cov95,96.51923952641167
G2_C3.2,transnetbw,2024,ensemble,wis,170.8923294057377
G2_C3.2,transnetbw,2024,ensemble,lqs,85.44616470286886
G2_C3.2,transnetbw,2024,ensemble,mae_median,277.724022654827
G2_C3.2,transnetbw,2024,ensemble,cov50,50.95628415300546
G2_C3.2,transnetbw,2024,ensemble,cov95,96.51923952641167
G2_C3.2,transnetbw,2024,ensemble,crps,206.54604670184713
G2_C3.2,transnetbw,2024,ensemble,energy_score,2399.0314052351277
G2_C3.2,transnetbw,2025,point,rmse,442.84140442557515
G2_C3.2,transnetbw,2025,point,r2,0.8966994322577089
G2_C3.2,transnetbw,2025,point,mae,280.60490679373237
G2_C3.2,transnetbw,2025,point,smape,4.410753155011089
G2_C3.2,transnetbw,2025,quantile,wis,170.37561038470318
G2_C3.2,transnetbw,2025,quantile,lqs,85.18780519235159
G2_C3.2,transnetbw,2025,quantile,mae_median,275.9342584674657
G2_C3.2,transnetbw,2025,quantile,cov50,50.77340182648402
G2_C3.2,transnetbw,2025,quantile,cov95,96.21575342465754
G2_C3.2,transnetbw,2025,ensemble,wis,170.37561038470318
G2_C3.2,transnetbw,2025,ensemble,lqs,85.18780519235159
G2_C3.2,transnetbw,2025,ensemble,mae_median,275.9342584674657
G2_C3.2,transnetbw,2025,ensemble,cov50,50.77340182648402
G2_C3.2,transnetbw,2025,ensemble,cov95,96.21575342465754
G2_C3.2,transnetbw,2025,ensemble,crps,205.71705817749586
G2_C3.2,transnetbw,2025,ensemble,energy_score,2415.345173151036
G2_C3.2,transnetbw,2026H1,point,rmse,568.6293476596317
G2_C3.2,transnetbw,2026H1,point,r2,0.823019096547531
G2_C3.2,transnetbw,2026H1,point,mae,358.58389784356723
G2_C3.2,transnetbw,2026H1,point,smape,5.282232219217504
G2_C3.2,transnetbw,2026H1,quantile,wis,219.48669369517543
G2_C3.2,transnetbw,2026H1,quantile,lqs,109.74334684758773
G2_C3.2,transnetbw,2026H1,quantile,mae_median,357.22894092653513
G2_C3.2,transnetbw,2026H1,quantile,cov50,52.78234649122807
G2_C3.2,transnetbw,2026H1,quantile,cov95,95.09320175438597
G2_C3.2,transnetbw,2026H1,ensemble,wis,219.48669369517543
G2_C3.2,transnetbw,2026H1,ensemble,lqs,109.74334684758773
G2_C3.2,transnetbw,2026H1,ensemble,mae_median,357.22894092653513
G2_C3.2,transnetbw,2026H1,ensemble,cov50,52.78234649122807
G2_C3.2,transnetbw,2026H1,ensemble,cov95,95.09320175438597
G2_C3.2,transnetbw,2026H1,ensemble,crps,266.3345095678805
G2_C3.2,transnetbw,2026H1,ensemble,energy_score,3076.0224256435627
G2_C3.2,50hertz,overall,point,rmse,916.054652933558
G2_C3.2,50hertz,overall,point,r2,0.7772203336389252
G2_C3.2,50hertz,overall,point,mae,711.3516185667547
G2_C3.2,50hertz,overall,point,smape,6.140257287723815
G2_C3.2,50hertz,overall,quantile,wis,413.9605414260098
G2_C3.2,50hertz,overall,quantile,lqs,206.98027071300493
G2_C3.2,50hertz,overall,quantile,mae_median,707.3024222348056
G2_C3.2,50hertz,overall,quantile,cov50,47.40704039260098
G2_C3.2,50hertz,overall,quantile,cov95,96.14005285013214
G2_C3.2,50hertz,overall,ensemble,wis,413.9605414260098
G2_C3.2,50hertz,overall,ensemble,lqs,206.98027071300493
G2_C3.2,50hertz,overall,ensemble,mae_median,707.3024222348056
G2_C3.2,50hertz,overall,ensemble,cov50,47.40704039260098
G2_C3.2,50hertz,overall,ensemble,cov95,96.14005285013214
G2_C3.2,50hertz,overall,ensemble,crps,507.737830029986
G2_C3.2,50hertz,overall,ensemble,energy_score,5801.363139359803
G2_C3.2,amprion,overall,point,rmse,1127.8492841577272
G2_C3.2,amprion,overall,point,r2,0.8854331825976844
G2_C3.2,amprion,overall,point,mae,777.5806302935353
G2_C3.2,amprion,overall,point,smape,4.101163604078041
G2_C3.2,amprion,overall,quantile,wis,465.85717537119194
G2_C3.2,amprion,overall,quantile,lqs,232.928587685596
G2_C3.2,amprion,overall,quantile,mae_median,764.322234780082
G2_C3.2,amprion,overall,quantile,cov50,50.9661664779162
G2_C3.2,amprion,overall,quantile,cov95,95.79322385805965
G2_C3.2,amprion,overall,ensemble,wis,465.85717537119194
G2_C3.2,amprion,overall,ensemble,lqs,232.928587685596
G2_C3.2,amprion,overall,ensemble,mae_median,764.322234780082
G2_C3.2,amprion,overall,ensemble,cov50,50.9661664779162
G2_C3.2,amprion,overall,ensemble,cov95,95.79322385805965
G2_C3.2,amprion,overall,ensemble,crps,566.067680031793
G2_C3.2,amprion,overall,ensemble,energy_score,6610.415977048793
G2_C3.2,de_lu,overall,point,rmse,2886.503344110917
G2_C3.2,de_lu,overall,point,r2,0.9052641453623782
G2_C3.2,de_lu,overall,point,mae,1925.6783768083885
G2_C3.2,de_lu,overall,point,smape,3.6143277347961735
G2_C3.2,de_lu,overall,quantile,wis,1175.6104707583545
G2_C3.2,de_lu,overall,quantile,lqs,587.8052353791772
G2_C3.2,de_lu,overall,quantile,mae_median,1886.672744109605
G2_C3.2,de_lu,overall,quantile,cov50,61.654161947904875
G2_C3.2,de_lu,overall,quantile,cov95,98.03817478293696
G2_C3.2,de_lu,overall,ensemble,wis,1175.6104707583545
G2_C3.2,de_lu,overall,ensemble,lqs,587.8052353791772
G2_C3.2,de_lu,overall,ensemble,mae_median,1886.672744109605
G2_C3.2,de_lu,overall,ensemble,cov50,61.654161947904875
G2_C3.2,de_lu,overall,ensemble,cov95,98.03817478293696
G2_C3.2,de_lu,overall,ensemble,crps,1436.285868778572
G2_C3.2,de_lu,overall,ensemble,energy_score,16238.850584953247
G2_C3.2,lu,overall,point,rmse,31.055237615019955
G2_C3.2,lu,overall,point,r2,0.9011780398653414
G2_C3.2,lu,overall,point,mae,19.41696127533694
G2_C3.2,lu,overall,point,smape,3.5567136648744917
G2_C3.2,lu,overall,quantile,wis,11.828796086860608
G2_C3.2,lu,overall,quantile,lqs,5.914398043430304
G2_C3.2,lu,overall,quantile,mae_median,19.01802314534966
G2_C3.2,lu,overall,quantile,cov50,48.80969233673084
G2_C3.2,lu,overall,quantile,cov95,94.59583805209513
G2_C3.2,lu,overall,ensemble,wis,11.828796086860608
G2_C3.2,lu,overall,ensemble,lqs,5.914398043430304
G2_C3.2,lu,overall,ensemble,mae_median,19.01802314534966
G2_C3.2,lu,overall,ensemble,cov50,48.80969233673084
G2_C3.2,lu,overall,ensemble,cov95,94.59583805209513
G2_C3.2,lu,overall,ensemble,crps,14.254676753993747
G2_C3.2,lu,overall,ensemble,energy_score,164.65761967982846
G2_C3.2,tennet,overall,point,rmse,906.0142040475716
G2_C3.2,tennet,overall,point,r2,0.9000999778455977
G2_C3.2,tennet,overall,point,mae,600.338614637262
G2_C3.2,tennet,overall,point,smape,3.8447344163833836
G2_C3.2,tennet,overall,quantile,wis,360.2114340411476
G2_C3.2,tennet,overall,quantile,lqs,180.1057170205738
G2_C3.2,tennet,overall,quantile,mae_median,587.5816649089279
G2_C3.2,tennet,overall,quantile,cov50,50.88004907512269
G2_C3.2,tennet,overall,quantile,cov95,95.8498489996225
G2_C3.2,tennet,overall,ensemble,wis,360.2114340411476
G2_C3.2,tennet,overall,ensemble,lqs,180.1057170205738
G2_C3.2,tennet,overall,ensemble,mae_median,587.5816649089279
G2_C3.2,tennet,overall,ensemble,cov50,50.88004907512269
G2_C3.2,tennet,overall,ensemble,cov95,95.8498489996225
G2_C3.2,tennet,overall,ensemble,crps,436.9601034290792
G2_C3.2,tennet,overall,ensemble,energy_score,5050.196447653648
G2_C3.2,transnetbw,overall,point,rmse,473.15521369547463
G2_C3.2,transnetbw,overall,point,r2,0.8828451995291346
G2_C3.2,transnetbw,overall,point,mae,296.00147021961345
G2_C3.2,transnetbw,overall,point,smape,4.594358069131305
G2_C3.2,transnetbw,overall,quantile,wis,179.04379138684408
G2_C3.2,transnetbw,overall,quantile,lqs,89.52189569342205
G2_C3.2,transnetbw,overall,quantile,mae_median,290.6702102526897
G2_C3.2,transnetbw,overall,quantile,cov50,51.19502642506606
G2_C3.2,transnetbw,overall,quantile,cov95,96.1483106832767
G2_C3.2,transnetbw,overall,ensemble,wis,179.04379138684408
G2_C3.2,transnetbw,overall,ensemble,lqs,89.52189569342205
G2_C3.2,transnetbw,overall,ensemble,mae_median,290.6702102526897
G2_C3.2,transnetbw,overall,ensemble,cov50,51.19502642506606
G2_C3.2,transnetbw,overall,ensemble,cov95,96.1483106832767
G2_C3.2,transnetbw,overall,ensemble,crps,216.49538480405423
G2_C3.2,transnetbw,overall,ensemble,energy_score,2522.3124475809814
G2_C3.3,50hertz,2024,point,rmse,862.2449722580494
G2_C3.3,50hertz,2024,point,r2,0.7862934018016778
G2_C3.3,50hertz,2024,point,mae,667.2771355521944
G2_C3.3,50hertz,2024,point,smape,5.84345792705485
G2_C3.3,50hertz,2024,quantile,wis,390.785827242714
G2_C3.3,50hertz,2024,quantile,lqs,195.39291362135702
G2_C3.3,50hertz,2024,quantile,mae_median,662.1793155168488
G2_C3.3,50hertz,2024,quantile,cov50,53.85644353369763
G2_C3.3,50hertz,2024,quantile,cov95,97.66051912568307
G2_C3.3,50hertz,2024,ensemble,wis,390.785827242714
G2_C3.3,50hertz,2024,ensemble,lqs,195.39291362135702
G2_C3.3,50hertz,2024,ensemble,mae_median,662.1793155168488
G2_C3.3,50hertz,2024,ensemble,cov50,53.85644353369763
G2_C3.3,50hertz,2024,ensemble,cov95,97.66051912568307
G2_C3.3,50hertz,2024,ensemble,crps,481.16127285192306
G2_C3.3,50hertz,2024,ensemble,energy_score,5510.564202418143
G2_C3.3,50hertz,2025,point,rmse,958.931669375353
G2_C3.3,50hertz,2025,point,r2,0.7407498121320597
G2_C3.3,50hertz,2025,point,mae,766.7965482115677
G2_C3.3,50hertz,2025,point,smape,6.668388379129548
G2_C3.3,50hertz,2025,quantile,wis,441.62819978310506
G2_C3.3,50hertz,2025,quantile,lqs,220.81409989155253
G2_C3.3,50hertz,2025,quantile,mae_median,760.5294164954338
G2_C3.3,50hertz,2025,quantile,cov50,51.41267123287672
G2_C3.3,50hertz,2025,quantile,cov95,98.18778538812786
G2_C3.3,50hertz,2025,ensemble,wis,441.62819978310506
G2_C3.3,50hertz,2025,ensemble,lqs,220.81409989155253
G2_C3.3,50hertz,2025,ensemble,mae_median,760.5294164954338
G2_C3.3,50hertz,2025,ensemble,cov50,51.41267123287672
G2_C3.3,50hertz,2025,ensemble,cov95,98.18778538812786
G2_C3.3,50hertz,2025,ensemble,crps,543.8113551328446
G2_C3.3,50hertz,2025,ensemble,energy_score,6195.935965024509
G2_C3.3,50hertz,2026H1,point,rmse,1002.0461432884707
G2_C3.3,50hertz,2026H1,point,r2,0.7839632010438302
G2_C3.3,50hertz,2026H1,point,mae,754.8911604466897
G2_C3.3,50hertz,2026H1,point,smape,6.25586667709988
G2_C3.3,50hertz,2026H1,quantile,wis,444.52522192982457
G2_C3.3,50hertz,2026H1,quantile,lqs,222.2626109649123
G2_C3.3,50hertz,2026H1,quantile,mae_median,745.0364403782895
G2_C3.3,50hertz,2026H1,quantile,cov50,55.29057017543859
G2_C3.3,50hertz,2026H1,quantile,cov95,96.63514254385966
G2_C3.3,50hertz,2026H1,ensemble,wis,444.52522192982457
G2_C3.3,50hertz,2026H1,ensemble,lqs,222.2626109649123
G2_C3.3,50hertz,2026H1,ensemble,mae_median,745.0364403782895
G2_C3.3,50hertz,2026H1,ensemble,cov50,55.29057017543859
G2_C3.3,50hertz,2026H1,ensemble,cov95,96.63514254385966
G2_C3.3,50hertz,2026H1,ensemble,crps,546.8790368735579
G2_C3.3,50hertz,2026H1,ensemble,energy_score,6148.638162641003
G2_C3.3,amprion,2024,point,rmse,1198.4359288454616
G2_C3.3,amprion,2024,point,r2,0.8684026722847343
G2_C3.3,amprion,2024,point,mae,819.711581262604
G2_C3.3,amprion,2024,point,smape,4.447190194748129
G2_C3.3,amprion,2024,quantile,wis,495.4322746573087
G2_C3.3,amprion,2024,quantile,lqs,247.71613732865436
G2_C3.3,amprion,2024,quantile,mae_median,801.5227068678279
G2_C3.3,amprion,2024,quantile,cov50,57.3485883424408
G2_C3.3,amprion,2024,quantile,cov95,97.0030737704918
G2_C3.3,amprion,2024,ensemble,wis,495.4322746573087
G2_C3.3,amprion,2024,ensemble,lqs,247.71613732865436
G2_C3.3,amprion,2024,ensemble,mae_median,801.5227068678279
G2_C3.3,amprion,2024,ensemble,cov50,57.3485883424408
G2_C3.3,amprion,2024,ensemble,cov95,97.0030737704918
G2_C3.3,amprion,2024,ensemble,crps,603.6727013231863
G2_C3.3,amprion,2024,ensemble,energy_score,6936.692019956395
G2_C3.3,amprion,2025,point,rmse,1030.0367777416147
G2_C3.3,amprion,2025,point,r2,0.8994358114463863
G2_C3.3,amprion,2025,point,mae,735.6250770254946
G2_C3.3,amprion,2025,point,smape,3.844879645670301
G2_C3.3,amprion,2025,quantile,wis,435.7944091498859
G2_C3.3,amprion,2025,quantile,lqs,217.89720457494295
G2_C3.3,amprion,2025,quantile,mae_median,717.3430329788812
G2_C3.3,amprion,2025,quantile,cov50,58.01940639269406
G2_C3.3,amprion,2025,quantile,cov95,98.087899543379
G2_C3.3,amprion,2025,ensemble,wis,435.7944091498859
G2_C3.3,amprion,2025,ensemble,lqs,217.89720457494295
G2_C3.3,amprion,2025,ensemble,mae_median,717.3430329788812
G2_C3.3,amprion,2025,ensemble,cov50,58.01940639269406
G2_C3.3,amprion,2025,ensemble,cov95,98.087899543379
G2_C3.3,amprion,2025,ensemble,crps,535.1213889920427
G2_C3.3,amprion,2025,ensemble,energy_score,6273.080356183449
G2_C3.3,amprion,2026H1,point,rmse,1261.821303530712
G2_C3.3,amprion,2026H1,point,r2,0.8643959338542158
G2_C3.3,amprion,2026H1,point,mae,894.2811115166497
G2_C3.3,amprion,2026H1,point,smape,4.540409832587639
G2_C3.3,amprion,2026H1,quantile,wis,543.795509493284
G2_C3.3,amprion,2026H1,quantile,lqs,271.89775474664197
G2_C3.3,amprion,2026H1,quantile,mae_median,886.3788992399944
G2_C3.3,amprion,2026H1,quantile,cov50,58.01123903508771
G2_C3.3,amprion,2026H1,quantile,cov95,96.40213815789474
G2_C3.3,amprion,2026H1,ensemble,wis,543.795509493284
G2_C3.3,amprion,2026H1,ensemble,lqs,271.89775474664197
G2_C3.3,amprion,2026H1,ensemble,mae_median,886.3788992399944
G2_C3.3,amprion,2026H1,ensemble,cov50,58.01123903508771
G2_C3.3,amprion,2026H1,ensemble,cov95,96.40213815789474
G2_C3.3,amprion,2026H1,ensemble,crps,666.2222961239487
G2_C3.3,amprion,2026H1,ensemble,energy_score,7657.868090864424
G2_C3.3,de_lu,2024,point,rmse,2892.222531896654
G2_C3.3,de_lu,2024,point,r2,0.9018352506988743
G2_C3.3,de_lu,2024,point,mae,1918.627690679314
G2_C3.3,de_lu,2024,point,smape,3.6443068569022317
G2_C3.3,de_lu,2024,quantile,wis,1187.6073247592499
G2_C3.3,de_lu,2024,quantile,lqs,593.8036623796249
G2_C3.3,de_lu,2024,quantile,mae_median,1864.1618225206057
G2_C3.3,de_lu,2024,quantile,cov50,67.67702641165756
G2_C3.3,de_lu,2024,quantile,cov95,98.32650273224044
G2_C3.3,de_lu,2024,ensemble,wis,1187.6073247592499
G2_C3.3,de_lu,2024,ensemble,lqs,593.8036623796249
G2_C3.3,de_lu,2024,ensemble,mae_median,1864.1618225206057
G2_C3.3,de_lu,2024,ensemble,cov50,67.67702641165756
G2_C3.3,de_lu,2024,ensemble,cov95,98.32650273224044
G2_C3.3,de_lu,2024,ensemble,crps,1457.8720363747482
G2_C3.3,de_lu,2024,ensemble,energy_score,16296.47300950693
G2_C3.3,de_lu,2025,point,rmse,2745.802392431143
G2_C3.3,de_lu,2025,point,r2,0.9119689324947364
G2_C3.3,de_lu,2025,point,mae,1915.4478858808982
G2_C3.3,de_lu,2025,point,smape,3.600124617764654
G2_C3.3,de_lu,2025,quantile,wis,1172.2671875632418
G2_C3.3,de_lu,2025,quantile,lqs,586.1335937816211
G2_C3.3,de_lu,2025,quantile,mae_median,1856.9929666141554
G2_C3.3,de_lu,2025,quantile,cov50,68.13356164383562
G2_C3.3,de_lu,2025,quantile,cov95,98.99257990867581
G2_C3.3,de_lu,2025,ensemble,wis,1172.2671875632418
G2_C3.3,de_lu,2025,ensemble,lqs,586.1335937816211
G2_C3.3,de_lu,2025,ensemble,mae_median,1856.9929666141554
G2_C3.3,de_lu,2025,ensemble,cov50,68.13356164383562
G2_C3.3,de_lu,2025,ensemble,cov95,98.99257990867581
G2_C3.3,de_lu,2025,ensemble,crps,1444.431570980327
G2_C3.3,de_lu,2025,ensemble,energy_score,16344.336280506806
G2_C3.3,de_lu,2026H1,point,rmse,3449.0782018021537
G2_C3.3,de_lu,2026H1,point,r2,0.8755281971824947
G2_C3.3,de_lu,2026H1,point,mae,2350.4586011685496
G2_C3.3,de_lu,2026H1,point,smape,4.323035233128458
G2_C3.3,de_lu,2026H1,quantile,wis,1459.6312818528236
G2_C3.3,de_lu,2026H1,quantile,lqs,729.8156409264117
G2_C3.3,de_lu,2026H1,quantile,mae_median,2309.4397063598544
G2_C3.3,de_lu,2026H1,quantile,cov50,68.37993421052632
G2_C3.3,de_lu,2026H1,quantile,cov95,97.73848684210526
G2_C3.3,de_lu,2026H1,ensemble,wis,1459.6312818528236
G2_C3.3,de_lu,2026H1,ensemble,lqs,729.8156409264117
G2_C3.3,de_lu,2026H1,ensemble,mae_median,2309.4397063598544
G2_C3.3,de_lu,2026H1,ensemble,cov50,68.37993421052632
G2_C3.3,de_lu,2026H1,ensemble,cov95,97.73848684210526
G2_C3.3,de_lu,2026H1,ensemble,crps,1798.6330127789763
G2_C3.3,de_lu,2026H1,ensemble,energy_score,20102.17796936548
G2_C3.3,lu,2024,point,rmse,28.11503107947174
G2_C3.3,lu,2024,point,r2,0.9181602177810569
G2_C3.3,lu,2024,point,mae,17.677610819726343
G2_C3.3,lu,2024,point,smape,3.1980654399789095
G2_C3.3,lu,2024,quantile,wis,10.85354718308857
G2_C3.3,lu,2024,quantile,lqs,5.426773591544285
G2_C3.3,lu,2024,quantile,mae_median,17.296518499544625
G2_C3.3,lu,2024,quantile,cov50,47.81420765027322
G2_C3.3,lu,2024,quantile,cov95,94.25375683060109
G2_C3.3,lu,2024,ensemble,wis,10.85354718308857
G2_C3.3,lu,2024,ensemble,lqs,5.426773591544285
G2_C3.3,lu,2024,ensemble,mae_median,17.296518499544625
G2_C3.3,lu,2024,ensemble,cov50,47.81420765027322
G2_C3.3,lu,2024,ensemble,cov95,94.25375683060109
G2_C3.3,lu,2024,ensemble,crps,12.993608314140015
G2_C3.3,lu,2024,ensemble,energy_score,149.61145681128465
G2_C3.3,lu,2025,point,rmse,28.02747686703455
G2_C3.3,lu,2025,point,r2,0.9193142407176309
G2_C3.3,lu,2025,point,mae,18.680838659219393
G2_C3.3,lu,2025,point,smape,3.4153135331963984
G2_C3.3,lu,2025,quantile,wis,11.325398344748859
G2_C3.3,lu,2025,quantile,lqs,5.662699172374429
G2_C3.3,lu,2025,quantile,mae_median,18.42056795091324
G2_C3.3,lu,2025,quantile,cov50,48.87271689497717
G2_C3.3,lu,2025,quantile,cov95,95.23687214611873
G2_C3.3,lu,2025,ensemble,wis,11.325398344748859
G2_C3.3,lu,2025,ensemble,lqs,5.662699172374429
G2_C3.3,lu,2025,ensemble,mae_median,18.42056795091324
G2_C3.3,lu,2025,ensemble,cov50,48.87271689497717
G2_C3.3,lu,2025,ensemble,cov95,95.23687214611873
G2_C3.3,lu,2025,ensemble,crps,13.696899503321115
G2_C3.3,lu,2025,ensemble,energy_score,158.84746185154415
G2_C3.3,lu,2026H1,point,rmse,42.57329989249571
G2_C3.3,lu,2026H1,point,r2,0.8180218041805769
G2_C3.3,lu,2026H1,point,mae,25.377994181883746
G2_C3.3,lu,2026H1,point,smape,4.76052393848121
G2_C3.3,lu,2026H1,quantile,wis,15.385205651452848
G2_C3.3,lu,2026H1,quantile,lqs,7.692602825726425
G2_C3.3,lu,2026H1,quantile,mae_median,24.603057222108003
G2_C3.3,lu,2026H1,quantile,cov50,51.08963815789473
G2_C3.3,lu,2026H1,quantile,cov95,93.89391447368422
G2_C3.3,lu,2026H1,ensemble,wis,15.385205651452848
G2_C3.3,lu,2026H1,ensemble,lqs,7.692602825726425
G2_C3.3,lu,2026H1,ensemble,mae_median,24.603057222108003
G2_C3.3,lu,2026H1,ensemble,cov50,51.08963815789473
G2_C3.3,lu,2026H1,ensemble,cov95,93.89391447368422
G2_C3.3,lu,2026H1,ensemble,crps,18.62927336841002
G2_C3.3,lu,2026H1,ensemble,energy_score,214.82877999621235
G2_C3.3,tennet,2024,point,rmse,864.7569892118428
G2_C3.3,tennet,2024,point,r2,0.9046933219330503
G2_C3.3,tennet,2024,point,mae,573.3324803484691
G2_C3.3,tennet,2024,point,smape,3.6498491329183156
G2_C3.3,tennet,2024,quantile,wis,343.4810936930783
G2_C3.3,tennet,2024,quantile,lqs,171.7405468465392
G2_C3.3,tennet,2024,quantile,mae_median,559.99204178051
G2_C3.3,tennet,2024,quantile,cov50,56.89606102003643
G2_C3.3,tennet,2024,quantile,cov95,96.93761384335154
G2_C3.3,tennet,2024,ensemble,wis,343.4810936930783
G2_C3.3,tennet,2024,ensemble,lqs,171.7405468465392
G2_C3.3,tennet,2024,ensemble,mae_median,559.99204178051
G2_C3.3,tennet,2024,ensemble,cov50,56.89606102003643
G2_C3.3,tennet,2024,ensemble,cov95,96.93761384335154
G2_C3.3,tennet,2024,ensemble,crps,418.0505365932803
G2_C3.3,tennet,2024,ensemble,energy_score,4784.518937513819
G2_C3.3,tennet,2025,point,rmse,846.7450374995927
G2_C3.3,tennet,2025,point,r2,0.9116535706875851
G2_C3.3,tennet,2025,point,mae,575.8098367919656
G2_C3.3,tennet,2025,point,smape,3.6745079995795056
G2_C3.3,tennet,2025,quantile,wis,346.43445548515984
G2_C3.3,tennet,2025,quantile,lqs,173.21722774257992
G2_C3.3,tennet,2025,quantile,mae_median,560.2059343321918
G2_C3.3,tennet,2025,quantile,cov50,58.98972602739726
G2_C3.3,tennet,2025,quantile,cov95,97.462899543379
G2_C3.3,tennet,2025,ensemble,wis,346.43445548515984
G2_C3.3,tennet,2025,ensemble,lqs,173.21722774257992
G2_C3.3,tennet,2025,ensemble,mae_median,560.2059343321918
G2_C3.3,tennet,2025,ensemble,cov50,58.98972602739726
G2_C3.3,tennet,2025,ensemble,cov95,97.462899543379
G2_C3.3,tennet,2025,ensemble,crps,423.0439354233969
G2_C3.3,tennet,2025,ensemble,energy_score,4894.975342631773
G2_C3.3,tennet,2026H1,point,rmse,1181.6322556243138
G2_C3.3,tennet,2026H1,point,r2,0.8501983030248916
G2_C3.3,tennet,2026H1,point,mae,821.212385207811
G2_C3.3,tennet,2026H1,point,smape,5.358704876866163
G2_C3.3,tennet,2026H1,quantile,wis,496.93526757127194
G2_C3.3,tennet,2026H1,quantile,lqs,248.46763378563597
G2_C3.3,tennet,2026H1,quantile,mae_median,805.3772423245613
G2_C3.3,tennet,2026H1,quantile,cov50,57.6891447368421
G2_C3.3,tennet,2026H1,quantile,cov95,95.52494517543859
G2_C3.3,tennet,2026H1,ensemble,wis,496.93526757127194
G2_C3.3,tennet,2026H1,ensemble,lqs,248.46763378563597
G2_C3.3,tennet,2026H1,ensemble,mae_median,805.3772423245613
G2_C3.3,tennet,2026H1,ensemble,cov50,57.6891447368421
G2_C3.3,tennet,2026H1,ensemble,cov95,95.52494517543859
G2_C3.3,tennet,2026H1,ensemble,crps,607.6658330421167
G2_C3.3,tennet,2026H1,ensemble,energy_score,7009.085669476027
G2_C3.3,transnetbw,2024,point,rmse,455.7327413022365
G2_C3.3,transnetbw,2024,point,r2,0.8893438151024542
G2_C3.3,transnetbw,2024,point,mae,288.2379265330905
G2_C3.3,transnetbw,2024,point,smape,4.5450619913430765
G2_C3.3,transnetbw,2024,quantile,wis,172.9270747381603
G2_C3.3,transnetbw,2024,quantile,lqs,86.46353736908014
G2_C3.3,transnetbw,2024,quantile,mae_median,277.1966922814208
G2_C3.3,transnetbw,2024,quantile,cov50,59.24123406193078
G2_C3.3,transnetbw,2024,quantile,cov95,97.09414845173042
G2_C3.3,transnetbw,2024,ensemble,wis,172.9270747381603
G2_C3.3,transnetbw,2024,ensemble,lqs,86.46353736908014
G2_C3.3,transnetbw,2024,ensemble,mae_median,277.1966922814208
G2_C3.3,transnetbw,2024,ensemble,cov50,59.24123406193078
G2_C3.3,transnetbw,2024,ensemble,cov95,97.09414845173042
G2_C3.3,transnetbw,2024,ensemble,crps,210.21792686481092
G2_C3.3,transnetbw,2024,ensemble,energy_score,2422.647627232211
G2_C3.3,transnetbw,2025,point,rmse,449.6961803679599
G2_C3.3,transnetbw,2025,point,r2,0.8934766864897727
G2_C3.3,transnetbw,2025,point,mae,290.88806238869864
G2_C3.3,transnetbw,2025,point,smape,4.576349923796163
G2_C3.3,transnetbw,2025,quantile,wis,175.4785343339041
G2_C3.3,transnetbw,2025,quantile,lqs,87.73926716695205
G2_C3.3,transnetbw,2025,quantile,mae_median,284.8250914754566
G2_C3.3,transnetbw,2025,quantile,cov50,57.311643835616444
G2_C3.3,transnetbw,2025,quantile,cov95,97.08333333333333
G2_C3.3,transnetbw,2025,ensemble,wis,175.4785343339041
G2_C3.3,transnetbw,2025,ensemble,lqs,87.73926716695205
G2_C3.3,transnetbw,2025,ensemble,mae_median,284.8250914754566
G2_C3.3,transnetbw,2025,ensemble,cov50,57.311643835616444
G2_C3.3,transnetbw,2025,ensemble,cov95,97.08333333333333
G2_C3.3,transnetbw,2025,ensemble,crps,213.28227412878962
G2_C3.3,transnetbw,2025,ensemble,energy_score,2497.2707129813384
G2_C3.3,transnetbw,2026H1,point,rmse,572.8129560614176
G2_C3.3,transnetbw,2026H1,point,r2,0.8204052935141953
G2_C3.3,transnetbw,2026H1,point,mae,367.09225601112155
G2_C3.3,transnetbw,2026H1,point,smape,5.386704655724544
G2_C3.3,transnetbw,2026H1,quantile,wis,223.9028356633772
G2_C3.3,transnetbw,2026H1,quantile,lqs,111.9514178316886
G2_C3.3,transnetbw,2026H1,quantile,mae_median,363.49113144188595
G2_C3.3,transnetbw,2026H1,quantile,cov50,58.24424342105263
G2_C3.3,transnetbw,2026H1,quantile,cov95,95.98410087719299
G2_C3.3,transnetbw,2026H1,ensemble,wis,223.9028356633772
G2_C3.3,transnetbw,2026H1,ensemble,lqs,111.9514178316886
G2_C3.3,transnetbw,2026H1,ensemble,mae_median,363.49113144188595
G2_C3.3,transnetbw,2026H1,ensemble,cov50,58.24424342105263
G2_C3.3,transnetbw,2026H1,ensemble,cov95,95.98410087719299
G2_C3.3,transnetbw,2026H1,ensemble,crps,273.3443277228289
G2_C3.3,transnetbw,2026H1,ensemble,energy_score,3147.7439094775414
G2_C3.3,50hertz,overall,point,rmse,927.9643779296493
G2_C3.3,50hertz,overall,point,r2,0.7713899126888695
G2_C3.3,50hertz,overall,point,mae,723.496747561973
G2_C3.3,50hertz,overall,point,smape,6.255446313254294
G2_C3.3,50hertz,overall,quantile,wis,421.0529325311439
G2_C3.3,50hertz,overall,quantile,lqs,210.52646626557194
G2_C3.3,50hertz,overall,quantile,mae_median,717.0967218997736
G2_C3.3,50hertz,overall,quantile,cov50,53.09314835787089
G2_C3.3,50hertz,overall,quantile,cov95,97.70196300490751
G2_C3.3,50hertz,overall,ensemble,wis,421.0529325311439
G2_C3.3,50hertz,overall,ensemble,lqs,210.52646626557194
G2_C3.3,50hertz,overall,ensemble,mae_median,717.0967218997736
G2_C3.3,50hertz,overall,ensemble,cov50,53.09314835787089
G2_C3.3,50hertz,overall,ensemble,cov95,97.70196300490751
G2_C3.3,50hertz,overall,ensemble,crps,518.3712164123136
G2_C3.3,50hertz,overall,ensemble,energy_score,5903.710222016331
G2_C3.3,amprion,overall,point,rmse,1143.6646633104663
G2_C3.3,amprion,overall,point,r2,0.8821976056828398
G2_C3.3,amprion,overall,point,mae,797.7897177881647
G2_C3.3,amprion,overall,point,smape,4.2142638465467686
G2_C3.3,amprion,overall,quantile,wis,479.1054239040345
G2_C3.3,amprion,overall,quantile,lqs,239.55271195201732
G2_C3.3,amprion,overall,quantile,mae_median,781.333080900788
G2_C3.3,amprion,overall,quantile,cov50,57.7399490373726
G2_C3.3,amprion,overall,quantile,cov95,97.34805587013967
G2_C3.3,amprion,overall,ensemble,wis,479.1054239040345
G2_C3.3,amprion,overall,ensemble,lqs,239.55271195201732
G2_C3.3,amprion,overall,ensemble,mae_median,781.333080900788
G2_C3.3,amprion,overall,ensemble,cov50,57.7399490373726
G2_C3.3,amprion,overall,ensemble,cov95,97.34805587013967
G2_C3.3,amprion,overall,ensemble,crps,586.103402805461
G2_C3.3,amprion,overall,ensemble,energy_score,6786.522717012903
G2_C3.3,de_lu,overall,point,rmse,2937.9536392868226
G2_C3.3,de_lu,overall,point,r2,0.9018568203585868
G2_C3.3,de_lu,overall,point,mae,1991.6488341028044
G2_C3.3,de_lu,overall,point,smape,3.742880125193479
G2_C3.3,de_lu,overall,quantile,wis,1228.0925924848223
G2_C3.3,de_lu,overall,quantile,lqs,614.046296242411
G2_C3.3,de_lu,overall,quantile,mae_median,1937.848805462521
G2_C3.3,de_lu,overall,quantile,cov50,67.9867402793507
G2_C3.3,de_lu,overall,quantile,cov95,98.5006134390336
G2_C3.3,de_lu,overall,ensemble,wis,1228.0925924848223
G2_C3.3,de_lu,overall,ensemble,lqs,614.046296242411
G2_C3.3,de_lu,overall,ensemble,mae_median,1937.848805462521
G2_C3.3,de_lu,overall,ensemble,cov50,67.9867402793507
G2_C3.3,de_lu,overall,ensemble,cov95,98.5006134390336
G2_C3.3,de_lu,overall,ensemble,crps,1510.974979233728
G2_C3.3,de_lu,overall,ensemble,energy_score,16971.37362990722
G2_C3.3,lu,overall,point,rmse,31.054080507751767
G2_C3.3,lu,overall,point,r2,0.9011854038713407
G2_C3.3,lu,overall,point,mae,19.41785593010334
G2_C3.3,lu,overall,point,smape,3.556830157755505
G2_C3.3,lu,overall,quantile,wis,11.828674885463856
G2_C3.3,lu,overall,quantile,lqs,5.914337442731926
G2_C3.3,lu,overall,quantile,mae_median,19.018910272567478
G2_C3.3,lu,overall,quantile,cov50,48.81559078897697
G2_C3.3,lu,overall,quantile,cov95,94.59819743299359
G2_C3.3,lu,overall,ensemble,wis,11.828674885463856
G2_C3.3,lu,overall,ensemble,lqs,5.914337442731926
G2_C3.3,lu,overall,ensemble,mae_median,19.018910272567478
G2_C3.3,lu,overall,ensemble,cov50,48.81559078897697
G2_C3.3,lu,overall,ensemble,cov95,94.59819743299359
G2_C3.3,lu,overall,ensemble,crps,14.254449052871772
G2_C3.3,lu,overall,ensemble,energy_score,164.65582256870678
G2_C3.3,tennet,overall,point,rmse,920.1555168001781
G2_C3.3,tennet,overall,point,r2,0.8969571077063698
G2_C3.3,tennet,overall,point,mae,617.0266826593369
G2_C3.3,tennet,overall,point,smape,3.954205372342333
G2_C3.3,tennet,overall,quantile,wis,371.1175732894489
G2_C3.3,tennet,overall,quantile,lqs,185.55878664472445
G2_C3.3,tennet,overall,quantile,mae_median,602.3211711848811
G2_C3.3,tennet,overall,quantile,cov50,57.898027557568895
G2_C3.3,tennet,overall,quantile,cov95,96.911570403926
G2_C3.3,tennet,overall,ensemble,wis,371.1175732894489
G2_C3.3,tennet,overall,ensemble,lqs,185.55878664472445
G2_C3.3,tennet,overall,ensemble,mae_median,602.3211711848811
G2_C3.3,tennet,overall,ensemble,cov50,57.898027557568895
G2_C3.3,tennet,overall,ensemble,cov95,96.911570403926
G2_C3.3,tennet,overall,ensemble,crps,452.7550843092664
G2_C3.3,tennet,overall,ensemble,energy_score,5213.115462005675
G2_C3.3,transnetbw,overall,point,rmse,475.56553212490627
G2_C3.3,transnetbw,overall,point,r2,0.8816485536551492
G2_C3.3,transnetbw,overall,point,mae,302.9074142657719
G2_C3.3,transnetbw,overall,point,smape,4.702876012103394
G2_C3.3,transnetbw,overall,quantile,wis,182.75674451514723
G2_C3.3,transnetbw,overall,quantile,lqs,91.3783722575736
G2_C3.3,transnetbw,overall,quantile,mae_median,295.20475622050776
G2_C3.3,transnetbw,overall,quantile,cov50,58.27198942997357
G2_C3.3,transnetbw,overall,quantile,cov95,96.89859380898453
G2_C3.3,transnetbw,overall,ensemble,wis,182.75674451514723
G2_C3.3,transnetbw,overall,ensemble,lqs,91.3783722575736
G2_C3.3,transnetbw,overall,ensemble,mae_median,295.20475622050776
G2_C3.3,transnetbw,overall,ensemble,cov50,58.27198942997357
G2_C3.3,transnetbw,overall,ensemble,cov95,96.89859380898453
G2_C3.3,transnetbw,overall,ensemble,crps,222.35122208765463
G2_C3.3,transnetbw,overall,ensemble,energy_score,2578.3124757030173
G2_C3.4,50hertz,2024,point,rmse,901.7717467804314
G2_C3.4,50hertz,2024,point,r2,0.7662509585231372
G2_C3.4,50hertz,2024,point,mae,699.6038233883035
G2_C3.4,50hertz,2024,point,smape,6.125144345653865
G2_C3.4,50hertz,2024,quantile,wis,410.27587528460833
G2_C3.4,50hertz,2024,quantile,lqs,205.13793764230422
G2_C3.4,50hertz,2024,quantile,mae_median,698.5162986680328
G2_C3.4,50hertz,2024,quantile,cov50,52.17440801457195
G2_C3.4,50hertz,2024,quantile,cov95,97.54382969034609
G2_C3.4,50hertz,2024,ensemble,wis,410.27587528460833
G2_C3.4,50hertz,2024,ensemble,lqs,205.13793764230422
G2_C3.4,50hertz,2024,ensemble,mae_median,698.5162986680328
G2_C3.4,50hertz,2024,ensemble,cov50,52.17440801457195
G2_C3.4,50hertz,2024,ensemble,cov95,97.54382969034609
G2_C3.4,50hertz,2024,ensemble,crps,503.67123957016776
G2_C3.4,50hertz,2024,ensemble,energy_score,5748.841994732456
G2_C3.4,50hertz,2025,point,rmse,986.2876785960705
G2_C3.4,50hertz,2025,point,r2,0.7257472622875637
G2_C3.4,50hertz,2025,point,mae,787.5681138182214
G2_C3.4,50hertz,2025,point,smape,6.8349698210605005
G2_C3.4,50hertz,2025,quantile,wis,455.3490255936073
G2_C3.4,50hertz,2025,quantile,lqs,227.67451279680367
G2_C3.4,50hertz,2025,quantile,mae_median,783.5612186643837
G2_C3.4,50hertz,2025,quantile,cov50,49.580479452054796
G2_C3.4,50hertz,2025,quantile,cov95,98.08219178082192
G2_C3.4,50hertz,2025,ensemble,wis,455.3490255936073
G2_C3.4,50hertz,2025,ensemble,lqs,227.67451279680367
G2_C3.4,50hertz,2025,ensemble,mae_median,783.5612186643837
G2_C3.4,50hertz,2025,ensemble,cov50,49.580479452054796
G2_C3.4,50hertz,2025,ensemble,cov95,98.08219178082192
G2_C3.4,50hertz,2025,ensemble,crps,559.4476929980896
G2_C3.4,50hertz,2025,ensemble,energy_score,6342.284855489466
G2_C3.4,50hertz,2026H1,point,rmse,1019.1501034394113
G2_C3.4,50hertz,2026H1,point,r2,0.776525179171603
G2_C3.4,50hertz,2026H1,point,mae,763.999663227078
G2_C3.4,50hertz,2026H1,point,smape,6.3455436897703805
G2_C3.4,50hertz,2026H1,quantile,wis,456.33985953947365
G2_C3.4,50hertz,2026H1,quantile,lqs,228.16992976973683
G2_C3.4,50hertz,2026H1,quantile,mae_median,761.5572554824561
G2_C3.4,50hertz,2026H1,quantile,cov50,53.46765350877193
G2_C3.4,50hertz,2026H1,quantile,cov95,96.49122807017544
G2_C3.4,50hertz,2026H1,ensemble,wis,456.33985953947365
G2_C3.4,50hertz,2026H1,ensemble,lqs,228.16992976973683
G2_C3.4,50hertz,2026H1,ensemble,mae_median,761.5572554824561
G2_C3.4,50hertz,2026H1,ensemble,cov50,53.46765350877193
G2_C3.4,50hertz,2026H1,ensemble,cov95,96.49122807017544
G2_C3.4,50hertz,2026H1,ensemble,crps,559.4279939550015
G2_C3.4,50hertz,2026H1,ensemble,energy_score,6290.136461487103
G2_C3.4,amprion,2024,point,rmse,1217.7748525210152
G2_C3.4,amprion,2024,point,r2,0.864121284689732
G2_C3.4,amprion,2024,point,mae,834.2675217719825
G2_C3.4,amprion,2024,point,smape,4.525299681613015
G2_C3.4,amprion,2024,quantile,wis,510.00799253308287
G2_C3.4,amprion,2024,quantile,lqs,255.00399626654144
G2_C3.4,amprion,2024,quantile,mae_median,820.4664140490664
G2_C3.4,amprion,2024,quantile,cov50,56.67975865209471
G2_C3.4,amprion,2024,quantile,cov95,96.50785519125684
G2_C3.4,amprion,2024,ensemble,wis,510.00799253308287
G2_C3.4,amprion,2024,ensemble,lqs,255.00399626654144
G2_C3.4,amprion,2024,ensemble,mae_median,820.4664140490664
G2_C3.4,amprion,2024,ensemble,cov50,56.67975865209471
G2_C3.4,amprion,2024,ensemble,cov95,96.50785519125684
G2_C3.4,amprion,2024,ensemble,crps,619.871108998391
G2_C3.4,amprion,2024,ensemble,energy_score,7130.703049077407
G2_C3.4,amprion,2025,point,rmse,1087.1826643641696
G2_C3.4,amprion,2025,point,r2,0.8879677835925232
G2_C3.4,amprion,2025,point,mae,770.6912726110567
G2_C3.4,amprion,2025,point,smape,4.031003477508
G2_C3.4,amprion,2025,quantile,wis,456.8582733947489
G2_C3.4,amprion,2025,quantile,lqs,228.42913669737445
G2_C3.4,amprion,2025,quantile,mae_median,753.9860097009133
G2_C3.4,amprion,2025,quantile,cov50,56.00456621004566
G2_C3.4,amprion,2025,quantile,cov95,97.49143835616438
G2_C3.4,amprion,2025,ensemble,wis,456.8582733947489
G2_C3.4,amprion,2025,ensemble,lqs,228.42913669737445
G2_C3.4,amprion,2025,ensemble,mae_median,753.9860097009133
G2_C3.4,amprion,2025,ensemble,cov50,56.00456621004566
G2_C3.4,amprion,2025,ensemble,cov95,97.49143835616438
G2_C3.4,amprion,2025,ensemble,crps,559.7186350917926
G2_C3.4,amprion,2025,ensemble,energy_score,6557.266487297229
G2_C3.4,amprion,2026H1,point,rmse,1319.3445765737586
G2_C3.4,amprion,2026H1,point,r2,0.8517504192854555
G2_C3.4,amprion,2026H1,point,mae,938.1693380971635
G2_C3.4,amprion,2026H1,point,smape,4.753669026360718
G2_C3.4,amprion,2026H1,quantile,wis,566.6199392155976
G2_C3.4,amprion,2026H1,quantile,lqs,283.3099696077988
G2_C3.4,amprion,2026H1,quantile,mae_median,939.1973446498082
G2_C3.4,amprion,2026H1,quantile,cov50,54.132401315789465
G2_C3.4,amprion,2026H1,quantile,cov95,96.72423245614034
G2_C3.4,amprion,2026H1,ensemble,wis,566.6199392155976
G2_C3.4,amprion,2026H1,ensemble,lqs,283.3099696077988
G2_C3.4,amprion,2026H1,ensemble,mae_median,939.1973446498082
G2_C3.4,amprion,2026H1,ensemble,cov50,54.132401315789465
G2_C3.4,amprion,2026H1,ensemble,cov95,96.72423245614034
G2_C3.4,amprion,2026H1,ensemble,crps,692.7283909441712
G2_C3.4,amprion,2026H1,ensemble,energy_score,7928.45963673952
G2_C3.4,de_lu,2024,point,rmse,2975.524449074437
G2_C3.4,de_lu,2024,point,r2,0.8960991267546934
G2_C3.4,de_lu,2024,point,mae,1985.0953241995564
G2_C3.4,de_lu,2024,point,smape,3.7711929496114855
G2_C3.4,de_lu,2024,quantile,wis,1231.5501688688296
G2_C3.4,de_lu,2024,quantile,lqs,615.7750844344149
G2_C3.4,de_lu,2024,quantile,mae_median,1953.0857121478825
G2_C3.4,de_lu,2024,quantile,cov50,65.4542349726776
G2_C3.4,de_lu,2024,quantile,cov95,98.36065573770492
G2_C3.4,de_lu,2024,ensemble,wis,1231.5501688688296
G2_C3.4,de_lu,2024,ensemble,lqs,615.7750844344149
G2_C3.4,de_lu,2024,ensemble,mae_median,1953.0857121478825
G2_C3.4,de_lu,2024,ensemble,cov50,65.4542349726776
G2_C3.4,de_lu,2024,ensemble,cov95,98.36065573770492
G2_C3.4,de_lu,2024,ensemble,crps,1507.9600105222266
G2_C3.4,de_lu,2024,ensemble,energy_score,16902.634007043725
G2_C3.4,de_lu,2025,point,rmse,2857.0829589233726
G2_C3.4,de_lu,2025,point,r2,0.9046889811984986
G2_C3.4,de_lu,2025,point,mae,1990.8226087601925
G2_C3.4,de_lu,2025,point,smape,3.7432666746332695
G2_C3.4,de_lu,2025,quantile,wis,1212.2487483811647
G2_C3.4,de_lu,2025,quantile,lqs,606.1243741905822
G2_C3.4,de_lu,2025,quantile,mae_median,1940.1161414914382
G2_C3.4,de_lu,2025,quantile,cov50,64.83162100456622
G2_C3.4,de_lu,2025,quantile,cov95,98.70433789954338
G2_C3.4,de_lu,2025,ensemble,wis,1212.2487483811647
G2_C3.4,de_lu,2025,ensemble,lqs,606.1243741905822
G2_C3.4,de_lu,2025,ensemble,mae_median,1940.1161414914382
G2_C3.4,de_lu,2025,ensemble,cov50,64.83162100456622
G2_C3.4,de_lu,2025,ensemble,cov95,98.70433789954338
G2_C3.4,de_lu,2025,ensemble,crps,1487.1902913256065
G2_C3.4,de_lu,2025,ensemble,energy_score,16790.24193564699
G2_C3.4,de_lu,2026H1,point,rmse,3558.6865735863544
G2_C3.4,de_lu,2026H1,point,r2,0.8674913050533096
G2_C3.4,de_lu,2026H1,point,mae,2435.3399948970764
G2_C3.4,de_lu,2026H1,point,smape,4.476574145946448
G2_C3.4,de_lu,2026H1,quantile,wis,1498.037114548273
G2_C3.4,de_lu,2026H1,quantile,lqs,749.0185572741365
G2_C3.4,de_lu,2026H1,quantile,mae_median,2432.4717090757263
G2_C3.4,de_lu,2026H1,quantile,cov50,63.575932017543856
G2_C3.4,de_lu,2026H1,quantile,cov95,98.01260964912281
G2_C3.4,de_lu,2026H1,ensemble,wis,1498.037114548273
G2_C3.4,de_lu,2026H1,ensemble,lqs,749.0185572741365
G2_C3.4,de_lu,2026H1,ensemble,mae_median,2432.4717090757263
G2_C3.4,de_lu,2026H1,ensemble,cov50,63.575932017543856
G2_C3.4,de_lu,2026H1,ensemble,cov95,98.01260964912281
G2_C3.4,de_lu,2026H1,ensemble,crps,1838.6485281165321
G2_C3.4,de_lu,2026H1,ensemble,energy_score,20523.49737775827
G2_C3.4,lu,2024,point,rmse,28.90598594255082
G2_C3.4,lu,2024,point,r2,0.9134906789761864
G2_C3.4,lu,2024,point,mae,18.250831528103046
G2_C3.4,lu,2024,point,smape,3.3087006224356257
G2_C3.4,lu,2024,quantile,wis,11.191630988160291
G2_C3.4,lu,2024,quantile,lqs,5.595815494080146
G2_C3.4,lu,2024,quantile,mae_median,17.849079064207654
G2_C3.4,lu,2024,quantile,cov50,53.33276411657559
G2_C3.4,lu,2024,quantile,cov95,96.0297131147541
G2_C3.4,lu,2024,ensemble,wis,11.191630988160291
G2_C3.4,lu,2024,ensemble,lqs,5.595815494080146
G2_C3.4,lu,2024,ensemble,mae_median,17.849079064207654
G2_C3.4,lu,2024,ensemble,cov50,53.33276411657559
G2_C3.4,lu,2024,ensemble,cov95,96.0297131147541
G2_C3.4,lu,2024,ensemble,crps,13.481632766646428
G2_C3.4,lu,2024,ensemble,energy_score,154.7730106869128
G2_C3.4,lu,2025,point,rmse,29.087453930355384
G2_C3.4,lu,2025,point,r2,0.9130958929421915
G2_C3.4,lu,2025,point,mae,19.756544842628834
G2_C3.4,lu,2025,point,smape,3.6095024962837985
G2_C3.4,lu,2025,quantile,wis,11.865275102739725
G2_C3.4,lu,2025,quantile,lqs,5.932637551369863
G2_C3.4,lu,2025,quantile,mae_median,19.26914375
G2_C3.4,lu,2025,quantile,cov50,52.12043378995433
G2_C3.4,lu,2025,quantile,cov95,96.60673515981735
G2_C3.4,lu,2025,ensemble,wis,11.865275102739725
G2_C3.4,lu,2025,ensemble,lqs,5.932637551369863
G2_C3.4,lu,2025,ensemble,mae_median,19.26914375
G2_C3.4,lu,2025,ensemble,cov50,52.12043378995433
G2_C3.4,lu,2025,ensemble,cov95,96.60673515981735
G2_C3.4,lu,2025,ensemble,crps,14.393216082365214
G2_C3.4,lu,2025,ensemble,energy_score,165.76614083737482
G2_C3.4,lu,2026H1,point,rmse,40.843908931668985
G2_C3.4,lu,2026H1,point,r2,0.8325059725882508
G2_C3.4,lu,2026H1,point,mae,26.187121183822185
G2_C3.4,lu,2026H1,point,smape,4.885944106637698
G2_C3.4,lu,2026H1,quantile,wis,15.80638341321272
G2_C3.4,lu,2026H1,quantile,lqs,7.90319170660636
G2_C3.4,lu,2026H1,quantile,mae_median,25.464345599163927
G2_C3.4,lu,2026H1,quantile,cov50,51.76809210526315
G2_C3.4,lu,2026H1,quantile,cov95,95.62088815789474
G2_C3.4,lu,2026H1,ensemble,wis,15.80638341321272
G2_C3.4,lu,2026H1,ensemble,lqs,7.90319170660636
G2_C3.4,lu,2026H1,ensemble,mae_median,25.464345599163927
G2_C3.4,lu,2026H1,ensemble,cov50,51.76809210526315
G2_C3.4,lu,2026H1,ensemble,cov95,95.62088815789474
G2_C3.4,lu,2026H1,ensemble,crps,19.12160155690923
G2_C3.4,lu,2026H1,ensemble,energy_score,219.8678779880228
G2_C3.4,tennet,2024,point,rmse,872.1541460459118
G2_C3.4,tennet,2024,point,r2,0.9030558359280997
G2_C3.4,tennet,2024,point,mae,576.6710541352243
G2_C3.4,tennet,2024,point,smape,3.671231873556588
G2_C3.4,tennet,2024,quantile,wis,347.6284568533698
G2_C3.4,tennet,2024,quantile,lqs,173.81422842668488
G2_C3.4,tennet,2024,quantile,mae_median,567.4380669398906
G2_C3.4,tennet,2024,quantile,cov50,55.31363843351548
G2_C3.4,tennet,2024,quantile,cov95,97.18237704918032
G2_C3.4,tennet,2024,ensemble,wis,347.6284568533698
G2_C3.4,tennet,2024,ensemble,lqs,173.81422842668488
G2_C3.4,tennet,2024,ensemble,mae_median,567.4380669398906
G2_C3.4,tennet,2024,ensemble,cov50,55.31363843351548
G2_C3.4,tennet,2024,ensemble,cov95,97.18237704918032
G2_C3.4,tennet,2024,ensemble,crps,422.8893697299047
G2_C3.4,tennet,2024,ensemble,energy_score,4844.767352014224
G2_C3.4,tennet,2025,point,rmse,854.8300953178849
G2_C3.4,tennet,2025,point,r2,0.909958382406907
G2_C3.4,tennet,2025,point,mae,581.9523171545444
G2_C3.4,tennet,2025,point,smape,3.7116435302128763
G2_C3.4,tennet,2025,quantile,wis,349.5304818436073
G2_C3.4,tennet,2025,quantile,lqs,174.76524092180367
G2_C3.4,tennet,2025,quantile,mae_median,570.4146582477169
G2_C3.4,tennet,2025,quantile,cov50,53.69577625570776
G2_C3.4,tennet,2025,quantile,cov95,96.88356164383562
G2_C3.4,tennet,2025,ensemble,wis,349.5304818436073
G2_C3.4,tennet,2025,ensemble,lqs,174.76524092180367
G2_C3.4,tennet,2025,ensemble,mae_median,570.4146582477169
G2_C3.4,tennet,2025,ensemble,cov50,53.69577625570776
G2_C3.4,tennet,2025,ensemble,cov95,96.88356164383562
G2_C3.4,tennet,2025,ensemble,crps,424.9917462199986
G2_C3.4,tennet,2025,ensemble,energy_score,4902.852947651777
G2_C3.4,tennet,2026H1,point,rmse,1196.9460888404747
G2_C3.4,tennet,2026H1,point,r2,0.8462903131367308
G2_C3.4,tennet,2026H1,point,mae,833.3591419303466
G2_C3.4,tennet,2026H1,point,smape,5.428161286529818
G2_C3.4,tennet,2026H1,quantile,wis,501.8769783442983
G2_C3.4,tennet,2026H1,quantile,lqs,250.9384891721492
G2_C3.4,tennet,2026H1,quantile,mae_median,829.992331140351
G2_C3.4,tennet,2026H1,quantile,cov50,52.74808114035088
G2_C3.4,tennet,2026H1,quantile,cov95,95.7579495614035
G2_C3.4,tennet,2026H1,ensemble,wis,501.8769783442983
G2_C3.4,tennet,2026H1,ensemble,lqs,250.9384891721492
G2_C3.4,tennet,2026H1,ensemble,mae_median,829.992331140351
G2_C3.4,tennet,2026H1,ensemble,cov50,52.74808114035088
G2_C3.4,tennet,2026H1,ensemble,cov95,95.7579495614035
G2_C3.4,tennet,2026H1,ensemble,crps,611.2641153217867
G2_C3.4,tennet,2026H1,ensemble,energy_score,7055.328348896057
G2_C3.4,transnetbw,2024,point,rmse,476.12367376509513
G2_C3.4,transnetbw,2024,point,r2,0.8792200673202168
G2_C3.4,transnetbw,2024,point,mae,298.437413099575
G2_C3.4,transnetbw,2024,point,smape,4.692616742077274
G2_C3.4,transnetbw,2024,quantile,wis,179.35476331967212
G2_C3.4,transnetbw,2024,quantile,lqs,89.67738165983607
G2_C3.4,transnetbw,2024,quantile,mae_median,291.0527811930783
G2_C3.4,transnetbw,2024,quantile,cov50,55.068875227686696
G2_C3.4,transnetbw,2024,quantile,cov95,96.9603825136612
G2_C3.4,transnetbw,2024,ensemble,wis,179.35476331967212
G2_C3.4,transnetbw,2024,ensemble,lqs,89.67738165983607
G2_C3.4,transnetbw,2024,ensemble,mae_median,291.0527811930783
G2_C3.4,transnetbw,2024,ensemble,cov50,55.068875227686696
G2_C3.4,transnetbw,2024,ensemble,cov95,96.9603825136612
G2_C3.4,transnetbw,2024,ensemble,crps,217.39622222196408
G2_C3.4,transnetbw,2024,ensemble,energy_score,2516.475535977787
G2_C3.4,transnetbw,2025,point,rmse,461.09993231543797
G2_C3.4,transnetbw,2025,point,r2,0.8880055795968463
G2_C3.4,transnetbw,2025,point,mae,296.4387139784464
G2_C3.4,transnetbw,2025,point,smape,4.672619340152766
G2_C3.4,transnetbw,2025,quantile,wis,179.84292767408675
G2_C3.4,transnetbw,2025,quantile,lqs,89.92146383704339
G2_C3.4,transnetbw,2025,quantile,mae_median,290.66771101883563
G2_C3.4,transnetbw,2025,quantile,cov50,54.272260273972606
G2_C3.4,transnetbw,2025,quantile,cov95,96.43550228310502
G2_C3.4,transnetbw,2025,ensemble,wis,179.84292767408675
G2_C3.4,transnetbw,2025,ensemble,lqs,89.92146383704339
G2_C3.4,transnetbw,2025,ensemble,mae_median,290.66771101883563
G2_C3.4,transnetbw,2025,ensemble,cov50,54.272260273972606
G2_C3.4,transnetbw,2025,ensemble,cov95,96.43550228310502
G2_C3.4,transnetbw,2025,ensemble,crps,217.39620117453714
G2_C3.4,transnetbw,2025,ensemble,energy_score,2536.7807173299693
G2_C3.4,transnetbw,2026H1,point,rmse,579.3993971256245
G2_C3.4,transnetbw,2026H1,point,r2,0.8162514397409135
G2_C3.4,transnetbw,2026H1,point,mae,375.7657930764411
G2_C3.4,transnetbw,2026H1,point,smape,5.5162426321918
G2_C3.4,transnetbw,2026H1,quantile,wis,226.91632308114035
G2_C3.4,transnetbw,2026H1,quantile,lqs,113.45816154057017
G2_C3.4,transnetbw,2026H1,quantile,mae_median,377.1287184758772
G2_C3.4,transnetbw,2026H1,quantile,cov50,54.63952850877193
G2_C3.4,transnetbw,2026H1,quantile,cov95,95.99095394736842
G2_C3.4,transnetbw,2026H1,ensemble,wis,226.91632308114035
G2_C3.4,transnetbw,2026H1,ensemble,lqs,113.45816154057017
G2_C3.4,transnetbw,2026H1,ensemble,mae_median,377.1287184758772
G2_C3.4,transnetbw,2026H1,ensemble,cov50,54.63952850877193
G2_C3.4,transnetbw,2026H1,ensemble,cov95,95.99095394736842
G2_C3.4,transnetbw,2026H1,ensemble,crps,276.2115800413733
G2_C3.4,transnetbw,2026H1,ensemble,energy_score,3187.9529831385476
G2_C3.4,50hertz,overall,point,rmse,958.1056627511648
G2_C3.4,50hertz,overall,point,r2,0.7562977194683322
G2_C3.4,50hertz,overall,point,mae,747.0501808768807
G2_C3.4,50hertz,overall,point,smape,6.45649995021687
G2_C3.4,50hertz,overall,quantile,wis,436.83694603152134
G2_C3.4,50hertz,overall,quantile,lqs,218.41847301576067
G2_C3.4,50hertz,overall,quantile,mae_median,744.5226647319744
G2_C3.4,50hertz,overall,quantile,cov50,51.324792374480936
G2_C3.4,50hertz,overall,quantile,cov95,97.58517365043413
G2_C3.4,50hertz,overall,ensemble,wis,436.83694603152134
G2_C3.4,50hertz,overall,ensemble,lqs,218.41847301576067
G2_C3.4,50hertz,overall,ensemble,mae_median,744.5226647319744
G2_C3.4,50hertz,overall,ensemble,cov50,51.324792374480936
G2_C3.4,50hertz,overall,ensemble,cov95,97.58517365043413
G2_C3.4,50hertz,overall,ensemble,crps,536.3251831349314
G2_C3.4,50hertz,overall,ensemble,energy_score,6087.328294985022
G2_C3.4,amprion,overall,point,rmse,1184.4445571560273
G2_C3.4,amprion,overall,point,r2,0.8736468173865146
G2_C3.4,amprion,overall,point,mae,825.8731221544172
G2_C3.4,amprion,overall,point,smape,4.3602872534174555
G2_C3.4,amprion,overall,quantile,wis,497.78304169531424
G2_C3.4,amprion,overall,quantile,lqs,248.89152084765715
G2_C3.4,amprion,overall,quantile,mae_median,813.4242326948613
G2_C3.4,amprion,overall,quantile,cov50,55.96215553038883
G2_C3.4,amprion,overall,quantile,cov95,96.95167987919969
G2_C3.4,amprion,overall,ensemble,wis,497.78304169531424
G2_C3.4,amprion,overall,ensemble,lqs,248.89152084765715
G2_C3.4,amprion,overall,ensemble,mae_median,813.4242326948613
G2_C3.4,amprion,overall,ensemble,cov50,55.96215553038883
G2_C3.4,amprion,overall,ensemble,cov95,96.95167987919969
G2_C3.4,amprion,overall,ensemble,crps,607.5479537094332
G2_C3.4,amprion,overall,ensemble,energy_score,7030.9914480297
G2_C3.4,de_lu,overall,point,rmse,3037.1247412080984
G2_C3.4,de_lu,overall,point,r2,0.8951193170272252
G2_C3.4,de_lu,overall,point,mae,2064.9680861595284
G2_C3.4,de_lu,overall,point,smape,3.8810738686102004
G2_C3.4,de_lu,overall,quantile,wis,1269.4448430084417
G2_C3.4,de_lu,overall,quantile,lqs,634.7224215042208
G2_C3.4,de_lu,overall,quantile,mae_median,2030.2462764099778
G2_C3.4,de_lu,overall,quantile,cov50,64.87353718384296
G2_C3.4,de_lu,overall,quantile,cov95,98.44280860702152
G2_C3.4,de_lu,overall,ensemble,wis,1269.4448430084417
G2_C3.4,de_lu,overall,ensemble,lqs,634.7224215042208
G2_C3.4,de_lu,overall,ensemble,mae_median,2030.2462764099778
G2_C3.4,de_lu,overall,ensemble,cov50,64.87353718384296
G2_C3.4,de_lu,overall,ensemble,cov95,98.44280860702152
G2_C3.4,de_lu,overall,ensemble,crps,1556.2994297380458
G2_C3.4,de_lu,overall,ensemble,energy_score,17479.472202161283
G2_C3.4,lu,overall,point,rmse,31.356693382237896
G2_C3.4,lu,overall,point,r2,0.8992501821966921
G2_C3.4,lu,overall,point,mae,20.239394820822433
G2_C3.4,lu,overall,point,smape,3.7045485200044794
G2_C3.4,lu,overall,quantile,wis,12.264476368035108
G2_C3.4,lu,overall,quantile,lqs,6.132238184017554
G2_C3.4,lu,overall,quantile,mae_median,19.7469772789614
G2_C3.4,lu,overall,quantile,cov50,52.56228765571914
G2_C3.4,lu,overall,quantile,cov95,96.1978576821442
G2_C3.4,lu,overall,ensemble,wis,12.264476368035108
G2_C3.4,lu,overall,ensemble,lqs,6.132238184017554
G2_C3.4,lu,overall,ensemble,mae_median,19.7469772789614
G2_C3.4,lu,overall,ensemble,cov50,52.56228765571914
G2_C3.4,lu,overall,ensemble,cov95,96.1978576821442
G2_C3.4,lu,overall,ensemble,crps,14.829314721750963
G2_C3.4,lu,overall,ensemble,energy_score,170.52262827999022
G2_C3.4,tennet,overall,point,rmse,929.499180218248
G2_C3.4,tennet,overall,point,r2,0.8948537970745547
G2_C3.4,tennet,overall,point,mae,623.0405335767989
G2_C3.4,tennet,overall,point,smape,3.990375163988612
G2_C3.4,tennet,overall,quantile,wis,374.9670914944319
G2_C3.4,tennet,overall,quantile,lqs,187.48354574721594
G2_C3.4,tennet,overall,quantile,mae_median,613.864685270385
G2_C3.4,tennet,overall,quantile,cov50,54.20323707059268
G2_C3.4,tennet,overall,quantile,cov95,96.81365609664024
G2_C3.4,tennet,overall,ensemble,wis,374.9670914944319
G2_C3.4,tennet,overall,ensemble,lqs,187.48354574721594
G2_C3.4,tennet,overall,ensemble,mae_median,613.864685270385
G2_C3.4,tennet,overall,ensemble,cov50,54.20323707059268
G2_C3.4,tennet,overall,ensemble,cov95,96.81365609664024
G2_C3.4,tennet,overall,ensemble,crps,456.1853252778666
G2_C3.4,tennet,overall,ensemble,energy_score,5249.304740387662
G2_C3.4,transnetbw,overall,point,rmse,489.5287086760701
G2_C3.4,transnetbw,overall,point,r2,0.8745966433122025
G2_C3.4,transnetbw,overall,point,mae,310.92256437621336
G2_C3.4,transnetbw,overall,point,smape,4.826129860531365
G2_C3.4,transnetbw,overall,quantile,wis,187.74382002760473
G2_C3.4,transnetbw,overall,quantile,lqs,93.87191001380238
G2_C3.4,transnetbw,overall,quantile,mae_median,305.7107561119762
G2_C3.4,transnetbw,overall,quantile,cov50,54.66567572668931
G2_C3.4,transnetbw,overall,quantile,cov95,96.57653831634579
G2_C3.4,transnetbw,overall,ensemble,wis,187.74382002760473
G2_C3.4,transnetbw,overall,ensemble,lqs,93.87191001380238
G2_C3.4,transnetbw,overall,ensemble,mae_median,305.7107561119762
G2_C3.4,transnetbw,overall,ensemble,cov50,54.66567572668931
G2_C3.4,transnetbw,overall,ensemble,cov95,96.57653831634579
G2_C3.4,transnetbw,overall,ensemble,crps,227.52071452801093
G2_C3.4,transnetbw,overall,ensemble,energy_score,2640.457374213327
G2_C4,50hertz,2024,point,rmse,826.5346983006148
G2_C4,50hertz,2024,point,r2,0.8036283586198132
G2_C4,50hertz,2024,point,mae,635.4987497424971
G2_C4,50hertz,2024,point,smape,5.536238932958104
G2_C4,50hertz,2024,quantile,wis,372.29968573542806
G2_C4,50hertz,2024,quantile,lqs,186.14984286771403
G2_C4,50hertz,2024,quantile,mae_median,634.140658868397
G2_C4,50hertz,2024,quantile,cov50,45.53164845173042
G2_C4,50hertz,2024,quantile,cov95,95.32103825136612
G2_C4,50hertz,2024,ensemble,wis,372.29968573542806
G2_C4,50hertz,2024,ensemble,lqs,186.14984286771403
G2_C4,50hertz,2024,ensemble,mae_median,634.140658868397
G2_C4,50hertz,2024,ensemble,cov50,45.53164845173042
G2_C4,50hertz,2024,ensemble,cov95,95.32103825136612
G2_C4,50hertz,2024,ensemble,crps,454.82165544561025
G2_C4,50hertz,2024,ensemble,energy_score,5239.877665171293
G2_C4,50hertz,2025,point,rmse,905.5926272812243
G2_C4,50hertz,2025,point,r2,0.7687884567014058
G2_C4,50hertz,2025,point,mae,702.6732583713851
G2_C4,50hertz,2025,point,smape,6.1173722646699655
G2_C4,50hertz,2025,quantile,wis,410.8335819748859
G2_C4,50hertz,2025,quantile,lqs,205.41679098744294
G2_C4,50hertz,2025,quantile,mae_median,702.9987002283106
G2_C4,50hertz,2025,quantile,cov50,47.17180365296804
G2_C4,50hertz,2025,quantile,cov95,95.79908675799086
G2_C4,50hertz,2025,ensemble,wis,410.8335819748859
G2_C4,50hertz,2025,ensemble,lqs,205.41679098744294
G2_C4,50hertz,2025,ensemble,mae_median,702.9987002283106
G2_C4,50hertz,2025,ensemble,cov50,47.17180365296804
G2_C4,50hertz,2025,ensemble,cov95,95.79908675799086
G2_C4,50hertz,2025,ensemble,crps,503.6850552072656
G2_C4,50hertz,2025,ensemble,energy_score,5787.576712239414
G2_C4,50hertz,2026H1,point,rmse,1027.877479282201
G2_C4,50hertz,2026H1,point,r2,0.772681389054972
G2_C4,50hertz,2026H1,point,mae,756.207486874739
G2_C4,50hertz,2026H1,point,smape,6.290168080151737
G2_C4,50hertz,2026H1,quantile,wis,449.3910165844298
G2_C4,50hertz,2026H1,quantile,lqs,224.6955082922149
G2_C4,50hertz,2026H1,quantile,mae_median,757.820800986842
G2_C4,50hertz,2026H1,quantile,cov50,46.854440789473685
G2_C4,50hertz,2026H1,quantile,cov95,92.92763157894737
G2_C4,50hertz,2026H1,ensemble,wis,449.3910165844298
G2_C4,50hertz,2026H1,ensemble,lqs,224.6955082922149
G2_C4,50hertz,2026H1,ensemble,mae_median,757.820800986842
G2_C4,50hertz,2026H1,ensemble,cov50,46.854440789473685
G2_C4,50hertz,2026H1,ensemble,cov95,92.92763157894737
G2_C4,50hertz,2026H1,ensemble,crps,548.511645494254
G2_C4,50hertz,2026H1,ensemble,energy_score,6165.499584184615
G2_C4,amprion,2024,point,rmse,1190.4360746842774
G2_C4,amprion,2024,point,r2,0.8701536974177322
G2_C4,amprion,2024,point,mae,813.1139432552628
G2_C4,amprion,2024,point,smape,4.406644845360677
G2_C4,amprion,2024,quantile,wis,495.93719169027077
G2_C4,amprion,2024,quantile,lqs,247.96859584513544
G2_C4,amprion,2024,quantile,mae_median,806.1196642282559
G2_C4,amprion,2024,quantile,cov50,50.204918032786885
G2_C4,amprion,2024,quantile,cov95,94.14560564663023
G2_C4,amprion,2024,ensemble,wis,495.93719169027077
G2_C4,amprion,2024,ensemble,lqs,247.96859584513544
G2_C4,amprion,2024,ensemble,mae_median,806.1196642282559
G2_C4,amprion,2024,ensemble,cov50,50.204918032786885
G2_C4,amprion,2024,ensemble,cov95,94.14560564663023
G2_C4,amprion,2024,ensemble,crps,598.2317901222133
G2_C4,amprion,2024,ensemble,energy_score,6921.424947343787
G2_C4,amprion,2025,point,rmse,1086.8236951954686
G2_C4,amprion,2025,point,r2,0.8880417536319148
G2_C4,amprion,2025,point,mae,749.7883080521309
G2_C4,amprion,2025,point,smape,3.940770787752744
G2_C4,amprion,2025,quantile,wis,448.87369165513695
G2_C4,amprion,2025,quantile,lqs,224.4368458275685
G2_C4,amprion,2025,quantile,mae_median,745.4789929560502
G2_C4,amprion,2025,quantile,cov50,49.07248858447489
G2_C4,amprion,2025,quantile,cov95,95.39383561643837
G2_C4,amprion,2025,ensemble,wis,448.87369165513695
G2_C4,amprion,2025,ensemble,lqs,224.4368458275685
G2_C4,amprion,2025,ensemble,mae_median,745.4789929560502
G2_C4,amprion,2025,ensemble,cov50,49.07248858447489
G2_C4,amprion,2025,ensemble,cov95,95.39383561643837
G2_C4,amprion,2025,ensemble,crps,544.4172306616915
G2_C4,amprion,2025,ensemble,energy_score,6372.277840000593
G2_C4,amprion,2026H1,point,rmse,1264.1733682856882
G2_C4,amprion,2026H1,point,r2,0.8638899243131386
G2_C4,amprion,2026H1,point,mae,886.9194078350498
G2_C4,amprion,2026H1,point,smape,4.490737752975712
G2_C4,amprion,2026H1,quantile,wis,539.2481759867051
G2_C4,amprion,2026H1,quantile,lqs,269.6240879933525
G2_C4,amprion,2026H1,quantile,mae_median,886.0869579954771
G2_C4,amprion,2026H1,quantile,cov50,49.97258771929825
G2_C4,amprion,2026H1,quantile,cov95,93.86650219298247
G2_C4,amprion,2026H1,ensemble,wis,539.2481759867051
G2_C4,amprion,2026H1,ensemble,lqs,269.6240879933525
G2_C4,amprion,2026H1,ensemble,mae_median,886.0869579954771
G2_C4,amprion,2026H1,ensemble,cov50,49.97258771929825
G2_C4,amprion,2026H1,ensemble,cov95,93.86650219298247
G2_C4,amprion,2026H1,ensemble,crps,654.560898159298
G2_C4,amprion,2026H1,ensemble,energy_score,7556.5414216740755
G2_C4,de_lu,2024,point,rmse,2751.700473180808
G2_C4,de_lu,2024,point,r2,0.9111424226082314
G2_C4,de_lu,2024,point,mae,1776.5052702180687
G2_C4,de_lu,2024,point,smape,3.374587960757268
G2_C4,de_lu,2024,quantile,wis,1093.9007596658541
G2_C4,de_lu,2024,quantile,lqs,546.9503798329272
G2_C4,de_lu,2024,quantile,mae_median,1756.4937530693305
G2_C4,de_lu,2024,quantile,cov50,60.21174863387978
G2_C4,de_lu,2024,quantile,cov95,97.86543715846994
G2_C4,de_lu,2024,ensemble,wis,1093.9007596658541
G2_C4,de_lu,2024,ensemble,lqs,546.9503798329272
G2_C4,de_lu,2024,ensemble,mae_median,1756.4937530693305
G2_C4,de_lu,2024,ensemble,cov50,60.21174863387978
G2_C4,de_lu,2024,ensemble,cov95,97.86543715846994
G2_C4,de_lu,2024,ensemble,crps,1329.030862904449
G2_C4,de_lu,2024,ensemble,energy_score,15010.62443171553
G2_C4,de_lu,2025,point,rmse,2746.958405069795
G2_C4,de_lu,2025,point,r2,0.9118947928195715
G2_C4,de_lu,2025,point,mae,1789.7156045794466
G2_C4,de_lu,2025,point,smape,3.3867594228301128
G2_C4,de_lu,2025,quantile,wis,1093.7463339142694
G2_C4,de_lu,2025,quantile,lqs,546.8731669571347
G2_C4,de_lu,2025,quantile,mae_median,1775.6458304857306
G2_C4,de_lu,2025,quantile,cov50,60.92751141552512
G2_C4,de_lu,2025,quantile,cov95,97.94805936073058
G2_C4,de_lu,2025,ensemble,wis,1093.7463339142694
G2_C4,de_lu,2025,ensemble,lqs,546.8731669571347
G2_C4,de_lu,2025,ensemble,mae_median,1775.6458304857306
G2_C4,de_lu,2025,ensemble,cov50,60.92751141552512
G2_C4,de_lu,2025,ensemble,cov95,97.94805936073058
G2_C4,de_lu,2025,ensemble,crps,1334.0099105263762
G2_C4,de_lu,2025,ensemble,energy_score,15097.435033974078
G2_C4,de_lu,2026H1,point,rmse,3416.006355432555
G2_C4,de_lu,2026H1,point,r2,0.8779037748274722
G2_C4,de_lu,2026H1,point,mae,2218.0942869241358
G2_C4,de_lu,2026H1,point,smape,4.115726178968769
G2_C4,de_lu,2026H1,quantile,wis,1365.3118399878972
G2_C4,de_lu,2026H1,quantile,lqs,682.6559199939486
G2_C4,de_lu,2026H1,quantile,mae_median,2198.539691542832
G2_C4,de_lu,2026H1,quantile,cov50,61.54742324561403
G2_C4,de_lu,2026H1,quantile,cov95,96.77220394736842
G2_C4,de_lu,2026H1,ensemble,wis,1365.3118399878972
G2_C4,de_lu,2026H1,ensemble,lqs,682.6559199939486
G2_C4,de_lu,2026H1,ensemble,mae_median,2198.539691542832
G2_C4,de_lu,2026H1,ensemble,cov50,61.54742324561403
G2_C4,de_lu,2026H1,ensemble,cov95,96.77220394736842
G2_C4,de_lu,2026H1,ensemble,crps,1666.4230665438863
G2_C4,de_lu,2026H1,ensemble,energy_score,18561.87195245682
G2_C4,lu,2024,point,rmse,28.16765928780621
G2_C4,lu,2024,point,r2,0.917853541093796
G2_C4,lu,2024,point,mae,17.300541366472586
G2_C4,lu,2024,point,smape,3.1222704959657746
G2_C4,lu,2024,quantile,wis,10.692043921120788
G2_C4,lu,2024,quantile,lqs,5.346021960560394
G2_C4,lu,2024,quantile,mae_median,16.926665471311473
G2_C4,lu,2024,quantile,cov50,51.94672131147541
G2_C4,lu,2024,quantile,cov95,94.94535519125684
G2_C4,lu,2024,ensemble,wis,10.692043921120788
G2_C4,lu,2024,ensemble,lqs,5.346021960560394
G2_C4,lu,2024,ensemble,mae_median,16.926665471311473
G2_C4,lu,2024,ensemble,cov50,51.94672131147541
G2_C4,lu,2024,ensemble,cov95,94.94535519125684
G2_C4,lu,2024,ensemble,crps,12.800840462386002
G2_C4,lu,2024,ensemble,energy_score,147.53102225122583
G2_C4,lu,2025,point,rmse,29.593198911818504
G2_C4,lu,2025,point,r2,0.9100476091042369
G2_C4,lu,2025,point,mae,19.247426863176777
G2_C4,lu,2025,point,smape,3.5365029055461523
G2_C4,lu,2025,quantile,wis,11.71143408390411
G2_C4,lu,2025,quantile,lqs,5.8557170419520554
G2_C4,lu,2025,quantile,mae_median,18.91620693493151
G2_C4,lu,2025,quantile,cov50,51.675228310502284
G2_C4,lu,2025,quantile,cov95,95.33390410958904
G2_C4,lu,2025,ensemble,wis,11.71143408390411
G2_C4,lu,2025,ensemble,lqs,5.8557170419520554
G2_C4,lu,2025,ensemble,mae_median,18.91620693493151
G2_C4,lu,2025,ensemble,cov50,51.675228310502284
G2_C4,lu,2025,ensemble,cov95,95.33390410958904
G2_C4,lu,2025,ensemble,crps,14.146548871584402
G2_C4,lu,2025,ensemble,energy_score,162.90752217696908
G2_C4,lu,2026H1,point,rmse,40.868695169878045
G2_C4,lu,2026H1,point,r2,0.8323026224849209
G2_C4,lu,2026H1,point,mae,25.187938073627265
G2_C4,lu,2026H1,point,smape,4.730238410528053
G2_C4,lu,2026H1,quantile,wis,15.492073672080162
G2_C4,lu,2026H1,quantile,lqs,7.746036836040082
G2_C4,lu,2026H1,quantile,mae_median,24.930947983895287
G2_C4,lu,2026H1,quantile,cov50,51.50767543859649
G2_C4,lu,2026H1,quantile,cov95,94.7642543859649
G2_C4,lu,2026H1,ensemble,wis,15.492073672080162
G2_C4,lu,2026H1,ensemble,lqs,7.746036836040082
G2_C4,lu,2026H1,ensemble,mae_median,24.930947983895287
G2_C4,lu,2026H1,ensemble,cov50,51.50767543859649
G2_C4,lu,2026H1,ensemble,cov95,94.7642543859649
G2_C4,lu,2026H1,ensemble,crps,18.648693905856806
G2_C4,lu,2026H1,ensemble,energy_score,214.23896790294197
G2_C4,tennet,2024,point,rmse,804.1945055675943
G2_C4,tennet,2024,point,r2,0.9175753002185021
G2_C4,tennet,2024,point,mae,504.7916296675774
G2_C4,tennet,2024,point,smape,3.2189347731650684
G2_C4,tennet,2024,quantile,wis,308.9720053506375
G2_C4,tennet,2024,quantile,lqs,154.4860026753188
G2_C4,tennet,2024,quantile,mae_median,501.56000170765026
G2_C4,tennet,2024,quantile,cov50,50.09961293260473
G2_C4,tennet,2024,quantile,cov95,94.93966302367942
G2_C4,tennet,2024,ensemble,wis,308.9720053506375
G2_C4,tennet,2024,ensemble,lqs,154.4860026753188
G2_C4,tennet,2024,ensemble,mae_median,501.56000170765026
G2_C4,tennet,2024,ensemble,cov50,50.09961293260473
G2_C4,tennet,2024,ensemble,cov95,94.93966302367942
G2_C4,tennet,2024,ensemble,crps,372.44247689057414
G2_C4,tennet,2024,ensemble,energy_score,4312.149014433934
G2_C4,tennet,2025,point,rmse,829.8477467276819
G2_C4,tennet,2025,point,r2,0.9151443978894753
G2_C4,tennet,2025,point,mae,527.8581110717004
G2_C4,tennet,2025,point,smape,3.3982048614031326
G2_C4,tennet,2025,quantile,wis,323.46385742579906
G2_C4,tennet,2025,quantile,lqs,161.73192871289956
G2_C4,tennet,2025,quantile,mae_median,523.312624229452
G2_C4,tennet,2025,quantile,cov50,47.913812785388124
G2_C4,tennet,2025,quantile,cov95,93.68721461187215
G2_C4,tennet,2025,ensemble,wis,323.46385742579906
G2_C4,tennet,2025,ensemble,lqs,161.73192871289956
G2_C4,tennet,2025,ensemble,mae_median,523.312624229452
G2_C4,tennet,2025,ensemble,cov50,47.913812785388124
G2_C4,tennet,2025,ensemble,cov95,93.68721461187215
G2_C4,tennet,2025,ensemble,crps,388.8165278280605
G2_C4,tennet,2025,ensemble,energy_score,4458.428893026514
G2_C4,tennet,2026H1,point,rmse,1131.7303836528004
G2_C4,tennet,2026H1,point,r2,0.8625837764837658
G2_C4,tennet,2026H1,point,mae,743.7065823673768
G2_C4,tennet,2026H1,point,smape,4.960922311024497
G2_C4,tennet,2026H1,quantile,wis,447.9254775973136
G2_C4,tennet,2026H1,quantile,lqs,223.9627387986568
G2_C4,tennet,2026H1,quantile,mae_median,735.1664296875
G2_C4,tennet,2026H1,quantile,cov50,48.69791666666667
G2_C4,tennet,2026H1,quantile,cov95,93.88020833333334
G2_C4,tennet,2026H1,ensemble,wis,447.9254775973136
G2_C4,tennet,2026H1,ensemble,lqs,223.9627387986568
G2_C4,tennet,2026H1,ensemble,mae_median,735.1664296875
G2_C4,tennet,2026H1,ensemble,cov50,48.69791666666667
G2_C4,tennet,2026H1,ensemble,cov95,93.88020833333334
G2_C4,tennet,2026H1,ensemble,crps,541.7846953106352
G2_C4,tennet,2026H1,ensemble,energy_score,6199.489266655648
G2_C4,transnetbw,2024,point,rmse,436.880499856142
G2_C4,transnetbw,2024,point,r2,0.8983094603250071
G2_C4,transnetbw,2024,point,mae,250.1052247321971
G2_C4,transnetbw,2024,point,smape,3.967233072245931
G2_C4,transnetbw,2024,quantile,wis,155.1044682377049
G2_C4,transnetbw,2024,quantile,lqs,77.55223411885245
G2_C4,transnetbw,2024,quantile,mae_median,245.30354565118395
G2_C4,transnetbw,2024,quantile,cov50,50.77413479052824
G2_C4,transnetbw,2024,quantile,cov95,94.9709699453552
G2_C4,transnetbw,2024,ensemble,wis,155.1044682377049
G2_C4,transnetbw,2024,ensemble,lqs,77.55223411885245
G2_C4,transnetbw,2024,ensemble,mae_median,245.30354565118395
G2_C4,transnetbw,2024,ensemble,cov50,50.77413479052824
G2_C4,transnetbw,2024,ensemble,cov95,94.9709699453552
G2_C4,transnetbw,2024,ensemble,crps,185.1001652664709
G2_C4,transnetbw,2024,ensemble,energy_score,2132.2605181953927
G2_C4,transnetbw,2025,point,rmse,435.6791167300372
G2_C4,transnetbw,2025,point,r2,0.9000138705815215
G2_C4,transnetbw,2025,point,mae,257.05195293745925
G2_C4,transnetbw,2025,point,smape,4.111285021015517
G2_C4,transnetbw,2025,quantile,wis,159.02804353595891
G2_C4,transnetbw,2025,quantile,lqs,79.51402176797944
G2_C4,transnetbw,2025,quantile,mae_median,254.67346291952052
G2_C4,transnetbw,2025,quantile,cov50,49.06963470319635
G2_C4,transnetbw,2025,quantile,cov95,93.59303652968036
G2_C4,transnetbw,2025,ensemble,wis,159.02804353595891
G2_C4,transnetbw,2025,ensemble,lqs,79.51402176797944
G2_C4,transnetbw,2025,ensemble,mae_median,254.67346291952052
G2_C4,transnetbw,2025,ensemble,cov50,49.06963470319635
G2_C4,transnetbw,2025,ensemble,cov95,93.59303652968036
G2_C4,transnetbw,2025,ensemble,crps,190.16502123035934
G2_C4,transnetbw,2025,ensemble,energy_score,2191.7428052269797
G2_C4,transnetbw,2026H1,point,rmse,559.0116885013882
G2_C4,transnetbw,2026H1,point,r2,0.828955291029601
G2_C4,transnetbw,2026H1,point,mae,333.5937013758354
G2_C4,transnetbw,2026H1,point,smape,4.943856665318239
G2_C4,transnetbw,2026H1,quantile,wis,209.0046544407895
G2_C4,transnetbw,2026H1,quantile,lqs,104.50232722039475
G2_C4,transnetbw,2026H1,quantile,mae_median,332.5954743695176
G2_C4,transnetbw,2026H1,quantile,cov50,51.658442982456144
G2_C4,transnetbw,2026H1,quantile,cov95,93.55126096491229
G2_C4,transnetbw,2026H1,ensemble,wis,209.0046544407895
G2_C4,transnetbw,2026H1,ensemble,lqs,104.50232722039475
G2_C4,transnetbw,2026H1,ensemble,mae_median,332.5954743695176
G2_C4,transnetbw,2026H1,ensemble,cov50,51.658442982456144
G2_C4,transnetbw,2026H1,ensemble,cov95,93.55126096491229
G2_C4,transnetbw,2026H1,ensemble,crps,250.6127806492297
G2_C4,transnetbw,2026H1,ensemble,energy_score,2863.822309676878
G2_C4,50hertz,overall,point,rmse,896.6813545964272
G2_C4,50hertz,overall,point,r2,0.786543660435119
G2_C4,50hertz,overall,point,mae,684.0450959414154
G2_C4,50hertz,overall,point,smape,5.906239948188298
G2_C4,50hertz,overall,quantile,wis,401.498728109664
G2_C4,50hertz,overall,quantile,lqs,200.74936405483203
G2_C4,50hertz,overall,quantile,mae_median,683.8944150386939
G2_C4,50hertz,overall,quantile,cov50,46.437334843337105
G2_C4,50hertz,overall,quantile,cov95,95.10664401661005
G2_C4,50hertz,overall,ensemble,wis,401.498728109664
G2_C4,50hertz,overall,ensemble,lqs,200.74936405483203
G2_C4,50hertz,overall,ensemble,mae_median,683.8944150386939
G2_C4,50hertz,overall,ensemble,cov50,46.437334843337105
G2_C4,50hertz,overall,ensemble,cov95,95.10664401661005
G2_C4,50hertz,overall,ensemble,crps,491.147838232018
G2_C4,50hertz,overall,ensemble,energy_score,5625.613433993366
G2_C4,amprion,overall,point,rmse,1162.2223296910688
G2_C4,amprion,overall,point,r2,0.8783435490249756
G2_C4,amprion,overall,point,mae,799.6423393673631
G2_C4,amprion,overall,point,smape,4.228545288090676
G2_C4,amprion,overall,quantile,wis,483.9384284968779
G2_C4,amprion,overall,quantile,lqs,241.969214248439
G2_C4,amprion,overall,quantile,mae_median,794.8186264459938
G2_C4,amprion,overall,quantile,cov50,49.69681955454889
G2_C4,amprion,overall,quantile,cov95,94.61353340883352
G2_C4,amprion,overall,ensemble,wis,483.9384284968779
G2_C4,amprion,overall,ensemble,lqs,241.969214248439
G2_C4,amprion,overall,ensemble,mae_median,794.8186264459938
G2_C4,amprion,overall,ensemble,cov50,49.69681955454889
G2_C4,amprion,overall,ensemble,cov95,94.61353340883352
G2_C4,amprion,overall,ensemble,crps,585.6833305735682
G2_C4,amprion,overall,ensemble,energy_score,6803.756781905438
G2_C4,de_lu,overall,point,rmse,2875.131017279192
G2_C4,de_lu,overall,point,r2,0.9060091608034682
G2_C4,de_lu,overall,point,mae,1857.981264081291
G2_C4,de_lu,overall,point,smape,3.507199051159008
G2_C4,de_lu,overall,quantile,wis,1140.5577458602165
G2_C4,de_lu,overall,quantile,lqs,570.2788729301085
G2_C4,de_lu,overall,quantile,mae_median,1840.504501546067
G2_C4,de_lu,overall,quantile,cov50,60.73754246885618
G2_C4,de_lu,overall,quantile,cov95,97.71140052850133
G2_C4,de_lu,overall,ensemble,wis,1140.5577458602165
G2_C4,de_lu,overall,ensemble,lqs,570.2788729301085
G2_C4,de_lu,overall,ensemble,mae_median,1840.504501546067
G2_C4,de_lu,overall,ensemble,cov50,60.73754246885618
G2_C4,de_lu,overall,ensemble,cov95,97.71140052850133
G2_C4,de_lu,overall,ensemble,crps,1389.1678587540503
G2_C4,de_lu,overall,ensemble,energy_score,15657.822045506067
G2_C4,lu,overall,point,rmse,31.279258177999914
G2_C4,lu,overall,point,r2,0.8997471701691138
G2_C4,lu,overall,point,mae,19.463052698051914
G2_C4,lu,overall,point,smape,3.5702953572458473
G2_C4,lu,overall,quantile,wis,11.939701827759222
G2_C4,lu,overall,quantile,lqs,5.969850913879612
G2_C4,lu,overall,quantile,mae_median,19.126929996944604
G2_C4,lu,overall,quantile,cov50,51.758918459796156
G2_C4,lu,overall,quantile,cov95,95.07479237448094
G2_C4,lu,overall,ensemble,wis,11.939701827759222
G2_C4,lu,overall,ensemble,lqs,5.969850913879612
G2_C4,lu,overall,ensemble,mae_median,19.126929996944604
G2_C4,lu,overall,ensemble,cov50,51.758918459796156
G2_C4,lu,overall,ensemble,cov95,95.07479237448094
G2_C4,lu,overall,ensemble,crps,14.363759253739318
G2_C4,lu,overall,ensemble,energy_score,165.37024106431429
G2_C4,tennet,overall,point,rmse,879.3224745217351
G2_C4,tennet,overall,point,r2,0.9058995027071527
G2_C4,tennet,overall,point,mae,555.4533946991453
G2_C4,tennet,overall,point,smape,3.5929049747070008
G2_C4,tennet,overall,quantile,wis,338.8819190413836
G2_C4,tennet,overall,quantile,lqs,169.4409595206918
G2_C4,tennet,overall,quantile,mae_median,550.7648536593998
G2_C4,tennet,overall,quantile,cov50,48.954794261985654
G2_C4,tennet,overall,quantile,cov95,94.23957153642884
G2_C4,tennet,overall,ensemble,wis,338.8819190413836
G2_C4,tennet,overall,ensemble,lqs,169.4409595206918
G2_C4,tennet,overall,ensemble,mae_median,550.7648536593998
G2_C4,tennet,overall,ensemble,cov50,48.954794261985654
G2_C4,tennet,overall,ensemble,cov95,94.23957153642884
G2_C4,tennet,overall,ensemble,crps,408.3615547977449
G2_C4,tennet,overall,ensemble,energy_score,4697.503345151931
G2_C4,transnetbw,overall,point,rmse,459.74841489784853
G2_C4,transnetbw,overall,point,r2,0.8893902756652629
G2_C4,transnetbw,overall,point,mae,267.3484911475467
G2_C4,transnetbw,overall,point,smape,4.194895300386237
G2_C4,transnetbw,overall,quantile,wis,166.0047324355889
G2_C4,transnetbw,overall,quantile,lqs,83.00236621779447
G2_C4,transnetbw,overall,quantile,mae_median,264.20319793672144
G2_C4,transnetbw,overall,quantile,cov50,50.221781804454515
G2_C4,transnetbw,overall,quantile,cov95,94.15699320498301
G2_C4,transnetbw,overall,ensemble,wis,166.0047324355889
G2_C4,transnetbw,overall,ensemble,lqs,83.00236621779447
G2_C4,transnetbw,overall,ensemble,mae_median,264.20319793672144
G2_C4,transnetbw,overall,ensemble,cov50,50.221781804454515
G2_C4,transnetbw,overall,ensemble,cov95,94.15699320498301
G2_C4,transnetbw,overall,ensemble,crps,198.47116182932322
G2_C4,transnetbw,overall,ensemble,energy_score,2282.779688152035
G2_C5,50hertz,2024,point,rmse,750.9598089888249
G2_C5,50hertz,2024,point,r2,0.8378974007459913
G2_C5,50hertz,2024,point,mae,581.3043509709212
G2_C5,50hertz,2024,point,smape,5.059524916255642
G2_C5,50hertz,2024,quantile,wis,338.61336594945357
G2_C5,50hertz,2024,quantile,lqs,169.3066829747268
G2_C5,50hertz,2024,quantile,mae_median,579.737191199909
G2_C5,50hertz,2024,quantile,cov50,47.78005464480874
G2_C5,50hertz,2024,quantile,cov95,96.41962659380692
G2_C5,50hertz,2024,ensemble,wis,338.61336594945357
G2_C5,50hertz,2024,ensemble,lqs,169.3066829747268
G2_C5,50hertz,2024,ensemble,mae_median,579.737191199909
G2_C5,50hertz,2024,ensemble,cov50,47.78005464480874
G2_C5,50hertz,2024,ensemble,cov95,96.41962659380692
G2_C5,50hertz,2024,ensemble,crps,415.40711321979455
G2_C5,50hertz,2024,ensemble,energy_score,4858.00326592887
G2_C5,50hertz,2025,point,rmse,842.8681783962926
G2_C5,50hertz,2025,point,r2,0.7997082450100591
G2_C5,50hertz,2025,point,mae,668.583200771907
G2_C5,50hertz,2025,point,smape,5.823845248994801
G2_C5,50hertz,2025,quantile,wis,385.9574396347032
G2_C5,50hertz,2025,quantile,lqs,192.97871981735162
G2_C5,50hertz,2025,quantile,mae_median,665.1217627283105
G2_C5,50hertz,2025,quantile,cov50,47.51141552511415
G2_C5,50hertz,2025,quantile,cov95,96.61244292237443
G2_C5,50hertz,2025,ensemble,wis,385.9574396347032
G2_C5,50hertz,2025,ensemble,lqs,192.97871981735162
G2_C5,50hertz,2025,ensemble,mae_median,665.1217627283105
G2_C5,50hertz,2025,ensemble,cov50,47.51141552511415
G2_C5,50hertz,2025,ensemble,cov95,96.61244292237443
G2_C5,50hertz,2025,ensemble,crps,474.1310974041976
G2_C5,50hertz,2025,ensemble,energy_score,5497.67715927858
G2_C5,50hertz,2026H1,point,rmse,858.5099283297344
G2_C5,50hertz,2026H1,point,r2,0.8414220001016841
G2_C5,50hertz,2026H1,point,mae,641.216470022713
G2_C5,50hertz,2026H1,point,smape,5.30963873896367
G2_C5,50hertz,2026H1,quantile,wis,380.8402901589912
G2_C5,50hertz,2026H1,quantile,lqs,190.42014507949563
G2_C5,50hertz,2026H1,quantile,mae_median,642.8347209429825
G2_C5,50hertz,2026H1,quantile,cov50,51.90515350877193
G2_C5,50hertz,2026H1,quantile,cov95,94.70942982456141
G2_C5,50hertz,2026H1,ensemble,wis,380.8402901589912
G2_C5,50hertz,2026H1,ensemble,lqs,190.42014507949563
G2_C5,50hertz,2026H1,ensemble,mae_median,642.8347209429825
G2_C5,50hertz,2026H1,ensemble,cov50,51.90515350877193
G2_C5,50hertz,2026H1,ensemble,cov95,94.70942982456141
G2_C5,50hertz,2026H1,ensemble,crps,466.248232352645
G2_C5,50hertz,2026H1,ensemble,energy_score,5361.803426906506
G2_C5,amprion,2024,point,rmse,1070.6546354495558
G2_C5,amprion,2024,point,r2,0.894969306656044
G2_C5,amprion,2024,point,mae,745.9762905821569
G2_C5,amprion,2024,point,smape,4.046204787358135
G2_C5,amprion,2024,quantile,wis,449.2821568104053
G2_C5,amprion,2024,quantile,lqs,224.64107840520265
G2_C5,amprion,2024,quantile,mae_median,737.0414224575364
G2_C5,amprion,2024,quantile,cov50,52.94854280510018
G2_C5,amprion,2024,quantile,cov95,95.27834699453553
G2_C5,amprion,2024,ensemble,wis,449.2821568104053
G2_C5,amprion,2024,ensemble,lqs,224.64107840520265
G2_C5,amprion,2024,ensemble,mae_median,737.0414224575364
G2_C5,amprion,2024,ensemble,cov50,52.94854280510018
G2_C5,amprion,2024,ensemble,cov95,95.27834699453553
G2_C5,amprion,2024,ensemble,crps,546.8573910844442
G2_C5,amprion,2024,ensemble,energy_score,6423.254934997565
G2_C5,amprion,2025,point,rmse,924.6761098841027
G2_C5,amprion,2025,point,r2,0.9189566909937644
G2_C5,amprion,2025,point,mae,667.6829720082627
G2_C5,amprion,2025,point,smape,3.4902542992959065
G2_C5,amprion,2025,quantile,wis,394.8923193736302
G2_C5,amprion,2025,quantile,lqs,197.4461596868151
G2_C5,amprion,2025,quantile,mae_median,665.0721454063927
G2_C5,amprion,2025,quantile,cov50,50.91324200913242
G2_C5,amprion,2025,quantile,cov95,96.69520547945206
G2_C5,amprion,2025,ensemble,wis,394.8923193736302
G2_C5,amprion,2025,ensemble,lqs,197.4461596868151
G2_C5,amprion,2025,ensemble,mae_median,665.0721454063927
G2_C5,amprion,2025,ensemble,cov50,50.91324200913242
G2_C5,amprion,2025,ensemble,cov95,96.69520547945206
G2_C5,amprion,2025,ensemble,crps,482.28709774274296
G2_C5,amprion,2025,ensemble,energy_score,5738.037386993497
G2_C5,amprion,2026H1,point,rmse,1049.8260460384574
G2_C5,amprion,2026H1,point,r2,0.9061332701363594
G2_C5,amprion,2026H1,point,mae,762.9386353144907
G2_C5,amprion,2026H1,point,smape,3.871445989139038
G2_C5,amprion,2026H1,quantile,wis,455.8730652833059
G2_C5,amprion,2026H1,quantile,lqs,227.936532641653
G2_C5,amprion,2026H1,quantile,mae_median,764.7902040494791
G2_C5,amprion,2026H1,quantile,cov50,52.09703947368421
G2_C5,amprion,2026H1,quantile,cov95,95.9361293859649
G2_C5,amprion,2026H1,ensemble,wis,455.8730652833059
G2_C5,amprion,2026H1,ensemble,lqs,227.936532641653
G2_C5,amprion,2026H1,ensemble,mae_median,764.7902040494791
G2_C5,amprion,2026H1,ensemble,cov50,52.09703947368421
G2_C5,amprion,2026H1,ensemble,cov95,95.9361293859649
G2_C5,amprion,2026H1,ensemble,crps,557.3572374662708
G2_C5,amprion,2026H1,ensemble,energy_score,6575.603541510773
G2_C5,de_lu,2024,point,rmse,2332.2595034632945
G2_C5,de_lu,2024,point,r2,0.9361669061452514
G2_C5,de_lu,2024,point,mae,1560.2118017604737
G2_C5,de_lu,2024,point,smape,2.9583708108651687
G2_C5,de_lu,2024,quantile,wis,953.9057829636697
G2_C5,de_lu,2024,quantile,lqs,476.95289148183485
G2_C5,de_lu,2024,quantile,mae_median,1541.327326868966
G2_C5,de_lu,2024,quantile,cov50,64.60325591985429
G2_C5,de_lu,2024,quantile,cov95,98.44034608378871
G2_C5,de_lu,2024,ensemble,wis,953.9057829636697
G2_C5,de_lu,2024,ensemble,lqs,476.95289148183485
G2_C5,de_lu,2024,ensemble,mae_median,1541.327326868966
G2_C5,de_lu,2024,ensemble,cov50,64.60325591985429
G2_C5,de_lu,2024,ensemble,cov95,98.44034608378871
G2_C5,de_lu,2024,ensemble,crps,1171.1313751941675
G2_C5,de_lu,2024,ensemble,energy_score,13467.913542941065
G2_C5,de_lu,2025,point,rmse,2228.7311136534313
G2_C5,de_lu,2025,point,r2,0.9420020341241865
G2_C5,de_lu,2025,point,mae,1548.7450238127853
G2_C5,de_lu,2025,point,smape,2.9115077468718855
G2_C5,de_lu,2025,quantile,wis,940.9317022504853
G2_C5,de_lu,2025,quantile,lqs,470.46585112524264
G2_C5,de_lu,2025,quantile,mae_median,1537.5454976335616
G2_C5,de_lu,2025,quantile,cov50,63.97545662100457
G2_C5,de_lu,2025,quantile,cov95,99.1181506849315
G2_C5,de_lu,2025,ensemble,wis,940.9317022504853
G2_C5,de_lu,2025,ensemble,lqs,470.46585112524264
G2_C5,de_lu,2025,ensemble,mae_median,1537.5454976335616
G2_C5,de_lu,2025,ensemble,cov50,63.97545662100457
G2_C5,de_lu,2025,ensemble,cov95,99.1181506849315
G2_C5,de_lu,2025,ensemble,crps,1155.9114060022714
G2_C5,de_lu,2025,ensemble,energy_score,13286.644992812402
G2_C5,de_lu,2026H1,point,rmse,2535.485734721243
G2_C5,de_lu,2026H1,point,r2,0.9327352952899615
G2_C5,de_lu,2026H1,point,mae,1736.856489122351
G2_C5,de_lu,2026H1,point,smape,3.190542718250658
G2_C5,de_lu,2026H1,quantile,wis,1071.9005476913303
G2_C5,de_lu,2026H1,quantile,lqs,535.9502738456652
G2_C5,de_lu,2026H1,quantile,mae_median,1737.6813758564283
G2_C5,de_lu,2026H1,quantile,cov50,66.98876096491229
G2_C5,de_lu,2026H1,quantile,cov95,98.75959429824562
G2_C5,de_lu,2026H1,ensemble,wis,1071.9005476913303
G2_C5,de_lu,2026H1,ensemble,lqs,535.9502738456652
G2_C5,de_lu,2026H1,ensemble,mae_median,1737.6813758564283
G2_C5,de_lu,2026H1,ensemble,cov50,66.98876096491229
G2_C5,de_lu,2026H1,ensemble,cov95,98.75959429824562
G2_C5,de_lu,2026H1,ensemble,crps,1322.0451362494614
G2_C5,de_lu,2026H1,ensemble,energy_score,15105.896515573479
G2_C5,lu,2024,point,rmse,25.15132098191251
G2_C5,lu,2024,point,r2,0.9345048820461089
G2_C5,lu,2024,point,mae,15.975744254298943
G2_C5,lu,2024,point,smape,2.8756436773376257
G2_C5,lu,2024,quantile,wis,9.787348050076844
G2_C5,lu,2024,quantile,lqs,4.893674025038422
G2_C5,lu,2024,quantile,mae_median,15.709895377959926
G2_C5,lu,2024,quantile,cov50,53.62591074681239
G2_C5,lu,2024,quantile,cov95,96.1976320582878
G2_C5,lu,2024,ensemble,wis,9.787348050076844
G2_C5,lu,2024,ensemble,lqs,4.893674025038422
G2_C5,lu,2024,ensemble,mae_median,15.709895377959926
G2_C5,lu,2024,ensemble,cov50,53.62591074681239
G2_C5,lu,2024,ensemble,cov95,96.1976320582878
G2_C5,lu,2024,ensemble,crps,11.812128946020955
G2_C5,lu,2024,ensemble,energy_score,137.2649899276054
G2_C5,lu,2025,point,rmse,27.432530089496932
G2_C5,lu,2025,point,r2,0.9227033605191584
G2_C5,lu,2025,point,mae,18.164678691019787
G2_C5,lu,2025,point,smape,3.3434435905454376
G2_C5,lu,2025,quantile,wis,10.926150106307077
G2_C5,lu,2025,quantile,lqs,5.463075053153539
G2_C5,lu,2025,quantile,mae_median,17.692181364155253
G2_C5,lu,2025,quantile,cov50,53.05079908675799
G2_C5,lu,2025,quantile,cov95,96.48116438356165
G2_C5,lu,2025,ensemble,wis,10.926150106307077
G2_C5,lu,2025,ensemble,lqs,5.463075053153539
G2_C5,lu,2025,ensemble,mae_median,17.692181364155253
G2_C5,lu,2025,ensemble,cov50,53.05079908675799
G2_C5,lu,2025,ensemble,cov95,96.48116438356165
G2_C5,lu,2025,ensemble,crps,13.279216648417359
G2_C5,lu,2025,ensemble,energy_score,153.67312672548624
G2_C5,lu,2026H1,point,rmse,36.47949015186301
G2_C5,lu,2026H1,point,r2,0.8663889900722748
G2_C5,lu,2026H1,point,mae,22.574421224931633
G2_C5,lu,2026H1,point,smape,4.21484905563142
G2_C5,lu,2026H1,quantile,wis,13.703884534998203
G2_C5,lu,2026H1,quantile,lqs,6.8519422674991
G2_C5,lu,2026H1,quantile,mae_median,22.479973614103617
G2_C5,lu,2026H1,quantile,cov50,52.67269736842105
G2_C5,lu,2026H1,quantile,cov95,95.68941885964912
G2_C5,lu,2026H1,ensemble,wis,13.703884534998203
G2_C5,lu,2026H1,ensemble,lqs,6.8519422674991
G2_C5,lu,2026H1,ensemble,mae_median,22.479973614103617
G2_C5,lu,2026H1,ensemble,cov50,52.67269736842105
G2_C5,lu,2026H1,ensemble,cov95,95.68941885964912
G2_C5,lu,2026H1,ensemble,crps,16.711091798097016
G2_C5,lu,2026H1,ensemble,energy_score,193.8495885289497
G2_C5,tennet,2024,point,rmse,668.4645686209143
G2_C5,tennet,2024,point,r2,0.9430502323644729
G2_C5,tennet,2024,point,mae,440.19682718579236
G2_C5,tennet,2024,point,smape,2.7929200733430704
G2_C5,tennet,2024,quantile,wis,265.8737862021858
G2_C5,tennet,2024,quantile,lqs,132.93689310109292
G2_C5,tennet,2024,quantile,mae_median,439.3348798952641
G2_C5,tennet,2024,quantile,cov50,51.514116575591984
G2_C5,tennet,2024,quantile,cov95,96.1577868852459
G2_C5,tennet,2024,ensemble,wis,265.8737862021858
G2_C5,tennet,2024,ensemble,lqs,132.93689310109292
G2_C5,tennet,2024,ensemble,mae_median,439.3348798952641
G2_C5,tennet,2024,ensemble,cov50,51.514116575591984
G2_C5,tennet,2024,ensemble,cov95,96.1577868852459
G2_C5,tennet,2024,ensemble,crps,322.28049875779095
G2_C5,tennet,2024,ensemble,energy_score,3812.72380240806
G2_C5,tennet,2025,point,rmse,666.1571034826618
G2_C5,tennet,2025,point,r2,0.9453189295496528
G2_C5,tennet,2025,point,mae,453.6548588837247
G2_C5,tennet,2025,point,smape,2.8881806719451855
G2_C5,tennet,2025,quantile,wis,271.46902919520545
G2_C5,tennet,2025,quantile,lqs,135.73451459760275
G2_C5,tennet,2025,quantile,mae_median,452.12826783675797
G2_C5,tennet,2025,quantile,cov50,49.60901826484018
G2_C5,tennet,2025,quantile,cov95,95.59075342465754
G2_C5,tennet,2025,ensemble,wis,271.46902919520545
G2_C5,tennet,2025,ensemble,lqs,135.73451459760275
G2_C5,tennet,2025,ensemble,mae_median,452.12826783675797
G2_C5,tennet,2025,ensemble,cov50,49.60901826484018
G2_C5,tennet,2025,ensemble,cov95,95.59075342465754
G2_C5,tennet,2025,ensemble,crps,329.4771572163074
G2_C5,tennet,2025,ensemble,energy_score,3855.1930718157173
G2_C5,tennet,2026H1,point,rmse,841.7251201845078
G2_C5,tennet,2026H1,point,r2,0.9239861666269851
G2_C5,tennet,2026H1,point,mae,587.3164955487678
G2_C5,tennet,2026H1,point,smape,3.8376935051792476
G2_C5,tennet,2026H1,quantile,wis,350.6982056743421
G2_C5,tennet,2026H1,quantile,lqs,175.34910283717107
G2_C5,tennet,2026H1,quantile,mae_median,583.5422160087719
G2_C5,tennet,2026H1,quantile,cov50,52.713815789473685
G2_C5,tennet,2026H1,quantile,cov95,96.17598684210526
G2_C5,tennet,2026H1,ensemble,wis,350.6982056743421
G2_C5,tennet,2026H1,ensemble,lqs,175.34910283717107
G2_C5,tennet,2026H1,ensemble,mae_median,583.5422160087719
G2_C5,tennet,2026H1,ensemble,cov50,52.713815789473685
G2_C5,tennet,2026H1,ensemble,cov95,96.17598684210526
G2_C5,tennet,2026H1,ensemble,crps,429.04852884474326
G2_C5,tennet,2026H1,ensemble,energy_score,5061.3435957686825
G2_C5,transnetbw,2024,point,rmse,364.20983467312203
G2_C5,transnetbw,2024,point,r2,0.9293261795464995
G2_C5,transnetbw,2024,point,mae,221.17369399991327
G2_C5,transnetbw,2024,point,smape,3.518718607532186
G2_C5,transnetbw,2024,quantile,wis,134.34808982240438
G2_C5,transnetbw,2024,quantile,lqs,67.17404491120219
G2_C5,transnetbw,2024,quantile,mae_median,217.72374430783245
G2_C5,transnetbw,2024,quantile,cov50,50.80828779599271
G2_C5,transnetbw,2024,quantile,cov95,95.8646402550091
G2_C5,transnetbw,2024,ensemble,wis,134.34808982240438
G2_C5,transnetbw,2024,ensemble,lqs,67.17404491120219
G2_C5,transnetbw,2024,ensemble,mae_median,217.72374430783245
G2_C5,transnetbw,2024,ensemble,cov50,50.80828779599271
G2_C5,transnetbw,2024,ensemble,cov95,95.8646402550091
G2_C5,transnetbw,2024,ensemble,crps,161.64102256370063
G2_C5,transnetbw,2024,ensemble,energy_score,1892.5755237617118
G2_C5,transnetbw,2025,point,rmse,355.7375162876588
G2_C5,transnetbw,2025,point,r2,0.9333399543574443
G2_C5,transnetbw,2025,point,mae,222.326692941808
G2_C5,transnetbw,2025,point,smape,3.5167073422443766
G2_C5,transnetbw,2025,quantile,wis,134.85803269349313
G2_C5,transnetbw,2025,quantile,lqs,67.42901634674658
G2_C5,transnetbw,2025,quantile,mae_median,220.40575506563926
G2_C5,transnetbw,2025,quantile,cov50,51.08447488584474
G2_C5,transnetbw,2025,quantile,cov95,95.83904109589041
G2_C5,transnetbw,2025,ensemble,wis,134.85803269349313
G2_C5,transnetbw,2025,ensemble,lqs,67.42901634674658
G2_C5,transnetbw,2025,ensemble,mae_median,220.40575506563926
G2_C5,transnetbw,2025,ensemble,cov50,51.08447488584474
G2_C5,transnetbw,2025,ensemble,cov95,95.83904109589041
G2_C5,transnetbw,2025,ensemble,crps,162.85409371802487
G2_C5,transnetbw,2025,ensemble,energy_score,1912.0424682650846
G2_C5,transnetbw,2026H1,point,rmse,444.2434118719127
G2_C5,transnetbw,2026H1,point,r2,0.8919785857680055
G2_C5,transnetbw,2026H1,point,mae,273.62096228200716
G2_C5,transnetbw,2026H1,point,smape,3.9946688029452044
G2_C5,transnetbw,2026H1,quantile,wis,168.53025194627193
G2_C5,transnetbw,2026H1,quantile,lqs,84.26512597313598
G2_C5,transnetbw,2026H1,quantile,mae_median,274.7833503289474
G2_C5,transnetbw,2026H1,quantile,cov50,55.50986842105263
G2_C5,transnetbw,2026H1,quantile,cov95,96.27192982456141
G2_C5,transnetbw,2026H1,ensemble,wis,168.53025194627193
G2_C5,transnetbw,2026H1,ensemble,lqs,84.26512597313598
G2_C5,transnetbw,2026H1,ensemble,mae_median,274.7833503289474
G2_C5,transnetbw,2026H1,ensemble,cov50,55.50986842105263
G2_C5,transnetbw,2026H1,ensemble,cov95,96.27192982456141
G2_C5,transnetbw,2026H1,ensemble,crps,205.54189531243787
G2_C5,transnetbw,2026H1,ensemble,energy_score,2414.8627098375982
G2_C5,50hertz,overall,point,rmse,808.8819059839443
G2_C5,50hertz,overall,point,r2,0.8262987192313326
G2_C5,50hertz,overall,point,mae,627.6955426733358
G2_C5,50hertz,overall,point,smape,5.418521770730628
G2_C5,50hertz,overall,quantile,wis,365.45264043978864
G2_C5,50hertz,overall,quantile,lqs,182.72632021989432
G2_C5,50hertz,overall,quantile,mae_median,625.8936953095507
G2_C5,50hertz,overall,quantile,cov50,48.37910532276331
G2_C5,50hertz,overall,quantile,cov95,96.20493582483957
G2_C5,50hertz,overall,ensemble,wis,365.45264043978864
G2_C5,50hertz,overall,ensemble,lqs,182.72632021989432
G2_C5,50hertz,overall,ensemble,mae_median,625.8936953095507
G2_C5,50hertz,overall,ensemble,cov50,48.37910532276331
G2_C5,50hertz,overall,ensemble,cov95,96.20493582483957
G2_C5,50hertz,overall,ensemble,crps,448.4332789451631
G2_C5,50hertz,overall,ensemble,energy_score,5209.145503234922
G2_C5,amprion,overall,point,rmse,1009.1064572276719
G2_C5,amprion,overall,point,r2,0.9082870458246703
G2_C5,amprion,overall,point,mae,716.5325930961358
G2_C5,amprion,overall,point,smape,3.7863120744792944
G2_C5,amprion,overall,quantile,wis,427.9339432469376
G2_C5,amprion,overall,quantile,lqs,213.96697162346877
G2_C5,amprion,overall,quantile,mae_median,712.0686350037514
G2_C5,amprion,overall,quantile,cov50,51.96064552661382
G2_C5,amprion,overall,quantile,cov95,95.97725556813892
G2_C5,amprion,overall,ensemble,wis,427.9339432469376
G2_C5,amprion,overall,ensemble,lqs,213.96697162346877
G2_C5,amprion,overall,ensemble,mae_median,712.0686350037514
G2_C5,amprion,overall,ensemble,cov50,51.96064552661382
G2_C5,amprion,overall,ensemble,cov95,95.97725556813892
G2_C5,amprion,overall,ensemble,crps,521.9738345502615
G2_C5,amprion,overall,ensemble,energy_score,6166.236342889437
G2_C5,de_lu,overall,point,rmse,2326.9159758125656
G2_C5,de_lu,overall,point,r2,0.9384353166507298
G2_C5,de_lu,overall,point,mae,1585.8795464129078
G2_C5,de_lu,overall,point,smape,2.978965501199309
G2_C5,de_lu,overall,quantile,wis,968.8544406967299
G2_C5,de_lu,overall,quantile,lqs,484.427220348365
G2_C5,de_lu,overall,quantile,mae_median,1573.5645270673485
G2_C5,de_lu,overall,quantile,cov50,64.75438844847112
G2_C5,de_lu,overall,quantile,cov95,98.77548131370328
G2_C5,de_lu,overall,ensemble,wis,968.8544406967299
G2_C5,de_lu,overall,ensemble,lqs,484.427220348365
G2_C5,de_lu,overall,ensemble,mae_median,1573.5645270673485
G2_C5,de_lu,overall,ensemble,cov50,64.75438844847112
G2_C5,de_lu,overall,ensemble,cov95,98.77548131370328
G2_C5,de_lu,overall,ensemble,crps,1190.8183547245897
G2_C5,de_lu,overall,ensemble,energy_score,13674.946828380662
G2_C5,lu,overall,point,rmse,28.32589214502258
G2_C5,lu,overall,point,r2,0.9177850219554821
G2_C5,lu,overall,point,mae,18.01646902093459
G2_C5,lu,overall,point,smape,3.299546492537522
G2_C5,lu,overall,quantile,wis,10.93228156789347
G2_C5,lu,overall,quantile,lqs,5.466140783946736
G2_C5,lu,overall,quantile,mae_median,17.69470429852067
G2_C5,lu,overall,quantile,cov50,53.22409399773499
G2_C5,lu,overall,quantile,cov95,96.22734994337486
G2_C5,lu,overall,ensemble,wis,10.93228156789347
G2_C5,lu,overall,ensemble,lqs,5.466140783946736
G2_C5,lu,overall,ensemble,mae_median,17.69470429852067
G2_C5,lu,overall,ensemble,cov50,53.22409399773499
G2_C5,lu,overall,ensemble,cov95,96.22734994337486
G2_C5,lu,overall,ensemble,crps,13.261879076134488
G2_C5,lu,overall,ensemble,energy_score,153.78801248551125
G2_C5,tennet,overall,point,rmse,700.4380885448219
G2_C5,tennet,overall,point,r2,0.9402916485919616
G2_C5,tennet,overall,point,mae,471.0851297462879
G2_C5,tennet,overall,point,smape,3.0121450791515314
G2_C5,tennet,overall,quantile,wis,282.78836768827864
G2_C5,tennet,overall,quantile,lqs,141.3941838441393
G2_C5,tennet,overall,quantile,mae_median,469.4471128373915
G2_C5,tennet,overall,quantile,cov50,50.93313514533786
G2_C5,tennet,overall,quantile,cov95,95.9265288788222
G2_C5,tennet,overall,ensemble,wis,282.78836768827864
G2_C5,tennet,overall,ensemble,lqs,141.3941838441393
G2_C5,tennet,overall,ensemble,mae_median,469.4471128373915
G2_C5,tennet,overall,ensemble,cov50,50.93313514533786
G2_C5,tennet,overall,ensemble,cov95,95.9265288788222
G2_C5,tennet,overall,ensemble,crps,343.63442957384444
G2_C5,tennet,overall,ensemble,energy_score,4045.2169982456694
G2_C5,transnetbw,overall,point,rmse,375.8530483048463
G2_C5,transnetbw,overall,point,r2,0.9260754001162045
G2_C5,transnetbw,overall,point,mae,230.67859704936944
G2_C5,transnetbw,overall,point,smape,3.5998174952702704
G2_C5,transnetbw,overall,quantile,wis,140.44301370776708
G2_C5,transnetbw,overall,quantile,lqs,70.22150685388354
G2_C5,transnetbw,overall,quantile,mae_median,228.65465488745755
G2_C5,transnetbw,overall,quantile,cov50,51.73178557946395
G2_C5,transnetbw,overall,quantile,cov95,95.92416949792376
G2_C5,transnetbw,overall,ensemble,wis,140.44301370776708
G2_C5,transnetbw,overall,ensemble,lqs,70.22150685388354
G2_C5,transnetbw,overall,ensemble,mae_median,228.65465488745755
G2_C5,transnetbw,overall,ensemble,cov50,51.73178557946395
G2_C5,transnetbw,overall,ensemble,cov95,95.92416949792376
G2_C5,transnetbw,overall,ensemble,crps,169.69957707008388
G2_C5,transnetbw,overall,ensemble,energy_score,1990.529189704255
G2_C6,50hertz,2024,point,rmse,799.0214622845995
G2_C6,50hertz,2024,point,r2,0.8164841922017989
G2_C6,50hertz,2024,point,mae,627.828833878155
G2_C6,50hertz,2024,point,smape,5.490075961230645
G2_C6,50hertz,2024,quantile,wis,362.3461499886157
G2_C6,50hertz,2024,quantile,lqs,181.17307499430783
G2_C6,50hertz,2024,quantile,mae_median,626.0013686816939
G2_C6,50hertz,2024,quantile,cov50,44.896971766848814
G2_C6,50hertz,2024,quantile,cov95,95.74225865209472
G2_C6,50hertz,2024,ensemble,wis,362.3461499886157
G2_C6,50hertz,2024,ensemble,lqs,181.17307499430783
G2_C6,50hertz,2024,ensemble,mae_median,626.0013686816939
G2_C6,50hertz,2024,ensemble,cov50,44.896971766848814
G2_C6,50hertz,2024,ensemble,cov95,95.74225865209472
G2_C6,50hertz,2024,ensemble,crps,444.36187446498786
G2_C6,50hertz,2024,ensemble,energy_score,5195.957666092706
G2_C6,50hertz,2025,point,rmse,912.4593406105166
G2_C6,50hertz,2025,point,r2,0.7652688108535325
G2_C6,50hertz,2025,point,mae,731.318345431072
G2_C6,50hertz,2025,point,smape,6.362235444473832
G2_C6,50hertz,2025,quantile,wis,421.4629336415525
G2_C6,50hertz,2025,quantile,lqs,210.73146682077623
G2_C6,50hertz,2025,quantile,mae_median,729.3811389269407
G2_C6,50hertz,2025,quantile,cov50,45.63641552511415
G2_C6,50hertz,2025,quantile,cov95,96.95776255707761
G2_C6,50hertz,2025,ensemble,wis,421.4629336415525
G2_C6,50hertz,2025,ensemble,lqs,210.73146682077623
G2_C6,50hertz,2025,ensemble,mae_median,729.3811389269407
G2_C6,50hertz,2025,ensemble,cov50,45.63641552511415
G2_C6,50hertz,2025,ensemble,cov95,96.95776255707761
G2_C6,50hertz,2025,ensemble,crps,517.7715242341762
G2_C6,50hertz,2025,ensemble,energy_score,5968.4072143928515
G2_C6,50hertz,2026H1,point,rmse,877.0102336052131
G2_C6,50hertz,2026H1,point,r2,0.8345138645598031
G2_C6,50hertz,2026H1,point,mae,657.5404366776316
G2_C6,50hertz,2026H1,point,smape,5.4095916984924335
G2_C6,50hertz,2026H1,quantile,wis,394.7332704221491
G2_C6,50hertz,2026H1,quantile,lqs,197.3666352110746
G2_C6,50hertz,2026H1,quantile,mae_median,659.6874938322369
G2_C6,50hertz,2026H1,quantile,cov50,55.05071271929825
G2_C6,50hertz,2026H1,quantile,cov95,96.10060307017544
G2_C6,50hertz,2026H1,ensemble,wis,394.7332704221491
G2_C6,50hertz,2026H1,ensemble,lqs,197.3666352110746
G2_C6,50hertz,2026H1,ensemble,mae_median,659.6874938322369
G2_C6,50hertz,2026H1,ensemble,cov50,55.05071271929825
G2_C6,50hertz,2026H1,ensemble,cov95,96.10060307017544
G2_C6,50hertz,2026H1,ensemble,crps,484.82682114325996
G2_C6,50hertz,2026H1,ensemble,energy_score,5556.448159061404
G2_C6,amprion,2024,point,rmse,1041.3474498661799
G2_C6,amprion,2024,point,r2,0.9006406492937772
G2_C6,amprion,2024,point,mae,733.6185823759596
G2_C6,amprion,2024,point,smape,3.994910648532695
G2_C6,amprion,2024,quantile,wis,441.93099929291895
G2_C6,amprion,2024,quantile,lqs,220.96549964645948
G2_C6,amprion,2024,quantile,mae_median,725.3193806333105
G2_C6,amprion,2024,quantile,cov50,50.71436703096539
G2_C6,amprion,2024,quantile,cov95,94.37329234972678
G2_C6,amprion,2024,ensemble,wis,441.93099929291895
G2_C6,amprion,2024,ensemble,lqs,220.96549964645948
G2_C6,amprion,2024,ensemble,mae_median,725.3193806333105
G2_C6,amprion,2024,ensemble,cov50,50.71436703096539
G2_C6,amprion,2024,ensemble,cov95,94.37329234972678
G2_C6,amprion,2024,ensemble,crps,536.6719243619709
G2_C6,amprion,2024,ensemble,energy_score,6325.861683260608
G2_C6,amprion,2025,point,rmse,898.240834625712
G2_C6,amprion,2025,point,r2,0.9235242967248589
G2_C6,amprion,2025,point,mae,664.7993213219178
G2_C6,amprion,2025,point,smape,3.4606125809240496
G2_C6,amprion,2025,quantile,wis,391.6641133222602
G2_C6,amprion,2025,quantile,lqs,195.83205666113014
G2_C6,amprion,2025,quantile,mae_median,659.8636172802511
G2_C6,amprion,2025,quantile,cov50,50.06849315068494
G2_C6,amprion,2025,quantile,cov95,96.67237442922374
G2_C6,amprion,2025,ensemble,wis,391.6641133222602
G2_C6,amprion,2025,ensemble,lqs,195.83205666113014
G2_C6,amprion,2025,ensemble,mae_median,659.8636172802511
G2_C6,amprion,2025,ensemble,cov50,50.06849315068494
G2_C6,amprion,2025,ensemble,cov95,96.67237442922374
G2_C6,amprion,2025,ensemble,crps,478.3259496233977
G2_C6,amprion,2025,ensemble,energy_score,5758.626419901442
G2_C6,amprion,2026H1,point,rmse,1032.1823777899415
G2_C6,amprion,2026H1,point,r2,0.9092618580772215
G2_C6,amprion,2026H1,point,mae,775.8377253931379
G2_C6,amprion,2026H1,point,smape,3.887262145081185
G2_C6,amprion,2026H1,quantile,wis,460.261775642955
G2_C6,amprion,2026H1,quantile,lqs,230.13088782147756
G2_C6,amprion,2026H1,quantile,mae_median,776.6095678501919
G2_C6,amprion,2026H1,quantile,cov50,50.70586622807017
G2_C6,amprion,2026H1,quantile,cov95,96.24451754385966
G2_C6,amprion,2026H1,ensemble,wis,460.261775642955
G2_C6,amprion,2026H1,ensemble,lqs,230.13088782147756
G2_C6,amprion,2026H1,ensemble,mae_median,776.6095678501919
G2_C6,amprion,2026H1,ensemble,cov50,50.70586622807017
G2_C6,amprion,2026H1,ensemble,cov95,96.24451754385966
G2_C6,amprion,2026H1,ensemble,crps,563.1116503578872
G2_C6,amprion,2026H1,ensemble,energy_score,6650.464890372908
G2_C6,de_lu,2024,point,rmse,2403.7919504726015
G2_C6,de_lu,2024,point,r2,0.9321912240921637
G2_C6,de_lu,2024,point,mae,1672.24186833741
G2_C6,de_lu,2024,point,smape,3.178540389062822
G2_C6,de_lu,2024,quantile,wis,1011.2657954137152
G2_C6,de_lu,2024,quantile,lqs,505.6328977068577
G2_C6,de_lu,2024,quantile,mae_median,1651.4933633682833
G2_C6,de_lu,2024,quantile,cov50,61.4014116575592
G2_C6,de_lu,2024,quantile,cov95,98.61680327868852
G2_C6,de_lu,2024,ensemble,wis,1011.2657954137152
G2_C6,de_lu,2024,ensemble,lqs,505.6328977068577
G2_C6,de_lu,2024,ensemble,mae_median,1651.4933633682833
G2_C6,de_lu,2024,ensemble,cov50,61.4014116575592
G2_C6,de_lu,2024,ensemble,cov95,98.61680327868852
G2_C6,de_lu,2024,ensemble,crps,1242.73648392154
G2_C6,de_lu,2024,ensemble,energy_score,14322.671413670283
G2_C6,de_lu,2025,point,rmse,2327.055473398899
G2_C6,de_lu,2025,point,r2,0.9367717906182454
G2_C6,de_lu,2025,point,mae,1693.9514994621386
G2_C6,de_lu,2025,point,smape,3.174653682950575
G2_C6,de_lu,2025,quantile,wis,1026.096978759061
G2_C6,de_lu,2025,quantile,lqs,513.0484893795306
G2_C6,de_lu,2025,quantile,mae_median,1679.3452416849314
G2_C6,de_lu,2025,quantile,cov50,62.26598173515981
G2_C6,de_lu,2025,quantile,cov95,99.09531963470319
G2_C6,de_lu,2025,ensemble,wis,1026.096978759061
G2_C6,de_lu,2025,ensemble,lqs,513.0484893795306
G2_C6,de_lu,2025,ensemble,mae_median,1679.3452416849314
G2_C6,de_lu,2025,ensemble,cov50,62.26598173515981
G2_C6,de_lu,2025,ensemble,cov95,99.09531963470319
G2_C6,de_lu,2025,ensemble,crps,1262.1950453690126
G2_C6,de_lu,2025,ensemble,energy_score,14636.17183175218
G2_C6,de_lu,2026H1,point,rmse,2593.47647661618
G2_C6,de_lu,2026H1,point,r2,0.9296231987458801
G2_C6,de_lu,2026H1,point,mae,1904.272374929536
G2_C6,de_lu,2026H1,point,smape,3.441646538574484
G2_C6,de_lu,2026H1,quantile,wis,1171.4492204386643
G2_C6,de_lu,2026H1,quantile,lqs,585.724610219332
G2_C6,de_lu,2026H1,quantile,mae_median,1906.6706220295366
G2_C6,de_lu,2026H1,quantile,cov50,64.84375
G2_C6,de_lu,2026H1,quantile,cov95,98.93092105263158
G2_C6,de_lu,2026H1,ensemble,wis,1171.4492204386643
G2_C6,de_lu,2026H1,ensemble,lqs,585.724610219332
G2_C6,de_lu,2026H1,ensemble,mae_median,1906.6706220295366
G2_C6,de_lu,2026H1,ensemble,cov50,64.84375
G2_C6,de_lu,2026H1,ensemble,cov95,98.93092105263158
G2_C6,de_lu,2026H1,ensemble,crps,1447.4835611467618
G2_C6,de_lu,2026H1,ensemble,energy_score,16603.26605420437
G2_C6,lu,2024,point,rmse,26.730387885877423
G2_C6,lu,2024,point,r2,0.9260228065695879
G2_C6,lu,2024,point,mae,17.55949308604931
G2_C6,lu,2024,point,smape,3.174091672063005
G2_C6,lu,2024,quantile,wis,10.724411808045879
G2_C6,lu,2024,quantile,lqs,5.3622059040229395
G2_C6,lu,2024,quantile,mae_median,17.270793146630236
G2_C6,lu,2024,quantile,cov50,54.71596083788707
G2_C6,lu,2024,quantile,cov95,96.76684881602914
G2_C6,lu,2024,ensemble,wis,10.724411808045879
G2_C6,lu,2024,ensemble,lqs,5.3622059040229395
G2_C6,lu,2024,ensemble,mae_median,17.270793146630236
G2_C6,lu,2024,ensemble,cov50,54.71596083788707
G2_C6,lu,2024,ensemble,cov95,96.76684881602914
G2_C6,lu,2024,ensemble,crps,12.98964876818783
G2_C6,lu,2024,ensemble,energy_score,149.30807350104112
G2_C6,lu,2025,point,rmse,28.114141047412097
G2_C6,lu,2025,point,r2,0.9188144899810747
G2_C6,lu,2025,point,mae,19.50123861777017
G2_C6,lu,2025,point,smape,3.5646191403723737
G2_C6,lu,2025,quantile,wis,11.690955309289384
G2_C6,lu,2025,quantile,lqs,5.845477654644692
G2_C6,lu,2025,quantile,mae_median,19.14774363584475
G2_C6,lu,2025,quantile,cov50,53.12214611872146
G2_C6,lu,2025,quantile,cov95,97.6626712328767
G2_C6,lu,2025,ensemble,wis,11.690955309289384
G2_C6,lu,2025,ensemble,lqs,5.845477654644692
G2_C6,lu,2025,ensemble,mae_median,19.14774363584475
G2_C6,lu,2025,ensemble,cov50,53.12214611872146
G2_C6,lu,2025,ensemble,cov95,97.6626712328767
G2_C6,lu,2025,ensemble,crps,14.246179952843011
G2_C6,lu,2025,ensemble,energy_score,164.8173507105319
G2_C6,lu,2026H1,point,rmse,41.437816095529065
G2_C6,lu,2026H1,point,r2,0.8275995304800652
G2_C6,lu,2026H1,point,mae,25.44627816583614
G2_C6,lu,2026H1,point,smape,4.773958772816738
G2_C6,lu,2026H1,quantile,wis,15.479977731701446
G2_C6,lu,2026H1,quantile,lqs,7.739988865850724
G2_C6,lu,2026H1,quantile,mae_median,25.580602315035637
G2_C6,lu,2026H1,quantile,cov50,51.14446271929825
G2_C6,lu,2026H1,quantile,cov95,96.38843201754386
G2_C6,lu,2026H1,ensemble,wis,15.479977731701446
G2_C6,lu,2026H1,ensemble,lqs,7.739988865850724
G2_C6,lu,2026H1,ensemble,mae_median,25.580602315035637
G2_C6,lu,2026H1,ensemble,cov50,51.14446271929825
G2_C6,lu,2026H1,ensemble,cov95,96.38843201754386
G2_C6,lu,2026H1,ensemble,crps,18.794802196142093
G2_C6,lu,2026H1,ensemble,energy_score,215.90337341733883
G2_C6,tennet,2024,point,rmse,723.5661682131752
G2_C6,tennet,2024,point,r2,0.9332745247815546
G2_C6,tennet,2024,point,mae,503.1422169366381
G2_C6,tennet,2024,point,smape,3.1983688131383046
G2_C6,tennet,2024,quantile,wis,299.07012061703097
G2_C6,tennet,2024,quantile,lqs,149.53506030851548
G2_C6,tennet,2024,quantile,mae_median,498.8026952413479
G2_C6,tennet,2024,quantile,cov50,51.400273224043715
G2_C6,tennet,2024,quantile,cov95,97.0030737704918
G2_C6,tennet,2024,ensemble,wis,299.07012061703097
G2_C6,tennet,2024,ensemble,lqs,149.53506030851548
G2_C6,tennet,2024,ensemble,mae_median,498.8026952413479
G2_C6,tennet,2024,ensemble,cov50,51.400273224043715
G2_C6,tennet,2024,ensemble,cov95,97.0030737704918
G2_C6,tennet,2024,ensemble,crps,364.7649033351197
G2_C6,tennet,2024,ensemble,energy_score,4274.090327852478
G2_C6,tennet,2025,point,rmse,718.2555948397359
G2_C6,tennet,2025,point,r2,0.9364315361873504
G2_C6,tennet,2025,point,mae,516.3176953835073
G2_C6,tennet,2025,point,smape,3.2781959392585778
G2_C6,tennet,2025,quantile,wis,307.5197095833333
G2_C6,tennet,2025,quantile,lqs,153.75985479166667
G2_C6,tennet,2025,quantile,mae_median,513.3591986015981
G2_C6,tennet,2025,quantile,cov50,51.058789954337904
G2_C6,tennet,2025,quantile,cov95,97.08333333333333
G2_C6,tennet,2025,ensemble,wis,307.5197095833333
G2_C6,tennet,2025,ensemble,lqs,153.75985479166667
G2_C6,tennet,2025,ensemble,mae_median,513.3591986015981
G2_C6,tennet,2025,ensemble,cov50,51.058789954337904
G2_C6,tennet,2025,ensemble,cov95,97.08333333333333
G2_C6,tennet,2025,ensemble,crps,375.59907441129803
G2_C6,tennet,2025,ensemble,energy_score,4432.813398653594
G2_C6,tennet,2026H1,point,rmse,940.383085786328
G2_C6,tennet,2026H1,point,r2,0.9051228400518936
G2_C6,tennet,2026H1,point,mae,690.9139171496449
G2_C6,tennet,2026H1,point,smape,4.468986202366666
G2_C6,tennet,2026H1,quantile,wis,416.98806067708335
G2_C6,tennet,2026H1,quantile,lqs,208.49403033854168
G2_C6,tennet,2026H1,quantile,mae_median,691.1229698464913
G2_C6,tennet,2026H1,quantile,cov50,53.86513157894737
G2_C6,tennet,2026H1,quantile,cov95,95.73739035087719
G2_C6,tennet,2026H1,ensemble,wis,416.98806067708335
G2_C6,tennet,2026H1,ensemble,lqs,208.49403033854168
G2_C6,tennet,2026H1,ensemble,mae_median,691.1229698464913
G2_C6,tennet,2026H1,ensemble,cov50,53.86513157894737
G2_C6,tennet,2026H1,ensemble,cov95,95.73739035087719
G2_C6,tennet,2026H1,ensemble,crps,509.94193530018003
G2_C6,tennet,2026H1,ensemble,energy_score,6027.722652973304
G2_C6,transnetbw,2024,point,rmse,390.4351441142994
G2_C6,transnetbw,2024,point,r2,0.9187818604731124
G2_C6,transnetbw,2024,point,mae,257.80443696330997
G2_C6,transnetbw,2024,point,smape,4.043202617691218
G2_C6,transnetbw,2024,quantile,wis,155.04791848816032
G2_C6,transnetbw,2024,quantile,lqs,77.52395924408015
G2_C6,transnetbw,2024,quantile,mae_median,252.55422814207648
G2_C6,transnetbw,2024,quantile,cov50,53.01969489981785
G2_C6,transnetbw,2024,quantile,cov95,97.14253187613843
G2_C6,transnetbw,2024,ensemble,wis,155.04791848816032
G2_C6,transnetbw,2024,ensemble,lqs,77.52395924408015
G2_C6,transnetbw,2024,ensemble,mae_median,252.55422814207648
G2_C6,transnetbw,2024,ensemble,cov50,53.01969489981785
G2_C6,transnetbw,2024,ensemble,cov95,97.14253187613843
G2_C6,transnetbw,2024,ensemble,crps,188.04383151029083
G2_C6,transnetbw,2024,ensemble,energy_score,2209.4179680298166
G2_C6,transnetbw,2025,point,rmse,402.7612724164566
G2_C6,transnetbw,2025,point,r2,0.9145520440774233
G2_C6,transnetbw,2025,point,mae,269.44228654884216
G2_C6,transnetbw,2025,point,smape,4.21897853846887
G2_C6,transnetbw,2025,quantile,wis,162.54002574486302
G2_C6,transnetbw,2025,quantile,lqs,81.27001287243151
G2_C6,transnetbw,2025,quantile,mae_median,267.8695801398402
G2_C6,transnetbw,2025,quantile,cov50,53.13070776255707
G2_C6,transnetbw,2025,quantile,cov95,97.00057077625571
G2_C6,transnetbw,2025,ensemble,wis,162.54002574486302
G2_C6,transnetbw,2025,ensemble,lqs,81.27001287243151
G2_C6,transnetbw,2025,ensemble,mae_median,267.8695801398402
G2_C6,transnetbw,2025,ensemble,cov50,53.13070776255707
G2_C6,transnetbw,2025,ensemble,cov95,97.00057077625571
G2_C6,transnetbw,2025,ensemble,crps,197.51032799394147
G2_C6,transnetbw,2025,ensemble,energy_score,2347.168973848445
G2_C6,transnetbw,2026H1,point,rmse,448.1709807944208
G2_C6,transnetbw,2026H1,point,r2,0.890060101475552
G2_C6,transnetbw,2026H1,point,mae,306.5539649122807
G2_C6,transnetbw,2026H1,point,smape,4.418562512563135
G2_C6,transnetbw,2026H1,quantile,wis,183.27334125548242
G2_C6,transnetbw,2026H1,quantile,lqs,91.63667062774124
G2_C6,transnetbw,2026H1,quantile,mae_median,303.4195157620614
G2_C6,transnetbw,2026H1,quantile,cov50,55.29057017543859
G2_C6,transnetbw,2026H1,quantile,cov95,97.4986293859649
G2_C6,transnetbw,2026H1,ensemble,wis,183.27334125548242
G2_C6,transnetbw,2026H1,ensemble,lqs,91.63667062774124
G2_C6,transnetbw,2026H1,ensemble,mae_median,303.4195157620614
G2_C6,transnetbw,2026H1,ensemble,cov50,55.29057017543859
G2_C6,transnetbw,2026H1,ensemble,cov95,97.4986293859649
G2_C6,transnetbw,2026H1,ensemble,crps,224.76978619664237
G2_C6,transnetbw,2026H1,ensemble,energy_score,2667.596207349707
G2_C6,50hertz,overall,point,rmse,860.9234834503435
G2_C6,50hertz,overall,point,r2,0.8032286397923374
G2_C6,50hertz,overall,point,mae,675.7221921367452
G2_C6,50hertz,overall,point,smape,5.836740291295827
G2_C6,50hertz,overall,quantile,wis,392.3580054124198
G2_C6,50hertz,overall,quantile,lqs,196.1790027062099
G2_C6,50hertz,overall,quantile,mae_median,674.5335398735372
G2_C6,50hertz,overall,quantile,cov50,46.950500188750475
G2_C6,50hertz,overall,quantile,cov95,96.306389203473
G2_C6,50hertz,overall,ensemble,wis,392.3580054124198
G2_C6,50hertz,overall,ensemble,lqs,196.1790027062099
G2_C6,50hertz,overall,ensemble,mae_median,674.5335398735372
G2_C6,50hertz,overall,ensemble,cov50,46.950500188750475
G2_C6,50hertz,overall,ensemble,cov95,96.306389203473
G2_C6,50hertz,overall,ensemble,crps,481.6724000152156
G2_C6,50hertz,overall,ensemble,energy_score,5577.3151293552155
G2_C6,amprion,overall,point,rmse,983.0547757392093
G2_C6,amprion,overall,point,r2,0.9129613498544794
G2_C6,amprion,overall,point,mae,712.4388309081066
G2_C6,amprion,overall,point,smape,3.7555206517016813
G2_C6,amprion,overall,quantile,wis,424.3079694241931
G2_C6,amprion,overall,quantile,lqs,212.15398471209656
G2_C6,amprion,overall,quantile,mae_median,707.0914699120187
G2_C6,amprion,overall,quantile,cov50,50.44592298980748
G2_C6,amprion,overall,quantile,cov95,95.64576255190637
G2_C6,amprion,overall,ensemble,wis,424.3079694241931
G2_C6,amprion,overall,ensemble,lqs,212.15398471209656
G2_C6,amprion,overall,ensemble,mae_median,707.0914699120187
G2_C6,amprion,overall,ensemble,cov50,50.44592298980748
G2_C6,amprion,overall,ensemble,cov95,95.64576255190637
G2_C6,amprion,overall,ensemble,crps,517.1051718951534
G2_C6,amprion,overall,ensemble,energy_score,6147.264646290022
G2_C6,de_lu,overall,point,rmse,2406.517329734008
G2_C6,de_lu,overall,point,r2,0.9341511440016422
G2_C6,de_lu,overall,point,mae,1721.1576694274765
G2_C6,de_lu,overall,point,smape,3.222224972295894
G2_C6,de_lu,overall,quantile,wis,1044.9705094848857
G2_C6,de_lu,overall,quantile,lqs,522.4852547424429
G2_C6,de_lu,overall,quantile,mae_median,1706.932637323082
G2_C6,de_lu,overall,quantile,cov50,62.35135900339751
G2_C6,de_lu,overall,quantile,cov95,98.86867685919215
G2_C6,de_lu,overall,ensemble,wis,1044.9705094848857
G2_C6,de_lu,overall,ensemble,lqs,522.4852547424429
G2_C6,de_lu,overall,ensemble,mae_median,1706.932637323082
G2_C6,de_lu,overall,ensemble,cov50,62.35135900339751
G2_C6,de_lu,overall,ensemble,cov95,98.86867685919215
G2_C6,de_lu,overall,ensemble,crps,1286.025193623195
G2_C6,de_lu,overall,ensemble,energy_score,14844.843597091658
G2_C6,lu,overall,point,rmse,30.306248582654675
G2_C6,lu,overall,point,r2,0.9058873260006832
G2_C6,lu,overall,point,mae,19.719774457743206
G2_C6,lu,overall,point,smape,3.610923297484848
G2_C6,lu,overall,quantile,wis,11.942570809574221
G2_C6,lu,overall,quantile,lqs,5.971285404787111
G2_C6,lu,overall,quantile,mae_median,19.47711015927001
G2_C6,lu,overall,quantile,cov50,53.442336730841824
G2_C6,lu,overall,quantile,cov95,97.07200830502076
G2_C6,lu,overall,ensemble,wis,11.942570809574221
G2_C6,lu,overall,ensemble,lqs,5.971285404787111
G2_C6,lu,overall,ensemble,mae_median,19.47711015927001
G2_C6,lu,overall,ensemble,cov50,53.442336730841824
G2_C6,lu,overall,ensemble,cov95,97.07200830502076
G2_C6,lu,overall,ensemble,crps,14.508354547857355
G2_C6,lu,overall,ensemble,energy_score,167.1827867159238
G2_C6,tennet,overall,point,rmse,763.2079819558636
G2_C6,tennet,overall,point,r2,0.9291105871486962
G2_C6,tennet,overall,point,mae,540.911580544208
G2_C6,tennet,overall,point,smape,3.4500910602465837
G2_C6,tennet,overall,quantile,wis,322.86131751604375
G2_C6,tennet,overall,quantile,lqs,161.4306587580219
G2_C6,tennet,overall,quantile,mae_median,537.9259177401849
G2_C6,tennet,overall,quantile,cov50,51.68341827104568
G2_C6,tennet,overall,quantile,cov95,96.81837485843715
G2_C6,tennet,overall,ensemble,wis,322.86131751604375
G2_C6,tennet,overall,ensemble,lqs,161.4306587580219
G2_C6,tennet,overall,ensemble,mae_median,537.9259177401849
G2_C6,tennet,overall,ensemble,cov50,51.68341827104568
G2_C6,tennet,overall,ensemble,cov95,96.81837485843715
G2_C6,tennet,overall,ensemble,crps,394.23419133228197
G2_C6,tennet,overall,ensemble,energy_score,4641.571680356185
G2_C6,transnetbw,overall,point,rmse,405.9750052806476
G2_C6,transnetbw,overall,point,r2,0.913751525746565
G2_C6,transnetbw,overall,point,mae,271.0068643098137
G2_C6,transnetbw,overall,point,smape,4.180476587231846
G2_C6,transnetbw,overall,quantile,wis,163.0036188384768
G2_C6,transnetbw,overall,quantile,lqs,81.5018094192384
G2_C6,transnetbw,overall,quantile,mae_median,267.64100866010756
G2_C6,transnetbw,overall,quantile,cov50,53.45649301623254
G2_C6,transnetbw,overall,quantile,cov95,97.14514911287279
G2_C6,transnetbw,overall,ensemble,wis,163.0036188384768
G2_C6,transnetbw,overall,ensemble,lqs,81.5018094192384
G2_C6,transnetbw,overall,ensemble,mae_median,267.64100866010756
G2_C6,transnetbw,overall,ensemble,cov50,53.45649301623254
G2_C6,transnetbw,overall,ensemble,cov95,97.14514911287279
G2_C6,transnetbw,overall,ensemble,crps,198.2789575905376
G2_C6,transnetbw,overall,ensemble,energy_score,2345.2302098196496
G3_C1,50hertz,2024,point,rmse,813.0097831336822
G3_C1,50hertz,2024,point,r2,0.8100023921443608
G3_C1,50hertz,2024,point,mae,631.5274266116966
G3_C1,50hertz,2024,point,smape,5.532706367015521
G3_C1,50hertz,2024,quantile,wis,368.94301884107466
G3_C1,50hertz,2024,quantile,lqs,184.47150942053736
G3_C1,50hertz,2024,quantile,mae_median,631.6361506716758
G3_C1,50hertz,2024,quantile,cov50,45.48895719489982
G3_C1,50hertz,2024,quantile,cov95,95.6511839708561
G3_C1,50hertz,2024,ensemble,wis,368.94301884107466
G3_C1,50hertz,2024,ensemble,lqs,184.47150942053736
G3_C1,50hertz,2024,ensemble,mae_median,631.6361506716758
G3_C1,50hertz,2024,ensemble,cov50,45.48895719489982
G3_C1,50hertz,2024,ensemble,cov95,95.6511839708561
G3_C1,50hertz,2024,ensemble,crps,451.36004636406017
G3_C1,50hertz,2024,ensemble,energy_score,5223.242573209334
G3_C1,50hertz,2025,point,rmse,908.7698581548598
G3_C1,50hertz,2025,point,r2,0.767163220124021
G3_C1,50hertz,2025,point,mae,718.7598572352687
G3_C1,50hertz,2025,point,smape,6.2512482281742665
G3_C1,50hertz,2025,quantile,wis,417.33349864155247
G3_C1,50hertz,2025,quantile,lqs,208.66674932077626
G3_C1,50hertz,2025,quantile,mae_median,716.2856464041096
G3_C1,50hertz,2025,quantile,cov50,46.201484018264836
G3_C1,50hertz,2025,quantile,cov95,96.52111872146119
G3_C1,50hertz,2025,ensemble,wis,417.33349864155247
G3_C1,50hertz,2025,ensemble,lqs,208.66674932077626
G3_C1,50hertz,2025,ensemble,mae_median,716.2856464041096
G3_C1,50hertz,2025,ensemble,cov50,46.201484018264836
G3_C1,50hertz,2025,ensemble,cov95,96.52111872146119
G3_C1,50hertz,2025,ensemble,crps,511.0521454491918
G3_C1,50hertz,2025,ensemble,energy_score,5873.185256225243
G3_C1,50hertz,2026H1,point,rmse,915.3099951017085
G3_C1,50hertz,2026H1,point,r2,0.819744426633659
G3_C1,50hertz,2026H1,point,mae,676.2766048846074
G3_C1,50hertz,2026H1,point,smape,5.620006803251719
G3_C1,50hertz,2026H1,quantile,wis,404.7369492598684
G3_C1,50hertz,2026H1,quantile,lqs,202.3684746299342
G3_C1,50hertz,2026H1,quantile,mae_median,672.9337081962719
G3_C1,50hertz,2026H1,quantile,cov50,54.22149122807017
G3_C1,50hertz,2026H1,quantile,cov95,95.55921052631578
G3_C1,50hertz,2026H1,ensemble,wis,404.7369492598684
G3_C1,50hertz,2026H1,ensemble,lqs,202.3684746299342
G3_C1,50hertz,2026H1,ensemble,mae_median,672.9337081962719
G3_C1,50hertz,2026H1,ensemble,cov50,54.22149122807017
G3_C1,50hertz,2026H1,ensemble,cov95,95.55921052631578
G3_C1,50hertz,2026H1,ensemble,crps,496.353112217237
G3_C1,50hertz,2026H1,ensemble,energy_score,5650.85357557182
G3_C1,amprion,2024,point,rmse,1133.9075417835295
G3_C1,amprion,2024,point,r2,0.8821925604998042
G3_C1,amprion,2024,point,mae,761.2394397331241
G3_C1,amprion,2024,point,smape,4.12745766495651
G3_C1,amprion,2024,quantile,wis,463.370762733265
G3_C1,amprion,2024,quantile,lqs,231.6853813666325
G3_C1,amprion,2024,quantile,mae_median,750.4600449552597
G3_C1,amprion,2024,quantile,cov50,50.267531876138435
G3_C1,amprion,2024,quantile,cov95,94.71197632058288
G3_C1,amprion,2024,ensemble,wis,463.370762733265
G3_C1,amprion,2024,ensemble,lqs,231.6853813666325
G3_C1,amprion,2024,ensemble,mae_median,750.4600449552597
G3_C1,amprion,2024,ensemble,cov50,50.267531876138435
G3_C1,amprion,2024,ensemble,cov95,94.71197632058288
G3_C1,amprion,2024,ensemble,crps,558.7279540686568
G3_C1,amprion,2024,ensemble,energy_score,6526.219282699149
G3_C1,amprion,2025,point,rmse,993.384953922573
G3_C1,amprion,2025,point,r2,0.9064652378902011
G3_C1,amprion,2025,point,mae,699.347633055012
G3_C1,amprion,2025,point,smape,3.655896231062899
G3_C1,amprion,2025,quantile,wis,416.27915215879
G3_C1,amprion,2025,quantile,lqs,208.13957607939497
G3_C1,amprion,2025,quantile,mae_median,689.4455784920091
G3_C1,amprion,2025,quantile,cov50,51.32134703196347
G3_C1,amprion,2025,quantile,cov95,95.92465753424658
G3_C1,amprion,2025,ensemble,wis,416.27915215879
G3_C1,amprion,2025,ensemble,lqs,208.13957607939497
G3_C1,amprion,2025,ensemble,mae_median,689.4455784920091
G3_C1,amprion,2025,ensemble,cov50,51.32134703196347
G3_C1,amprion,2025,ensemble,cov95,95.92465753424658
G3_C1,amprion,2025,ensemble,crps,507.0976277573787
G3_C1,amprion,2025,ensemble,energy_score,6013.084776044574
G3_C1,amprion,2026H1,point,rmse,1234.1726734596557
G3_C1,amprion,2026H1,point,r2,0.8702734543507655
G3_C1,amprion,2026H1,point,mae,862.4663592932527
G3_C1,amprion,2026H1,point,smape,4.358878454972473
G3_C1,amprion,2026H1,quantile,wis,521.1533973710251
G3_C1,amprion,2026H1,quantile,lqs,260.57669868551267
G3_C1,amprion,2026H1,quantile,mae_median,864.0955273663651
G3_C1,amprion,2026H1,quantile,cov50,51.171875
G3_C1,amprion,2026H1,quantile,cov95,94.6203399122807
G3_C1,amprion,2026H1,ensemble,wis,521.1533973710251
G3_C1,amprion,2026H1,ensemble,lqs,260.57669868551267
G3_C1,amprion,2026H1,ensemble,mae_median,864.0955273663651
G3_C1,amprion,2026H1,ensemble,cov50,51.171875
G3_C1,amprion,2026H1,ensemble,cov95,94.6203399122807
G3_C1,amprion,2026H1,ensemble,crps,635.0904967727059
G3_C1,amprion,2026H1,ensemble,energy_score,7356.756233153278
G3_C1,de_lu,2024,point,rmse,2705.7329595120773
G3_C1,de_lu,2024,point,r2,0.9140863806257182
G3_C1,de_lu,2024,point,mae,1745.31569416214
G3_C1,de_lu,2024,point,smape,3.3170487375785678
G3_C1,de_lu,2024,quantile,wis,1080.338740993192
G3_C1,de_lu,2024,quantile,lqs,540.1693704965961
G3_C1,de_lu,2024,quantile,mae_median,1723.8347847824455
G3_C1,de_lu,2024,quantile,cov50,60.419512750455375
G3_C1,de_lu,2024,quantile,cov95,97.74020947176685
G3_C1,de_lu,2024,ensemble,wis,1080.338740993192
G3_C1,de_lu,2024,ensemble,lqs,540.1693704965961
G3_C1,de_lu,2024,ensemble,mae_median,1723.8347847824455
G3_C1,de_lu,2024,ensemble,cov50,60.419512750455375
G3_C1,de_lu,2024,ensemble,cov95,97.74020947176685
G3_C1,de_lu,2024,ensemble,crps,1310.5793583087393
G3_C1,de_lu,2024,ensemble,energy_score,14884.198932603862
G3_C1,de_lu,2025,point,rmse,2615.860277204802
G3_C1,de_lu,2025,point,r2,0.9201037315393303
G3_C1,de_lu,2025,point,mae,1771.2959256226898
G3_C1,de_lu,2025,point,smape,3.330026691237341
G3_C1,de_lu,2025,quantile,wis,1081.7354983592465
G3_C1,de_lu,2025,quantile,lqs,540.8677491796233
G3_C1,de_lu,2025,quantile,mae_median,1741.5703272231735
G3_C1,de_lu,2025,quantile,cov50,62.634132420091326
G3_C1,de_lu,2025,quantile,cov95,98.32762557077626
G3_C1,de_lu,2025,ensemble,wis,1081.7354983592465
G3_C1,de_lu,2025,ensemble,lqs,540.8677491796233
G3_C1,de_lu,2025,ensemble,mae_median,1741.5703272231735
G3_C1,de_lu,2025,ensemble,cov50,62.634132420091326
G3_C1,de_lu,2025,ensemble,cov95,98.32762557077626
G3_C1,de_lu,2025,ensemble,crps,1321.09881071309
G3_C1,de_lu,2025,ensemble,energy_score,15126.18090287747
G3_C1,de_lu,2026H1,point,rmse,3268.8320498334697
G3_C1,de_lu,2026H1,point,r2,0.8881978611529139
G3_C1,de_lu,2026H1,point,mae,2115.8769948547447
G3_C1,de_lu,2026H1,point,smape,3.8873559945117013
G3_C1,de_lu,2026H1,quantile,wis,1328.4393384705902
G3_C1,de_lu,2026H1,quantile,lqs,664.2196692352951
G3_C1,de_lu,2026H1,quantile,mae_median,2098.930168566132
G3_C1,de_lu,2026H1,quantile,cov50,64.5079495614035
G3_C1,de_lu,2026H1,quantile,cov95,97.0326206140351
G3_C1,de_lu,2026H1,ensemble,wis,1328.4393384705902
G3_C1,de_lu,2026H1,ensemble,lqs,664.2196692352951
G3_C1,de_lu,2026H1,ensemble,mae_median,2098.930168566132
G3_C1,de_lu,2026H1,ensemble,cov50,64.5079495614035
G3_C1,de_lu,2026H1,ensemble,cov95,97.0326206140351
G3_C1,de_lu,2026H1,ensemble,crps,1625.716752934788
G3_C1,de_lu,2026H1,ensemble,energy_score,18368.835247870913
G3_C1,lu,2024,point,rmse,27.59371300265386
G3_C1,lu,2024,point,r2,0.9211670796749598
G3_C1,lu,2024,point,mae,17.554472092115535
G3_C1,lu,2024,point,smape,3.1747126639339367
G3_C1,lu,2024,quantile,wis,10.702967605874317
G3_C1,lu,2024,quantile,lqs,5.3514838029371585
G3_C1,lu,2024,quantile,mae_median,17.179076331967217
G3_C1,lu,2024,quantile,cov50,49.49908925318761
G3_C1,lu,2024,quantile,cov95,94.6806693989071
G3_C1,lu,2024,ensemble,wis,10.702967605874317
G3_C1,lu,2024,ensemble,lqs,5.3514838029371585
G3_C1,lu,2024,ensemble,mae_median,17.179076331967217
G3_C1,lu,2024,ensemble,cov50,49.49908925318761
G3_C1,lu,2024,ensemble,cov95,94.6806693989071
G3_C1,lu,2024,ensemble,crps,12.878293447631027
G3_C1,lu,2024,ensemble,energy_score,148.13710336727655
G3_C1,lu,2025,point,rmse,27.798483602560037
G3_C1,lu,2025,point,r2,0.920627310468768
G3_C1,lu,2025,point,mae,18.467642339367256
G3_C1,lu,2025,point,smape,3.374936443925411
G3_C1,lu,2025,quantile,wis,11.170548932648403
G3_C1,lu,2025,quantile,lqs,5.5852744663242015
G3_C1,lu,2025,quantile,mae_median,18.117350428082194
G3_C1,lu,2025,quantile,cov50,51.195776255707756
G3_C1,lu,2025,quantile,cov95,95.78767123287672
G3_C1,lu,2025,ensemble,wis,11.170548932648403
G3_C1,lu,2025,ensemble,lqs,5.5852744663242015
G3_C1,lu,2025,ensemble,mae_median,18.117350428082194
G3_C1,lu,2025,ensemble,cov50,51.195776255707756
G3_C1,lu,2025,ensemble,cov95,95.78767123287672
G3_C1,lu,2025,ensemble,crps,13.540096106361112
G3_C1,lu,2025,ensemble,energy_score,157.05979939450572
G3_C1,lu,2026H1,point,rmse,40.92508838829931
G3_C1,lu,2026H1,point,r2,0.8318395042238522
G3_C1,lu,2026H1,point,mae,25.5651503047495
G3_C1,lu,2026H1,point,smape,4.788054397715828
G3_C1,lu,2026H1,quantile,wis,15.421440261516585
G3_C1,lu,2026H1,quantile,lqs,7.710720130758292
G3_C1,lu,2026H1,quantile,mae_median,24.855003767749455
G3_C1,lu,2026H1,quantile,cov50,51.2952302631579
G3_C1,lu,2026H1,quantile,cov95,95.23711622807018
G3_C1,lu,2026H1,ensemble,wis,15.421440261516585
G3_C1,lu,2026H1,ensemble,lqs,7.710720130758292
G3_C1,lu,2026H1,ensemble,mae_median,24.855003767749455
G3_C1,lu,2026H1,ensemble,cov50,51.2952302631579
G3_C1,lu,2026H1,ensemble,cov95,95.23711622807018
G3_C1,lu,2026H1,ensemble,crps,18.674547516759255
G3_C1,lu,2026H1,ensemble,energy_score,216.01165923369138
G3_C1,tennet,2024,point,rmse,796.7253034784683
G3_C1,tennet,2024,point,r2,0.9190992791365303
G3_C1,tennet,2024,point,mae,520.1949975333939
G3_C1,tennet,2024,point,smape,3.31682570317026
G3_C1,tennet,2024,quantile,wis,314.31228642987253
G3_C1,tennet,2024,quantile,lqs,157.15614321493624
G3_C1,tennet,2024,quantile,mae_median,512.7562181238616
G3_C1,tennet,2024,quantile,cov50,49.23724954462659
G3_C1,tennet,2024,quantile,cov95,95.63979963570127
G3_C1,tennet,2024,ensemble,wis,314.31228642987253
G3_C1,tennet,2024,ensemble,lqs,157.15614321493624
G3_C1,tennet,2024,ensemble,mae_median,512.7562181238616
G3_C1,tennet,2024,ensemble,cov50,49.23724954462659
G3_C1,tennet,2024,ensemble,cov95,95.63979963570127
G3_C1,tennet,2024,ensemble,crps,378.87277949446326
G3_C1,tennet,2024,ensemble,energy_score,4398.266793740224
G3_C1,tennet,2025,point,rmse,801.3593127504145
G3_C1,tennet,2025,point,r2,0.9208705298210482
G3_C1,tennet,2025,point,mae,535.0283796083388
G3_C1,tennet,2025,point,smape,3.40883156434238
G3_C1,tennet,2025,quantile,wis,321.7657302454338
G3_C1,tennet,2025,quantile,lqs,160.88286512271688
G3_C1,tennet,2025,quantile,mae_median,526.2861759988584
G3_C1,tennet,2025,quantile,cov50,51.30993150684932
G3_C1,tennet,2025,quantile,cov95,95.82762557077625
G3_C1,tennet,2025,ensemble,wis,321.7657302454338
G3_C1,tennet,2025,ensemble,lqs,160.88286512271688
G3_C1,tennet,2025,ensemble,mae_median,526.2861759988584
G3_C1,tennet,2025,ensemble,cov50,51.30993150684932
G3_C1,tennet,2025,ensemble,cov95,95.82762557077625
G3_C1,tennet,2025,ensemble,crps,389.998039046726
G3_C1,tennet,2025,ensemble,energy_score,4566.596745856625
G3_C1,tennet,2026H1,point,rmse,1122.5763108042238
G3_C1,tennet,2026H1,point,r2,0.8647977856922606
G3_C1,tennet,2026H1,point,mae,757.0906594676795
G3_C1,tennet,2026H1,point,smape,4.950877661574982
G3_C1,tennet,2026H1,quantile,wis,464.23142565789476
G3_C1,tennet,2026H1,quantile,lqs,232.11571282894732
G3_C1,tennet,2026H1,quantile,mae_median,745.321616502193
G3_C1,tennet,2026H1,quantile,cov50,51.84347587719298
G3_C1,tennet,2026H1,quantile,cov95,93.44161184210526
G3_C1,tennet,2026H1,ensemble,wis,464.23142565789476
G3_C1,tennet,2026H1,ensemble,lqs,232.11571282894732
G3_C1,tennet,2026H1,ensemble,mae_median,745.321616502193
G3_C1,tennet,2026H1,ensemble,cov50,51.84347587719298
G3_C1,tennet,2026H1,ensemble,cov95,93.44161184210526
G3_C1,tennet,2026H1,ensemble,crps,562.4584438672948
G3_C1,tennet,2026H1,ensemble,energy_score,6572.450967144197
G3_C1,transnetbw,2024,point,rmse,433.01304213005756
G3_C1,transnetbw,2024,point,r2,0.9001019097608226
G3_C1,transnetbw,2024,point,mae,265.9772629889843
G3_C1,transnetbw,2024,point,smape,4.194024054299336
G3_C1,transnetbw,2024,quantile,wis,161.88152834699454
G3_C1,transnetbw,2024,quantile,lqs,80.94076417349727
G3_C1,transnetbw,2024,quantile,mae_median,261.2863217213115
G3_C1,transnetbw,2024,quantile,cov50,50.09961293260473
G3_C1,transnetbw,2024,quantile,cov95,95.23565573770492
G3_C1,transnetbw,2024,ensemble,wis,161.88152834699454
G3_C1,transnetbw,2024,ensemble,lqs,80.94076417349727
G3_C1,transnetbw,2024,ensemble,mae_median,261.2863217213115
G3_C1,transnetbw,2024,ensemble,cov50,50.09961293260473
G3_C1,transnetbw,2024,ensemble,cov95,95.23565573770492
G3_C1,transnetbw,2024,ensemble,crps,194.6610487386363
G3_C1,transnetbw,2024,ensemble,energy_score,2275.525325658268
G3_C1,transnetbw,2025,point,rmse,436.19207447766394
G3_C1,transnetbw,2025,point,r2,0.8997782896194535
G3_C1,transnetbw,2025,point,mae,272.47951005476733
G3_C1,transnetbw,2025,point,smape,4.283484928089249
G3_C1,transnetbw,2025,quantile,wis,166.43323378367577
G3_C1,transnetbw,2025,quantile,lqs,83.2166168918379
G3_C1,transnetbw,2025,quantile,mae_median,270.2485904537671
G3_C1,transnetbw,2025,quantile,cov50,51.598173515981735
G3_C1,transnetbw,2025,quantile,cov95,95.8904109589041
G3_C1,transnetbw,2025,ensemble,wis,166.43323378367577
G3_C1,transnetbw,2025,ensemble,lqs,83.2166168918379
G3_C1,transnetbw,2025,ensemble,mae_median,270.2485904537671
G3_C1,transnetbw,2025,ensemble,cov50,51.598173515981735
G3_C1,transnetbw,2025,ensemble,cov95,95.8904109589041
G3_C1,transnetbw,2025,ensemble,crps,200.68989997668356
G3_C1,transnetbw,2025,ensemble,energy_score,2371.5788662609843
G3_C1,transnetbw,2026H1,point,rmse,546.4817481234539
G3_C1,transnetbw,2026H1,point,r2,0.8365371035276616
G3_C1,transnetbw,2026H1,point,mae,338.717431769528
G3_C1,transnetbw,2026H1,point,smape,4.973200882095387
G3_C1,transnetbw,2026H1,quantile,wis,208.65571055372806
G3_C1,transnetbw,2026H1,quantile,lqs,104.32785527686406
G3_C1,transnetbw,2026H1,quantile,mae_median,335.907994243421
G3_C1,transnetbw,2026H1,quantile,cov50,53.70065789473685
G3_C1,transnetbw,2026H1,quantile,cov95,94.54495614035088
G3_C1,transnetbw,2026H1,ensemble,wis,208.65571055372806
G3_C1,transnetbw,2026H1,ensemble,lqs,104.32785527686406
G3_C1,transnetbw,2026H1,ensemble,mae_median,335.907994243421
G3_C1,transnetbw,2026H1,ensemble,cov50,53.70065789473685
G3_C1,transnetbw,2026H1,ensemble,cov95,94.54495614035088
G3_C1,transnetbw,2026H1,ensemble,crps,253.2585653565337
G3_C1,transnetbw,2026H1,ensemble,energy_score,2947.2323567481653
G3_C1,50hertz,overall,point,rmse,871.5360413924171
G3_C1,50hertz,overall,point,r2,0.7983475595115199
G3_C1,50hertz,overall,point,mae,675.289275167853
G3_C1,50hertz,overall,point,smape,5.844753304309796
G3_C1,50hertz,overall,quantile,wis,395.10746114099663
G3_C1,50hertz,overall,quantile,lqs,197.5537305704983
G3_C1,50hertz,overall,quantile,mae_median,673.7361446536429
G3_C1,50hertz,overall,quantile,cov50,47.28671196677992
G3_C1,50hertz,overall,quantile,cov95,95.99495092487732
G3_C1,50hertz,overall,ensemble,wis,395.10746114099663
G3_C1,50hertz,overall,ensemble,lqs,197.5537305704983
G3_C1,50hertz,overall,ensemble,mae_median,673.7361446536429
G3_C1,50hertz,overall,ensemble,cov50,47.28671196677992
G3_C1,50hertz,overall,ensemble,cov95,95.99495092487732
G3_C1,50hertz,overall,ensemble,crps,483.7797090772605
G3_C1,50hertz,overall,ensemble,energy_score,5565.514319143542
G3_C1,amprion,overall,point,rmse,1096.8367115867143
G3_C1,amprion,overall,point,r2,0.8916470678170446
G3_C1,amprion,overall,point,mae,753.0808693317975
G3_C1,amprion,overall,point,smape,3.9723682388084445
G3_C1,amprion,overall,quantile,wis,453.85153578565024
G3_C1,amprion,overall,quantile,lqs,226.92576789282512
G3_C1,amprion,overall,quantile,mae_median,744.8001503543554
G3_C1,amprion,overall,quantile,cov50,50.858814647036624
G3_C1,amprion,overall,quantile,cov95,95.19748018120046
G3_C1,amprion,overall,ensemble,wis,453.85153578565024
G3_C1,amprion,overall,ensemble,lqs,226.92576789282512
G3_C1,amprion,overall,ensemble,mae_median,744.8001503543554
G3_C1,amprion,overall,ensemble,cov50,50.858814647036624
G3_C1,amprion,overall,ensemble,cov95,95.19748018120046
G3_C1,amprion,overall,ensemble,crps,550.5309409173533
G3_C1,amprion,overall,ensemble,energy_score,6457.07717798806
G3_C1,de_lu,overall,point,rmse,2775.3234827584956
G3_C1,de_lu,overall,point,r2,0.9124215069366295
G3_C1,de_lu,overall,point,mae,1819.8435562101315
G3_C1,de_lu,overall,point,smape,3.420586287000185
G3_C1,de_lu,overall,quantile,wis,1123.6242531734574
G3_C1,de_lu,overall,quantile,lqs,561.8121265867288
G3_C1,de_lu,overall,quantile,mae_median,1795.735092059893
G3_C1,de_lu,overall,quantile,cov50,62.03874103435258
G3_C1,de_lu,overall,quantile,cov95,97.86122121555304
G3_C1,de_lu,overall,ensemble,wis,1123.6242531734574
G3_C1,de_lu,overall,ensemble,lqs,561.8121265867288
G3_C1,de_lu,overall,ensemble,mae_median,1795.735092059893
G3_C1,de_lu,overall,ensemble,cov50,62.03874103435258
G3_C1,de_lu,overall,ensemble,cov95,97.86122121555304
G3_C1,de_lu,overall,ensemble,crps,1369.1756030547726
G3_C1,de_lu,overall,ensemble,energy_score,15584.072249784449
G3_C1,lu,overall,point,rmse,30.386564555228887
G3_C1,lu,overall,point,r2,0.905387840436272
G3_C1,lu,overall,point,mae,19.31090496705012
G3_C1,lu,overall,point,smape,3.5351992134602517
G3_C1,lu,overall,quantile,wis,11.708488588807688
G3_C1,lu,overall,quantile,lqs,5.854244294403844
G3_C1,lu,overall,quantile,mae_median,18.888262079782464
G3_C1,lu,overall,quantile,cov50,50.50962627406569
G3_C1,lu,overall,quantile,cov95,95.23405058512647
G3_C1,lu,overall,ensemble,wis,11.708488588807688
G3_C1,lu,overall,ensemble,lqs,5.854244294403844
G3_C1,lu,overall,ensemble,mae_median,18.888262079782464
G3_C1,lu,overall,ensemble,cov50,50.50962627406569
G3_C1,lu,overall,ensemble,cov95,95.23405058512647
G3_C1,lu,overall,ensemble,crps,14.149628202946964
G3_C1,lu,overall,ensemble,energy_score,163.50937578135776
G3_C1,tennet,overall,point,rmse,863.4176912997026
G3_C1,tennet,overall,point,r2,0.9092728104770497
G3_C1,tennet,overall,point,mae,567.1058979539674
G3_C1,tennet,overall,point,smape,3.6361439783744975
G3_C1,tennet,overall,quantile,wis,343.2004134461117
G3_C1,tennet,overall,quantile,lqs,171.60020672305586
G3_C1,tennet,overall,quantile,mae_median,558.3829170795583
G3_C1,tennet,overall,quantile,cov50,50.54265760664401
G3_C1,tennet,overall,quantile,cov95,95.33904303510758
G3_C1,tennet,overall,ensemble,wis,343.2004134461117
G3_C1,tennet,overall,ensemble,lqs,171.60020672305586
G3_C1,tennet,overall,ensemble,mae_median,558.3829170795583
G3_C1,tennet,overall,ensemble,cov50,50.54265760664401
G3_C1,tennet,overall,ensemble,cov95,95.33904303510758
G3_C1,tennet,overall,ensemble,crps,415.07407136450433
G3_C1,tennet,overall,ensemble,energy_score,4842.1132567978575
G3_C1,transnetbw,overall,point,rmse,455.8229332402955
G3_C1,transnetbw,overall,point,r2,0.8912710555644767
G3_C1,transnetbw,overall,point,mae,281.1865787688863
G3_C1,transnetbw,overall,point,smape,4.365131751647374
G3_C1,transnetbw,overall,quantile,wis,171.81476524372405
G3_C1,transnetbw,overall,quantile,lqs,85.90738262186203
G3_C1,transnetbw,overall,quantile,mae_median,277.83640361339184
G3_C1,transnetbw,overall,quantile,cov50,51.338948659871654
G3_C1,transnetbw,overall,quantile,cov95,95.38741034352586
G3_C1,transnetbw,overall,ensemble,wis,171.81476524372405
G3_C1,transnetbw,overall,ensemble,lqs,85.90738262186203
G3_C1,transnetbw,overall,ensemble,mae_median,277.83640361339184
G3_C1,transnetbw,overall,ensemble,cov50,51.338948659871654
G3_C1,transnetbw,overall,ensemble,cov95,95.38741034352586
G3_C1,transnetbw,overall,ensemble,crps,207.24015771690094
G3_C1,transnetbw,overall,ensemble,energy_score,2430.8582939998937
G3_C2.1,50hertz,2024,point,rmse,815.0546592745981
G3_C2.1,50hertz,2024,point,r2,0.8090454290512002
G3_C2.1,50hertz,2024,point,mae,627.8218414568696
G3_C2.1,50hertz,2024,point,smape,5.50007584763404
G3_C2.1,50hertz,2024,quantile,wis,368.35593425546443
G3_C2.1,50hertz,2024,quantile,lqs,184.17796712773224
G3_C2.1,50hertz,2024,quantile,mae_median,627.7256304075592
G3_C2.1,50hertz,2024,quantile,cov50,45.97563752276867
G3_C2.1,50hertz,2024,quantile,cov95,94.95673952641167
G3_C2.1,50hertz,2024,ensemble,wis,368.35593425546443
G3_C2.1,50hertz,2024,ensemble,lqs,184.17796712773224
G3_C2.1,50hertz,2024,ensemble,mae_median,627.7256304075592
G3_C2.1,50hertz,2024,ensemble,cov50,45.97563752276867
G3_C2.1,50hertz,2024,ensemble,cov95,94.95673952641167
G3_C2.1,50hertz,2024,ensemble,crps,450.2939156736997
G3_C2.1,50hertz,2024,ensemble,energy_score,5227.405512203101
G3_C2.1,50hertz,2025,point,rmse,912.8018871326852
G3_C2.1,50hertz,2025,point,r2,0.7650925368178821
G3_C2.1,50hertz,2025,point,mae,714.9012640247879
G3_C2.1,50hertz,2025,point,smape,6.224253511421271
G3_C2.1,50hertz,2025,quantile,wis,418.1702478196347
G3_C2.1,50hertz,2025,quantile,lqs,209.08512390981736
G3_C2.1,50hertz,2025,quantile,mae_median,715.689536586758
G3_C2.1,50hertz,2025,quantile,cov50,45.4708904109589
G3_C2.1,50hertz,2025,quantile,cov95,95.9332191780822
G3_C2.1,50hertz,2025,ensemble,wis,418.1702478196347
G3_C2.1,50hertz,2025,ensemble,lqs,209.08512390981736
G3_C2.1,50hertz,2025,ensemble,mae_median,715.689536586758
G3_C2.1,50hertz,2025,ensemble,cov50,45.4708904109589
G3_C2.1,50hertz,2025,ensemble,cov95,95.9332191780822
G3_C2.1,50hertz,2025,ensemble,crps,510.9279273223217
G3_C2.1,50hertz,2025,ensemble,energy_score,5884.201235790272
G3_C2.1,50hertz,2026H1,point,rmse,937.55402376729
G3_C2.1,50hertz,2026H1,point,r2,0.8108767614767293
G3_C2.1,50hertz,2026H1,point,mae,692.7419006957498
G3_C2.1,50hertz,2026H1,point,smape,5.778216432002488
G3_C2.1,50hertz,2026H1,quantile,wis,416.24283075657894
G3_C2.1,50hertz,2026H1,quantile,lqs,208.12141537828947
G3_C2.1,50hertz,2026H1,quantile,mae_median,691.5282823464912
G3_C2.1,50hertz,2026H1,quantile,cov50,50.77439692982456
G3_C2.1,50hertz,2026H1,quantile,cov95,93.27713815789474
G3_C2.1,50hertz,2026H1,ensemble,wis,416.24283075657894
G3_C2.1,50hertz,2026H1,ensemble,lqs,208.12141537828947
G3_C2.1,50hertz,2026H1,ensemble,mae_median,691.5282823464912
G3_C2.1,50hertz,2026H1,ensemble,cov50,50.77439692982456
G3_C2.1,50hertz,2026H1,ensemble,cov95,93.27713815789474
G3_C2.1,50hertz,2026H1,ensemble,crps,508.49544636143935
G3_C2.1,50hertz,2026H1,ensemble,energy_score,5790.873745640648
G3_C2.1,amprion,2024,point,rmse,1160.7708257467566
G3_C2.1,amprion,2024,point,r2,0.8765445128302431
G3_C2.1,amprion,2024,point,mae,780.9379633823023
G3_C2.1,amprion,2024,point,smape,4.240148417662683
G3_C2.1,amprion,2024,quantile,wis,477.69073725712656
G3_C2.1,amprion,2024,quantile,lqs,238.84536862856334
G3_C2.1,amprion,2024,quantile,mae_median,772.6750200586293
G3_C2.1,amprion,2024,quantile,cov50,50.9306693989071
G3_C2.1,amprion,2024,quantile,cov95,93.95776411657559
G3_C2.1,amprion,2024,ensemble,wis,477.69073725712656
G3_C2.1,amprion,2024,ensemble,lqs,238.84536862856334
G3_C2.1,amprion,2024,ensemble,mae_median,772.6750200586293
G3_C2.1,amprion,2024,ensemble,cov50,50.9306693989071
G3_C2.1,amprion,2024,ensemble,cov95,93.95776411657559
G3_C2.1,amprion,2024,ensemble,crps,575.7519882542689
G3_C2.1,amprion,2024,ensemble,energy_score,6717.9651546433915
G3_C2.1,amprion,2025,point,rmse,1039.8820563383235
G3_C2.1,amprion,2025,point,r2,0.8975042024619064
G3_C2.1,amprion,2025,point,mae,717.211432271309
G3_C2.1,amprion,2025,point,smape,3.7717476214327306
G3_C2.1,amprion,2025,quantile,wis,431.45949878755715
G3_C2.1,amprion,2025,quantile,lqs,215.72974939377855
G3_C2.1,amprion,2025,quantile,mae_median,713.3495353938357
G3_C2.1,amprion,2025,quantile,cov50,50.91038812785388
G3_C2.1,amprion,2025,quantile,cov95,95.6021689497717
G3_C2.1,amprion,2025,ensemble,wis,431.45949878755715
G3_C2.1,amprion,2025,ensemble,lqs,215.72974939377855
G3_C2.1,amprion,2025,ensemble,mae_median,713.3495353938357
G3_C2.1,amprion,2025,ensemble,cov50,50.91038812785388
G3_C2.1,amprion,2025,ensemble,cov95,95.6021689497717
G3_C2.1,amprion,2025,ensemble,crps,524.293117858894
G3_C2.1,amprion,2025,ensemble,energy_score,6191.405589432365
G3_C2.1,amprion,2026H1,point,rmse,1304.4703409882
G3_C2.1,amprion,2026H1,point,r2,0.855074295594826
G3_C2.1,amprion,2026H1,point,mae,904.5957081594939
G3_C2.1,amprion,2026H1,point,smape,4.5810072383466
G3_C2.1,amprion,2026H1,quantile,wis,550.9712712838542
G3_C2.1,amprion,2026H1,quantile,lqs,275.4856356419271
G3_C2.1,amprion,2026H1,quantile,mae_median,898.3435921676261
G3_C2.1,amprion,2026H1,quantile,cov50,49.08854166666667
G3_C2.1,amprion,2026H1,quantile,cov95,92.4547697368421
G3_C2.1,amprion,2026H1,ensemble,wis,550.9712712838542
G3_C2.1,amprion,2026H1,ensemble,lqs,275.4856356419271
G3_C2.1,amprion,2026H1,ensemble,mae_median,898.3435921676261
G3_C2.1,amprion,2026H1,ensemble,cov50,49.08854166666667
G3_C2.1,amprion,2026H1,ensemble,cov95,92.4547697368421
G3_C2.1,amprion,2026H1,ensemble,crps,666.8223980120611
G3_C2.1,amprion,2026H1,ensemble,energy_score,7692.520941426015
G3_C2.1,de_lu,2024,point,rmse,2772.434019657841
G3_C2.1,de_lu,2024,point,r2,0.909798327533738
G3_C2.1,de_lu,2024,point,mae,1772.438762853191
G3_C2.1,de_lu,2024,point,smape,3.3718052065982733
G3_C2.1,de_lu,2024,quantile,wis,1098.8156323822177
G3_C2.1,de_lu,2024,quantile,lqs,549.407816191109
G3_C2.1,de_lu,2024,quantile,mae_median,1749.6922017225636
G3_C2.1,de_lu,2024,quantile,cov50,60.47928051001822
G3_C2.1,de_lu,2024,quantile,cov95,97.31045081967213
G3_C2.1,de_lu,2024,ensemble,wis,1098.8156323822177
G3_C2.1,de_lu,2024,ensemble,lqs,549.407816191109
G3_C2.1,de_lu,2024,ensemble,mae_median,1749.6922017225636
G3_C2.1,de_lu,2024,ensemble,cov50,60.47928051001822
G3_C2.1,de_lu,2024,ensemble,cov95,97.31045081967213
G3_C2.1,de_lu,2024,ensemble,crps,1332.4239721139393
G3_C2.1,de_lu,2024,ensemble,energy_score,15101.885507621708
G3_C2.1,de_lu,2025,point,rmse,2703.6412182704134
G3_C2.1,de_lu,2025,point,r2,0.9146515717189465
G3_C2.1,de_lu,2025,point,mae,1776.5260577402153
G3_C2.1,de_lu,2025,point,smape,3.3568255216883247
G3_C2.1,de_lu,2025,quantile,wis,1091.9941529340183
G3_C2.1,de_lu,2025,quantile,lqs,545.9970764670092
G3_C2.1,de_lu,2025,quantile,mae_median,1759.2919081335615
G3_C2.1,de_lu,2025,quantile,cov50,62.14041095890411
G3_C2.1,de_lu,2025,quantile,cov95,97.89954337899543
G3_C2.1,de_lu,2025,ensemble,wis,1091.9941529340183
G3_C2.1,de_lu,2025,ensemble,lqs,545.9970764670092
G3_C2.1,de_lu,2025,ensemble,mae_median,1759.2919081335615
G3_C2.1,de_lu,2025,ensemble,cov50,62.14041095890411
G3_C2.1,de_lu,2025,ensemble,cov95,97.89954337899543
G3_C2.1,de_lu,2025,ensemble,crps,1333.3783296422826
G3_C2.1,de_lu,2025,ensemble,energy_score,15153.761586892442
G3_C2.1,de_lu,2026H1,point,rmse,3473.204706927052
G3_C2.1,de_lu,2026H1,point,r2,0.8737807314907554
G3_C2.1,de_lu,2026H1,point,mae,2262.958144611338
G3_C2.1,de_lu,2026H1,point,smape,4.181842884955303
G3_C2.1,de_lu,2026H1,quantile,wis,1394.4636280456818
G3_C2.1,de_lu,2026H1,quantile,lqs,697.2318140228409
G3_C2.1,de_lu,2026H1,quantile,mae_median,2230.010041237733
G3_C2.1,de_lu,2026H1,quantile,cov50,60.26589912280702
G3_C2.1,de_lu,2026H1,quantile,cov95,95.56606359649122
G3_C2.1,de_lu,2026H1,ensemble,wis,1394.4636280456818
G3_C2.1,de_lu,2026H1,ensemble,lqs,697.2318140228409
G3_C2.1,de_lu,2026H1,ensemble,mae_median,2230.010041237733
G3_C2.1,de_lu,2026H1,ensemble,cov50,60.26589912280702
G3_C2.1,de_lu,2026H1,ensemble,cov95,95.56606359649122
G3_C2.1,de_lu,2026H1,ensemble,crps,1695.5844317268147
G3_C2.1,de_lu,2026H1,ensemble,energy_score,18922.534587995196
G3_C2.1,lu,2024,point,rmse,27.67149389672866
G3_C2.1,lu,2024,point,r2,0.9207220263393366
G3_C2.1,lu,2024,point,mae,17.130655726862692
G3_C2.1,lu,2024,point,smape,3.091679246474596
G3_C2.1,lu,2024,quantile,wis,10.518063365209473
G3_C2.1,lu,2024,quantile,lqs,5.259031682604737
G3_C2.1,lu,2024,quantile,mae_median,16.668480646630236
G3_C2.1,lu,2024,quantile,cov50,50.665983606557376
G3_C2.1,lu,2024,quantile,cov95,94.64367030965391
G3_C2.1,lu,2024,ensemble,wis,10.518063365209473
G3_C2.1,lu,2024,ensemble,lqs,5.259031682604737
G3_C2.1,lu,2024,ensemble,mae_median,16.668480646630236
G3_C2.1,lu,2024,ensemble,cov50,50.665983606557376
G3_C2.1,lu,2024,ensemble,cov95,94.64367030965391
G3_C2.1,lu,2024,ensemble,crps,12.588213242666525
G3_C2.1,lu,2024,ensemble,energy_score,146.32782801519414
G3_C2.1,lu,2025,point,rmse,28.795549293415306
G3_C2.1,lu,2025,point,r2,0.9148313782230246
G3_C2.1,lu,2025,point,mae,18.504980295988258
G3_C2.1,lu,2025,point,smape,3.405938089640386
G3_C2.1,lu,2025,quantile,wis,11.368101660958905
G3_C2.1,lu,2025,quantile,lqs,5.684050830479452
G3_C2.1,lu,2025,quantile,mae_median,18.25585099885845
G3_C2.1,lu,2025,quantile,cov50,51.977739726027394
G3_C2.1,lu,2025,quantile,cov95,94.99143835616438
G3_C2.1,lu,2025,ensemble,wis,11.368101660958905
G3_C2.1,lu,2025,ensemble,lqs,5.684050830479452
G3_C2.1,lu,2025,ensemble,mae_median,18.25585099885845
G3_C2.1,lu,2025,ensemble,cov50,51.977739726027394
G3_C2.1,lu,2025,ensemble,cov95,94.99143835616438
G3_C2.1,lu,2025,ensemble,crps,13.706198124398162
G3_C2.1,lu,2025,ensemble,energy_score,158.52190777781155
G3_C2.1,lu,2026H1,point,rmse,40.231215310688896
G3_C2.1,lu,2026H1,point,r2,0.8374933899017292
G3_C2.1,lu,2026H1,point,mae,25.91753556755985
G3_C2.1,lu,2026H1,point,smape,4.8241959659900875
G3_C2.1,lu,2026H1,quantile,wis,15.911679115637849
G3_C2.1,lu,2026H1,quantile,lqs,7.955839557818926
G3_C2.1,lu,2026H1,quantile,mae_median,25.31093660752467
G3_C2.1,lu,2026H1,quantile,cov50,49.97258771929825
G3_C2.1,lu,2026H1,quantile,cov95,94.12691885964912
G3_C2.1,lu,2026H1,ensemble,wis,15.911679115637849
G3_C2.1,lu,2026H1,ensemble,lqs,7.955839557818926
G3_C2.1,lu,2026H1,ensemble,mae_median,25.31093660752467
G3_C2.1,lu,2026H1,ensemble,cov50,49.97258771929825
G3_C2.1,lu,2026H1,ensemble,cov95,94.12691885964912
G3_C2.1,lu,2026H1,ensemble,crps,19.145999201011037
G3_C2.1,lu,2026H1,ensemble,energy_score,221.55790131961572
G3_C2.1,tennet,2024,point,rmse,817.3293441962635
G3_C2.1,tennet,2024,point,r2,0.9148608414262303
G3_C2.1,tennet,2024,point,mae,521.0078126084222
G3_C2.1,tennet,2024,point,smape,3.3125160971163923
G3_C2.1,tennet,2024,quantile,wis,318.0907685564663
G3_C2.1,tennet,2024,quantile,lqs,159.04538427823314
G3_C2.1,tennet,2024,quantile,mae_median,516.0397034380692
G3_C2.1,tennet,2024,quantile,cov50,49.57024134790528
G3_C2.1,tennet,2024,quantile,cov95,95.07627504553734
G3_C2.1,tennet,2024,ensemble,wis,318.0907685564663
G3_C2.1,tennet,2024,ensemble,lqs,159.04538427823314
G3_C2.1,tennet,2024,ensemble,mae_median,516.0397034380692
G3_C2.1,tennet,2024,ensemble,cov50,49.57024134790528
G3_C2.1,tennet,2024,ensemble,cov95,95.07627504553734
G3_C2.1,tennet,2024,ensemble,crps,382.1824041482866
G3_C2.1,tennet,2024,ensemble,energy_score,4437.336337718546
G3_C2.1,tennet,2025,point,rmse,819.1743694313725
G3_C2.1,tennet,2025,point,r2,0.9173131605291768
G3_C2.1,tennet,2025,point,mae,529.1324524584148
G3_C2.1,tennet,2025,point,smape,3.389018841128196
G3_C2.1,tennet,2025,quantile,wis,323.0223165125571
G3_C2.1,tennet,2025,quantile,lqs,161.51115825627855
G3_C2.1,tennet,2025,quantile,mae_median,523.6903435216896
G3_C2.1,tennet,2025,quantile,cov50,51.272831050228305
G3_C2.1,tennet,2025,quantile,cov95,94.40068493150685
G3_C2.1,tennet,2025,ensemble,wis,323.0223165125571
G3_C2.1,tennet,2025,ensemble,lqs,161.51115825627855
G3_C2.1,tennet,2025,ensemble,mae_median,523.6903435216896
G3_C2.1,tennet,2025,ensemble,cov50,51.272831050228305
G3_C2.1,tennet,2025,ensemble,cov95,94.40068493150685
G3_C2.1,tennet,2025,ensemble,crps,389.5274029537348
G3_C2.1,tennet,2025,ensemble,energy_score,4511.030414636394
G3_C2.1,tennet,2026H1,point,rmse,1157.131075956597
G3_C2.1,tennet,2026H1,point,r2,0.8563461822755015
G3_C2.1,tennet,2026H1,point,mae,763.0181964350982
G3_C2.1,tennet,2026H1,point,smape,5.040035946419045
G3_C2.1,tennet,2026H1,quantile,wis,468.1803288856908
G3_C2.1,tennet,2026H1,quantile,lqs,234.09016444284538
G3_C2.1,tennet,2026H1,quantile,mae_median,752.1990349506578
G3_C2.1,tennet,2026H1,quantile,cov50,49.122807017543856
G3_C2.1,tennet,2026H1,quantile,cov95,92.60553728070175
G3_C2.1,tennet,2026H1,ensemble,wis,468.1803288856908
G3_C2.1,tennet,2026H1,ensemble,lqs,234.09016444284538
G3_C2.1,tennet,2026H1,ensemble,mae_median,752.1990349506578
G3_C2.1,tennet,2026H1,ensemble,cov50,49.122807017543856
G3_C2.1,tennet,2026H1,ensemble,cov95,92.60553728070175
G3_C2.1,tennet,2026H1,ensemble,crps,563.650572287303
G3_C2.1,tennet,2026H1,ensemble,energy_score,6492.418512322443
G3_C2.1,transnetbw,2024,point,rmse,437.4855522134721
G3_C2.1,transnetbw,2024,point,r2,0.8980275951144162
G3_C2.1,transnetbw,2024,point,mae,263.7090691679677
G3_C2.1,transnetbw,2024,point,smape,4.161726817617303
G3_C2.1,transnetbw,2024,quantile,wis,161.3753637295082
G3_C2.1,transnetbw,2024,quantile,lqs,80.6876818647541
G3_C2.1,transnetbw,2024,quantile,mae_median,258.06374658469946
G3_C2.1,transnetbw,2024,quantile,cov50,49.795081967213115
G3_C2.1,transnetbw,2024,quantile,cov95,94.72905282331512
G3_C2.1,transnetbw,2024,ensemble,wis,161.3753637295082
G3_C2.1,transnetbw,2024,ensemble,lqs,80.6876818647541
G3_C2.1,transnetbw,2024,ensemble,mae_median,258.06374658469946
G3_C2.1,transnetbw,2024,ensemble,cov50,49.795081967213115
G3_C2.1,transnetbw,2024,ensemble,cov95,94.72905282331512
G3_C2.1,transnetbw,2024,ensemble,crps,193.3364798809627
G3_C2.1,transnetbw,2024,ensemble,energy_score,2245.696328601078
G3_C2.1,transnetbw,2025,point,rmse,434.8968331662512
G3_C2.1,transnetbw,2025,point,r2,0.9003726083815919
G3_C2.1,transnetbw,2025,point,mae,266.1058241670744
G3_C2.1,transnetbw,2025,point,smape,4.212617313318361
G3_C2.1,transnetbw,2025,quantile,wis,162.82455381906394
G3_C2.1,transnetbw,2025,quantile,lqs,81.41227690953197
G3_C2.1,transnetbw,2025,quantile,mae_median,262.6832018578767
G3_C2.1,transnetbw,2025,quantile,cov50,51.532534246575345
G3_C2.1,transnetbw,2025,quantile,cov95,94.84874429223744
G3_C2.1,transnetbw,2025,ensemble,wis,162.82455381906394
G3_C2.1,transnetbw,2025,ensemble,lqs,81.41227690953197
G3_C2.1,transnetbw,2025,ensemble,mae_median,262.6832018578767
G3_C2.1,transnetbw,2025,ensemble,cov50,51.532534246575345
G3_C2.1,transnetbw,2025,ensemble,cov95,94.84874429223744
G3_C2.1,transnetbw,2025,ensemble,crps,195.7746491001214
G3_C2.1,transnetbw,2025,ensemble,energy_score,2293.621261455402
G3_C2.1,transnetbw,2026H1,point,rmse,564.5179366514419
G3_C2.1,transnetbw,2026H1,point,r2,0.8255691255719786
G3_C2.1,transnetbw,2026H1,point,mae,343.1020400349833
G3_C2.1,transnetbw,2026H1,point,smape,5.038430987861413
G3_C2.1,transnetbw,2026H1,quantile,wis,215.1154265899123
G3_C2.1,transnetbw,2026H1,quantile,lqs,107.55771329495617
G3_C2.1,transnetbw,2026H1,quantile,mae_median,341.08825520833335
G3_C2.1,transnetbw,2026H1,quantile,cov50,51.55564692982456
G3_C2.1,transnetbw,2026H1,quantile,cov95,93.5169956140351
G3_C2.1,transnetbw,2026H1,ensemble,wis,215.1154265899123
G3_C2.1,transnetbw,2026H1,ensemble,lqs,107.55771329495617
G3_C2.1,transnetbw,2026H1,ensemble,mae_median,341.08825520833335
G3_C2.1,transnetbw,2026H1,ensemble,cov50,51.55564692982456
G3_C2.1,transnetbw,2026H1,ensemble,cov95,93.5169956140351
G3_C2.1,transnetbw,2026H1,ensemble,crps,257.2121084531766
G3_C2.1,transnetbw,2026H1,ensemble,energy_score,2970.3415063896196
G3_C2.1,50hertz,overall,point,rmse,878.1149157337204
G3_C2.1,50hertz,overall,point,r2,0.7952916830781878
G3_C2.1,50hertz,overall,point,mae,674.9926661925435
G3_C2.1,50hertz,overall,point,smape,5.847303725444167
G3_C2.1,50hertz,overall,quantile,wis,397.1906258965647
G3_C2.1,50hertz,overall,quantile,lqs,198.59531294828236
G3_C2.1,50hertz,overall,quantile,mae_median,675.0697174405436
G3_C2.1,50hertz,overall,quantile,cov50,46.593053982634956
G3_C2.1,50hertz,overall,quantile,cov95,95.07125330313326
G3_C2.1,50hertz,overall,ensemble,wis,397.1906258965647
G3_C2.1,50hertz,overall,ensemble,lqs,198.59531294828236
G3_C2.1,50hertz,overall,ensemble,mae_median,675.0697174405436
G3_C2.1,50hertz,overall,ensemble,cov50,46.593053982634956
G3_C2.1,50hertz,overall,ensemble,cov95,95.07125330313326
G3_C2.1,50hertz,overall,ensemble,crps,485.3766415132052
G3_C2.1,50hertz,overall,ensemble,energy_score,5595.896577426006
G3_C2.1,amprion,overall,point,rmse,1139.4742184197028
G3_C2.1,amprion,overall,point,r2,0.8830592919588147
G3_C2.1,amprion,overall,point,mae,775.8822367125633
G3_C2.1,amprion,overall,point,smape,4.105204193563048
G3_C2.1,amprion,overall,quantile,wis,471.19497183319646
G3_C2.1,amprion,overall,quantile,lqs,235.59748591659826
G3_C2.1,amprion,overall,quantile,mae_median,769.7846701808467
G3_C2.1,amprion,overall,quantile,cov50,50.605181200452996
G3_C2.1,amprion,overall,quantile,cov95,94.37877500943752
G3_C2.1,amprion,overall,ensemble,wis,471.19497183319646
G3_C2.1,amprion,overall,ensemble,lqs,235.59748591659826
G3_C2.1,amprion,overall,ensemble,mae_median,769.7846701808467
G3_C2.1,amprion,overall,ensemble,cov50,50.605181200452996
G3_C2.1,amprion,overall,ensemble,cov95,94.37877500943752
G3_C2.1,amprion,overall,ensemble,crps,570.1576672903647
G3_C2.1,amprion,overall,ensemble,energy_score,6668.065084755435
G3_C2.1,de_lu,overall,point,rmse,2878.2091266446387
G3_C2.1,de_lu,overall,point,r2,0.9058078002740253
G3_C2.1,de_lu,overall,point,mae,1858.5665189811662
G3_C2.1,de_lu,overall,point,smape,3.5050533856675115
G3_C2.1,de_lu,overall,quantile,wis,1146.888854740376
G3_C2.1,de_lu,overall,quantile,lqs,573.4444273701881
G3_C2.1,de_lu,overall,quantile,mae_median,1836.3424898837418
G3_C2.1,de_lu,overall,quantile,cov50,61.12919969799925
G3_C2.1,de_lu,overall,quantile,cov95,97.25368063420159
G3_C2.1,de_lu,overall,ensemble,wis,1146.888854740376
G3_C2.1,de_lu,overall,ensemble,lqs,573.4444273701881
G3_C2.1,de_lu,overall,ensemble,mae_median,1836.3424898837418
G3_C2.1,de_lu,overall,ensemble,cov50,61.12919969799925
G3_C2.1,de_lu,overall,ensemble,cov95,97.25368063420159
G3_C2.1,de_lu,overall,ensemble,crps,1395.3330665182455
G3_C2.1,de_lu,overall,ensemble,energy_score,15781.01736396439
G3_C2.1,lu,overall,point,rmse,30.639136920344267
G3_C2.1,lu,overall,point,r2,0.9038084759723413
G3_C2.1,lu,overall,point,mae,19.21132866402781
G3_C2.1,lu,overall,point,smape,3.5198185659784103
G3_C2.1,lu,overall,quantile,wis,11.797897535100361
G3_C2.1,lu,overall,quantile,lqs,5.8989487675501815
G3_C2.1,lu,overall,quantile,mae_median,18.812357752654304
G3_C2.1,lu,overall,quantile,cov50,51.08885428463571
G3_C2.1,lu,overall,quantile,cov95,94.6984711211778
G3_C2.1,lu,overall,ensemble,wis,11.797897535100361
G3_C2.1,lu,overall,ensemble,lqs,5.8989487675501815
G3_C2.1,lu,overall,ensemble,mae_median,18.812357752654304
G3_C2.1,lu,overall,ensemble,cov50,51.08885428463571
G3_C2.1,lu,overall,ensemble,cov95,94.6984711211778
G3_C2.1,lu,overall,ensemble,crps,14.17920752069644
G3_C2.1,lu,overall,ensemble,energy_score,164.31855310650494
G3_C2.1,tennet,overall,point,rmse,885.8717137177302
G3_C2.1,tennet,overall,point,r2,0.9044925518998908
G3_C2.1,tennet,overall,point,mae,566.0260140658424
G3_C2.1,tennet,overall,point,smape,3.6415155519955675
G3_C2.1,tennet,overall,quantile,wis,345.9657721510476
G3_C2.1,tennet,overall,quantile,lqs,172.9828860755238
G3_C2.1,tennet,overall,quantile,mae_median,559.8547680138731
G3_C2.1,tennet,overall,quantile,cov50,50.19700830502076
G3_C2.1,tennet,overall,quantile,cov95,94.37169686674217
G3_C2.1,tennet,overall,ensemble,wis,345.9657721510476
G3_C2.1,tennet,overall,ensemble,lqs,172.9828860755238
G3_C2.1,tennet,overall,ensemble,mae_median,559.8547680138731
G3_C2.1,tennet,overall,ensemble,cov50,50.19700830502076
G3_C2.1,tennet,overall,ensemble,cov95,94.37169686674217
G3_C2.1,tennet,overall,ensemble,crps,416.456567365862
G3_C2.1,tennet,overall,ensemble,energy_score,4821.561511687751
G3_C2.1,transnetbw,overall,point,rmse,460.83761575949825
G3_C2.1,transnetbw,overall,point,r2,0.8888655586040971
G3_C2.1,transnetbw,overall,point,mae,278.3665404550122
G3_C2.1,transnetbw,overall,point,smape,4.333679325893623
G3_C2.1,transnetbw,overall,quantile,wis,171.22524361339183
G3_C2.1,transnetbw,overall,quantile,lqs,85.61262180669591
G3_C2.1,transnetbw,overall,quantile,mae_median,274.265135583003
G3_C2.1,transnetbw,overall,quantile,cov50,50.81634579086448
G3_C2.1,transnetbw,overall,quantile,cov95,94.56988486221215
G3_C2.1,transnetbw,overall,ensemble,wis,171.22524361339183
G3_C2.1,transnetbw,overall,ensemble,lqs,85.61262180669591
G3_C2.1,transnetbw,overall,ensemble,mae_median,274.265135583003
G3_C2.1,transnetbw,overall,ensemble,cov50,50.81634579086448
G3_C2.1,transnetbw,overall,ensemble,cov95,94.56988486221215
G3_C2.1,transnetbw,overall,ensemble,crps,205.3399083158092
G3_C2.1,transnetbw,overall,ensemble,energy_score,2390.247480940474
G3_C2.2,50hertz,2024,point,rmse,794.2259254191385
G3_C2.2,50hertz,2024,point,r2,0.8186804182537708
G3_C2.2,50hertz,2024,point,mae,608.272304202988
G3_C2.2,50hertz,2024,point,smape,5.317891280486993
G3_C2.2,50hertz,2024,quantile,wis,357.8722591643898
G3_C2.2,50hertz,2024,quantile,lqs,178.93612958219492
G3_C2.2,50hertz,2024,quantile,mae_median,608.2999741006375
G3_C2.2,50hertz,2024,quantile,cov50,47.31329690346084
G3_C2.2,50hertz,2024,quantile,cov95,95.46049635701274
G3_C2.2,50hertz,2024,ensemble,wis,357.8722591643898
G3_C2.2,50hertz,2024,ensemble,lqs,178.93612958219492
G3_C2.2,50hertz,2024,ensemble,mae_median,608.2999741006375
G3_C2.2,50hertz,2024,ensemble,cov50,47.31329690346084
G3_C2.2,50hertz,2024,ensemble,cov95,95.46049635701274
G3_C2.2,50hertz,2024,ensemble,crps,437.4567851870181
G3_C2.2,50hertz,2024,ensemble,energy_score,5092.727981412637
G3_C2.2,50hertz,2025,point,rmse,880.7587633757221
G3_C2.2,50hertz,2025,point,r2,0.7812955084130265
G3_C2.2,50hertz,2025,point,mae,681.1403034518373
G3_C2.2,50hertz,2025,point,smape,5.941358311280302
G3_C2.2,50hertz,2025,quantile,wis,399.8407259931507
G3_C2.2,50hertz,2025,quantile,lqs,199.92036299657534
G3_C2.2,50hertz,2025,quantile,mae_median,681.7984936073059
G3_C2.2,50hertz,2025,quantile,cov50,47.619863013698634
G3_C2.2,50hertz,2025,quantile,cov95,95.87328767123287
G3_C2.2,50hertz,2025,ensemble,wis,399.8407259931507
G3_C2.2,50hertz,2025,ensemble,lqs,199.92036299657534
G3_C2.2,50hertz,2025,ensemble,mae_median,681.7984936073059
G3_C2.2,50hertz,2025,ensemble,cov50,47.619863013698634
G3_C2.2,50hertz,2025,ensemble,cov95,95.87328767123287
G3_C2.2,50hertz,2025,ensemble,crps,489.91632331148594
G3_C2.2,50hertz,2025,ensemble,energy_score,5660.461697318665
G3_C2.2,50hertz,2026H1,point,rmse,932.2358319791232
G3_C2.2,50hertz,2026H1,point,r2,0.8130162456901849
G3_C2.2,50hertz,2026H1,point,mae,681.0524328138055
G3_C2.2,50hertz,2026H1,point,smape,5.7052228781561
G3_C2.2,50hertz,2026H1,quantile,wis,409.10135134320177
G3_C2.2,50hertz,2026H1,quantile,lqs,204.5506756716009
G3_C2.2,50hertz,2026H1,quantile,mae_median,678.9482978344298
G3_C2.2,50hertz,2026H1,quantile,cov50,50.390625
G3_C2.2,50hertz,2026H1,quantile,cov95,93.42790570175438
G3_C2.2,50hertz,2026H1,ensemble,wis,409.10135134320177
G3_C2.2,50hertz,2026H1,ensemble,lqs,204.5506756716009
G3_C2.2,50hertz,2026H1,ensemble,mae_median,678.9482978344298
G3_C2.2,50hertz,2026H1,ensemble,cov50,50.390625
G3_C2.2,50hertz,2026H1,ensemble,cov95,93.42790570175438
G3_C2.2,50hertz,2026H1,ensemble,crps,498.728978167144
G3_C2.2,50hertz,2026H1,ensemble,energy_score,5684.770684317325
G3_C2.2,amprion,2024,point,rmse,1159.217198116104
G3_C2.2,amprion,2024,point,r2,0.876874768367922
G3_C2.2,amprion,2024,point,mae,784.7357055972059
G3_C2.2,amprion,2024,point,smape,4.2614706338337065
G3_C2.2,amprion,2024,quantile,wis,480.034496172245
G3_C2.2,amprion,2024,quantile,lqs,240.01724808612252
G3_C2.2,amprion,2024,quantile,mae_median,776.680878964367
G3_C2.2,amprion,2024,quantile,cov50,49.54747267759563
G3_C2.2,amprion,2024,quantile,cov95,93.63615664845173
G3_C2.2,amprion,2024,ensemble,wis,480.034496172245
G3_C2.2,amprion,2024,ensemble,lqs,240.01724808612252
G3_C2.2,amprion,2024,ensemble,mae_median,776.680878964367
G3_C2.2,amprion,2024,ensemble,cov50,49.54747267759563
G3_C2.2,amprion,2024,ensemble,cov95,93.63615664845173
G3_C2.2,amprion,2024,ensemble,crps,577.761768314323
G3_C2.2,amprion,2024,ensemble,energy_score,6731.603499333662
G3_C2.2,amprion,2025,point,rmse,1043.888210658964
G3_C2.2,amprion,2025,point,r2,0.8967129494028742
G3_C2.2,amprion,2025,point,mae,719.3714262608175
G3_C2.2,amprion,2025,point,smape,3.7804659931264863
G3_C2.2,amprion,2025,quantile,wis,432.70318264109585
G3_C2.2,amprion,2025,quantile,lqs,216.35159132054795
G3_C2.2,amprion,2025,quantile,mae_median,714.7280093784246
G3_C2.2,amprion,2025,quantile,cov50,49.902968036529685
G3_C2.2,amprion,2025,quantile,cov95,95.36529680365297
G3_C2.2,amprion,2025,ensemble,wis,432.70318264109585
G3_C2.2,amprion,2025,ensemble,lqs,216.35159132054795
G3_C2.2,amprion,2025,ensemble,mae_median,714.7280093784246
G3_C2.2,amprion,2025,ensemble,cov50,49.902968036529685
G3_C2.2,amprion,2025,ensemble,cov95,95.36529680365297
G3_C2.2,amprion,2025,ensemble,crps,524.709062028988
G3_C2.2,amprion,2025,ensemble,energy_score,6190.954940795638
G3_C2.2,amprion,2026H1,point,rmse,1285.9073022887644
G3_C2.2,amprion,2026H1,point,r2,0.8591696279702501
G3_C2.2,amprion,2026H1,point,mae,901.8647378843267
G3_C2.2,amprion,2026H1,point,smape,4.578725987351407
G3_C2.2,amprion,2026H1,quantile,wis,546.1852581366502
G3_C2.2,amprion,2026H1,quantile,lqs,273.09262906832515
G3_C2.2,amprion,2026H1,quantile,mae_median,895.8408385300164
G3_C2.2,amprion,2026H1,quantile,cov50,48.026315789473685
G3_C2.2,amprion,2026H1,quantile,cov95,92.71518640350878
G3_C2.2,amprion,2026H1,ensemble,wis,546.1852581366502
G3_C2.2,amprion,2026H1,ensemble,lqs,273.09262906832515
G3_C2.2,amprion,2026H1,ensemble,mae_median,895.8408385300164
G3_C2.2,amprion,2026H1,ensemble,cov50,48.026315789473685
G3_C2.2,amprion,2026H1,ensemble,cov95,92.71518640350878
G3_C2.2,amprion,2026H1,ensemble,crps,660.8032466468703
G3_C2.2,amprion,2026H1,ensemble,energy_score,7622.381618871723
G3_C2.2,de_lu,2024,point,rmse,2720.4728774616897
G3_C2.2,de_lu,2024,point,r2,0.9131477742894811
G3_C2.2,de_lu,2024,point,mae,1730.0361030674226
G3_C2.2,de_lu,2024,point,smape,3.2920051112699475
G3_C2.2,de_lu,2024,quantile,wis,1078.7520042975182
G3_C2.2,de_lu,2024,quantile,lqs,539.3760021487591
G3_C2.2,de_lu,2024,quantile,mae_median,1715.3393581795312
G3_C2.2,de_lu,2024,quantile,cov50,60.76104280510018
G3_C2.2,de_lu,2024,quantile,cov95,97.33037340619308
G3_C2.2,de_lu,2024,ensemble,wis,1078.7520042975182
G3_C2.2,de_lu,2024,ensemble,lqs,539.3760021487591
G3_C2.2,de_lu,2024,ensemble,mae_median,1715.3393581795312
G3_C2.2,de_lu,2024,ensemble,cov50,60.76104280510018
G3_C2.2,de_lu,2024,ensemble,cov95,97.33037340619308
G3_C2.2,de_lu,2024,ensemble,crps,1307.432189140786
G3_C2.2,de_lu,2024,ensemble,energy_score,14802.422221884417
G3_C2.2,de_lu,2025,point,rmse,2689.202350412562
G3_C2.2,de_lu,2025,point,r2,0.9155607485812114
G3_C2.2,de_lu,2025,point,mae,1733.6088754695857
G3_C2.2,de_lu,2025,point,smape,3.2798612503107663
G3_C2.2,de_lu,2025,quantile,wis,1067.6322447326627
G3_C2.2,de_lu,2025,quantile,lqs,533.8161223663313
G3_C2.2,de_lu,2025,quantile,mae_median,1717.2693859275112
G3_C2.2,de_lu,2025,quantile,cov50,63.310502283105016
G3_C2.2,de_lu,2025,quantile,cov95,97.77682648401826
G3_C2.2,de_lu,2025,ensemble,wis,1067.6322447326627
G3_C2.2,de_lu,2025,ensemble,lqs,533.8161223663313
G3_C2.2,de_lu,2025,ensemble,mae_median,1717.2693859275112
G3_C2.2,de_lu,2025,ensemble,cov50,63.310502283105016
G3_C2.2,de_lu,2025,ensemble,cov95,97.77682648401826
G3_C2.2,de_lu,2025,ensemble,crps,1303.4022947406554
G3_C2.2,de_lu,2025,ensemble,energy_score,14799.28674965126
G3_C2.2,de_lu,2026H1,point,rmse,3413.267881133476
G3_C2.2,de_lu,2026H1,point,r2,0.8780994555841651
G3_C2.2,de_lu,2026H1,point,mae,2223.4720713121214
G3_C2.2,de_lu,2026H1,point,smape,4.129295515630938
G3_C2.2,de_lu,2026H1,quantile,wis,1365.8292122669598
G3_C2.2,de_lu,2026H1,quantile,lqs,682.9146061334799
G3_C2.2,de_lu,2026H1,quantile,mae_median,2192.2206602728206
G3_C2.2,de_lu,2026H1,quantile,cov50,59.4983552631579
G3_C2.2,de_lu,2026H1,quantile,cov95,96.07319078947368
G3_C2.2,de_lu,2026H1,ensemble,wis,1365.8292122669598
G3_C2.2,de_lu,2026H1,ensemble,lqs,682.9146061334799
G3_C2.2,de_lu,2026H1,ensemble,mae_median,2192.2206602728206
G3_C2.2,de_lu,2026H1,ensemble,cov50,59.4983552631579
G3_C2.2,de_lu,2026H1,ensemble,cov95,96.07319078947368
G3_C2.2,de_lu,2026H1,ensemble,crps,1658.3830610028092
G3_C2.2,de_lu,2026H1,ensemble,energy_score,18466.09754409634
G3_C2.2,lu,2024,point,rmse,27.65309093109785
G3_C2.2,lu,2024,point,r2,0.9208274391292417
G3_C2.2,lu,2024,point,mae,17.10883909868592
G3_C2.2,lu,2024,point,smape,3.085127792146245
G3_C2.2,lu,2024,quantile,wis,10.50295397313297
G3_C2.2,lu,2024,quantile,lqs,5.251476986566486
G3_C2.2,lu,2024,quantile,mae_median,16.63736202185792
G3_C2.2,lu,2024,quantile,cov50,50.404143897996356
G3_C2.2,lu,2024,quantile,cov95,94.36190801457195
G3_C2.2,lu,2024,ensemble,wis,10.50295397313297
G3_C2.2,lu,2024,ensemble,lqs,5.251476986566486
G3_C2.2,lu,2024,ensemble,mae_median,16.63736202185792
G3_C2.2,lu,2024,ensemble,cov50,50.404143897996356
G3_C2.2,lu,2024,ensemble,cov95,94.36190801457195
G3_C2.2,lu,2024,ensemble,crps,12.56864903617792
G3_C2.2,lu,2024,ensemble,energy_score,146.14645678643177
G3_C2.2,lu,2025,point,rmse,29.096415942432376
G3_C2.2,lu,2025,point,r2,0.913042333380689
G3_C2.2,lu,2025,point,mae,18.452612741220918
G3_C2.2,lu,2025,point,smape,3.3902614112133245
G3_C2.2,lu,2025,quantile,wis,11.405186678438927
G3_C2.2,lu,2025,quantile,lqs,5.702593339219463
G3_C2.2,lu,2025,quantile,mae_median,18.25230276826484
G3_C2.2,lu,2025,quantile,cov50,51.80650684931507
G3_C2.2,lu,2025,quantile,cov95,94.48630136986301
G3_C2.2,lu,2025,ensemble,wis,11.405186678438927
G3_C2.2,lu,2025,ensemble,lqs,5.702593339219463
G3_C2.2,lu,2025,ensemble,mae_median,18.25230276826484
G3_C2.2,lu,2025,ensemble,cov50,51.80650684931507
G3_C2.2,lu,2025,ensemble,cov95,94.48630136986301
G3_C2.2,lu,2025,ensemble,crps,13.743343784330705
G3_C2.2,lu,2025,ensemble,energy_score,158.8170380908613
G3_C2.2,lu,2026H1,point,rmse,40.3616450932276
G3_C2.2,lu,2026H1,point,r2,0.8364379875265839
G3_C2.2,lu,2026H1,point,mae,25.661019362422984
G3_C2.2,lu,2026H1,point,smape,4.77733848322184
G3_C2.2,lu,2026H1,quantile,wis,15.721343371674548
G3_C2.2,lu,2026H1,quantile,lqs,7.860671685837273
G3_C2.2,lu,2026H1,quantile,mae_median,24.94922471032072
G3_C2.2,lu,2026H1,quantile,cov50,50.479714912280706
G3_C2.2,lu,2026H1,quantile,cov95,93.70888157894737
G3_C2.2,lu,2026H1,ensemble,wis,15.721343371674548
G3_C2.2,lu,2026H1,ensemble,lqs,7.860671685837273
G3_C2.2,lu,2026H1,ensemble,mae_median,24.94922471032072
G3_C2.2,lu,2026H1,ensemble,cov50,50.479714912280706
G3_C2.2,lu,2026H1,ensemble,cov95,93.70888157894737
G3_C2.2,lu,2026H1,ensemble,crps,18.93868258422843
G3_C2.2,lu,2026H1,ensemble,energy_score,219.02208689465735
G3_C2.2,tennet,2024,point,rmse,792.3286595067374
G3_C2.2,tennet,2024,point,r2,0.9199896995657574
G3_C2.2,tennet,2024,point,mae,500.51134909792694
G3_C2.2,tennet,2024,point,smape,3.178409243274743
G3_C2.2,tennet,2024,quantile,wis,307.1482017304189
G3_C2.2,tennet,2024,quantile,lqs,153.57410086520946
G3_C2.2,tennet,2024,quantile,mae_median,496.6353079462659
G3_C2.2,tennet,2024,quantile,cov50,49.575933515482696
G3_C2.2,tennet,2024,quantile,cov95,95.0136612021858
G3_C2.2,tennet,2024,ensemble,wis,307.1482017304189
G3_C2.2,tennet,2024,ensemble,lqs,153.57410086520946
G3_C2.2,tennet,2024,ensemble,mae_median,496.6353079462659
G3_C2.2,tennet,2024,ensemble,cov50,49.575933515482696
G3_C2.2,tennet,2024,ensemble,cov95,95.0136612021858
G3_C2.2,tennet,2024,ensemble,crps,369.02919415557665
G3_C2.2,tennet,2024,ensemble,energy_score,4288.5165528331445
G3_C2.2,tennet,2025,point,rmse,818.764732506304
G3_C2.2,tennet,2025,point,r2,0.9173958367334236
G3_C2.2,tennet,2025,point,mae,518.8018044452598
G3_C2.2,tennet,2025,point,smape,3.323223193980663
G3_C2.2,tennet,2025,quantile,wis,317.3802515353881
G3_C2.2,tennet,2025,quantile,lqs,158.69012576769407
G3_C2.2,tennet,2025,quantile,mae_median,514.4604592180366
G3_C2.2,tennet,2025,quantile,cov50,49.66609589041096
G3_C2.2,tennet,2025,quantile,cov95,94.07819634703196
G3_C2.2,tennet,2025,ensemble,wis,317.3802515353881
G3_C2.2,tennet,2025,ensemble,lqs,158.69012576769407
G3_C2.2,tennet,2025,ensemble,mae_median,514.4604592180366
G3_C2.2,tennet,2025,ensemble,cov50,49.66609589041096
G3_C2.2,tennet,2025,ensemble,cov95,94.07819634703196
G3_C2.2,tennet,2025,ensemble,crps,381.7393260917876
G3_C2.2,tennet,2025,ensemble,energy_score,4405.088012853422
G3_C2.2,tennet,2026H1,point,rmse,1126.7483259450848
G3_C2.2,tennet,2026H1,point,r2,0.8637909697728231
G3_C2.2,tennet,2026H1,point,mae,742.8283393379281
G3_C2.2,tennet,2026H1,point,smape,4.940278487837463
G3_C2.2,tennet,2026H1,quantile,wis,451.66120432428727
G3_C2.2,tennet,2026H1,quantile,lqs,225.83060216214366
G3_C2.2,tennet,2026H1,quantile,mae_median,731.1939128289473
G3_C2.2,tennet,2026H1,quantile,cov50,47.96463815789473
G3_C2.2,tennet,2026H1,quantile,cov95,92.95504385964912
G3_C2.2,tennet,2026H1,ensemble,wis,451.66120432428727
G3_C2.2,tennet,2026H1,ensemble,lqs,225.83060216214366
G3_C2.2,tennet,2026H1,ensemble,mae_median,731.1939128289473
G3_C2.2,tennet,2026H1,ensemble,cov50,47.96463815789473
G3_C2.2,tennet,2026H1,ensemble,cov95,92.95504385964912
G3_C2.2,tennet,2026H1,ensemble,crps,542.7930593429257
G3_C2.2,tennet,2026H1,ensemble,energy_score,6238.694074660482
G3_C2.2,transnetbw,2024,point,rmse,428.05696230468254
G3_C2.2,transnetbw,2024,point,r2,0.9023756035988723
G3_C2.2,transnetbw,2024,point,mae,256.82759348707606
G3_C2.2,transnetbw,2024,point,smape,4.060743855026535
G3_C2.2,transnetbw,2024,quantile,wis,157.42125831056467
G3_C2.2,transnetbw,2024,quantile,lqs,78.71062915528233
G3_C2.2,transnetbw,2024,quantile,mae_median,252.15027151639342
G3_C2.2,transnetbw,2024,quantile,cov50,48.46596083788707
G3_C2.2,transnetbw,2024,quantile,cov95,94.52413479052824
G3_C2.2,transnetbw,2024,ensemble,wis,157.42125831056467
G3_C2.2,transnetbw,2024,ensemble,lqs,78.71062915528233
G3_C2.2,transnetbw,2024,ensemble,mae_median,252.15027151639342
G3_C2.2,transnetbw,2024,ensemble,cov50,48.46596083788707
G3_C2.2,transnetbw,2024,ensemble,cov95,94.52413479052824
G3_C2.2,transnetbw,2024,ensemble,crps,188.41056532001085
G3_C2.2,transnetbw,2024,ensemble,energy_score,2184.1358001822723
G3_C2.2,transnetbw,2025,point,rmse,427.82914386866605
G3_C2.2,transnetbw,2025,point,r2,0.9035844682858949
G3_C2.2,transnetbw,2025,point,mae,257.0670273199337
G3_C2.2,transnetbw,2025,point,smape,4.083633464944728
G3_C2.2,transnetbw,2025,quantile,wis,158.232759831621
G3_C2.2,transnetbw,2025,quantile,lqs,79.11637991581051
G3_C2.2,transnetbw,2025,quantile,mae_median,253.53834774828766
G3_C2.2,transnetbw,2025,quantile,cov50,51.09018264840183
G3_C2.2,transnetbw,2025,quantile,cov95,94.25513698630137
G3_C2.2,transnetbw,2025,ensemble,wis,158.232759831621
G3_C2.2,transnetbw,2025,ensemble,lqs,79.11637991581051
G3_C2.2,transnetbw,2025,ensemble,mae_median,253.53834774828766
G3_C2.2,transnetbw,2025,ensemble,cov50,51.09018264840183
G3_C2.2,transnetbw,2025,ensemble,cov95,94.25513698630137
G3_C2.2,transnetbw,2025,ensemble,crps,189.7530185964146
G3_C2.2,transnetbw,2025,ensemble,energy_score,2216.7842615452623
G3_C2.2,transnetbw,2026H1,point,rmse,549.6592105518356
G3_C2.2,transnetbw,2026H1,point,r2,0.8346307005971313
G3_C2.2,transnetbw,2026H1,point,mae,331.1910317590852
G3_C2.2,transnetbw,2026H1,point,smape,4.890308508176418
G3_C2.2,transnetbw,2026H1,quantile,wis,208.96230575657893
G3_C2.2,transnetbw,2026H1,quantile,lqs,104.48115287828948
G3_C2.2,transnetbw,2026H1,quantile,mae_median,329.9916073190789
G3_C2.2,transnetbw,2026H1,quantile,cov50,51.583059210526315
G3_C2.2,transnetbw,2026H1,quantile,cov95,93.10581140350878
G3_C2.2,transnetbw,2026H1,ensemble,wis,208.96230575657893
G3_C2.2,transnetbw,2026H1,ensemble,lqs,104.48115287828948
G3_C2.2,transnetbw,2026H1,ensemble,mae_median,329.9916073190789
G3_C2.2,transnetbw,2026H1,ensemble,cov50,51.583059210526315
G3_C2.2,transnetbw,2026H1,ensemble,cov95,93.10581140350878
G3_C2.2,transnetbw,2026H1,ensemble,crps,249.38288129643306
G3_C2.2,transnetbw,2026H1,ensemble,energy_score,2877.1048865203134
G3_C2.2,50hertz,overall,point,rmse,855.408625493572
G3_C2.2,50hertz,overall,point,r2,0.8057415006274535
G3_C2.2,50hertz,overall,point,mae,650.9216805049974
G3_C2.2,50hertz,overall,point,smape,5.642285243210959
G3_C2.2,50hertz,overall,quantile,wis,384.03909087863343
G3_C2.2,50hertz,overall,quantile,lqs,192.0195454393167
G3_C2.2,50hertz,overall,quantile,mae_median,650.8430146753492
G3_C2.2,50hertz,overall,quantile,cov50,47.969752736881844
G3_C2.2,50hertz,overall,quantile,cov95,95.28123820309551
G3_C2.2,50hertz,overall,ensemble,wis,384.03909087863343
G3_C2.2,50hertz,overall,ensemble,lqs,192.0195454393167
G3_C2.2,50hertz,overall,ensemble,mae_median,650.8430146753492
G3_C2.2,50hertz,overall,ensemble,cov50,47.969752736881844
G3_C2.2,50hertz,overall,ensemble,cov95,95.28123820309551
G3_C2.2,50hertz,overall,ensemble,crps,469.6890668952966
G3_C2.2,50hertz,overall,ensemble,energy_score,5429.322881919107
G3_C2.2,amprion,overall,point,rmse,1136.697314465794
G3_C2.2,amprion,overall,point,r2,0.8836285675444078
G3_C2.2,amprion,overall,point,mae,777.8791381565045
G3_C2.2,amprion,overall,point,smape,4.117253329050643
G3_C2.2,amprion,overall,quantile,wis,471.85667780273224
G3_C2.2,amprion,overall,quantile,lqs,235.9283389013661
G3_C2.2,amprion,overall,quantile,mae_median,771.5840686077529
G3_C2.2,amprion,overall,quantile,cov50,49.43256889392224
G3_C2.2,amprion,overall,quantile,cov95,94.1923839184598
G3_C2.2,amprion,overall,ensemble,wis,471.85667780273224
G3_C2.2,amprion,overall,ensemble,lqs,235.9283389013661
G3_C2.2,amprion,overall,ensemble,mae_median,771.5840686077529
G3_C2.2,amprion,overall,ensemble,cov50,49.43256889392224
G3_C2.2,amprion,overall,ensemble,cov95,94.1923839184598
G3_C2.2,amprion,overall,ensemble,crps,570.1265100044701
G3_C2.2,amprion,overall,ensemble,energy_score,6661.458029688595
G3_C2.2,de_lu,overall,point,rmse,2839.4620155893326
G3_C2.2,de_lu,overall,point,r2,0.9083268036395735
G3_C2.2,de_lu,overall,point,mae,1816.4532368159882
G3_C2.2,de_lu,overall,point,smape,3.431116812530162
G3_C2.2,de_lu,overall,quantile,wis,1123.5730953169777
G3_C2.2,de_lu,overall,quantile,lqs,561.786547658489
G3_C2.2,de_lu,overall,quantile,mae_median,1798.2277138377337
G3_C2.2,de_lu,overall,quantile,cov50,61.59753680634201
G3_C2.2,de_lu,overall,quantile,cov95,97.29850887127218
G3_C2.2,de_lu,overall,ensemble,wis,1123.5730953169777
G3_C2.2,de_lu,overall,ensemble,lqs,561.786547658489
G3_C2.2,de_lu,overall,ensemble,mae_median,1798.2277138377337
G3_C2.2,de_lu,overall,ensemble,cov50,61.59753680634201
G3_C2.2,de_lu,overall,ensemble,cov95,97.29850887127218
G3_C2.2,de_lu,overall,ensemble,crps,1366.1792118666974
G3_C2.2,de_lu,overall,ensemble,energy_score,15431.792778635392
G3_C2.2,lu,overall,point,rmse,30.778954747293668
G3_C2.2,lu,overall,point,r2,0.9029285571311326
G3_C2.2,lu,overall,point,mae,19.136482110705522
G3_C2.2,lu,overall,point,smape,3.5025567796920827
G3_C2.2,lu,overall,quantile,wis,11.774199868959691
G3_C2.2,lu,overall,quantile,lqs,5.8870999344798465
G3_C2.2,lu,overall,quantile,mae_median,18.735727255249625
G3_C2.2,lu,overall,quantile,cov50,50.99683842959607
G3_C2.2,lu,overall,quantile,cov95,94.3009154397886
G3_C2.2,lu,overall,ensemble,wis,11.774199868959691
G3_C2.2,lu,overall,ensemble,lqs,5.8870999344798465
G3_C2.2,lu,overall,ensemble,mae_median,18.735727255249625
G3_C2.2,lu,overall,ensemble,cov50,50.99683842959607
G3_C2.2,lu,overall,ensemble,cov95,94.3009154397886
G3_C2.2,lu,overall,ensemble,crps,14.150765324263359
G3_C2.2,lu,overall,ensemble,energy_score,163.92885537371046
G3_C2.2,tennet,overall,point,rmse,869.4055712740447
G3_C2.2,tennet,overall,point,r2,0.9080100443381238
G3_C2.2,tennet,overall,point,mae,549.7845073292482
G3_C2.2,tennet,overall,point,smape,3.5415589796067857
G3_C2.2,tennet,overall,quantile,wis,336.2542884496508
G3_C2.2,tennet,overall,quantile,lqs,168.1271442248254
G3_C2.2,tennet,overall,quantile,mae_median,544.3805946465648
G3_C2.2,tennet,overall,quantile,cov50,49.335834277085695
G3_C2.2,tennet,overall,quantile,cov95,94.27260286900717
G3_C2.2,tennet,overall,ensemble,wis,336.2542884496508
G3_C2.2,tennet,overall,ensemble,lqs,168.1271442248254
G3_C2.2,tennet,overall,ensemble,mae_median,544.3805946465648
G3_C2.2,tennet,overall,ensemble,cov50,49.335834277085695
G3_C2.2,tennet,overall,ensemble,cov95,94.27260286900717
G3_C2.2,tennet,overall,ensemble,crps,404.19488573563785
G3_C2.2,tennet,overall,ensemble,energy_score,4672.407341310106
G3_C2.2,transnetbw,overall,point,rmse,451.24091803243954
G3_C2.2,transnetbw,overall,point,r2,0.8934459952345211
G3_C2.2,transnetbw,overall,point,mae,269.72752096877304
G3_C2.2,transnetbw,overall,point,smape,4.213007201457931
G3_C2.2,transnetbw,overall,quantile,wis,166.6290015347773
G3_C2.2,transnetbw,overall,quantile,lqs,83.31450076738864
G3_C2.2,transnetbw,overall,quantile,mae_median,266.12369265642695
G3_C2.2,transnetbw,overall,quantile,cov50,50.08729709324273
G3_C2.2,transnetbw,overall,quantile,cov95,94.16879010947528
G3_C2.2,transnetbw,overall,ensemble,wis,166.6290015347773
G3_C2.2,transnetbw,overall,ensemble,lqs,83.31450076738864
G3_C2.2,transnetbw,overall,ensemble,mae_median,266.12369265642695
G3_C2.2,transnetbw,overall,ensemble,cov50,50.08729709324273
G3_C2.2,transnetbw,overall,ensemble,cov95,94.16879010947528
G3_C2.2,transnetbw,overall,ensemble,crps,199.46128726146443
G3_C2.2,transnetbw,overall,ensemble,energy_score,2316.919480273862
G3_C2.3,50hertz,2024,point,rmse,834.405114508413
G3_C2.3,50hertz,2024,point,r2,0.7998707790601584
G3_C2.3,50hertz,2024,point,mae,635.73739893692
G3_C2.3,50hertz,2024,point,smape,5.555860495307689
G3_C2.3,50hertz,2024,quantile,wis,376.63682359972677
G3_C2.3,50hertz,2024,quantile,lqs,188.3184117998634
G3_C2.3,50hertz,2024,quantile,mae_median,636.718950648907
G3_C2.3,50hertz,2024,quantile,cov50,49.81500455373406
G3_C2.3,50hertz,2024,quantile,cov95,96.59892987249545
G3_C2.3,50hertz,2024,ensemble,wis,376.63682359972677
G3_C2.3,50hertz,2024,ensemble,lqs,188.3184117998634
G3_C2.3,50hertz,2024,ensemble,mae_median,636.718950648907
G3_C2.3,50hertz,2024,ensemble,cov50,49.81500455373406
G3_C2.3,50hertz,2024,ensemble,cov95,96.59892987249545
G3_C2.3,50hertz,2024,ensemble,crps,461.2887001496485
G3_C2.3,50hertz,2024,ensemble,energy_score,5328.226052004832
G3_C2.3,50hertz,2025,point,rmse,911.7132432410901
G3_C2.3,50hertz,2025,point,r2,0.76565252268393
G3_C2.3,50hertz,2025,point,mae,707.0397322597303
G3_C2.3,50hertz,2025,point,smape,6.170225531031007
G3_C2.3,50hertz,2025,quantile,wis,416.53460091324206
G3_C2.3,50hertz,2025,quantile,lqs,208.26730045662103
G3_C2.3,50hertz,2025,quantile,mae_median,708.7283981164384
G3_C2.3,50hertz,2025,quantile,cov50,50.61358447488584
G3_C2.3,50hertz,2025,quantile,cov95,97.13755707762557
G3_C2.3,50hertz,2025,ensemble,wis,416.53460091324206
G3_C2.3,50hertz,2025,ensemble,lqs,208.26730045662103
G3_C2.3,50hertz,2025,ensemble,mae_median,708.7283981164384
G3_C2.3,50hertz,2025,ensemble,cov50,50.61358447488584
G3_C2.3,50hertz,2025,ensemble,cov95,97.13755707762557
G3_C2.3,50hertz,2025,ensemble,crps,511.26557557090575
G3_C2.3,50hertz,2025,ensemble,energy_score,5881.6978182093535
G3_C2.3,50hertz,2026H1,point,rmse,947.6411999099105
G3_C2.3,50hertz,2026H1,point,r2,0.8067853022528167
G3_C2.3,50hertz,2026H1,point,mae,702.3061086244257
G3_C2.3,50hertz,2026H1,point,smape,5.88004993413785
G3_C2.3,50hertz,2026H1,quantile,wis,420.61878396381576
G3_C2.3,50hertz,2026H1,quantile,lqs,210.3093919819079
G3_C2.3,50hertz,2026H1,quantile,mae_median,701.8128870614036
G3_C2.3,50hertz,2026H1,quantile,cov50,53.30317982456141
G3_C2.3,50hertz,2026H1,quantile,cov95,96.04577850877193
G3_C2.3,50hertz,2026H1,ensemble,wis,420.61878396381576
G3_C2.3,50hertz,2026H1,ensemble,lqs,210.3093919819079
G3_C2.3,50hertz,2026H1,ensemble,mae_median,701.8128870614036
G3_C2.3,50hertz,2026H1,ensemble,cov50,53.30317982456141
G3_C2.3,50hertz,2026H1,ensemble,cov95,96.04577850877193
G3_C2.3,50hertz,2026H1,ensemble,crps,515.1559195272407
G3_C2.3,50hertz,2026H1,ensemble,energy_score,5869.455219514603
G3_C2.3,amprion,2024,point,rmse,1228.2215065617984
G3_C2.3,amprion,2024,point,r2,0.8617800203631315
G3_C2.3,amprion,2024,point,mae,840.7578345526662
G3_C2.3,amprion,2024,point,smape,4.562634839920332
G3_C2.3,amprion,2024,quantile,wis,513.9334629889572
G3_C2.3,amprion,2024,quantile,lqs,256.96673149447855
G3_C2.3,amprion,2024,quantile,mae_median,832.3939683694216
G3_C2.3,amprion,2024,quantile,cov50,53.69137067395264
G3_C2.3,amprion,2024,quantile,cov95,95.67395264116576
G3_C2.3,amprion,2024,ensemble,wis,513.9334629889572
G3_C2.3,amprion,2024,ensemble,lqs,256.96673149447855
G3_C2.3,amprion,2024,ensemble,mae_median,832.3939683694216
G3_C2.3,amprion,2024,ensemble,cov50,53.69137067395264
G3_C2.3,amprion,2024,ensemble,cov95,95.67395264116576
G3_C2.3,amprion,2024,ensemble,crps,622.5792390830604
G3_C2.3,amprion,2024,ensemble,energy_score,7180.136095318299
G3_C2.3,amprion,2025,point,rmse,1079.4337270832557
G3_C2.3,amprion,2025,point,r2,0.8895591202264521
G3_C2.3,amprion,2025,point,mae,748.3972016949338
G3_C2.3,amprion,2025,point,smape,3.9360372669759363
G3_C2.3,amprion,2025,quantile,wis,451.7377738230594
G3_C2.3,amprion,2025,quantile,lqs,225.86888691152967
G3_C2.3,amprion,2025,quantile,mae_median,742.4874680981735
G3_C2.3,amprion,2025,quantile,cov50,55.92465753424658
G3_C2.3,amprion,2025,quantile,cov95,97.00627853881278
G3_C2.3,amprion,2025,ensemble,wis,451.7377738230594
G3_C2.3,amprion,2025,ensemble,lqs,225.86888691152967
G3_C2.3,amprion,2025,ensemble,mae_median,742.4874680981735
G3_C2.3,amprion,2025,ensemble,cov50,55.92465753424658
G3_C2.3,amprion,2025,ensemble,cov95,97.00627853881278
G3_C2.3,amprion,2025,ensemble,crps,551.4046915283537
G3_C2.3,amprion,2025,ensemble,energy_score,6452.542322109574
G3_C2.3,amprion,2026H1,point,rmse,1332.8523822882573
G3_C2.3,amprion,2026H1,point,r2,0.848699241037198
G3_C2.3,amprion,2026H1,point,mae,934.1981546983017
G3_C2.3,amprion,2026H1,point,smape,4.731425733462608
G3_C2.3,amprion,2026H1,quantile,wis,570.6074776541941
G3_C2.3,amprion,2026H1,quantile,lqs,285.30373882709705
G3_C2.3,amprion,2026H1,quantile,mae_median,931.5099514521655
G3_C2.3,amprion,2026H1,quantile,cov50,53.885690789473685
G3_C2.3,amprion,2026H1,quantile,cov95,94.72998903508771
G3_C2.3,amprion,2026H1,ensemble,wis,570.6074776541941
G3_C2.3,amprion,2026H1,ensemble,lqs,285.30373882709705
G3_C2.3,amprion,2026H1,ensemble,mae_median,931.5099514521655
G3_C2.3,amprion,2026H1,ensemble,cov50,53.885690789473685
G3_C2.3,amprion,2026H1,ensemble,cov95,94.72998903508771
G3_C2.3,amprion,2026H1,ensemble,crps,691.9501810003663
G3_C2.3,amprion,2026H1,ensemble,energy_score,7953.179173758952
G3_C2.3,de_lu,2024,point,rmse,2936.89721275007
G3_C2.3,de_lu,2024,point,r2,0.8987792279200613
G3_C2.3,de_lu,2024,point,mae,1928.7337422318772
G3_C2.3,de_lu,2024,point,smape,3.673166728371046
G3_C2.3,de_lu,2024,quantile,wis,1197.0107465090393
G3_C2.3,de_lu,2024,quantile,lqs,598.5053732545197
G3_C2.3,de_lu,2024,quantile,mae_median,1908.672254431808
G3_C2.3,de_lu,2024,quantile,cov50,63.18306010928961
G3_C2.3,de_lu,2024,quantile,cov95,97.84836065573771
G3_C2.3,de_lu,2024,ensemble,wis,1197.0107465090393
G3_C2.3,de_lu,2024,ensemble,lqs,598.5053732545197
G3_C2.3,de_lu,2024,ensemble,mae_median,1908.672254431808
G3_C2.3,de_lu,2024,ensemble,cov50,63.18306010928961
G3_C2.3,de_lu,2024,ensemble,cov95,97.84836065573771
G3_C2.3,de_lu,2024,ensemble,crps,1457.8032143356163
G3_C2.3,de_lu,2024,ensemble,energy_score,16346.383949731477
G3_C2.3,de_lu,2025,point,rmse,2828.916354130554
G3_C2.3,de_lu,2025,point,r2,0.9065589687405777
G3_C2.3,de_lu,2025,point,mae,1879.4394688541124
G3_C2.3,de_lu,2025,point,smape,3.5626756627961664
G3_C2.3,de_lu,2025,quantile,wis,1165.0397571938856
G3_C2.3,de_lu,2025,quantile,lqs,582.5198785969428
G3_C2.3,de_lu,2025,quantile,mae_median,1861.09736636758
G3_C2.3,de_lu,2025,quantile,cov50,65.59075342465754
G3_C2.3,de_lu,2025,quantile,cov95,98.41609589041096
G3_C2.3,de_lu,2025,ensemble,wis,1165.0397571938856
G3_C2.3,de_lu,2025,ensemble,lqs,582.5198785969428
G3_C2.3,de_lu,2025,ensemble,mae_median,1861.09736636758
G3_C2.3,de_lu,2025,ensemble,cov50,65.59075342465754
G3_C2.3,de_lu,2025,ensemble,cov95,98.41609589041096
G3_C2.3,de_lu,2025,ensemble,crps,1428.063763309914
G3_C2.3,de_lu,2025,ensemble,energy_score,16083.91860403495
G3_C2.3,de_lu,2026H1,point,rmse,3567.9710010479725
G3_C2.3,de_lu,2026H1,point,r2,0.8667989865855519
G3_C2.3,de_lu,2026H1,point,mae,2371.8432106002524
G3_C2.3,de_lu,2026H1,point,smape,4.383193369308749
G3_C2.3,de_lu,2026H1,quantile,wis,1463.8028808682677
G3_C2.3,de_lu,2026H1,quantile,lqs,731.901440434134
G3_C2.3,de_lu,2026H1,quantile,mae_median,2347.5631184396248
G3_C2.3,de_lu,2026H1,quantile,cov50,64.2201206140351
G3_C2.3,de_lu,2026H1,quantile,cov95,96.99150219298247
G3_C2.3,de_lu,2026H1,ensemble,wis,1463.8028808682677
G3_C2.3,de_lu,2026H1,ensemble,lqs,731.901440434134
G3_C2.3,de_lu,2026H1,ensemble,mae_median,2347.5631184396248
G3_C2.3,de_lu,2026H1,ensemble,cov50,64.2201206140351
G3_C2.3,de_lu,2026H1,ensemble,cov95,96.99150219298247
G3_C2.3,de_lu,2026H1,ensemble,crps,1786.598056317131
G3_C2.3,de_lu,2026H1,ensemble,energy_score,19889.50786043298
G3_C2.3,lu,2024,point,rmse,29.12515768378914
G3_C2.3,lu,2024,point,r2,0.9121738389569013
G3_C2.3,lu,2024,point,mae,18.33264386818024
G3_C2.3,lu,2024,point,smape,3.3130568758171517
G3_C2.3,lu,2024,quantile,wis,11.282350836748634
G3_C2.3,lu,2024,quantile,lqs,5.641175418374317
G3_C2.3,lu,2024,quantile,mae_median,17.86893989071038
G3_C2.3,lu,2024,quantile,cov50,55.15994990892532
G3_C2.3,lu,2024,quantile,cov95,95.94148451730419
G3_C2.3,lu,2024,ensemble,wis,11.282350836748634
G3_C2.3,lu,2024,ensemble,lqs,5.641175418374317
G3_C2.3,lu,2024,ensemble,mae_median,17.86893989071038
G3_C2.3,lu,2024,ensemble,cov50,55.15994990892532
G3_C2.3,lu,2024,ensemble,cov95,95.94148451730419
G3_C2.3,lu,2024,ensemble,crps,13.603341675650222
G3_C2.3,lu,2024,ensemble,energy_score,156.77846256922552
G3_C2.3,lu,2025,point,rmse,30.598910376579802
G3_C2.3,lu,2025,point,r2,0.9038297360945595
G3_C2.3,lu,2025,point,mae,19.899448249959228
G3_C2.3,lu,2025,point,smape,3.655218468786805
G3_C2.3,lu,2025,quantile,wis,12.28208530518693
G3_C2.3,lu,2025,quantile,lqs,6.141042652593464
G3_C2.3,lu,2025,quantile,mae_median,19.730342551369862
G3_C2.3,lu,2025,quantile,cov50,55.816210045662096
G3_C2.3,lu,2025,quantile,cov95,96.06449771689498
G3_C2.3,lu,2025,ensemble,wis,12.28208530518693
G3_C2.3,lu,2025,ensemble,lqs,6.141042652593464
G3_C2.3,lu,2025,ensemble,mae_median,19.730342551369862
G3_C2.3,lu,2025,ensemble,cov50,55.816210045662096
G3_C2.3,lu,2025,ensemble,cov95,96.06449771689498
G3_C2.3,lu,2025,ensemble,crps,14.890476786474672
G3_C2.3,lu,2025,ensemble,energy_score,171.35230635117506
G3_C2.3,lu,2026H1,point,rmse,39.695926029579276
G3_C2.3,lu,2026H1,point,r2,0.8417890267019532
G3_C2.3,lu,2026H1,point,mae,25.917512153317865
G3_C2.3,lu,2026H1,point,smape,4.800775611163506
G3_C2.3,lu,2026H1,quantile,wis,16.202251503848856
G3_C2.3,lu,2026H1,quantile,lqs,8.101125751924428
G3_C2.3,lu,2026H1,quantile,mae_median,25.614800095463266
G3_C2.3,lu,2026H1,quantile,cov50,55.372807017543856
G3_C2.3,lu,2026H1,quantile,cov95,95.98410087719299
G3_C2.3,lu,2026H1,ensemble,wis,16.202251503848856
G3_C2.3,lu,2026H1,ensemble,lqs,8.101125751924428
G3_C2.3,lu,2026H1,ensemble,mae_median,25.614800095463266
G3_C2.3,lu,2026H1,ensemble,cov50,55.372807017543856
G3_C2.3,lu,2026H1,ensemble,cov95,95.98410087719299
G3_C2.3,lu,2026H1,ensemble,crps,19.58450585146452
G3_C2.3,lu,2026H1,ensemble,energy_score,226.16152422873188
G3_C2.3,tennet,2024,point,rmse,841.1756188472511
G3_C2.3,tennet,2024,point,r2,0.9098203545543697
G3_C2.3,tennet,2024,point,mae,549.0155352263856
G3_C2.3,tennet,2024,point,smape,3.494614741324477
G3_C2.3,tennet,2024,quantile,wis,334.0955330145719
G3_C2.3,tennet,2024,quantile,lqs,167.04776650728598
G3_C2.3,tennet,2024,quantile,mae_median,547.1956762295082
G3_C2.3,tennet,2024,quantile,cov50,52.77208561020036
G3_C2.3,tennet,2024,quantile,cov95,96.53062386156648
G3_C2.3,tennet,2024,ensemble,wis,334.0955330145719
G3_C2.3,tennet,2024,ensemble,lqs,167.04776650728598
G3_C2.3,tennet,2024,ensemble,mae_median,547.1956762295082
G3_C2.3,tennet,2024,ensemble,cov50,52.77208561020036
G3_C2.3,tennet,2024,ensemble,cov95,96.53062386156648
G3_C2.3,tennet,2024,ensemble,crps,404.1600180561751
G3_C2.3,tennet,2024,ensemble,energy_score,4651.929911082466
G3_C2.3,tennet,2025,point,rmse,846.9788080499897
G3_C2.3,tennet,2025,point,r2,0.9116047823430016
G3_C2.3,tennet,2025,point,mae,553.8197446958577
G3_C2.3,tennet,2025,point,smape,3.5544433485136846
G3_C2.3,tennet,2025,quantile,wis,338.09171156392694
G3_C2.3,tennet,2025,quantile,lqs,169.0458557819635
G3_C2.3,tennet,2025,quantile,mae_median,550.9288263984018
G3_C2.3,tennet,2025,quantile,cov50,54.03538812785388
G3_C2.3,tennet,2025,quantile,cov95,96.09874429223744
G3_C2.3,tennet,2025,ensemble,wis,338.09171156392694
G3_C2.3,tennet,2025,ensemble,lqs,169.0458557819635
G3_C2.3,tennet,2025,ensemble,mae_median,550.9288263984018
G3_C2.3,tennet,2025,ensemble,cov50,54.03538812785388
G3_C2.3,tennet,2025,ensemble,cov95,96.09874429223744
G3_C2.3,tennet,2025,ensemble,crps,409.3224342454752
G3_C2.3,tennet,2025,ensemble,energy_score,4698.462241206249
G3_C2.3,tennet,2026H1,point,rmse,1168.0494563524715
G3_C2.3,tennet,2026H1,point,r2,0.8536224340703511
G3_C2.3,tennet,2026H1,point,mae,790.4660421496449
G3_C2.3,tennet,2026H1,point,smape,5.221034003174204
G3_C2.3,tennet,2026H1,quantile,wis,477.63377726151316
G3_C2.3,tennet,2026H1,quantile,lqs,238.8168886307566
G3_C2.3,tennet,2026H1,quantile,mae_median,778.1242164199562
G3_C2.3,tennet,2026H1,quantile,cov50,54.036458333333336
G3_C2.3,tennet,2026H1,quantile,cov95,94.57236842105263
G3_C2.3,tennet,2026H1,ensemble,wis,477.63377726151316
G3_C2.3,tennet,2026H1,ensemble,lqs,238.8168886307566
G3_C2.3,tennet,2026H1,ensemble,mae_median,778.1242164199562
G3_C2.3,tennet,2026H1,ensemble,cov50,54.036458333333336
G3_C2.3,tennet,2026H1,ensemble,cov95,94.57236842105263
G3_C2.3,tennet,2026H1,ensemble,crps,578.9725584472094
G3_C2.3,tennet,2026H1,ensemble,energy_score,6649.1883277636
G3_C2.3,transnetbw,2024,point,rmse,462.3566100461325
G3_C2.3,transnetbw,2024,point,r2,0.8861037637052126
G3_C2.3,transnetbw,2024,point,mae,285.783532342354
G3_C2.3,transnetbw,2024,point,smape,4.520682392556239
G3_C2.3,transnetbw,2024,quantile,wis,174.2028644125683
G3_C2.3,transnetbw,2024,quantile,lqs,87.10143220628416
G3_C2.3,transnetbw,2024,quantile,mae_median,279.78118738615666
G3_C2.3,transnetbw,2024,quantile,cov50,54.260587431693985
G3_C2.3,transnetbw,2024,quantile,cov95,95.83617941712204
G3_C2.3,transnetbw,2024,ensemble,wis,174.2028644125683
G3_C2.3,transnetbw,2024,ensemble,lqs,87.10143220628416
G3_C2.3,transnetbw,2024,ensemble,mae_median,279.78118738615666
G3_C2.3,transnetbw,2024,ensemble,cov50,54.260587431693985
G3_C2.3,transnetbw,2024,ensemble,cov95,95.83617941712204
G3_C2.3,transnetbw,2024,ensemble,crps,209.9086671537923
G3_C2.3,transnetbw,2024,ensemble,energy_score,2411.090706461154
G3_C2.3,transnetbw,2025,point,rmse,447.4124840236744
G3_C2.3,transnetbw,2025,point,r2,0.894555856026628
G3_C2.3,transnetbw,2025,point,mae,275.63534684483045
G3_C2.3,transnetbw,2025,point,smape,4.381918054704935
G3_C2.3,transnetbw,2025,quantile,wis,169.46272525513697
G3_C2.3,transnetbw,2025,quantile,lqs,84.73136262756849
G3_C2.3,transnetbw,2025,quantile,mae_median,272.3840738727169
G3_C2.3,transnetbw,2025,quantile,cov50,55.667808219178085
G3_C2.3,transnetbw,2025,quantile,cov95,96.09018264840182
G3_C2.3,transnetbw,2025,ensemble,wis,169.46272525513697
G3_C2.3,transnetbw,2025,ensemble,lqs,84.73136262756849
G3_C2.3,transnetbw,2025,ensemble,mae_median,272.3840738727169
G3_C2.3,transnetbw,2025,ensemble,cov50,55.667808219178085
G3_C2.3,transnetbw,2025,ensemble,cov95,96.09018264840182
G3_C2.3,transnetbw,2025,ensemble,crps,205.01096879938314
G3_C2.3,transnetbw,2025,ensemble,energy_score,2373.726480996809
G3_C2.3,transnetbw,2026H1,point,rmse,583.8895263080406
G3_C2.3,transnetbw,2026H1,point,r2,0.8133924388164888
G3_C2.3,transnetbw,2026H1,point,mae,364.8644344585422
G3_C2.3,transnetbw,2026H1,point,smape,5.377194565890267
G3_C2.3,transnetbw,2026H1,quantile,wis,224.67934088541665
G3_C2.3,transnetbw,2026H1,quantile,lqs,112.33967044270833
G3_C2.3,transnetbw,2026H1,quantile,mae_median,360.8363504660088
G3_C2.3,transnetbw,2026H1,quantile,cov50,55.07127192982456
G3_C2.3,transnetbw,2026H1,quantile,cov95,95.14117324561403
G3_C2.3,transnetbw,2026H1,ensemble,wis,224.67934088541665
G3_C2.3,transnetbw,2026H1,ensemble,lqs,112.33967044270833
G3_C2.3,transnetbw,2026H1,ensemble,mae_median,360.8363504660088
G3_C2.3,transnetbw,2026H1,ensemble,cov50,55.07127192982456
G3_C2.3,transnetbw,2026H1,ensemble,cov95,95.14117324561403
G3_C2.3,transnetbw,2026H1,ensemble,crps,271.0250051530115
G3_C2.3,transnetbw,2026H1,ensemble,energy_score,3105.184274101231
G3_C2.3,50hertz,overall,point,rmse,886.9994571770451
G3_C2.3,50hertz,overall,point,r2,0.7911283548788828
G3_C2.3,50hertz,overall,point,mae,676.6703497130544
G3_C2.3,50hertz,overall,point,smape,5.865622706792623
G3_C2.3,50hertz,overall,quantile,wis,400.70018338995845
G3_C2.3,50hertz,overall,quantile,lqs,200.35009169497926
G3_C2.3,50hertz,overall,quantile,mae_median,677.6903285201963
G3_C2.3,50hertz,overall,quantile,cov50,50.74556436391091
G3_C2.3,50hertz,overall,quantile,cov95,96.7263590033975
G3_C2.3,50hertz,overall,ensemble,wis,400.70018338995845
G3_C2.3,50hertz,overall,ensemble,lqs,200.35009169497926
G3_C2.3,50hertz,overall,ensemble,mae_median,677.6903285201963
G3_C2.3,50hertz,overall,ensemble,cov50,50.74556436391091
G3_C2.3,50hertz,overall,ensemble,cov95,96.7263590033975
G3_C2.3,50hertz,overall,ensemble,crps,491.220044287987
G3_C2.3,50hertz,overall,ensemble,energy_score,5650.178518738847
G3_C2.3,amprion,overall,point,rmse,1188.5820766722316
G3_C2.3,amprion,overall,point,r2,0.8727625178849362
G3_C2.3,amprion,overall,point,mae,818.6641739287298
G3_C2.3,amprion,overall,point,smape,4.3326779901963475
G3_C2.3,amprion,overall,quantile,wis,497.97992242674127
G3_C2.3,amprion,overall,quantile,lqs,248.98996121337063
G3_C2.3,amprion,overall,quantile,mae_median,812.2917677234097
G3_C2.3,amprion,overall,quantile,cov50,54.64798036995092
G3_C2.3,amprion,overall,quantile,cov95,96.0621932804832
G3_C2.3,amprion,overall,ensemble,wis,497.97992242674127
G3_C2.3,amprion,overall,ensemble,lqs,248.98996121337063
G3_C2.3,amprion,overall,ensemble,mae_median,812.2917677234097
G3_C2.3,amprion,overall,ensemble,cov50,54.64798036995092
G3_C2.3,amprion,overall,ensemble,cov95,96.0621932804832
G3_C2.3,amprion,overall,ensemble,crps,605.0998204125764
G3_C2.3,amprion,overall,ensemble,energy_score,7012.447330541169
G3_C2.3,de_lu,overall,point,rmse,3012.4162268663686
G3_C2.3,de_lu,overall,point,r2,0.8968188879908141
G3_C2.3,de_lu,overall,point,mae,1984.6343417891915
G3_C2.3,de_lu,overall,point,smape,3.749718042626651
G3_C2.3,de_lu,overall,quantile,wis,1229.7208182220306
G3_C2.3,de_lu,overall,quantile,lqs,614.8604091110154
G3_C2.3,de_lu,overall,quantile,mae_median,1964.55739280751
G3_C2.3,de_lu,overall,quantile,cov50,64.35683276708191
G3_C2.3,de_lu,overall,quantile,cov95,97.93554171385428
G3_C2.3,de_lu,overall,ensemble,wis,1229.7208182220306
G3_C2.3,de_lu,overall,ensemble,lqs,614.8604091110154
G3_C2.3,de_lu,overall,ensemble,mae_median,1964.55739280751
G3_C2.3,de_lu,overall,ensemble,cov50,64.35683276708191
G3_C2.3,de_lu,overall,ensemble,cov95,97.93554171385428
G3_C2.3,de_lu,overall,ensemble,crps,1502.108895373905
G3_C2.3,de_lu,overall,ensemble,energy_score,16847.805221812334
G3_C2.3,lu,overall,point,rmse,31.778753764756143
G3_C2.3,lu,overall,point,r2,0.8965197487222899
G3_C2.3,lu,overall,point,mae,20.285966154352664
G3_C2.3,lu,overall,point,smape,3.710590544227762
G3_C2.3,lu,overall,quantile,wis,12.542518427212068
G3_C2.3,lu,overall,quantile,lqs,6.271259213606035
G3_C2.3,lu,overall,quantile,mae_median,19.97175158070262
G3_C2.3,lu,overall,quantile,cov50,55.467865232163085
G3_C2.3,lu,overall,quantile,cov95,95.99966968667421
G3_C2.3,lu,overall,ensemble,wis,12.542518427212068
G3_C2.3,lu,overall,ensemble,lqs,6.271259213606035
G3_C2.3,lu,overall,ensemble,mae_median,19.97175158070262
G3_C2.3,lu,overall,ensemble,cov50,55.467865232163085
G3_C2.3,lu,overall,ensemble,cov95,95.99966968667421
G3_C2.3,lu,overall,ensemble,crps,15.164996568260301
G3_C2.3,lu,overall,ensemble,energy_score,174.7463882234232
G3_C2.3,tennet,overall,point,rmse,908.1197588073903
G3_C2.3,tennet,overall,point,r2,0.8996351079032031
G3_C2.3,tennet,overall,point,mae,592.5648143981781
G3_C2.3,tennet,overall,point,smape,3.8165322604923357
G3_C2.3,tennet,overall,quantile,wis,360.45614263637214
G3_C2.3,tennet,overall,quantile,lqs,180.2280713181861
G3_C2.3,tennet,overall,quantile,mae_median,588.4909626627973
G3_C2.3,tennet,overall,quantile,cov50,53.51193846734616
G3_C2.3,tennet,overall,quantile,cov95,96.01500566251416
G3_C2.3,tennet,overall,ensemble,wis,360.45614263637214
G3_C2.3,tennet,overall,ensemble,lqs,180.2280713181861
G3_C2.3,tennet,overall,ensemble,mae_median,588.4909626627973
G3_C2.3,tennet,overall,ensemble,cov50,53.51193846734616
G3_C2.3,tennet,overall,ensemble,cov95,96.01500566251416
G3_C2.3,tennet,overall,ensemble,crps,436.3862785867886
G3_C2.3,tennet,overall,ensemble,energy_score,5014.973602849977
G3_C2.3,transnetbw,overall,point,rmse,479.62683200785625
G3_C2.3,transnetbw,overall,point,r2,0.8796184943308571
G3_C2.3,transnetbw,overall,point,mae,295.2016630502413
G3_C2.3,transnetbw,overall,point,smape,4.6107626496695415
G3_C2.3,transnetbw,overall,quantile,wis,180.93250612424498
G3_C2.3,transnetbw,overall,quantile,lqs,90.46625306212249
G3_C2.3,transnetbw,overall,quantile,mae_median,290.6763610619573
G3_C2.3,transnetbw,overall,quantile,cov50,54.98183276708192
G3_C2.3,transnetbw,overall,quantile,cov95,95.82153642884107
G3_C2.3,transnetbw,overall,ensemble,wis,180.93250612424498
G3_C2.3,transnetbw,overall,ensemble,lqs,90.46625306212249
G3_C2.3,transnetbw,overall,ensemble,mae_median,290.6763610619573
G3_C2.3,transnetbw,overall,ensemble,cov50,54.98183276708192
G3_C2.3,transnetbw,overall,ensemble,cov95,95.82153642884107
G3_C2.3,transnetbw,overall,ensemble,crps,218.40472998111048
G3_C2.3,transnetbw,overall,ensemble,energy_score,2515.1272636376043
G3_C3.1,50hertz,2024,point,rmse,841.1625427892916
G3_C3.1,50hertz,2024,point,r2,0.7966161611973106
G3_C3.1,50hertz,2024,point,mae,652.8977345037515
G3_C3.1,50hertz,2024,point,smape,5.7226793544298005
G3_C3.1,50hertz,2024,quantile,wis,384.403689606102
G3_C3.1,50hertz,2024,quantile,lqs,192.20184480305102
G3_C3.1,50hertz,2024,quantile,mae_median,651.2911740095627
G3_C3.1,50hertz,2024,quantile,cov50,50.506602914389795
G3_C3.1,50hertz,2024,quantile,cov95,97.44137067395265
G3_C3.1,50hertz,2024,ensemble,wis,384.403689606102
G3_C3.1,50hertz,2024,ensemble,lqs,192.20184480305102
G3_C3.1,50hertz,2024,ensemble,mae_median,651.2911740095627
G3_C3.1,50hertz,2024,ensemble,cov50,50.506602914389795
G3_C3.1,50hertz,2024,ensemble,cov95,97.44137067395265
G3_C3.1,50hertz,2024,ensemble,crps,471.7005784823416
G3_C3.1,50hertz,2024,ensemble,energy_score,5418.297636301044
G3_C3.1,50hertz,2025,point,rmse,931.0827849646672
G3_C3.1,50hertz,2025,point,r2,0.7555892238501589
G3_C3.1,50hertz,2025,point,mae,741.8544865133725
G3_C3.1,50hertz,2025,point,smape,6.450418520416277
G3_C3.1,50hertz,2025,quantile,wis,431.30969702054796
G3_C3.1,50hertz,2025,quantile,lqs,215.654848510274
G3_C3.1,50hertz,2025,quantile,mae_median,739.8737386415526
G3_C3.1,50hertz,2025,quantile,cov50,48.58447488584475
G3_C3.1,50hertz,2025,quantile,cov95,97.66837899543378
G3_C3.1,50hertz,2025,ensemble,wis,431.30969702054796
G3_C3.1,50hertz,2025,ensemble,lqs,215.654848510274
G3_C3.1,50hertz,2025,ensemble,mae_median,739.8737386415526
G3_C3.1,50hertz,2025,ensemble,cov50,48.58447488584475
G3_C3.1,50hertz,2025,ensemble,cov95,97.66837899543378
G3_C3.1,50hertz,2025,ensemble,crps,528.6907119551094
G3_C3.1,50hertz,2025,ensemble,energy_score,6027.832867123179
G3_C3.1,50hertz,2026H1,point,rmse,933.8814931763451
G3_C3.1,50hertz,2026H1,point,r2,0.8123555040668722
G3_C3.1,50hertz,2026H1,point,mae,691.7122260991019
G3_C3.1,50hertz,2026H1,point,smape,5.766701331627512
G3_C3.1,50hertz,2026H1,quantile,wis,414.5553040570175
G3_C3.1,50hertz,2026H1,quantile,lqs,207.27765202850878
G3_C3.1,50hertz,2026H1,quantile,mae_median,685.9038009868422
G3_C3.1,50hertz,2026H1,quantile,cov50,57.35334429824561
G3_C3.1,50hertz,2026H1,quantile,cov95,96.62828947368422
G3_C3.1,50hertz,2026H1,ensemble,wis,414.5553040570175
G3_C3.1,50hertz,2026H1,ensemble,lqs,207.27765202850878
G3_C3.1,50hertz,2026H1,ensemble,mae_median,685.9038009868422
G3_C3.1,50hertz,2026H1,ensemble,cov50,57.35334429824561
G3_C3.1,50hertz,2026H1,ensemble,cov95,96.62828947368422
G3_C3.1,50hertz,2026H1,ensemble,crps,508.88159074490545
G3_C3.1,50hertz,2026H1,ensemble,energy_score,5773.449899416923
G3_C3.1,amprion,2024,point,rmse,1176.5859605622895
G3_C3.1,amprion,2024,point,r2,0.8731575117281013
G3_C3.1,amprion,2024,point,mae,790.1756121451499
G3_C3.1,amprion,2024,point,smape,4.297842343135308
G3_C3.1,amprion,2024,quantile,wis,485.6192558144091
G3_C3.1,amprion,2024,quantile,lqs,242.80962790720454
G3_C3.1,amprion,2024,quantile,mae_median,777.3318506524362
G3_C3.1,amprion,2024,quantile,cov50,57.00421220400729
G3_C3.1,amprion,2024,quantile,cov95,96.17486338797814
G3_C3.1,amprion,2024,ensemble,wis,485.6192558144091
G3_C3.1,amprion,2024,ensemble,lqs,242.80962790720454
G3_C3.1,amprion,2024,ensemble,mae_median,777.3318506524362
G3_C3.1,amprion,2024,ensemble,cov50,57.00421220400729
G3_C3.1,amprion,2024,ensemble,cov95,96.17486338797814
G3_C3.1,amprion,2024,ensemble,crps,588.8874933191406
G3_C3.1,amprion,2024,ensemble,energy_score,6811.4223777923025
G3_C3.1,amprion,2025,point,rmse,1024.6329844095076
G3_C3.1,amprion,2025,point,r2,0.9004882061438273
G3_C3.1,amprion,2025,point,mae,721.5067294213959
G3_C3.1,amprion,2025,point,smape,3.7858578764605806
G3_C3.1,amprion,2025,quantile,wis,433.1985494864155
G3_C3.1,amprion,2025,quantile,lqs,216.59927474320776
G3_C3.1,amprion,2025,quantile,mae_median,710.5356442163243
G3_C3.1,amprion,2025,quantile,cov50,56.909246575342465
G3_C3.1,amprion,2025,quantile,cov95,97.54280821917808
G3_C3.1,amprion,2025,ensemble,wis,433.1985494864155
G3_C3.1,amprion,2025,ensemble,lqs,216.59927474320776
G3_C3.1,amprion,2025,ensemble,mae_median,710.5356442163243
G3_C3.1,amprion,2025,ensemble,cov50,56.909246575342465
G3_C3.1,amprion,2025,ensemble,cov95,97.54280821917808
G3_C3.1,amprion,2025,ensemble,crps,529.0756907045256
G3_C3.1,amprion,2025,ensemble,energy_score,6230.016470067194
G3_C3.1,amprion,2026H1,point,rmse,1279.2273811194286
G3_C3.1,amprion,2026H1,point,r2,0.8606289747752345
G3_C3.1,amprion,2026H1,point,mae,907.9413677184172
G3_C3.1,amprion,2026H1,point,smape,4.595808309774963
G3_C3.1,amprion,2026H1,quantile,wis,546.8946866626919
G3_C3.1,amprion,2026H1,quantile,lqs,273.4473433313459
G3_C3.1,amprion,2026H1,quantile,mae_median,905.0391383381306
G3_C3.1,amprion,2026H1,quantile,cov50,55.763432017543856
G3_C3.1,amprion,2026H1,quantile,cov95,96.6077302631579
G3_C3.1,amprion,2026H1,ensemble,wis,546.8946866626919
G3_C3.1,amprion,2026H1,ensemble,lqs,273.4473433313459
G3_C3.1,amprion,2026H1,ensemble,mae_median,905.0391383381306
G3_C3.1,amprion,2026H1,ensemble,cov50,55.763432017543856
G3_C3.1,amprion,2026H1,ensemble,cov95,96.6077302631579
G3_C3.1,amprion,2026H1,ensemble,crps,669.8342547452694
G3_C3.1,amprion,2026H1,ensemble,energy_score,7691.143099337422
G3_C3.1,de_lu,2024,point,rmse,2815.6094872131794
G3_C3.1,de_lu,2024,point,r2,0.9069670073852686
G3_C3.1,de_lu,2024,point,mae,1844.7695191291466
G3_C3.1,de_lu,2024,point,smape,3.5153455310602952
G3_C3.1,de_lu,2024,quantile,wis,1155.8958151909576
G3_C3.1,de_lu,2024,quantile,lqs,577.9479075954788
G3_C3.1,de_lu,2024,quantile,mae_median,1810.0328818919627
G3_C3.1,de_lu,2024,quantile,cov50,66.07468123861567
G3_C3.1,de_lu,2024,quantile,cov95,98.19273679417122
G3_C3.1,de_lu,2024,ensemble,wis,1155.8958151909576
G3_C3.1,de_lu,2024,ensemble,lqs,577.9479075954788
G3_C3.1,de_lu,2024,ensemble,mae_median,1810.0328818919627
G3_C3.1,de_lu,2024,ensemble,cov50,66.07468123861567
G3_C3.1,de_lu,2024,ensemble,cov95,98.19273679417122
G3_C3.1,de_lu,2024,ensemble,crps,1411.7843041925603
G3_C3.1,de_lu,2024,ensemble,energy_score,15894.192563610655
G3_C3.1,de_lu,2025,point,rmse,2726.7842519004716
G3_C3.1,de_lu,2025,point,r2,0.9131841614491175
G3_C3.1,de_lu,2025,point,mae,1855.989354850973
G3_C3.1,de_lu,2025,point,smape,3.5035218344231476
G3_C3.1,de_lu,2025,quantile,wis,1146.50181860742
G3_C3.1,de_lu,2025,quantile,lqs,573.25090930371
G3_C3.1,de_lu,2025,quantile,mae_median,1820.137976770548
G3_C3.1,de_lu,2025,quantile,cov50,65.85331050228311
G3_C3.1,de_lu,2025,quantile,cov95,98.67009132420091
G3_C3.1,de_lu,2025,ensemble,wis,1146.50181860742
G3_C3.1,de_lu,2025,ensemble,lqs,573.25090930371
G3_C3.1,de_lu,2025,ensemble,mae_median,1820.137976770548
G3_C3.1,de_lu,2025,ensemble,cov50,65.85331050228311
G3_C3.1,de_lu,2025,ensemble,cov95,98.67009132420091
G3_C3.1,de_lu,2025,ensemble,crps,1403.2895222683592
G3_C3.1,de_lu,2025,ensemble,energy_score,15906.219753835363
G3_C3.1,de_lu,2026H1,point,rmse,3426.4460572511935
G3_C3.1,de_lu,2026H1,point,r2,0.8771563547200901
G3_C3.1,de_lu,2026H1,point,mae,2277.950498072184
G3_C3.1,de_lu,2026H1,point,smape,4.196367942703465
G3_C3.1,de_lu,2026H1,quantile,wis,1416.2633208091495
G3_C3.1,de_lu,2026H1,quantile,lqs,708.1316604045749
G3_C3.1,de_lu,2026H1,quantile,mae_median,2258.786994639323
G3_C3.1,de_lu,2026H1,quantile,cov50,66.41310307017544
G3_C3.1,de_lu,2026H1,quantile,cov95,97.98519736842105
G3_C3.1,de_lu,2026H1,ensemble,wis,1416.2633208091495
G3_C3.1,de_lu,2026H1,ensemble,lqs,708.1316604045749
G3_C3.1,de_lu,2026H1,ensemble,mae_median,2258.786994639323
G3_C3.1,de_lu,2026H1,ensemble,cov50,66.41310307017544
G3_C3.1,de_lu,2026H1,ensemble,cov95,97.98519736842105
G3_C3.1,de_lu,2026H1,ensemble,crps,1739.955741793364
G3_C3.1,de_lu,2026H1,ensemble,energy_score,19472.693734218454
G3_C3.1,lu,2024,point,rmse,28.612195226522783
G3_C3.1,lu,2024,point,r2,0.9152402458260015
G3_C3.1,lu,2024,point,mae,18.2516468823185
G3_C3.1,lu,2024,point,smape,3.30249152548003
G3_C3.1,lu,2024,quantile,wis,11.162017019581057
G3_C3.1,lu,2024,quantile,lqs,5.581008509790529
G3_C3.1,lu,2024,quantile,mae_median,17.877017304189437
G3_C3.1,lu,2024,quantile,cov50,55.78039617486339
G3_C3.1,lu,2024,quantile,cov95,96.23178506375227
G3_C3.1,lu,2024,ensemble,wis,11.162017019581057
G3_C3.1,lu,2024,ensemble,lqs,5.581008509790529
G3_C3.1,lu,2024,ensemble,mae_median,17.877017304189437
G3_C3.1,lu,2024,ensemble,cov50,55.78039617486339
G3_C3.1,lu,2024,ensemble,cov95,96.23178506375227
G3_C3.1,lu,2024,ensemble,crps,13.516344786981277
G3_C3.1,lu,2024,ensemble,energy_score,155.3110288881073
G3_C3.1,lu,2025,point,rmse,29.447792994987523
G3_C3.1,lu,2025,point,r2,0.9109293979662966
G3_C3.1,lu,2025,point,mae,19.723647231735157
G3_C3.1,lu,2025,point,smape,3.6042055100679606
G3_C3.1,lu,2025,quantile,wis,11.951129880136987
G3_C3.1,lu,2025,quantile,lqs,5.975564940068493
G3_C3.1,lu,2025,quantile,mae_median,19.33895750570776
G3_C3.1,lu,2025,quantile,cov50,55.05707762557077
G3_C3.1,lu,2025,quantile,cov95,96.74372146118722
G3_C3.1,lu,2025,ensemble,wis,11.951129880136987
G3_C3.1,lu,2025,ensemble,lqs,5.975564940068493
G3_C3.1,lu,2025,ensemble,mae_median,19.33895750570776
G3_C3.1,lu,2025,ensemble,cov50,55.05707762557077
G3_C3.1,lu,2025,ensemble,cov95,96.74372146118722
G3_C3.1,lu,2025,ensemble,crps,14.518044112268196
G3_C3.1,lu,2025,ensemble,energy_score,167.4411279099217
G3_C3.1,lu,2026H1,point,rmse,41.192786356413286
G3_C3.1,lu,2026H1,point,r2,0.8296323763126866
G3_C3.1,lu,2026H1,point,mae,27.139070474296094
G3_C3.1,lu,2026H1,point,smape,5.0467999805144
G3_C3.1,lu,2026H1,quantile,wis,16.245501674336108
G3_C3.1,lu,2026H1,quantile,lqs,8.122750837168056
G3_C3.1,lu,2026H1,quantile,mae_median,26.684233070929277
G3_C3.1,lu,2026H1,quantile,cov50,53.02220394736842
G3_C3.1,lu,2026H1,quantile,cov95,96.5391995614035
G3_C3.1,lu,2026H1,ensemble,wis,16.245501674336108
G3_C3.1,lu,2026H1,ensemble,lqs,8.122750837168056
G3_C3.1,lu,2026H1,ensemble,mae_median,26.684233070929277
G3_C3.1,lu,2026H1,ensemble,cov50,53.02220394736842
G3_C3.1,lu,2026H1,ensemble,cov95,96.5391995614035
G3_C3.1,lu,2026H1,ensemble,crps,19.716096072958546
G3_C3.1,lu,2026H1,ensemble,energy_score,226.14105101980797
G3_C3.1,tennet,2024,point,rmse,816.8917008276993
G3_C3.1,tennet,2024,point,r2,0.9149519934513688
G3_C3.1,tennet,2024,point,mae,542.7207703129066
G3_C3.1,tennet,2024,point,smape,3.464011450801572
G3_C3.1,tennet,2024,quantile,wis,328.1581491347905
G3_C3.1,tennet,2024,quantile,lqs,164.07907456739525
G3_C3.1,tennet,2024,quantile,mae_median,533.9046886384335
G3_C3.1,tennet,2024,quantile,cov50,54.42281420765027
G3_C3.1,tennet,2024,quantile,cov95,96.9603825136612
G3_C3.1,tennet,2024,ensemble,wis,328.1581491347905
G3_C3.1,tennet,2024,ensemble,lqs,164.07907456739525
G3_C3.1,tennet,2024,ensemble,mae_median,533.9046886384335
G3_C3.1,tennet,2024,ensemble,cov50,54.42281420765027
G3_C3.1,tennet,2024,ensemble,cov95,96.9603825136612
G3_C3.1,tennet,2024,ensemble,crps,397.96939174736383
G3_C3.1,tennet,2024,ensemble,energy_score,4604.868948467638
G3_C3.1,tennet,2025,point,rmse,834.0653479385949
G3_C3.1,tennet,2025,point,r2,0.9142796692675281
G3_C3.1,tennet,2025,point,mae,558.0675787331486
G3_C3.1,tennet,2025,point,smape,3.578553449640255
G3_C3.1,tennet,2025,quantile,wis,337.223580576484
G3_C3.1,tennet,2025,quantile,lqs,168.61179028824205
G3_C3.1,tennet,2025,quantile,mae_median,549.009191010274
G3_C3.1,tennet,2025,quantile,cov50,53.51598173515981
G3_C3.1,tennet,2025,quantile,cov95,96.49828767123287
G3_C3.1,tennet,2025,ensemble,wis,337.223580576484
G3_C3.1,tennet,2025,ensemble,lqs,168.61179028824205
G3_C3.1,tennet,2025,ensemble,mae_median,549.009191010274
G3_C3.1,tennet,2025,ensemble,cov50,53.51598173515981
G3_C3.1,tennet,2025,ensemble,cov95,96.49828767123287
G3_C3.1,tennet,2025,ensemble,crps,408.93129728635364
G3_C3.1,tennet,2025,ensemble,energy_score,4743.8317454963835
G3_C3.1,tennet,2026H1,point,rmse,1178.4081277542457
G3_C3.1,tennet,2026H1,point,r2,0.8510146668464305
G3_C3.1,tennet,2026H1,point,mae,795.9843219572368
G3_C3.1,tennet,2026H1,point,smape,5.2075191271708166
G3_C3.1,tennet,2026H1,quantile,wis,482.19759525767546
G3_C3.1,tennet,2026H1,quantile,lqs,241.0987976288377
G3_C3.1,tennet,2026H1,quantile,mae_median,790.3784490131579
G3_C3.1,tennet,2026H1,quantile,cov50,54.427083333333336
G3_C3.1,tennet,2026H1,quantile,cov95,95.13432017543859
G3_C3.1,tennet,2026H1,ensemble,wis,482.19759525767546
G3_C3.1,tennet,2026H1,ensemble,lqs,241.0987976288377
G3_C3.1,tennet,2026H1,ensemble,mae_median,790.3784490131579
G3_C3.1,tennet,2026H1,ensemble,cov50,54.427083333333336
G3_C3.1,tennet,2026H1,ensemble,cov95,95.13432017543859
G3_C3.1,tennet,2026H1,ensemble,crps,588.5788218465931
G3_C3.1,tennet,2026H1,ensemble,energy_score,6815.006338973522
G3_C3.1,transnetbw,2024,point,rmse,452.6250174280469
G3_C3.1,transnetbw,2024,point,r2,0.8908478384759075
G3_C3.1,transnetbw,2024,point,mae,285.74487577521904
G3_C3.1,transnetbw,2024,point,smape,4.507773639514454
G3_C3.1,transnetbw,2024,quantile,wis,173.0163484744991
G3_C3.1,transnetbw,2024,quantile,lqs,86.50817423724956
G3_C3.1,transnetbw,2024,quantile,mae_median,279.04161202185793
G3_C3.1,transnetbw,2024,quantile,cov50,54.48827413479053
G3_C3.1,transnetbw,2024,quantile,cov95,96.63877504553734
G3_C3.1,transnetbw,2024,ensemble,wis,173.0163484744991
G3_C3.1,transnetbw,2024,ensemble,lqs,86.50817423724956
G3_C3.1,transnetbw,2024,ensemble,mae_median,279.04161202185793
G3_C3.1,transnetbw,2024,ensemble,cov50,54.48827413479053
G3_C3.1,transnetbw,2024,ensemble,cov95,96.63877504553734
G3_C3.1,transnetbw,2024,ensemble,crps,208.87796335405744
G3_C3.1,transnetbw,2024,ensemble,energy_score,2424.8267454659276
G3_C3.1,transnetbw,2025,point,rmse,453.9373027127085
G3_C3.1,transnetbw,2025,point,r2,0.8914579511525764
G3_C3.1,transnetbw,2025,point,mae,287.2183543342303
G3_C3.1,transnetbw,2025,point,smape,4.529421264057943
G3_C3.1,transnetbw,2025,quantile,wis,174.85124845034247
G3_C3.1,transnetbw,2025,quantile,lqs,87.42562422517123
G3_C3.1,transnetbw,2025,quantile,mae_median,282.8670786444064
G3_C3.1,transnetbw,2025,quantile,cov50,55.60216894977169
G3_C3.1,transnetbw,2025,quantile,cov95,96.78367579908675
G3_C3.1,transnetbw,2025,ensemble,wis,174.85124845034247
G3_C3.1,transnetbw,2025,ensemble,lqs,87.42562422517123
G3_C3.1,transnetbw,2025,ensemble,mae_median,282.8670786444064
G3_C3.1,transnetbw,2025,ensemble,cov50,55.60216894977169
G3_C3.1,transnetbw,2025,ensemble,cov95,96.78367579908675
G3_C3.1,transnetbw,2025,ensemble,crps,211.30056018240896
G3_C3.1,transnetbw,2025,ensemble,energy_score,2476.760800382487
G3_C3.1,transnetbw,2026H1,point,rmse,562.8167527528207
G3_C3.1,transnetbw,2026H1,point,r2,0.8266188420181393
G3_C3.1,transnetbw,2026H1,point,mae,362.8104706427527
G3_C3.1,transnetbw,2026H1,point,smape,5.337396126060679
G3_C3.1,transnetbw,2026H1,quantile,wis,220.3144065241228
G3_C3.1,transnetbw,2026H1,quantile,lqs,110.15720326206142
G3_C3.1,transnetbw,2026H1,quantile,mae_median,360.35569120065793
G3_C3.1,transnetbw,2026H1,quantile,cov50,54.48876096491229
G3_C3.1,transnetbw,2026H1,quantile,cov95,96.23766447368422
G3_C3.1,transnetbw,2026H1,ensemble,wis,220.3144065241228
G3_C3.1,transnetbw,2026H1,ensemble,lqs,110.15720326206142
G3_C3.1,transnetbw,2026H1,ensemble,mae_median,360.35569120065793
G3_C3.1,transnetbw,2026H1,ensemble,cov50,54.48876096491229
G3_C3.1,transnetbw,2026H1,ensemble,cov95,96.23766447368422
G3_C3.1,transnetbw,2026H1,ensemble,crps,267.8950189132305
G3_C3.1,transnetbw,2026H1,ensemble,energy_score,3083.6771683496454
G3_C3.1,50hertz,overall,point,rmse,895.4101000808582
G3_C3.1,50hertz,overall,point,r2,0.7871484794782919
G3_C3.1,50hertz,overall,point,mae,696.3507551221036
G3_C3.1,50hertz,overall,point,smape,6.031078149581688
G3_C3.1,50hertz,overall,quantile,wis,408.9832344563987
G3_C3.1,50hertz,overall,quantile,lqs,204.49161722819935
G3_C3.1,50hertz,overall,quantile,mae_median,693.8662084277087
G3_C3.1,50hertz,overall,quantile,cov50,50.89066628916572
G3_C3.1,50hertz,overall,quantile,cov95,97.39524348810872
G3_C3.1,50hertz,overall,ensemble,wis,408.9832344563987
G3_C3.1,50hertz,overall,ensemble,lqs,204.49161722819935
G3_C3.1,50hertz,overall,ensemble,mae_median,693.8662084277087
G3_C3.1,50hertz,overall,ensemble,cov50,50.89066628916572
G3_C3.1,50hertz,overall,ensemble,cov95,97.39524348810872
G3_C3.1,50hertz,overall,ensemble,crps,501.6585768758523
G3_C3.1,50hertz,overall,ensemble,energy_score,5731.393336463775
G3_C3.1,amprion,overall,point,rmse,1135.554084845451
G3_C3.1,amprion,overall,point,r2,0.8838625302096614
G3_C3.1,amprion,overall,point,mae,782.062647992224
G3_C3.1,amprion,overall,point,smape,4.13749862466753
G3_C3.1,amprion,overall,quantile,wis,474.49842645905386
G3_C3.1,amprion,overall,quantile,lqs,237.24921322952696
G3_C3.1,amprion,overall,quantile,mae_median,771.7043222028832
G3_C3.1,amprion,overall,quantile,cov50,56.7513684409211
G3_C3.1,amprion,overall,quantile,cov95,96.81483578708946
G3_C3.1,amprion,overall,ensemble,wis,474.49842645905386
G3_C3.1,amprion,overall,ensemble,lqs,237.24921322952696
G3_C3.1,amprion,overall,ensemble,mae_median,771.7043222028832
G3_C3.1,amprion,overall,ensemble,cov50,56.7513684409211
G3_C3.1,amprion,overall,ensemble,cov95,96.81483578708946
G3_C3.1,amprion,overall,ensemble,crps,578.0976855982312
G3_C3.1,amprion,overall,ensemble,energy_score,6722.525881025817
G3_C3.1,de_lu,overall,point,rmse,2894.910390229556
G3_C3.1,de_lu,overall,point,r2,0.9047114984766048
G3_C3.1,de_lu,overall,point,mae,1923.9753502025426
G3_C3.1,de_lu,overall,point,smape,3.627689537059392
G3_C3.1,de_lu,overall,quantile,wis,1196.8324540369076
G3_C3.1,de_lu,overall,quantile,lqs,598.4162270184538
G3_C3.1,de_lu,overall,quantile,mae_median,1891.4586857065522
G3_C3.1,de_lu,overall,quantile,cov50,66.04143072857683
G3_C3.1,de_lu,overall,quantile,cov95,98.35433182332956
G3_C3.1,de_lu,overall,ensemble,wis,1196.8324540369076
G3_C3.1,de_lu,overall,ensemble,lqs,598.4162270184538
G3_C3.1,de_lu,overall,ensemble,mae_median,1891.4586857065522
G3_C3.1,de_lu,overall,ensemble,cov50,66.04143072857683
G3_C3.1,de_lu,overall,ensemble,cov95,98.35433182332956
G3_C3.1,de_lu,overall,ensemble,crps,1464.764443618369
G3_C3.1,de_lu,overall,ensemble,energy_score,16515.16889697918
G3_C3.1,lu,overall,point,rmse,31.462415863833336
G3_C3.1,lu,overall,point,r2,0.898569659094
G3_C3.1,lu,overall,point,mae,20.390003069767737
G3_C3.1,lu,overall,point,smape,3.727475092342792
G3_C3.1,lu,overall,quantile,wis,12.363280736031433
G3_C3.1,lu,overall,quantile,lqs,6.181640368015717
G3_C3.1,lu,overall,quantile,mae_median,19.99740798380285
G3_C3.1,lu,overall,quantile,cov50,55.00660626651567
G3_C3.1,lu,overall,quantile,cov95,96.49631936579841
G3_C3.1,lu,overall,ensemble,wis,12.363280736031433
G3_C3.1,lu,overall,ensemble,lqs,6.181640368015717
G3_C3.1,lu,overall,ensemble,mae_median,19.99740798380285
G3_C3.1,lu,overall,ensemble,cov50,55.00660626651567
G3_C3.1,lu,overall,ensemble,cov95,96.49631936579841
G3_C3.1,lu,overall,ensemble,crps,14.997638613932887
G3_C3.1,lu,overall,ensemble,energy_score,172.51787997189072
G3_C3.1,tennet,overall,point,rmse,896.2158308634275
G3_C3.1,tennet,overall,point,r2,0.9022490934177125
G3_C3.1,tennet,overall,point,mae,592.6614780403431
G3_C3.1,tennet,overall,point,smape,3.8114870978958466
G3_C3.1,tennet,overall,quantile,wis,358.42188445403923
G3_C3.1,tennet,overall,quantile,lqs,179.21094222701964
G3_C3.1,tennet,overall,quantile,mae_median,584.2978425939033
G3_C3.1,tennet,overall,quantile,cov50,54.048697621744054
G3_C3.1,tennet,overall,quantile,cov95,96.4550302000755
G3_C3.1,tennet,overall,ensemble,wis,358.42188445403923
G3_C3.1,tennet,overall,ensemble,lqs,179.21094222701964
G3_C3.1,tennet,overall,ensemble,mae_median,584.2978425939033
G3_C3.1,tennet,overall,ensemble,cov50,54.048697621744054
G3_C3.1,tennet,overall,ensemble,cov95,96.4550302000755
G3_C3.1,tennet,overall,ensemble,crps,435.3122330801092
G3_C3.1,tennet,overall,ensemble,energy_score,5042.765102796501
G3_C3.1,transnetbw,overall,point,rmse,473.9435949138054
G3_C3.1,transnetbw,overall,point,r2,0.8824544626633114
G3_C3.1,transnetbw,overall,point,mae,299.62006274453296
G3_C3.1,transnetbw,overall,point,smape,4.659533549948656
G3_C3.1,transnetbw,overall,quantile,wis,181.9167372793979
G3_C3.1,transnetbw,overall,quantile,lqs,90.95836863969893
G3_C3.1,transnetbw,overall,quantile,mae_median,294.62036100533214
G3_C3.1,transnetbw,overall,quantile,cov50,54.948801434503594
G3_C3.1,transnetbw,overall,quantile,cov95,96.62962438656096
G3_C3.1,transnetbw,overall,ensemble,wis,181.9167372793979
G3_C3.1,transnetbw,overall,ensemble,lqs,90.95836863969893
G3_C3.1,transnetbw,overall,ensemble,mae_median,294.62036100533214
G3_C3.1,transnetbw,overall,ensemble,cov50,54.948801434503594
G3_C3.1,transnetbw,overall,ensemble,cov95,96.62962438656096
G3_C3.1,transnetbw,overall,ensemble,crps,220.03859788105927
G3_C3.1,transnetbw,overall,ensemble,energy_score,2559.7091852426765
G3_C3.2,50hertz,2024,point,rmse,837.4322145403385
G3_C3.2,50hertz,2024,point,r2,0.7984160658571356
G3_C3.2,50hertz,2024,point,mae,646.6505139078628
G3_C3.2,50hertz,2024,point,smape,5.672213282316174
G3_C3.2,50hertz,2024,quantile,wis,379.64693721539163
G3_C3.2,50hertz,2024,quantile,lqs,189.82346860769584
G3_C3.2,50hertz,2024,quantile,mae_median,647.3611859631148
G3_C3.2,50hertz,2024,quantile,cov50,46.86361566484517
G3_C3.2,50hertz,2024,quantile,cov95,95.9870218579235
G3_C3.2,50hertz,2024,ensemble,wis,379.64693721539163
G3_C3.2,50hertz,2024,ensemble,lqs,189.82346860769584
G3_C3.2,50hertz,2024,ensemble,mae_median,647.3611859631148
G3_C3.2,50hertz,2024,ensemble,cov50,46.86361566484517
G3_C3.2,50hertz,2024,ensemble,cov95,95.9870218579235
G3_C3.2,50hertz,2024,ensemble,crps,464.93577933583117
G3_C3.2,50hertz,2024,ensemble,energy_score,5351.28486022009
G3_C3.2,50hertz,2025,point,rmse,923.1332453305797
G3_C3.2,50hertz,2025,point,r2,0.7597449418236428
G3_C3.2,50hertz,2025,point,mae,735.7726688111546
G3_C3.2,50hertz,2025,point,smape,6.4027526990889125
G3_C3.2,50hertz,2025,quantile,wis,426.23130488584474
G3_C3.2,50hertz,2025,quantile,lqs,213.11565244292237
G3_C3.2,50hertz,2025,quantile,mae_median,732.4108116438356
G3_C3.2,50hertz,2025,quantile,cov50,46.10730593607306
G3_C3.2,50hertz,2025,quantile,cov95,96.94063926940639
G3_C3.2,50hertz,2025,ensemble,wis,426.23130488584474
G3_C3.2,50hertz,2025,ensemble,lqs,213.11565244292237
G3_C3.2,50hertz,2025,ensemble,mae_median,732.4108116438356
G3_C3.2,50hertz,2025,ensemble,cov50,46.10730593607306
G3_C3.2,50hertz,2025,ensemble,cov95,96.94063926940639
G3_C3.2,50hertz,2025,ensemble,crps,522.2179567747647
G3_C3.2,50hertz,2025,ensemble,energy_score,5962.2373486846955
G3_C3.2,50hertz,2026H1,point,rmse,932.9684461009745
G3_C3.2,50hertz,2026H1,point,r2,0.8127222411881582
G3_C3.2,50hertz,2026H1,point,mae,696.4855226673454
G3_C3.2,50hertz,2026H1,point,smape,5.791282848293458
G3_C3.2,50hertz,2026H1,quantile,wis,417.1327094572369
G3_C3.2,50hertz,2026H1,quantile,lqs,208.56635472861845
G3_C3.2,50hertz,2026H1,quantile,mae_median,692.7958623903509
G3_C3.2,50hertz,2026H1,quantile,cov50,54.06387061403509
G3_C3.2,50hertz,2026H1,quantile,cov95,95.56606359649122
G3_C3.2,50hertz,2026H1,ensemble,wis,417.1327094572369
G3_C3.2,50hertz,2026H1,ensemble,lqs,208.56635472861845
G3_C3.2,50hertz,2026H1,ensemble,mae_median,692.7958623903509
G3_C3.2,50hertz,2026H1,ensemble,cov50,54.06387061403509
G3_C3.2,50hertz,2026H1,ensemble,cov95,95.56606359649122
G3_C3.2,50hertz,2026H1,ensemble,crps,511.73108670672224
G3_C3.2,50hertz,2026H1,ensemble,energy_score,5803.160831607797
G3_C3.2,amprion,2024,point,rmse,1169.3203769524546
G3_C3.2,amprion,2024,point,r2,0.8747192152960553
G3_C3.2,amprion,2024,point,mae,781.3379614869297
G3_C3.2,amprion,2024,point,smape,4.237184512450947
G3_C3.2,amprion,2024,quantile,wis,477.97365502907564
G3_C3.2,amprion,2024,quantile,lqs,238.9868275145378
G3_C3.2,amprion,2024,quantile,mae_median,771.6818713894581
G3_C3.2,amprion,2024,quantile,cov50,52.36224954462659
G3_C3.2,amprion,2024,quantile,cov95,95.62841530054644
G3_C3.2,amprion,2024,ensemble,wis,477.97365502907564
G3_C3.2,amprion,2024,ensemble,lqs,238.9868275145378
G3_C3.2,amprion,2024,ensemble,mae_median,771.6818713894581
G3_C3.2,amprion,2024,ensemble,cov50,52.36224954462659
G3_C3.2,amprion,2024,ensemble,cov95,95.62841530054644
G3_C3.2,amprion,2024,ensemble,crps,577.7286864527483
G3_C3.2,amprion,2024,ensemble,energy_score,6714.376622004676
G3_C3.2,amprion,2025,point,rmse,1016.7058274160312
G3_C3.2,amprion,2025,point,r2,0.9020220121801653
G3_C3.2,amprion,2025,point,mae,717.9598324229452
G3_C3.2,amprion,2025,point,smape,3.75615084447586
G3_C3.2,amprion,2025,quantile,wis,427.922506375
G3_C3.2,amprion,2025,quantile,lqs,213.9612531875
G3_C3.2,amprion,2025,quantile,mae_median,709.4945401038813
G3_C3.2,amprion,2025,quantile,cov50,52.88812785388129
G3_C3.2,amprion,2025,quantile,cov95,96.8607305936073
G3_C3.2,amprion,2025,ensemble,wis,427.922506375
G3_C3.2,amprion,2025,ensemble,lqs,213.9612531875
G3_C3.2,amprion,2025,ensemble,mae_median,709.4945401038813
G3_C3.2,amprion,2025,ensemble,cov50,52.88812785388129
G3_C3.2,amprion,2025,ensemble,cov95,96.8607305936073
G3_C3.2,amprion,2025,ensemble,crps,521.7773006210098
G3_C3.2,amprion,2025,ensemble,energy_score,6162.467647879775
G3_C3.2,amprion,2026H1,point,rmse,1297.7666504116035
G3_C3.2,amprion,2026H1,point,r2,0.856560018462476
G3_C3.2,amprion,2026H1,point,mae,896.8098496612952
G3_C3.2,amprion,2026H1,point,smape,4.543280468223652
G3_C3.2,amprion,2026H1,quantile,wis,548.3721552249178
G3_C3.2,amprion,2026H1,quantile,lqs,274.18607761245886
G3_C3.2,amprion,2026H1,quantile,mae_median,903.2195658641722
G3_C3.2,amprion,2026H1,quantile,cov50,53.89939692982456
G3_C3.2,amprion,2026H1,quantile,cov95,95.76480263157895
G3_C3.2,amprion,2026H1,ensemble,wis,548.3721552249178
G3_C3.2,amprion,2026H1,ensemble,lqs,274.18607761245886
G3_C3.2,amprion,2026H1,ensemble,mae_median,903.2195658641722
G3_C3.2,amprion,2026H1,ensemble,cov50,53.89939692982456
G3_C3.2,amprion,2026H1,ensemble,cov95,95.76480263157895
G3_C3.2,amprion,2026H1,ensemble,crps,668.3258926481274
G3_C3.2,amprion,2026H1,ensemble,energy_score,7708.2315460683285
G3_C3.2,de_lu,2024,point,rmse,2843.9498073141604
G3_C3.2,de_lu,2024,point,r2,0.9050847478017108
G3_C3.2,de_lu,2024,point,mae,1842.8691654481038
G3_C3.2,de_lu,2024,point,smape,3.504596580197631
G3_C3.2,de_lu,2024,quantile,wis,1138.885041847063
G3_C3.2,de_lu,2024,quantile,lqs,569.4425209235314
G3_C3.2,de_lu,2024,quantile,mae_median,1819.308396566371
G3_C3.2,de_lu,2024,quantile,cov50,61.802709471766846
G3_C3.2,de_lu,2024,quantile,cov95,98.0561247723133
G3_C3.2,de_lu,2024,ensemble,wis,1138.885041847063
G3_C3.2,de_lu,2024,ensemble,lqs,569.4425209235314
G3_C3.2,de_lu,2024,ensemble,mae_median,1819.308396566371
G3_C3.2,de_lu,2024,ensemble,cov50,61.802709471766846
G3_C3.2,de_lu,2024,ensemble,cov95,98.0561247723133
G3_C3.2,de_lu,2024,ensemble,crps,1385.3384009376114
G3_C3.2,de_lu,2024,ensemble,energy_score,15639.964254274842
G3_C3.2,de_lu,2025,point,rmse,2686.049271696139
G3_C3.2,de_lu,2025,point,r2,0.91575864184995
G3_C3.2,de_lu,2025,point,mae,1825.8192572567948
G3_C3.2,de_lu,2025,point,smape,3.4377534967593557
G3_C3.2,de_lu,2025,quantile,wis,1118.364517741838
G3_C3.2,de_lu,2025,quantile,lqs,559.182258870919
G3_C3.2,de_lu,2025,quantile,mae_median,1793.5629029280822
G3_C3.2,de_lu,2025,quantile,cov50,63.022260273972606
G3_C3.2,de_lu,2025,quantile,cov95,98.37043378995433
G3_C3.2,de_lu,2025,ensemble,wis,1118.364517741838
G3_C3.2,de_lu,2025,ensemble,lqs,559.182258870919
G3_C3.2,de_lu,2025,ensemble,mae_median,1793.5629029280822
G3_C3.2,de_lu,2025,ensemble,cov50,63.022260273972606
G3_C3.2,de_lu,2025,ensemble,cov95,98.37043378995433
G3_C3.2,de_lu,2025,ensemble,crps,1366.601723118606
G3_C3.2,de_lu,2025,ensemble,energy_score,15520.932703617864
G3_C3.2,de_lu,2026H1,point,rmse,3455.534156651795
G3_C3.2,de_lu,2026H1,point,r2,0.8750617905873977
G3_C3.2,de_lu,2026H1,point,mae,2270.0336519749017
G3_C3.2,de_lu,2026H1,point,smape,4.186830280278095
G3_C3.2,de_lu,2026H1,quantile,wis,1414.7470075862357
G3_C3.2,de_lu,2026H1,quantile,lqs,707.3735037931178
G3_C3.2,de_lu,2026H1,quantile,mae_median,2262.470363092722
G3_C3.2,de_lu,2026H1,quantile,cov50,63.75411184210527
G3_C3.2,de_lu,2026H1,quantile,cov95,97.4232456140351
G3_C3.2,de_lu,2026H1,ensemble,wis,1414.7470075862357
G3_C3.2,de_lu,2026H1,ensemble,lqs,707.3735037931178
G3_C3.2,de_lu,2026H1,ensemble,mae_median,2262.470363092722
G3_C3.2,de_lu,2026H1,ensemble,cov50,63.75411184210527
G3_C3.2,de_lu,2026H1,ensemble,cov95,97.4232456140351
G3_C3.2,de_lu,2026H1,ensemble,crps,1732.1947640216902
G3_C3.2,de_lu,2026H1,ensemble,energy_score,19452.83995427619
G3_C3.2,lu,2024,point,rmse,29.56014833035154
G3_C3.2,lu,2024,point,r2,0.9095308422543882
G3_C3.2,lu,2024,point,mae,18.78906737086911
G3_C3.2,lu,2024,point,smape,3.396820041469902
G3_C3.2,lu,2024,quantile,wis,11.391084460382512
G3_C3.2,lu,2024,quantile,lqs,5.695542230191256
G3_C3.2,lu,2024,quantile,mae_median,18.328677994080145
G3_C3.2,lu,2024,quantile,cov50,51.146971766848814
G3_C3.2,lu,2024,quantile,cov95,95.46618852459017
G3_C3.2,lu,2024,ensemble,wis,11.391084460382512
G3_C3.2,lu,2024,ensemble,lqs,5.695542230191256
G3_C3.2,lu,2024,ensemble,mae_median,18.328677994080145
G3_C3.2,lu,2024,ensemble,cov50,51.146971766848814
G3_C3.2,lu,2024,ensemble,cov95,95.46618852459017
G3_C3.2,lu,2024,ensemble,crps,13.747907289304612
G3_C3.2,lu,2024,ensemble,energy_score,157.86862144262236
G3_C3.2,lu,2025,point,rmse,29.48099136191155
G3_C3.2,lu,2025,point,r2,0.9107284548711678
G3_C3.2,lu,2025,point,mae,19.691470198684495
G3_C3.2,lu,2025,point,smape,3.597611036992582
G3_C3.2,lu,2025,quantile,wis,11.859761242865295
G3_C3.2,lu,2025,quantile,lqs,5.929880621432649
G3_C3.2,lu,2025,quantile,mae_median,19.282885987442924
G3_C3.2,lu,2025,quantile,cov50,51.40125570776256
G3_C3.2,lu,2025,quantile,cov95,96.12157534246575
G3_C3.2,lu,2025,ensemble,wis,11.859761242865295
G3_C3.2,lu,2025,ensemble,lqs,5.929880621432649
G3_C3.2,lu,2025,ensemble,mae_median,19.282885987442924
G3_C3.2,lu,2025,ensemble,cov50,51.40125570776256
G3_C3.2,lu,2025,ensemble,cov95,96.12157534246575
G3_C3.2,lu,2025,ensemble,crps,14.37740822118421
G3_C3.2,lu,2025,ensemble,energy_score,166.30730035001028
G3_C3.2,lu,2026H1,point,rmse,42.286614122920355
G3_C3.2,lu,2026H1,point,r2,0.820464410354321
G3_C3.2,lu,2026H1,point,mae,26.568408799697817
G3_C3.2,lu,2026H1,point,smape,4.96752366699766
G3_C3.2,lu,2026H1,quantile,wis,16.09418012474986
G3_C3.2,lu,2026H1,quantile,lqs,8.04709006237493
G3_C3.2,lu,2026H1,quantile,mae_median,26.431227588747262
G3_C3.2,lu,2026H1,quantile,cov50,51.37746710526315
G3_C3.2,lu,2026H1,quantile,cov95,96.17598684210526
G3_C3.2,lu,2026H1,ensemble,wis,16.09418012474986
G3_C3.2,lu,2026H1,ensemble,lqs,8.04709006237493
G3_C3.2,lu,2026H1,ensemble,mae_median,26.431227588747262
G3_C3.2,lu,2026H1,ensemble,cov50,51.37746710526315
G3_C3.2,lu,2026H1,ensemble,cov95,96.17598684210526
G3_C3.2,lu,2026H1,ensemble,crps,19.57783792856319
G3_C3.2,lu,2026H1,ensemble,energy_score,225.85720760554298
G3_C3.2,tennet,2024,point,rmse,830.796186765223
G3_C3.2,tennet,2024,point,r2,0.9120321130896786
G3_C3.2,tennet,2024,point,mae,547.364821699627
G3_C3.2,tennet,2024,point,smape,3.489284051937538
G3_C3.2,tennet,2024,quantile,wis,328.28595150273225
G3_C3.2,tennet,2024,quantile,lqs,164.14297575136612
G3_C3.2,tennet,2024,quantile,mae_median,540.135653460838
G3_C3.2,tennet,2024,quantile,cov50,49.68408469945355
G3_C3.2,tennet,2024,quantile,cov95,96.48508652094718
G3_C3.2,tennet,2024,ensemble,wis,328.28595150273225
G3_C3.2,tennet,2024,ensemble,lqs,164.14297575136612
G3_C3.2,tennet,2024,ensemble,mae_median,540.135653460838
G3_C3.2,tennet,2024,ensemble,cov50,49.68408469945355
G3_C3.2,tennet,2024,ensemble,cov95,96.48508652094718
G3_C3.2,tennet,2024,ensemble,crps,396.36857555636095
G3_C3.2,tennet,2024,ensemble,energy_score,4572.428018290786
G3_C3.2,tennet,2025,point,rmse,819.0559930656043
G3_C3.2,tennet,2025,point,r2,0.9173370564436235
G3_C3.2,tennet,2025,point,mae,547.672024990487
G3_C3.2,tennet,2025,point,smape,3.497970387031197
G3_C3.2,tennet,2025,quantile,wis,329.63641822488586
G3_C3.2,tennet,2025,quantile,lqs,164.81820911244293
G3_C3.2,tennet,2025,quantile,mae_median,539.1784590468036
G3_C3.2,tennet,2025,quantile,cov50,51.09018264840183
G3_C3.2,tennet,2025,quantile,cov95,95.8904109589041
G3_C3.2,tennet,2025,ensemble,wis,329.63641822488586
G3_C3.2,tennet,2025,ensemble,lqs,164.81820911244293
G3_C3.2,tennet,2025,ensemble,mae_median,539.1784590468036
G3_C3.2,tennet,2025,ensemble,cov50,51.09018264840183
G3_C3.2,tennet,2025,ensemble,cov95,95.8904109589041
G3_C3.2,tennet,2025,ensemble,crps,399.2966057132633
G3_C3.2,tennet,2025,ensemble,energy_score,4620.603525082575
G3_C3.2,tennet,2026H1,point,rmse,1163.898330645395
G3_C3.2,tennet,2026H1,point,r2,0.8546610064421457
G3_C3.2,tennet,2026H1,point,mae,796.4822167267125
G3_C3.2,tennet,2026H1,point,smape,5.211028584550738
G3_C3.2,tennet,2026H1,quantile,wis,478.8138733826754
G3_C3.2,tennet,2026H1,quantile,lqs,239.4069366913377
G3_C3.2,tennet,2026H1,quantile,mae_median,790.648986430921
G3_C3.2,tennet,2026H1,quantile,cov50,50.96628289473685
G3_C3.2,tennet,2026H1,quantile,cov95,94.77110745614034
G3_C3.2,tennet,2026H1,ensemble,wis,478.8138733826754
G3_C3.2,tennet,2026H1,ensemble,lqs,239.4069366913377
G3_C3.2,tennet,2026H1,ensemble,mae_median,790.648986430921
G3_C3.2,tennet,2026H1,ensemble,cov50,50.96628289473685
G3_C3.2,tennet,2026H1,ensemble,cov95,94.77110745614034
G3_C3.2,tennet,2026H1,ensemble,crps,582.222333329293
G3_C3.2,tennet,2026H1,ensemble,energy_score,6759.2711704523645
G3_C3.2,transnetbw,2024,point,rmse,458.5118806145924
G3_C3.2,transnetbw,2024,point,r2,0.8879900978520741
G3_C3.2,transnetbw,2024,point,mae,283.8275398180675
G3_C3.2,transnetbw,2024,point,smape,4.466028340887519
G3_C3.2,transnetbw,2024,quantile,wis,171.1352650842441
G3_C3.2,transnetbw,2024,quantile,lqs,85.56763254212204
G3_C3.2,transnetbw,2024,quantile,mae_median,278.080241917122
G3_C3.2,transnetbw,2024,quantile,cov50,50.93636156648452
G3_C3.2,transnetbw,2024,quantile,cov95,96.23463114754098
G3_C3.2,transnetbw,2024,ensemble,wis,171.1352650842441
G3_C3.2,transnetbw,2024,ensemble,lqs,85.56763254212204
G3_C3.2,transnetbw,2024,ensemble,mae_median,278.080241917122
G3_C3.2,transnetbw,2024,ensemble,cov50,50.93636156648452
G3_C3.2,transnetbw,2024,ensemble,cov95,96.23463114754098
G3_C3.2,transnetbw,2024,ensemble,crps,206.1969597126191
G3_C3.2,transnetbw,2024,ensemble,energy_score,2395.625054488239
G3_C3.2,transnetbw,2025,point,rmse,445.61517902025133
G3_C3.2,transnetbw,2025,point,r2,0.8954013158314132
G3_C3.2,transnetbw,2025,point,mae,279.59608923502395
G3_C3.2,transnetbw,2025,point,smape,4.398728408992449
G3_C3.2,transnetbw,2025,quantile,wis,170.52422128253423
G3_C3.2,transnetbw,2025,quantile,lqs,85.26211064126713
G3_C3.2,transnetbw,2025,quantile,mae_median,276.4820191809361
G3_C3.2,transnetbw,2025,quantile,cov50,52.17465753424657
G3_C3.2,transnetbw,2025,quantile,cov95,96.00171232876711
G3_C3.2,transnetbw,2025,ensemble,wis,170.52422128253423
G3_C3.2,transnetbw,2025,ensemble,lqs,85.26211064126713
G3_C3.2,transnetbw,2025,ensemble,mae_median,276.4820191809361
G3_C3.2,transnetbw,2025,ensemble,cov50,52.17465753424657
G3_C3.2,transnetbw,2025,ensemble,cov95,96.00171232876711
G3_C3.2,transnetbw,2025,ensemble,crps,205.91864857039963
G3_C3.2,transnetbw,2025,ensemble,energy_score,2416.5680517348396
G3_C3.2,transnetbw,2026H1,point,rmse,576.2158866686785
G3_C3.2,transnetbw,2026H1,point,r2,0.8182651056829988
G3_C3.2,transnetbw,2026H1,point,mae,365.39468874007935
G3_C3.2,transnetbw,2026H1,point,smape,5.3842029472185
G3_C3.2,transnetbw,2026H1,quantile,wis,222.07345046600878
G3_C3.2,transnetbw,2026H1,quantile,lqs,111.03672523300438
G3_C3.2,transnetbw,2026H1,quantile,mae_median,365.6281902412281
G3_C3.2,transnetbw,2026H1,quantile,cov50,53.40597587719298
G3_C3.2,transnetbw,2026H1,quantile,cov95,95.31935307017544
G3_C3.2,transnetbw,2026H1,ensemble,wis,222.07345046600878
G3_C3.2,transnetbw,2026H1,ensemble,lqs,111.03672523300438
G3_C3.2,transnetbw,2026H1,ensemble,mae_median,365.6281902412281
G3_C3.2,transnetbw,2026H1,ensemble,cov50,53.40597587719298
G3_C3.2,transnetbw,2026H1,ensemble,cov95,95.31935307017544
G3_C3.2,transnetbw,2026H1,ensemble,crps,269.5132293158491
G3_C3.2,transnetbw,2026H1,ensemble,energy_score,3115.7148332714255
G3_C3.2,50hertz,overall,point,rmse,890.3804413017567
G3_C3.2,50hertz,overall,point,r2,0.7895330041505008
G3_C3.2,50hertz,overall,point,mae,692.0689826181039
G3_C3.2,50hertz,overall,point,smape,5.9946883232568275
G3_C3.2,50hertz,overall,quantile,wis,405.35603300302
G3_C3.2,50hertz,overall,quantile,lqs,202.67801650151
G3_C3.2,50hertz,overall,quantile,mae_median,690.3387445026426
G3_C3.2,50hertz,overall,quantile,cov50,47.79043978859947
G3_C3.2,50hertz,overall,quantile,cov95,96.30874858437146
G3_C3.2,50hertz,overall,ensemble,wis,405.35603300302
G3_C3.2,50hertz,overall,ensemble,lqs,202.67801650151
G3_C3.2,50hertz,overall,ensemble,mae_median,690.3387445026426
G3_C3.2,50hertz,overall,ensemble,cov50,47.79043978859947
G3_C3.2,50hertz,overall,ensemble,cov95,96.30874858437146
G3_C3.2,50hertz,overall,ensemble,crps,496.6695069525765
G3_C3.2,50hertz,overall,ensemble,energy_score,5681.616463776729
G3_C3.2,amprion,overall,point,rmse,1133.1166347923192
G3_C3.2,amprion,overall,point,r2,0.8843605698414823
G3_C3.2,amprion,overall,point,mae,775.0171346399866
G3_C3.2,amprion,overall,point,smape,4.0910342253235905
G3_C3.2,amprion,overall,quantile,wis,469.40276349003875
G3_C3.2,amprion,overall,quantile,lqs,234.70138174501932
G3_C3.2,amprion,overall,quantile,mae_median,768.618851730252
G3_C3.2,amprion,overall,quantile,cov50,52.84423367308418
G3_C3.2,amprion,overall,quantile,cov95,96.1612872782182
G3_C3.2,amprion,overall,ensemble,wis,469.40276349003875
G3_C3.2,amprion,overall,ensemble,lqs,234.70138174501932
G3_C3.2,amprion,overall,ensemble,mae_median,768.618851730252
G3_C3.2,amprion,overall,ensemble,cov50,52.84423367308418
G3_C3.2,amprion,overall,ensemble,cov95,96.1612872782182
G3_C3.2,amprion,overall,ensemble,crps,570.1958659692975
G3_C3.2,amprion,overall,ensemble,energy_score,6657.320192675216
G3_C3.2,de_lu,overall,point,rmse,2896.6023592561155
G3_C3.2,de_lu,overall,point,r2,0.9046000806525385
G3_C3.2,de_lu,overall,point,mae,1909.3536336952677
G3_C3.2,de_lu,overall,point,smape,3.5944060897755015
G3_C3.2,de_lu,overall,quantile,wis,1177.889602995361
G3_C3.2,de_lu,overall,quantile,lqs,588.9448014976805
G3_C3.2,de_lu,overall,quantile,mae_median,1884.9522399797684
G3_C3.2,de_lu,overall,quantile,cov50,62.64274254435635
G3_C3.2,de_lu,overall,quantile,cov95,98.07710456776142
G3_C3.2,de_lu,overall,ensemble,wis,1177.889602995361
G3_C3.2,de_lu,overall,ensemble,lqs,588.9448014976805
G3_C3.2,de_lu,overall,ensemble,mae_median,1884.9522399797684
G3_C3.2,de_lu,overall,ensemble,cov50,62.64274254435635
G3_C3.2,de_lu,overall,ensemble,cov95,98.07710456776142
G3_C3.2,de_lu,overall,ensemble,crps,1437.301345201307
G3_C3.2,de_lu,overall,ensemble,energy_score,16247.111015781531
G3_C3.2,lu,overall,point,rmse,32.082207429020535
G3_C3.2,lu,overall,point,r2,0.8945340580861822
G3_C3.2,lu,overall,point,mae,20.501226973739527
G3_C3.2,lu,overall,point,smape,3.7502013149081783
G3_C3.2,lu,overall,quantile,wis,12.394411262862755
G3_C3.2,lu,overall,quantile,lqs,6.197205631431379
G3_C3.2,lu,overall,quantile,mae_median,20.11788915599047
G3_C3.2,lu,overall,quantile,cov50,51.2917610419026
G3_C3.2,lu,overall,quantile,cov95,95.8592865232163
G3_C3.2,lu,overall,ensemble,wis,12.394411262862755
G3_C3.2,lu,overall,ensemble,lqs,6.197205631431379
G3_C3.2,lu,overall,ensemble,mae_median,20.11788915599047
G3_C3.2,lu,overall,ensemble,cov50,51.2917610419026
G3_C3.2,lu,overall,ensemble,cov95,95.8592865232163
G3_C3.2,lu,overall,ensemble,crps,15.011686787949412
G3_C3.2,lu,overall,ensemble,energy_score,173.06044805412915
G3_C3.2,tennet,overall,point,rmse,892.5200831236436
G3_C3.2,tennet,overall,point,r2,0.9030536268919669
G3_C3.2,tennet,overall,point,mae,590.3749839253132
G3_C3.2,tennet,overall,point,smape,3.789256510902874
G3_C3.2,tennet,overall,quantile,wis,354.75612645101927
G3_C3.2,tennet,overall,quantile,lqs,177.37806322550964
G3_C3.2,tennet,overall,quantile,mae_median,582.863457141846
G3_C3.2,tennet,overall,quantile,cov50,50.486032465081166
G3_C3.2,tennet,overall,quantile,cov95,95.9442242355606
G3_C3.2,tennet,overall,ensemble,wis,354.75612645101927
G3_C3.2,tennet,overall,ensemble,lqs,177.37806322550964
G3_C3.2,tennet,overall,ensemble,mae_median,582.863457141846
G3_C3.2,tennet,overall,ensemble,cov50,50.486032465081166
G3_C3.2,tennet,overall,ensemble,cov95,95.9442242355606
G3_C3.2,tennet,overall,ensemble,crps,429.5718622933429
G3_C3.2,tennet,overall,ensemble,energy_score,4968.786137325398
G3_C3.2,transnetbw,overall,point,rmse,475.7924743997043
G3_C3.2,transnetbw,overall,point,r2,0.8815355708872367
G3_C3.2,transnetbw,overall,point,mae,296.11941657156115
G3_C3.2,transnetbw,overall,point,smape,4.596263975112444
G3_C3.2,transnetbw,overall,quantile,wis,179.6512030122216
G3_C3.2,transnetbw,overall,quantile,lqs,89.8256015061108
G3_C3.2,transnetbw,overall,quantile,mae_median,292.49013642058327
G3_C3.2,transnetbw,overall,quantile,cov50,51.87334843337108
G3_C3.2,transnetbw,overall,quantile,cov95,95.9807946394866
G3_C3.2,transnetbw,overall,ensemble,wis,179.6512030122216
G3_C3.2,transnetbw,overall,ensemble,lqs,89.8256015061108
G3_C3.2,transnetbw,overall,ensemble,mae_median,292.49013642058327
G3_C3.2,transnetbw,overall,ensemble,cov50,51.87334843337108
G3_C3.2,transnetbw,overall,ensemble,cov95,95.9807946394866
G3_C3.2,transnetbw,overall,ensemble,crps,216.98120593320897
G3_C3.2,transnetbw,overall,ensemble,energy_score,2528.2386902414146
G3_C3.3,50hertz,2024,point,rmse,843.036809392725
G3_C3.3,50hertz,2024,point,r2,0.795708797389217
G3_C3.3,50hertz,2024,point,mae,649.8821842066744
G3_C3.3,50hertz,2024,point,smape,5.69235060437594
G3_C3.3,50hertz,2024,quantile,wis,384.62160240209477
G3_C3.3,50hertz,2024,quantile,lqs,192.31080120104738
G3_C3.3,50hertz,2024,quantile,mae_median,648.9345830487249
G3_C3.3,50hertz,2024,quantile,cov50,54.169512750455375
G3_C3.3,50hertz,2024,quantile,cov95,97.56375227686704
G3_C3.3,50hertz,2024,ensemble,wis,384.62160240209477
G3_C3.3,50hertz,2024,ensemble,lqs,192.31080120104738
G3_C3.3,50hertz,2024,ensemble,mae_median,648.9345830487249
G3_C3.3,50hertz,2024,ensemble,cov50,54.169512750455375
G3_C3.3,50hertz,2024,ensemble,cov95,97.56375227686704
G3_C3.3,50hertz,2024,ensemble,crps,473.5917987733572
G3_C3.3,50hertz,2024,ensemble,energy_score,5435.591308543709
G3_C3.3,50hertz,2025,point,rmse,913.0493939341313
G3_C3.3,50hertz,2025,point,r2,0.764965128936329
G3_C3.3,50hertz,2025,point,mae,723.7539998233312
G3_C3.3,50hertz,2025,point,smape,6.293305824243643
G3_C3.3,50hertz,2025,quantile,wis,422.3638029680365
G3_C3.3,50hertz,2025,quantile,lqs,211.18190148401828
G3_C3.3,50hertz,2025,quantile,mae_median,723.1667911529681
G3_C3.3,50hertz,2025,quantile,cov50,52.49714611872146
G3_C3.3,50hertz,2025,quantile,cov95,98.15068493150685
G3_C3.3,50hertz,2025,ensemble,wis,422.3638029680365
G3_C3.3,50hertz,2025,ensemble,lqs,211.18190148401828
G3_C3.3,50hertz,2025,ensemble,mae_median,723.1667911529681
G3_C3.3,50hertz,2025,ensemble,cov50,52.49714611872146
G3_C3.3,50hertz,2025,ensemble,cov95,98.15068493150685
G3_C3.3,50hertz,2025,ensemble,crps,519.0880959076247
G3_C3.3,50hertz,2025,ensemble,energy_score,5937.37792504159
G3_C3.3,50hertz,2026H1,point,rmse,918.5387212801745
G3_C3.3,50hertz,2026H1,point,r2,0.8184704923874968
G3_C3.3,50hertz,2026H1,point,mae,690.99425585448
G3_C3.3,50hertz,2026H1,point,smape,5.77640727073781
G3_C3.3,50hertz,2026H1,quantile,wis,411.1970751918859
G3_C3.3,50hertz,2026H1,quantile,lqs,205.598537595943
G3_C3.3,50hertz,2026H1,quantile,mae_median,687.7830600328948
G3_C3.3,50hertz,2026H1,quantile,cov50,57.586348684210535
G3_C3.3,50hertz,2026H1,quantile,cov95,96.95038377192982
G3_C3.3,50hertz,2026H1,ensemble,wis,411.1970751918859
G3_C3.3,50hertz,2026H1,ensemble,lqs,205.598537595943
G3_C3.3,50hertz,2026H1,ensemble,mae_median,687.7830600328948
G3_C3.3,50hertz,2026H1,ensemble,cov50,57.586348684210535
G3_C3.3,50hertz,2026H1,ensemble,cov95,96.95038377192982
G3_C3.3,50hertz,2026H1,ensemble,crps,505.9106539041055
G3_C3.3,50hertz,2026H1,ensemble,energy_score,5739.075188329649
G3_C3.3,amprion,2024,point,rmse,1167.1825406861853
G3_C3.3,amprion,2024,point,r2,0.875176891357039
G3_C3.3,amprion,2024,point,mae,793.636705183933
G3_C3.3,amprion,2024,point,smape,4.30045479383532
G3_C3.3,amprion,2024,quantile,wis,486.97463259770035
G3_C3.3,amprion,2024,quantile,lqs,243.4873162988502
G3_C3.3,amprion,2024,quantile,mae_median,776.7005403767075
G3_C3.3,amprion,2024,quantile,cov50,60.66712204007286
G3_C3.3,amprion,2024,quantile,cov95,97.0030737704918
G3_C3.3,amprion,2024,ensemble,wis,486.97463259770035
G3_C3.3,amprion,2024,ensemble,lqs,243.4873162988502
G3_C3.3,amprion,2024,ensemble,mae_median,776.7005403767075
G3_C3.3,amprion,2024,ensemble,cov50,60.66712204007286
G3_C3.3,amprion,2024,ensemble,cov95,97.0030737704918
G3_C3.3,amprion,2024,ensemble,crps,593.1362738679353
G3_C3.3,amprion,2024,ensemble,energy_score,6851.017128640516
G3_C3.3,amprion,2025,point,rmse,1032.606007605735
G3_C3.3,amprion,2025,point,r2,0.8989335094849183
G3_C3.3,amprion,2025,point,mae,734.5137816176615
G3_C3.3,amprion,2025,point,smape,3.8542374215421997
G3_C3.3,amprion,2025,quantile,wis,440.28883040502285
G3_C3.3,amprion,2025,quantile,lqs,220.14441520251142
G3_C3.3,amprion,2025,quantile,mae_median,724.1683075605022
G3_C3.3,amprion,2025,quantile,cov50,60.41381278538813
G3_C3.3,amprion,2025,quantile,cov95,97.98230593607306
G3_C3.3,amprion,2025,ensemble,wis,440.28883040502285
G3_C3.3,amprion,2025,ensemble,lqs,220.14441520251142
G3_C3.3,amprion,2025,ensemble,mae_median,724.1683075605022
G3_C3.3,amprion,2025,ensemble,cov50,60.41381278538813
G3_C3.3,amprion,2025,ensemble,cov95,97.98230593607306
G3_C3.3,amprion,2025,ensemble,crps,541.1445512717698
G3_C3.3,amprion,2025,ensemble,energy_score,6341.7456709217495
G3_C3.3,amprion,2026H1,point,rmse,1288.3595685510945
G3_C3.3,amprion,2026H1,point,r2,0.8586319797749808
G3_C3.3,amprion,2026H1,point,mae,896.5739317975602
G3_C3.3,amprion,2026H1,point,smape,4.549565141932502
G3_C3.3,amprion,2026H1,quantile,wis,548.9162898477248
G3_C3.3,amprion,2026H1,quantile,lqs,274.4581449238624
G3_C3.3,amprion,2026H1,quantile,mae_median,895.1785704091283
G3_C3.3,amprion,2026H1,quantile,cov50,59.991776315789465
G3_C3.3,amprion,2026H1,quantile,cov95,96.23766447368422
G3_C3.3,amprion,2026H1,ensemble,wis,548.9162898477248
G3_C3.3,amprion,2026H1,ensemble,lqs,274.4581449238624
G3_C3.3,amprion,2026H1,ensemble,mae_median,895.1785704091283
G3_C3.3,amprion,2026H1,ensemble,cov50,59.991776315789465
G3_C3.3,amprion,2026H1,ensemble,cov95,96.23766447368422
G3_C3.3,amprion,2026H1,ensemble,crps,673.8757001875395
G3_C3.3,amprion,2026H1,ensemble,energy_score,7740.3207382345545
G3_C3.3,de_lu,2024,point,rmse,2863.069833819822
G3_C3.3,de_lu,2024,point,r2,0.9038042170611347
G3_C3.3,de_lu,2024,point,mae,1879.6711968867367
G3_C3.3,de_lu,2024,point,smape,3.571338421327787
G3_C3.3,de_lu,2024,quantile,wis,1186.3419834140936
G3_C3.3,de_lu,2024,quantile,lqs,593.1709917070469
G3_C3.3,de_lu,2024,quantile,mae_median,1837.8851081187388
G3_C3.3,de_lu,2024,quantile,cov50,68.60200364298726
G3_C3.3,de_lu,2024,quantile,cov95,98.32365664845173
G3_C3.3,de_lu,2024,ensemble,wis,1186.3419834140936
G3_C3.3,de_lu,2024,ensemble,lqs,593.1709917070469
G3_C3.3,de_lu,2024,ensemble,mae_median,1837.8851081187388
G3_C3.3,de_lu,2024,ensemble,cov50,68.60200364298726
G3_C3.3,de_lu,2024,ensemble,cov95,98.32365664845173
G3_C3.3,de_lu,2024,ensemble,crps,1453.2135564444416
G3_C3.3,de_lu,2024,ensemble,energy_score,16290.045226601263
G3_C3.3,de_lu,2025,point,rmse,2730.6870972026377
G3_C3.3,de_lu,2025,point,r2,0.9129354646406587
G3_C3.3,de_lu,2025,point,mae,1872.3571306465537
G3_C3.3,de_lu,2025,point,smape,3.531748257141997
G3_C3.3,de_lu,2025,quantile,wis,1162.560137237443
G3_C3.3,de_lu,2025,quantile,lqs,581.2800686187215
G3_C3.3,de_lu,2025,quantile,mae_median,1840.4828315074203
G3_C3.3,de_lu,2025,quantile,cov50,69.48630136986301
G3_C3.3,de_lu,2025,quantile,cov95,98.84132420091323
G3_C3.3,de_lu,2025,ensemble,wis,1162.560137237443
G3_C3.3,de_lu,2025,ensemble,lqs,581.2800686187215
G3_C3.3,de_lu,2025,ensemble,mae_median,1840.4828315074203
G3_C3.3,de_lu,2025,ensemble,cov50,69.48630136986301
G3_C3.3,de_lu,2025,ensemble,cov95,98.84132420091323
G3_C3.3,de_lu,2025,ensemble,crps,1430.5289403469333
G3_C3.3,de_lu,2025,ensemble,energy_score,16186.6571011474
G3_C3.3,de_lu,2026H1,point,rmse,3444.122815288429
G3_C3.3,de_lu,2026H1,point,r2,0.8758856044466236
G3_C3.3,de_lu,2026H1,point,mae,2284.916971723766
G3_C3.3,de_lu,2026H1,point,smape,4.222295508555639
G3_C3.3,de_lu,2026H1,quantile,wis,1435.0028967636513
G3_C3.3,de_lu,2026H1,quantile,lqs,717.5014483818256
G3_C3.3,de_lu,2026H1,quantile,mae_median,2262.147843297903
G3_C3.3,de_lu,2026H1,quantile,cov50,69.70257675438597
G3_C3.3,de_lu,2026H1,quantile,cov95,97.52604166666666
G3_C3.3,de_lu,2026H1,ensemble,wis,1435.0028967636513
G3_C3.3,de_lu,2026H1,ensemble,lqs,717.5014483818256
G3_C3.3,de_lu,2026H1,ensemble,mae_median,2262.147843297903
G3_C3.3,de_lu,2026H1,ensemble,cov50,69.70257675438597
G3_C3.3,de_lu,2026H1,ensemble,cov95,97.52604166666666
G3_C3.3,de_lu,2026H1,ensemble,crps,1768.3181335102229
G3_C3.3,de_lu,2026H1,ensemble,energy_score,19786.950284729355
G3_C3.3,lu,2024,point,rmse,29.63303968903585
G3_C3.3,lu,2024,point,r2,0.9090841225539008
G3_C3.3,lu,2024,point,mae,19.033684361176167
G3_C3.3,lu,2024,point,smape,3.4403672930721947
G3_C3.3,lu,2024,quantile,wis,11.586120247040073
G3_C3.3,lu,2024,quantile,lqs,5.793060123520037
G3_C3.3,lu,2024,quantile,mae_median,18.53967161885246
G3_C3.3,lu,2024,quantile,cov50,57.23759107468124
G3_C3.3,lu,2024,quantile,cov95,96.50785519125684
G3_C3.3,lu,2024,ensemble,wis,11.586120247040073
G3_C3.3,lu,2024,ensemble,lqs,5.793060123520037
G3_C3.3,lu,2024,ensemble,mae_median,18.53967161885246
G3_C3.3,lu,2024,ensemble,cov50,57.23759107468124
G3_C3.3,lu,2024,ensemble,cov95,96.50785519125684
G3_C3.3,lu,2024,ensemble,crps,14.05279417806133
G3_C3.3,lu,2024,ensemble,energy_score,160.85106397616522
G3_C3.3,lu,2025,point,rmse,29.86300177306269
G3_C3.3,lu,2025,point,r2,0.9083999301688069
G3_C3.3,lu,2025,point,mae,20.12342903484453
G3_C3.3,lu,2025,point,smape,3.677673541647243
G3_C3.3,lu,2025,quantile,wis,12.123881609589041
G3_C3.3,lu,2025,quantile,lqs,6.061940804794521
G3_C3.3,lu,2025,quantile,mae_median,19.658555165525115
G3_C3.3,lu,2025,quantile,cov50,57.26027397260274
G3_C3.3,lu,2025,quantile,cov95,96.90639269406392
G3_C3.3,lu,2025,ensemble,wis,12.123881609589041
G3_C3.3,lu,2025,ensemble,lqs,6.061940804794521
G3_C3.3,lu,2025,ensemble,mae_median,19.658555165525115
G3_C3.3,lu,2025,ensemble,cov50,57.26027397260274
G3_C3.3,lu,2025,ensemble,cov95,96.90639269406392
G3_C3.3,lu,2025,ensemble,crps,14.784353215825902
G3_C3.3,lu,2025,ensemble,energy_score,170.4271980846524
G3_C3.3,lu,2026H1,point,rmse,40.77446996457426
G3_C3.3,lu,2026H1,point,r2,0.8330750036103148
G3_C3.3,lu,2026H1,point,mae,26.591195493809394
G3_C3.3,lu,2026H1,point,smape,4.942960928723637
G3_C3.3,lu,2026H1,quantile,wis,16.10305113141447
G3_C3.3,lu,2026H1,quantile,lqs,8.051525565707237
G3_C3.3,lu,2026H1,quantile,mae_median,26.100886442639805
G3_C3.3,lu,2026H1,quantile,cov50,57.60690789473685
G3_C3.3,lu,2026H1,quantile,cov95,96.44325657894737
G3_C3.3,lu,2026H1,ensemble,wis,16.10305113141447
G3_C3.3,lu,2026H1,ensemble,lqs,8.051525565707237
G3_C3.3,lu,2026H1,ensemble,mae_median,26.100886442639805
G3_C3.3,lu,2026H1,ensemble,cov50,57.60690789473685
G3_C3.3,lu,2026H1,ensemble,cov95,96.44325657894737
G3_C3.3,lu,2026H1,ensemble,crps,19.627202221869933
G3_C3.3,lu,2026H1,ensemble,energy_score,225.97766226101913
G3_C3.3,tennet,2024,point,rmse,838.6755838535827
G3_C3.3,tennet,2024,point,r2,0.9103555988815533
G3_C3.3,tennet,2024,point,mae,556.2327875628849
G3_C3.3,tennet,2024,point,smape,3.5444309578246
G3_C3.3,tennet,2024,quantile,wis,335.8111804417122
G3_C3.3,tennet,2024,quantile,lqs,167.90559022085614
G3_C3.3,tennet,2024,quantile,mae_median,545.5379593579235
G3_C3.3,tennet,2024,quantile,cov50,57.74704007285975
G3_C3.3,tennet,2024,quantile,cov95,97.29337431693989
G3_C3.3,tennet,2024,ensemble,wis,335.8111804417122
G3_C3.3,tennet,2024,ensemble,lqs,167.90559022085614
G3_C3.3,tennet,2024,ensemble,mae_median,545.5379593579235
G3_C3.3,tennet,2024,ensemble,cov50,57.74704007285975
G3_C3.3,tennet,2024,ensemble,cov95,97.29337431693989
G3_C3.3,tennet,2024,ensemble,crps,408.0326290882929
G3_C3.3,tennet,2024,ensemble,energy_score,4693.3281211069925
G3_C3.3,tennet,2025,point,rmse,835.4549151084951
G3_C3.3,tennet,2025,point,r2,0.9139938082596641
G3_C3.3,tennet,2025,point,mae,564.5089879036203
G3_C3.3,tennet,2025,point,smape,3.6152105075862266
G3_C3.3,tennet,2025,quantile,wis,338.87759871575344
G3_C3.3,tennet,2025,quantile,lqs,169.43879935787675
G3_C3.3,tennet,2025,quantile,mae_median,556.2031111586758
G3_C3.3,tennet,2025,quantile,cov50,56.28710045662101
G3_C3.3,tennet,2025,quantile,cov95,97.0519406392694
G3_C3.3,tennet,2025,ensemble,wis,338.87759871575344
G3_C3.3,tennet,2025,ensemble,lqs,169.43879935787675
G3_C3.3,tennet,2025,ensemble,mae_median,556.2031111586758
G3_C3.3,tennet,2025,ensemble,cov50,56.28710045662101
G3_C3.3,tennet,2025,ensemble,cov95,97.0519406392694
G3_C3.3,tennet,2025,ensemble,crps,412.65676908211157
G3_C3.3,tennet,2025,ensemble,energy_score,4776.899851302427
G3_C3.3,tennet,2026H1,point,rmse,1162.4460476815989
G3_C3.3,tennet,2026H1,point,r2,0.8550234808142951
G3_C3.3,tennet,2026H1,point,mae,792.1818207432643
G3_C3.3,tennet,2026H1,point,smape,5.18638782448302
G3_C3.3,tennet,2026H1,quantile,wis,482.62910855263164
G3_C3.3,tennet,2026H1,quantile,lqs,241.31455427631585
G3_C3.3,tennet,2026H1,quantile,mae_median,785.7174577850878
G3_C3.3,tennet,2026H1,quantile,cov50,56.7639802631579
G3_C3.3,tennet,2026H1,quantile,cov95,95.68941885964912
G3_C3.3,tennet,2026H1,ensemble,wis,482.62910855263164
G3_C3.3,tennet,2026H1,ensemble,lqs,241.31455427631585
G3_C3.3,tennet,2026H1,ensemble,mae_median,785.7174577850878
G3_C3.3,tennet,2026H1,ensemble,cov50,56.7639802631579
G3_C3.3,tennet,2026H1,ensemble,cov95,95.68941885964912
G3_C3.3,tennet,2026H1,ensemble,crps,589.4758285800066
G3_C3.3,tennet,2026H1,ensemble,energy_score,6822.413104253959
G3_C3.3,transnetbw,2024,point,rmse,463.29802257377327
G3_C3.3,transnetbw,2024,point,r2,0.8856394792068547
G3_C3.3,transnetbw,2024,point,mae,290.58541905195597
G3_C3.3,transnetbw,2024,point,smape,4.567073609864279
G3_C3.3,transnetbw,2024,quantile,wis,176.25267975865208
G3_C3.3,transnetbw,2024,quantile,lqs,88.12633987932607
G3_C3.3,transnetbw,2024,quantile,mae_median,283.04189549180325
G3_C3.3,transnetbw,2024,quantile,cov50,58.384562841530055
G3_C3.3,transnetbw,2024,quantile,cov95,96.8294626593807
G3_C3.3,transnetbw,2024,ensemble,wis,176.25267975865208
G3_C3.3,transnetbw,2024,ensemble,lqs,88.12633987932607
G3_C3.3,transnetbw,2024,ensemble,mae_median,283.04189549180325
G3_C3.3,transnetbw,2024,ensemble,cov50,58.384562841530055
G3_C3.3,transnetbw,2024,ensemble,cov95,96.8294626593807
G3_C3.3,transnetbw,2024,ensemble,crps,213.7249436746465
G3_C3.3,transnetbw,2024,ensemble,energy_score,2462.628463871715
G3_C3.3,transnetbw,2025,point,rmse,451.16415352501065
G3_C3.3,transnetbw,2025,point,r2,0.8927800890906414
G3_C3.3,transnetbw,2025,point,mae,289.36562736749835
G3_C3.3,transnetbw,2025,point,smape,4.561545043200302
G3_C3.3,transnetbw,2025,quantile,wis,175.40071734075343
G3_C3.3,transnetbw,2025,quantile,lqs,87.70035867037672
G3_C3.3,transnetbw,2025,quantile,mae_median,285.60816461472604
G3_C3.3,transnetbw,2025,quantile,cov50,58.564497716894984
G3_C3.3,transnetbw,2025,quantile,cov95,96.93207762557078
G3_C3.3,transnetbw,2025,ensemble,wis,175.40071734075343
G3_C3.3,transnetbw,2025,ensemble,lqs,87.70035867037672
G3_C3.3,transnetbw,2025,ensemble,mae_median,285.60816461472604
G3_C3.3,transnetbw,2025,ensemble,cov50,58.564497716894984
G3_C3.3,transnetbw,2025,ensemble,cov95,96.93207762557078
G3_C3.3,transnetbw,2025,ensemble,crps,213.20766971781524
G3_C3.3,transnetbw,2025,ensemble,energy_score,2495.748878375055
G3_C3.3,transnetbw,2026H1,point,rmse,573.4995334223321
G3_C3.3,transnetbw,2026H1,point,r2,0.8199745087150971
G3_C3.3,transnetbw,2026H1,point,mae,366.6090700253237
G3_C3.3,transnetbw,2026H1,point,smape,5.3910134531859475
G3_C3.3,transnetbw,2026H1,quantile,wis,223.69837648026314
G3_C3.3,transnetbw,2026H1,quantile,lqs,111.84918824013161
G3_C3.3,transnetbw,2026H1,quantile,mae_median,363.7571753015351
G3_C3.3,transnetbw,2026H1,quantile,cov50,59.786184210526315
G3_C3.3,transnetbw,2026H1,quantile,cov95,95.95668859649122
G3_C3.3,transnetbw,2026H1,ensemble,wis,223.69837648026314
G3_C3.3,transnetbw,2026H1,ensemble,lqs,111.84918824013161
G3_C3.3,transnetbw,2026H1,ensemble,mae_median,363.7571753015351
G3_C3.3,transnetbw,2026H1,ensemble,cov50,59.786184210526315
G3_C3.3,transnetbw,2026H1,ensemble,cov95,95.95668859649122
G3_C3.3,transnetbw,2026H1,ensemble,crps,272.84538657873605
G3_C3.3,transnetbw,2026H1,ensemble,energy_score,3141.280120351766
G3_C3.3,50hertz,overall,point,rmse,885.6796337738652
G3_C3.3,50hertz,overall,point,r2,0.7917494794736737
G3_C3.3,50hertz,overall,point,mae,687.495148635379
G3_C3.3,50hertz,overall,point,smape,5.955233128202345
G3_C3.3,50hertz,overall,quantile,wis,404.7975651094753
G3_C3.3,50hertz,overall,quantile,lqs,202.39878255473766
G3_C3.3,50hertz,overall,quantile,mae_median,686.3068644299736
G3_C3.3,50hertz,overall,quantile,cov50,54.06639297848245
G3_C3.3,50hertz,overall,quantile,cov95,97.70078331445828
G3_C3.3,50hertz,overall,ensemble,wis,404.7975651094753
G3_C3.3,50hertz,overall,ensemble,lqs,202.39878255473766
G3_C3.3,50hertz,overall,ensemble,mae_median,686.3068644299736
G3_C3.3,50hertz,overall,ensemble,cov50,54.06639297848245
G3_C3.3,50hertz,overall,ensemble,cov95,97.70078331445828
G3_C3.3,50hertz,overall,ensemble,crps,497.9616905444573
G3_C3.3,50hertz,overall,ensemble,energy_score,5695.253443027502
G3_C3.3,amprion,overall,point,rmse,1136.2940965697962
G3_C3.3,amprion,overall,point,r2,0.8837111132161585
G3_C3.3,amprion,overall,point,mae,786.9171030815346
G3_C3.3,amprion,overall,point,smape,4.158886766682187
G3_C3.3,amprion,overall,quantile,wis,478.3390879789874
G3_C3.3,amprion,overall,quantile,lqs,239.16954398949366
G3_C3.3,amprion,overall,quantile,mae_median,775.3804900788741
G3_C3.3,amprion,overall,quantile,cov50,60.44615892789732
G3_C3.3,amprion,overall,quantile,cov95,97.27609475273688
G3_C3.3,amprion,overall,ensemble,wis,478.3390879789874
G3_C3.3,amprion,overall,ensemble,lqs,239.16954398949366
G3_C3.3,amprion,overall,ensemble,mae_median,775.3804900788741
G3_C3.3,amprion,overall,ensemble,cov50,60.44615892789732
G3_C3.3,amprion,overall,ensemble,cov95,97.27609475273688
G3_C3.3,amprion,overall,ensemble,crps,585.5433113005281
G3_C3.3,amprion,overall,ensemble,energy_score,6793.587985481902
G3_C3.3,de_lu,overall,point,rmse,2919.2342685235517
G3_C3.3,de_lu,overall,point,r2,0.903103487895621
G3_C3.3,de_lu,overall,point,mae,1946.4070107005098
G3_C3.3,de_lu,overall,point,smape,3.667029324307198
G3_C3.3,de_lu,overall,quantile,wis,1219.3160320830125
G3_C3.3,de_lu,overall,quantile,lqs,609.6580160415064
G3_C3.3,de_lu,overall,quantile,mae_median,1911.991682053169
G3_C3.3,de_lu,overall,quantile,cov50,69.15699320498301
G3_C3.3,de_lu,overall,quantile,cov95,98.40033975084937
G3_C3.3,de_lu,overall,ensemble,wis,1219.3160320830125
G3_C3.3,de_lu,overall,ensemble,lqs,609.6580160415064
G3_C3.3,de_lu,overall,ensemble,mae_median,1911.991682053169
G3_C3.3,de_lu,overall,ensemble,cov50,69.15699320498301
G3_C3.3,de_lu,overall,ensemble,cov95,98.40033975084937
G3_C3.3,de_lu,overall,ensemble,crps,1498.07880088205
G3_C3.3,de_lu,overall,ensemble,energy_score,16849.267087354165
G3_C3.3,lu,overall,point,rmse,31.91874861939274
G3_C3.3,lu,overall,point,r2,0.8956060179977765
G3_C3.3,lu,overall,point,mae,20.78509828875171
G3_C3.3,lu,overall,point,smape,3.7971181575669983
G3_C3.3,lu,overall,quantile,wis,12.585957610296338
G3_C3.3,lu,overall,quantile,lqs,6.29297880514817
G3_C3.3,lu,overall,quantile,mae_median,20.303768048921764
G3_C3.3,lu,overall,quantile,cov50,57.31054171385428
G3_C3.3,lu,overall,quantile,cov95,96.66147602869007
G3_C3.3,lu,overall,ensemble,wis,12.585957610296338
G3_C3.3,lu,overall,ensemble,lqs,6.29297880514817
G3_C3.3,lu,overall,ensemble,mae_median,20.303768048921764
G3_C3.3,lu,overall,ensemble,cov50,57.31054171385428
G3_C3.3,lu,overall,ensemble,cov95,96.66147602869007
G3_C3.3,lu,overall,ensemble,crps,15.314775006422572
G3_C3.3,lu,overall,ensemble,energy_score,176.0204092637027
G3_C3.3,tennet,overall,point,rmse,901.48679426446
G3_C3.3,tennet,overall,point,r2,0.901095896627067
G3_C3.3,tennet,overall,point,mae,600.2702350915216
G3_C3.3,tennet,overall,point,smape,3.8563358042516374
G3_C3.3,tennet,overall,quantile,wis,362.3520272626463
G3_C3.3,tennet,overall,quantile,lqs,181.17601363132314
G3_C3.3,tennet,overall,quantile,mae_median,591.2911464113816
G3_C3.3,tennet,overall,quantile,cov50,56.97432993582484
G3_C3.3,tennet,overall,quantile,cov95,96.91746885617214
G3_C3.3,tennet,overall,ensemble,wis,362.3520272626463
G3_C3.3,tennet,overall,ensemble,lqs,181.17601363132314
G3_C3.3,tennet,overall,ensemble,mae_median,591.2911464113816
G3_C3.3,tennet,overall,ensemble,cov50,56.97432993582484
G3_C3.3,tennet,overall,ensemble,cov95,96.91746885617214
G3_C3.3,tennet,overall,ensemble,crps,441.1777903798946
G3_C3.3,tennet,overall,ensemble,energy_score,5094.375232046598
G3_C3.3,transnetbw,overall,point,rmse,479.29800838258
G3_C3.3,transnetbw,overall,point,r2,0.8797835005870938
G3_C3.3,transnetbw,overall,point,mae,303.1679456466614
G3_C3.3,transnetbw,overall,point,smape,4.70662166122616
G3_C3.3,transnetbw,overall,quantile,wis,184.06783221522272
G3_C3.3,transnetbw,overall,quantile,lqs,92.03391610761136
G3_C3.3,transnetbw,overall,quantile,mae_median,297.99706056648733
G3_C3.3,transnetbw,overall,quantile,cov50,58.70021706304266
G3_C3.3,transnetbw,overall,quantile,cov95,96.72164024160061
G3_C3.3,transnetbw,overall,ensemble,wis,184.06783221522272
G3_C3.3,transnetbw,overall,ensemble,lqs,92.03391610761136
G3_C3.3,transnetbw,overall,ensemble,mae_median,297.99706056648733
G3_C3.3,transnetbw,overall,ensemble,cov50,58.70021706304266
G3_C3.3,transnetbw,overall,ensemble,cov95,96.72164024160061
G3_C3.3,transnetbw,overall,ensemble,crps,223.68813996816655
G3_C3.3,transnetbw,overall,ensemble,energy_score,2593.142623643728
G3_C3.4,50hertz,2024,point,rmse,844.0703582288106
G3_C3.4,50hertz,2024,point,r2,0.7952075752305113
G3_C3.4,50hertz,2024,point,mae,653.0616754353152
G3_C3.4,50hertz,2024,point,smape,5.7200678719474425
G3_C3.4,50hertz,2024,quantile,wis,384.5944059084699
G3_C3.4,50hertz,2024,quantile,lqs,192.297202954235
G3_C3.4,50hertz,2024,quantile,mae_median,652.8028822290528
G3_C3.4,50hertz,2024,quantile,cov50,52.367941712204
G3_C3.4,50hertz,2024,quantile,cov95,97.68613387978142
G3_C3.4,50hertz,2024,ensemble,wis,384.5944059084699
G3_C3.4,50hertz,2024,ensemble,lqs,192.297202954235
G3_C3.4,50hertz,2024,ensemble,mae_median,652.8028822290528
G3_C3.4,50hertz,2024,ensemble,cov50,52.367941712204
G3_C3.4,50hertz,2024,ensemble,cov95,97.68613387978142
G3_C3.4,50hertz,2024,ensemble,crps,472.4361863425926
G3_C3.4,50hertz,2024,ensemble,energy_score,5426.821582776586
G3_C3.4,50hertz,2025,point,rmse,926.9735402542491
G3_C3.4,50hertz,2025,point,r2,0.757741830294823
G3_C3.4,50hertz,2025,point,mae,738.1012025114155
G3_C3.4,50hertz,2025,point,smape,6.4192631505384155
G3_C3.4,50hertz,2025,quantile,wis,429.2873633105023
G3_C3.4,50hertz,2025,quantile,lqs,214.64368165525116
G3_C3.4,50hertz,2025,quantile,mae_median,735.139054737443
G3_C3.4,50hertz,2025,quantile,cov50,49.65753424657534
G3_C3.4,50hertz,2025,quantile,cov95,98.04509132420091
G3_C3.4,50hertz,2025,ensemble,wis,429.2873633105023
G3_C3.4,50hertz,2025,ensemble,lqs,214.64368165525116
G3_C3.4,50hertz,2025,ensemble,mae_median,735.139054737443
G3_C3.4,50hertz,2025,ensemble,cov50,49.65753424657534
G3_C3.4,50hertz,2025,ensemble,cov95,98.04509132420091
G3_C3.4,50hertz,2025,ensemble,crps,526.8516928220679
G3_C3.4,50hertz,2025,ensemble,energy_score,6016.758562355581
G3_C3.4,50hertz,2026H1,point,rmse,912.4681536540261
G3_C3.4,50hertz,2026H1,point,r2,0.8208619989031725
G3_C3.4,50hertz,2026H1,point,mae,686.9694533664891
G3_C3.4,50hertz,2026H1,point,smape,5.739168792845007
G3_C3.4,50hertz,2026H1,quantile,wis,410.7695405975877
G3_C3.4,50hertz,2026H1,quantile,lqs,205.3847702987939
G3_C3.4,50hertz,2026H1,quantile,mae_median,685.1532521929826
G3_C3.4,50hertz,2026H1,quantile,cov50,57.59320175438597
G3_C3.4,50hertz,2026H1,quantile,cov95,96.95723684210526
G3_C3.4,50hertz,2026H1,ensemble,wis,410.7695405975877
G3_C3.4,50hertz,2026H1,ensemble,lqs,205.3847702987939
G3_C3.4,50hertz,2026H1,ensemble,mae_median,685.1532521929826
G3_C3.4,50hertz,2026H1,ensemble,cov50,57.59320175438597
G3_C3.4,50hertz,2026H1,ensemble,cov95,96.95723684210526
G3_C3.4,50hertz,2026H1,ensemble,crps,504.9709733622249
G3_C3.4,50hertz,2026H1,ensemble,energy_score,5732.544443592441
G3_C3.4,amprion,2024,point,rmse,1184.0773337164255
G3_C3.4,amprion,2024,point,r2,0.871537146530592
G3_C3.4,amprion,2024,point,mae,800.0717129634779
G3_C3.4,amprion,2024,point,smape,4.334115175715857
G3_C3.4,amprion,2024,quantile,wis,494.06308533358373
G3_C3.4,amprion,2024,quantile,lqs,247.03154266679195
G3_C3.4,amprion,2024,quantile,mae_median,788.4226509784836
G3_C3.4,amprion,2024,quantile,cov50,58.54394353369763
G3_C3.4,amprion,2024,quantile,cov95,96.65585154826958
G3_C3.4,amprion,2024,ensemble,wis,494.06308533358373
G3_C3.4,amprion,2024,ensemble,lqs,247.03154266679195
G3_C3.4,amprion,2024,ensemble,mae_median,788.4226509784836
G3_C3.4,amprion,2024,ensemble,cov50,58.54394353369763
G3_C3.4,amprion,2024,ensemble,cov95,96.65585154826958
G3_C3.4,amprion,2024,ensemble,crps,600.9172659845914
G3_C3.4,amprion,2024,ensemble,energy_score,6947.598287463181
G3_C3.4,amprion,2025,point,rmse,1041.7974508161801
G3_C3.4,amprion,2025,point,r2,0.8971262736620399
G3_C3.4,amprion,2025,point,mae,741.5073589502881
G3_C3.4,amprion,2025,point,smape,3.8912792608760816
G3_C3.4,amprion,2025,quantile,wis,443.6863891674658
G3_C3.4,amprion,2025,quantile,lqs,221.8431945837329
G3_C3.4,amprion,2025,quantile,mae_median,732.5544357899544
G3_C3.4,amprion,2025,quantile,cov50,57.25171232876713
G3_C3.4,amprion,2025,quantile,cov95,97.42009132420091
G3_C3.4,amprion,2025,ensemble,wis,443.6863891674658
G3_C3.4,amprion,2025,ensemble,lqs,221.8431945837329
G3_C3.4,amprion,2025,ensemble,mae_median,732.5544357899544
G3_C3.4,amprion,2025,ensemble,cov50,57.25171232876713
G3_C3.4,amprion,2025,ensemble,cov95,97.42009132420091
G3_C3.4,amprion,2025,ensemble,crps,543.110358943387
G3_C3.4,amprion,2025,ensemble,energy_score,6370.758764757584
G3_C3.4,amprion,2026H1,point,rmse,1303.0674360647051
G3_C3.4,amprion,2026H1,point,r2,0.8553858514014739
G3_C3.4,amprion,2026H1,point,mae,924.2776838523066
G3_C3.4,amprion,2026H1,point,smape,4.68760097542911
G3_C3.4,amprion,2026H1,quantile,wis,562.5198714683388
G3_C3.4,amprion,2026H1,quantile,lqs,281.25993573416946
G3_C3.4,amprion,2026H1,quantile,mae_median,932.2131465206963
G3_C3.4,amprion,2026H1,quantile,cov50,55.379660087719294
G3_C3.4,amprion,2026H1,quantile,cov95,96.55975877192982
G3_C3.4,amprion,2026H1,ensemble,wis,562.5198714683388
G3_C3.4,amprion,2026H1,ensemble,lqs,281.25993573416946
G3_C3.4,amprion,2026H1,ensemble,mae_median,932.2131465206963
G3_C3.4,amprion,2026H1,ensemble,cov50,55.379660087719294
G3_C3.4,amprion,2026H1,ensemble,cov95,96.55975877192982
G3_C3.4,amprion,2026H1,ensemble,crps,686.5049052161452
G3_C3.4,amprion,2026H1,ensemble,energy_score,7862.81444394854
G3_C3.4,de_lu,2024,point,rmse,2916.3358423686636
G3_C3.4,de_lu,2024,point,r2,0.9001915704078727
G3_C3.4,de_lu,2024,point,mae,1907.521564479503
G3_C3.4,de_lu,2024,point,smape,3.623612291331791
G3_C3.4,de_lu,2024,quantile,wis,1196.2849939427367
G3_C3.4,de_lu,2024,quantile,lqs,598.1424969713685
G3_C3.4,de_lu,2024,quantile,mae_median,1877.7103958910518
G3_C3.4,de_lu,2024,quantile,cov50,66.57843806921676
G3_C3.4,de_lu,2024,quantile,cov95,98.28381147540983
G3_C3.4,de_lu,2024,ensemble,wis,1196.2849939427367
G3_C3.4,de_lu,2024,ensemble,lqs,598.1424969713685
G3_C3.4,de_lu,2024,ensemble,mae_median,1877.7103958910518
G3_C3.4,de_lu,2024,ensemble,cov50,66.57843806921676
G3_C3.4,de_lu,2024,ensemble,cov95,98.28381147540983
G3_C3.4,de_lu,2024,ensemble,crps,1463.553198734503
G3_C3.4,de_lu,2024,ensemble,energy_score,16444.279446719844
G3_C3.4,de_lu,2025,point,rmse,2776.2747668536786
G3_C3.4,de_lu,2025,point,r2,0.9100041875643823
G3_C3.4,de_lu,2025,point,mae,1904.829437498315
G3_C3.4,de_lu,2025,point,smape,3.591053429224301
G3_C3.4,de_lu,2025,quantile,wis,1172.3452091367578
G3_C3.4,de_lu,2025,quantile,lqs,586.172604568379
G3_C3.4,de_lu,2025,quantile,mae_median,1866.3849747100455
G3_C3.4,de_lu,2025,quantile,cov50,65.78196347031964
G3_C3.4,de_lu,2025,quantile,cov95,98.67009132420091
G3_C3.4,de_lu,2025,ensemble,wis,1172.3452091367578
G3_C3.4,de_lu,2025,ensemble,lqs,586.172604568379
G3_C3.4,de_lu,2025,ensemble,mae_median,1866.3849747100455
G3_C3.4,de_lu,2025,ensemble,cov50,65.78196347031964
G3_C3.4,de_lu,2025,ensemble,cov95,98.67009132420091
G3_C3.4,de_lu,2025,ensemble,crps,1437.7366121516388
G3_C3.4,de_lu,2025,ensemble,energy_score,16244.229444325894
G3_C3.4,de_lu,2026H1,point,rmse,3427.552901918986
G3_C3.4,de_lu,2026H1,point,r2,0.8770769775505797
G3_C3.4,de_lu,2026H1,point,mae,2288.548909821719
G3_C3.4,de_lu,2026H1,point,smape,4.2283256694025075
G3_C3.4,de_lu,2026H1,quantile,wis,1430.7338633284094
G3_C3.4,de_lu,2026H1,quantile,lqs,715.3669316642047
G3_C3.4,de_lu,2026H1,quantile,mae_median,2291.3637578283306
G3_C3.4,de_lu,2026H1,quantile,cov50,66.22807017543859
G3_C3.4,de_lu,2026H1,quantile,cov95,97.96463815789474
G3_C3.4,de_lu,2026H1,ensemble,wis,1430.7338633284094
G3_C3.4,de_lu,2026H1,ensemble,lqs,715.3669316642047
G3_C3.4,de_lu,2026H1,ensemble,mae_median,2291.3637578283306
G3_C3.4,de_lu,2026H1,ensemble,cov50,66.22807017543859
G3_C3.4,de_lu,2026H1,ensemble,cov95,97.96463815789474
G3_C3.4,de_lu,2026H1,ensemble,crps,1758.3648342595159
G3_C3.4,de_lu,2026H1,ensemble,energy_score,19677.294957498158
G3_C3.4,lu,2024,point,rmse,30.182967624800895
G3_C3.4,lu,2024,point,r2,0.9056783900686205
G3_C3.4,lu,2024,point,mae,19.156807279469163
G3_C3.4,lu,2024,point,smape,3.4658910228180497
G3_C3.4,lu,2024,quantile,wis,11.767868459699454
G3_C3.4,lu,2024,quantile,lqs,5.883934229849727
G3_C3.4,lu,2024,quantile,mae_median,18.788535234517305
G3_C3.4,lu,2024,quantile,cov50,56.13331056466302
G3_C3.4,lu,2024,quantile,cov95,96.69569672131148
G3_C3.4,lu,2024,ensemble,wis,11.767868459699454
G3_C3.4,lu,2024,ensemble,lqs,5.883934229849727
G3_C3.4,lu,2024,ensemble,mae_median,18.788535234517305
G3_C3.4,lu,2024,ensemble,cov50,56.13331056466302
G3_C3.4,lu,2024,ensemble,cov95,96.69569672131148
G3_C3.4,lu,2024,ensemble,crps,14.239064461797167
G3_C3.4,lu,2024,ensemble,energy_score,163.26882771020797
G3_C3.4,lu,2025,point,rmse,29.74258167146888
G3_C3.4,lu,2025,point,r2,0.9091371802300621
G3_C3.4,lu,2025,point,mae,20.21288450070667
G3_C3.4,lu,2025,point,smape,3.6926853361628362
G3_C3.4,lu,2025,quantile,wis,12.207586880707762
G3_C3.4,lu,2025,quantile,lqs,6.103793440353882
G3_C3.4,lu,2025,quantile,mae_median,19.841724001141554
G3_C3.4,lu,2025,quantile,cov50,55.362442922374434
G3_C3.4,lu,2025,quantile,cov95,96.93207762557078
G3_C3.4,lu,2025,ensemble,wis,12.207586880707762
G3_C3.4,lu,2025,ensemble,lqs,6.103793440353882
G3_C3.4,lu,2025,ensemble,mae_median,19.841724001141554
G3_C3.4,lu,2025,ensemble,cov50,55.362442922374434
G3_C3.4,lu,2025,ensemble,cov95,96.93207762557078
G3_C3.4,lu,2025,ensemble,crps,14.854038816732933
G3_C3.4,lu,2025,ensemble,energy_score,171.56403504994614
G3_C3.4,lu,2026H1,point,rmse,42.685362535917086
G3_C3.4,lu,2026H1,point,r2,0.8170625270195413
G3_C3.4,lu,2026H1,point,mae,27.464292264329444
G3_C3.4,lu,2026H1,point,smape,5.122091313518362
G3_C3.4,lu,2026H1,quantile,wis,16.452432340196683
G3_C3.4,lu,2026H1,quantile,lqs,8.226216170098343
G3_C3.4,lu,2026H1,quantile,mae_median,27.307428383703396
G3_C3.4,lu,2026H1,quantile,cov50,54.200932017543856
G3_C3.4,lu,2026H1,quantile,cov95,96.79276315789474
G3_C3.4,lu,2026H1,ensemble,wis,16.452432340196683
G3_C3.4,lu,2026H1,ensemble,lqs,8.226216170098343
G3_C3.4,lu,2026H1,ensemble,mae_median,27.307428383703396
G3_C3.4,lu,2026H1,ensemble,cov50,54.200932017543856
G3_C3.4,lu,2026H1,ensemble,cov95,96.79276315789474
G3_C3.4,lu,2026H1,ensemble,crps,20.082389158999774
G3_C3.4,lu,2026H1,ensemble,energy_score,230.7696826492307
G3_C3.4,tennet,2024,point,rmse,849.5714674832514
G3_C3.4,tennet,2024,point,r2,0.9080111885483564
G3_C3.4,tennet,2024,point,mae,558.2020611609853
G3_C3.4,tennet,2024,point,smape,3.557076440546292
G3_C3.4,tennet,2024,quantile,wis,337.71874271402555
G3_C3.4,tennet,2024,quantile,lqs,168.85937135701278
G3_C3.4,tennet,2024,quantile,mae_median,550.4904952185792
G3_C3.4,tennet,2024,quantile,cov50,55.42463570127505
G3_C3.4,tennet,2024,quantile,cov95,97.15676229508196
G3_C3.4,tennet,2024,ensemble,wis,337.71874271402555
G3_C3.4,tennet,2024,ensemble,lqs,168.85937135701278
G3_C3.4,tennet,2024,ensemble,mae_median,550.4904952185792
G3_C3.4,tennet,2024,ensemble,cov50,55.42463570127505
G3_C3.4,tennet,2024,ensemble,cov95,97.15676229508196
G3_C3.4,tennet,2024,ensemble,crps,410.06922226404225
G3_C3.4,tennet,2024,ensemble,energy_score,4713.938718463295
G3_C3.4,tennet,2025,point,rmse,841.7826013557824
G3_C3.4,tennet,2025,point,r2,0.912686062904141
G3_C3.4,tennet,2025,point,mae,565.3773305569146
G3_C3.4,tennet,2025,point,smape,3.6195382497442754
G3_C3.4,tennet,2025,quantile,wis,340.7915196289955
G3_C3.4,tennet,2025,quantile,lqs,170.39575981449772
G3_C3.4,tennet,2025,quantile,mae_median,555.0293904965753
G3_C3.4,tennet,2025,quantile,cov50,53.861301369863014
G3_C3.4,tennet,2025,quantile,cov95,96.66381278538813
G3_C3.4,tennet,2025,ensemble,wis,340.7915196289955
G3_C3.4,tennet,2025,ensemble,lqs,170.39575981449772
G3_C3.4,tennet,2025,ensemble,mae_median,555.0293904965753
G3_C3.4,tennet,2025,ensemble,cov50,53.861301369863014
G3_C3.4,tennet,2025,ensemble,cov95,96.66381278538813
G3_C3.4,tennet,2025,ensemble,crps,413.5965679452184
G3_C3.4,tennet,2025,ensemble,energy_score,4772.376809077098
G3_C3.4,tennet,2026H1,point,rmse,1142.1652362186326
G3_C3.4,tennet,2026H1,point,r2,0.8600380666494457
G3_C3.4,tennet,2026H1,point,mae,779.0414952159044
G3_C3.4,tennet,2026H1,point,smape,5.106840566812484
G3_C3.4,tennet,2026H1,quantile,wis,470.0781061951754
G3_C3.4,tennet,2026H1,quantile,lqs,235.0390530975877
G3_C3.4,tennet,2026H1,quantile,mae_median,777.6781027960526
G3_C3.4,tennet,2026H1,quantile,cov50,54.392817982456144
G3_C3.4,tennet,2026H1,quantile,cov95,95.62088815789474
G3_C3.4,tennet,2026H1,ensemble,wis,470.0781061951754
G3_C3.4,tennet,2026H1,ensemble,lqs,235.0390530975877
G3_C3.4,tennet,2026H1,ensemble,mae_median,777.6781027960526
G3_C3.4,tennet,2026H1,ensemble,cov50,54.392817982456144
G3_C3.4,tennet,2026H1,ensemble,cov95,95.62088815789474
G3_C3.4,tennet,2026H1,ensemble,crps,573.2952887342984
G3_C3.4,tennet,2026H1,ensemble,energy_score,6647.047620776534
G3_C3.4,transnetbw,2024,point,rmse,481.0992610971858
G3_C3.4,transnetbw,2024,point,r2,0.8766825285851033
G3_C3.4,transnetbw,2024,point,mae,300.3120802432995
G3_C3.4,transnetbw,2024,point,smape,4.714065108645349
G3_C3.4,transnetbw,2024,quantile,wis,181.33938513205828
G3_C3.4,transnetbw,2024,quantile,lqs,90.66969256602914
G3_C3.4,transnetbw,2024,quantile,mae_median,294.82184881602916
G3_C3.4,transnetbw,2024,quantile,cov50,55.02333788706739
G3_C3.4,transnetbw,2024,quantile,cov95,96.7953096539162
G3_C3.4,transnetbw,2024,ensemble,wis,181.33938513205828
G3_C3.4,transnetbw,2024,ensemble,lqs,90.66969256602914
G3_C3.4,transnetbw,2024,ensemble,mae_median,294.82184881602916
G3_C3.4,transnetbw,2024,ensemble,cov50,55.02333788706739
G3_C3.4,transnetbw,2024,ensemble,cov95,96.7953096539162
G3_C3.4,transnetbw,2024,ensemble,crps,219.5459357123238
G3_C3.4,transnetbw,2024,ensemble,energy_score,2536.393094630638
G3_C3.4,transnetbw,2025,point,rmse,460.91851825646717
G3_C3.4,transnetbw,2025,point,r2,0.8880936878968327
G3_C3.4,transnetbw,2025,point,mae,294.7842730035062
G3_C3.4,transnetbw,2025,point,smape,4.646224549646632
G3_C3.4,transnetbw,2025,quantile,wis,179.11109511015982
G3_C3.4,transnetbw,2025,quantile,lqs,89.55554755507993
G3_C3.4,transnetbw,2025,quantile,mae_median,289.0808220633562
G3_C3.4,transnetbw,2025,quantile,cov50,54.78881278538813
G3_C3.4,transnetbw,2025,quantile,cov95,96.57534246575342
G3_C3.4,transnetbw,2025,ensemble,wis,179.11109511015982
G3_C3.4,transnetbw,2025,ensemble,lqs,89.55554755507993
G3_C3.4,transnetbw,2025,ensemble,mae_median,289.0808220633562
G3_C3.4,transnetbw,2025,ensemble,cov50,54.78881278538813
G3_C3.4,transnetbw,2025,ensemble,cov95,96.57534246575342
G3_C3.4,transnetbw,2025,ensemble,crps,216.3375162215971
G3_C3.4,transnetbw,2025,ensemble,energy_score,2525.2820359045877
G3_C3.4,transnetbw,2026H1,point,rmse,568.3120590152897
G3_C3.4,transnetbw,2026H1,point,r2,0.8232165480667317
G3_C3.4,transnetbw,2026H1,point,mae,369.0849430738304
G3_C3.4,transnetbw,2026H1,point,smape,5.428989503853012
G3_C3.4,transnetbw,2026H1,quantile,wis,223.50071036184212
G3_C3.4,transnetbw,2026H1,quantile,lqs,111.75035518092106
G3_C3.4,transnetbw,2026H1,quantile,mae_median,370.4049958881579
G3_C3.4,transnetbw,2026H1,quantile,cov50,54.9547697368421
G3_C3.4,transnetbw,2026H1,quantile,cov95,96.47752192982456
G3_C3.4,transnetbw,2026H1,ensemble,wis,223.50071036184212
G3_C3.4,transnetbw,2026H1,ensemble,lqs,111.75035518092106
G3_C3.4,transnetbw,2026H1,ensemble,mae_median,370.4049958881579
G3_C3.4,transnetbw,2026H1,ensemble,cov50,54.9547697368421
G3_C3.4,transnetbw,2026H1,ensemble,cov95,96.47752192982456
G3_C3.4,transnetbw,2026H1,ensemble,crps,271.8510484696985
G3_C3.4,transnetbw,2026H1,ensemble,energy_score,3127.907366001163
G3_C3.4,50hertz,overall,point,rmse,890.9705228832736
G3_C3.4,50hertz,overall,point,r2,0.789253946244237
G3_C3.4,50hertz,overall,point,mae,694.0508143122292
G3_C3.4,50hertz,overall,point,smape,6.0123777435919905
G3_C3.4,50hertz,overall,quantile,wis,407.57464364854667
G3_C3.4,50hertz,overall,quantile,lqs,203.78732182427333
G3_C3.4,50hertz,overall,quantile,mae_median,692.4064600320877
G3_C3.4,50hertz,overall,quantile,cov50,52.147036617591546
G3_C3.4,50hertz,overall,quantile,cov95,97.70904114760287
G3_C3.4,50hertz,overall,ensemble,wis,407.57464364854667
G3_C3.4,50hertz,overall,ensemble,lqs,203.78732182427333
G3_C3.4,50hertz,overall,ensemble,mae_median,692.4064600320877
G3_C3.4,50hertz,overall,ensemble,cov50,52.147036617591546
G3_C3.4,50hertz,overall,ensemble,cov95,97.70904114760287
G3_C3.4,50hertz,overall,ensemble,crps,500.5301246121199
G3_C3.4,50hertz,overall,ensemble,energy_score,5723.307281972898
G3_C3.4,amprion,overall,point,rmse,1149.8140118600634
G3_C3.4,amprion,overall,point,r2,0.8809273810556122
G3_C3.4,amprion,overall,point,mae,797.2442139377561
G3_C3.4,amprion,overall,point,smape,4.211912154922987
G3_C3.4,amprion,overall,quantile,wis,485.02337683058227
G3_C3.4,amprion,overall,quantile,lqs,242.5116884152912
G3_C3.4,amprion,overall,quantile,mae_median,790.0809259259391
G3_C3.4,amprion,overall,quantile,cov50,57.4650811627029
G3_C3.4,amprion,overall,quantile,cov95,96.95521895054738
G3_C3.4,amprion,overall,ensemble,wis,485.02337683058227
G3_C3.4,amprion,overall,ensemble,lqs,242.5116884152912
G3_C3.4,amprion,overall,ensemble,mae_median,790.0809259259391
G3_C3.4,amprion,overall,ensemble,cov50,57.4650811627029
G3_C3.4,amprion,overall,ensemble,cov95,96.95521895054738
G3_C3.4,amprion,overall,ensemble,crps,591.7550916846554
G3_C3.4,amprion,overall,ensemble,energy_score,6866.699567189378
G3_C3.4,de_lu,overall,point,rmse,2955.2840646301565
G3_C3.4,de_lu,overall,point,r2,0.9006955497670689
G3_C3.4,de_lu,overall,point,mae,1971.998948560911
G3_C3.4,de_lu,overall,point,smape,3.7142492661874145
G3_C3.4,de_lu,overall,quantile,wis,1226.747289177663
G3_C3.4,de_lu,overall,quantile,lqs,613.3736445888317
G3_C3.4,de_lu,overall,quantile,mae_median,1944.2353475143805
G3_C3.4,de_lu,overall,quantile,cov50,66.18889203473009
G3_C3.4,de_lu,overall,quantile,cov95,98.38854284635713
G3_C3.4,de_lu,overall,ensemble,wis,1226.747289177663
G3_C3.4,de_lu,overall,ensemble,lqs,613.3736445888317
G3_C3.4,de_lu,overall,ensemble,mae_median,1944.2353475143805
G3_C3.4,de_lu,overall,ensemble,cov50,66.18889203473009
G3_C3.4,de_lu,overall,ensemble,cov95,98.38854284635713
G3_C3.4,de_lu,overall,ensemble,crps,1503.6305650958357
G3_C3.4,de_lu,overall,ensemble,energy_score,16918.11875222892
G3_C3.4,lu,overall,point,rmse,32.5104226390162
G3_C3.4,lu,overall,point,r2,0.8916998690846569
G3_C3.4,lu,overall,point,mae,21.023405131621434
G3_C3.4,lu,overall,point,smape,3.8447385523280087
G3_C3.4,lu,overall,quantile,wis,12.7560348623083
G3_C3.4,lu,overall,quantile,lqs,6.37801743115415
G3_C3.4,lu,overall,quantile,mae_median,20.69033099725132
G3_C3.4,lu,overall,quantile,cov50,55.48202151755379
G3_C3.4,lu,overall,quantile,cov95,96.81011702529257
G3_C3.4,lu,overall,ensemble,wis,12.7560348623083
G3_C3.4,lu,overall,ensemble,lqs,6.37801743115415
G3_C3.4,lu,overall,ensemble,mae_median,20.69033099725132
G3_C3.4,lu,overall,ensemble,cov50,55.48202151755379
G3_C3.4,lu,overall,ensemble,cov95,96.81011702529257
G3_C3.4,lu,overall,ensemble,crps,15.499144862166759
G3_C3.4,lu,overall,ensemble,energy_score,178.31739014478998
G3_C3.4,tennet,overall,point,rmse,903.6837798172975
G3_C3.4,tennet,overall,point,r2,0.9006132369496183
G3_C3.4,tennet,overall,point,mae,599.1834510883488
G3_C3.4,tennet,overall,point,smape,3.8496729383375996
G3_C3.4,tennet,overall,quantile,wis,361.7733144276142
G3_C3.4,tennet,overall,quantile,lqs,180.88665721380713
G3_C3.4,tennet,overall,quantile,mae_median,591.474881547282
G3_C3.4,tennet,overall,quantile,cov50,54.60079275198188
G3_C3.4,tennet,overall,quantile,cov95,96.68860890902228
G3_C3.4,tennet,overall,ensemble,wis,361.7733144276142
G3_C3.4,tennet,overall,ensemble,lqs,180.88665721380713
G3_C3.4,tennet,overall,ensemble,mae_median,591.474881547282
G3_C3.4,tennet,overall,ensemble,cov50,54.60079275198188
G3_C3.4,tennet,overall,ensemble,cov95,96.68860890902228
G3_C3.4,tennet,overall,ensemble,crps,439.62510366507087
G3_C3.4,tennet,overall,ensemble,energy_score,5070.861092444779
G3_C3.4,transnetbw,overall,point,rmse,489.23701393238133
G3_C3.4,transnetbw,overall,point,r2,0.8747460466099153
G3_C3.4,transnetbw,overall,point,mae,309.86567651477867
G3_C3.4,transnetbw,overall,point,smape,4.809089688528739
G3_C3.4,transnetbw,overall,quantile,wis,187.67595996437336
G3_C3.4,transnetbw,overall,quantile,lqs,93.83797998218668
G3_C3.4,transnetbw,overall,quantile,mae_median,305.4596331764345
G3_C3.4,transnetbw,overall,quantile,cov50,54.91459041147603
G3_C3.4,transnetbw,overall,quantile,cov95,96.6496791241978
G3_C3.4,transnetbw,overall,ensemble,wis,187.67595996437336
G3_C3.4,transnetbw,overall,ensemble,lqs,93.83797998218668
G3_C3.4,transnetbw,overall,ensemble,mae_median,305.4596331764345
G3_C3.4,transnetbw,overall,ensemble,cov50,54.91459041147603
G3_C3.4,transnetbw,overall,ensemble,cov95,96.6496791241978
G3_C3.4,transnetbw,overall,ensemble,crps,227.22351671459526
G3_C3.4,transnetbw,overall,ensemble,energy_score,2633.62370936825
G3_C4,50hertz,2024,point,rmse,793.5473440798582
G3_C4,50hertz,2024,point,r2,0.8189901223779215
G3_C4,50hertz,2024,point,mae,604.2502978223392
G3_C4,50hertz,2024,point,smape,5.276147648795247
G3_C4,50hertz,2024,quantile,wis,356.4066532900729
G3_C4,50hertz,2024,quantile,lqs,178.2033266450364
G3_C4,50hertz,2024,quantile,mae_median,603.7752672472677
G3_C4,50hertz,2024,quantile,cov50,48.63387978142077
G3_C4,50hertz,2024,quantile,cov95,95.8589480874317
G3_C4,50hertz,2024,ensemble,wis,356.4066532900729
G3_C4,50hertz,2024,ensemble,lqs,178.2033266450364
G3_C4,50hertz,2024,ensemble,mae_median,603.7752672472677
G3_C4,50hertz,2024,ensemble,cov50,48.63387978142077
G3_C4,50hertz,2024,ensemble,cov95,95.8589480874317
G3_C4,50hertz,2024,ensemble,crps,436.1454929655909
G3_C4,50hertz,2024,ensemble,energy_score,5075.242170633857
G3_C4,50hertz,2025,point,rmse,879.5223429741774
G3_C4,50hertz,2025,point,r2,0.7819091177316053
G3_C4,50hertz,2025,point,mae,682.1796373939986
G3_C4,50hertz,2025,point,smape,5.952912512672542
G3_C4,50hertz,2025,quantile,wis,399.7246134246575
G3_C4,50hertz,2025,quantile,lqs,199.86230671232877
G3_C4,50hertz,2025,quantile,mae_median,682.0072719178082
G3_C4,50hertz,2025,quantile,cov50,48.43321917808219
G3_C4,50hertz,2025,quantile,cov95,96.36415525114155
G3_C4,50hertz,2025,ensemble,wis,399.7246134246575
G3_C4,50hertz,2025,ensemble,lqs,199.86230671232877
G3_C4,50hertz,2025,ensemble,mae_median,682.0072719178082
G3_C4,50hertz,2025,ensemble,cov50,48.43321917808219
G3_C4,50hertz,2025,ensemble,cov95,96.36415525114155
G3_C4,50hertz,2025,ensemble,crps,490.15201082274615
G3_C4,50hertz,2025,ensemble,energy_score,5670.4886622821505
G3_C4,50hertz,2026H1,point,rmse,928.8256018755328
G3_C4,50hertz,2026H1,point,r2,0.814381761350675
G3_C4,50hertz,2026H1,point,mae,682.7682388001253
G3_C4,50hertz,2026H1,point,smape,5.7250646187676715
G3_C4,50hertz,2026H1,quantile,wis,408.95927341008775
G3_C4,50hertz,2026H1,quantile,lqs,204.4796367050439
G3_C4,50hertz,2026H1,quantile,mae_median,678.7379342105264
G3_C4,50hertz,2026H1,quantile,cov50,52.10389254385965
G3_C4,50hertz,2026H1,quantile,cov95,94.27768640350878
G3_C4,50hertz,2026H1,ensemble,wis,408.95927341008775
G3_C4,50hertz,2026H1,ensemble,lqs,204.4796367050439
G3_C4,50hertz,2026H1,ensemble,mae_median,678.7379342105264
G3_C4,50hertz,2026H1,ensemble,cov50,52.10389254385965
G3_C4,50hertz,2026H1,ensemble,cov95,94.27768640350878
G3_C4,50hertz,2026H1,ensemble,crps,500.44028472501935
G3_C4,50hertz,2026H1,ensemble,energy_score,5697.840448302316
G3_C4,amprion,2024,point,rmse,1148.1875522864868
G3_C4,amprion,2024,point,r2,0.879206630010668
G3_C4,amprion,2024,point,mae,780.5673048213473
G3_C4,amprion,2024,point,smape,4.23960399093156
G3_C4,amprion,2024,quantile,wis,478.1771107090847
G3_C4,amprion,2024,quantile,lqs,239.08855535454236
G3_C4,amprion,2024,quantile,mae_median,771.5773254468352
G3_C4,amprion,2024,quantile,cov50,50.298838797814206
G3_C4,amprion,2024,quantile,cov95,94.35052367941712
G3_C4,amprion,2024,ensemble,wis,478.1771107090847
G3_C4,amprion,2024,ensemble,lqs,239.08855535454236
G3_C4,amprion,2024,ensemble,mae_median,771.5773254468352
G3_C4,amprion,2024,ensemble,cov50,50.298838797814206
G3_C4,amprion,2024,ensemble,cov95,94.35052367941712
G3_C4,amprion,2024,ensemble,crps,575.0655877717028
G3_C4,amprion,2024,ensemble,energy_score,6694.512449581323
G3_C4,amprion,2025,point,rmse,1057.466367769163
G3_C4,amprion,2025,point,r2,0.8940085049825707
G3_C4,amprion,2025,point,mae,726.4263223575233
G3_C4,amprion,2025,point,smape,3.8173078439484684
G3_C4,amprion,2025,quantile,wis,435.1403371203197
G3_C4,amprion,2025,quantile,lqs,217.57016856015989
G3_C4,amprion,2025,quantile,mae_median,721.9929891215754
G3_C4,amprion,2025,quantile,cov50,50.017123287671225
G3_C4,amprion,2025,quantile,cov95,95.44235159817352
G3_C4,amprion,2025,ensemble,wis,435.1403371203197
G3_C4,amprion,2025,ensemble,lqs,217.57016856015989
G3_C4,amprion,2025,ensemble,mae_median,721.9929891215754
G3_C4,amprion,2025,ensemble,cov50,50.017123287671225
G3_C4,amprion,2025,ensemble,cov95,95.44235159817352
G3_C4,amprion,2025,ensemble,crps,528.813083686592
G3_C4,amprion,2025,ensemble,energy_score,6241.842535744636
G3_C4,amprion,2026H1,point,rmse,1253.2675394267524
G3_C4,amprion,2026H1,point,r2,0.8662281959661029
G3_C4,amprion,2026H1,point,mae,872.7282386897909
G3_C4,amprion,2026H1,point,smape,4.431133689138314
G3_C4,amprion,2026H1,quantile,wis,533.3802777114857
G3_C4,amprion,2026H1,quantile,lqs,266.69013885574293
G3_C4,amprion,2026H1,quantile,mae_median,872.1616960505756
G3_C4,amprion,2026H1,quantile,cov50,51.2952302631579
G3_C4,amprion,2026H1,quantile,cov95,93.93503289473685
G3_C4,amprion,2026H1,ensemble,wis,533.3802777114857
G3_C4,amprion,2026H1,ensemble,lqs,266.69013885574293
G3_C4,amprion,2026H1,ensemble,mae_median,872.1616960505756
G3_C4,amprion,2026H1,ensemble,cov50,51.2952302631579
G3_C4,amprion,2026H1,ensemble,cov95,93.93503289473685
G3_C4,amprion,2026H1,ensemble,crps,646.816079257713
G3_C4,amprion,2026H1,ensemble,energy_score,7484.341759319131
G3_C4,de_lu,2024,point,rmse,2682.230766182782
G3_C4,de_lu,2024,point,r2,0.9155724025232655
G3_C4,de_lu,2024,point,mae,1717.9958059715445
G3_C4,de_lu,2024,point,smape,3.2681571826977214
G3_C4,de_lu,2024,quantile,wis,1070.5197977146404
G3_C4,de_lu,2024,quantile,lqs,535.2598988573201
G3_C4,de_lu,2024,quantile,mae_median,1699.416626363274
G3_C4,de_lu,2024,quantile,cov50,61.41848816029144
G3_C4,de_lu,2024,quantile,cov95,97.6349043715847
G3_C4,de_lu,2024,ensemble,wis,1070.5197977146404
G3_C4,de_lu,2024,ensemble,lqs,535.2598988573201
G3_C4,de_lu,2024,ensemble,mae_median,1699.416626363274
G3_C4,de_lu,2024,ensemble,cov50,61.41848816029144
G3_C4,de_lu,2024,ensemble,cov95,97.6349043715847
G3_C4,de_lu,2024,ensemble,crps,1299.270461617807
G3_C4,de_lu,2024,ensemble,energy_score,14713.312549721239
G3_C4,de_lu,2025,point,rmse,2712.549975867603
G3_C4,de_lu,2025,point,r2,0.9140881824908744
G3_C4,de_lu,2025,point,mae,1746.0525461026039
G3_C4,de_lu,2025,point,smape,3.308694781413071
G3_C4,de_lu,2025,quantile,wis,1074.4468761825485
G3_C4,de_lu,2025,quantile,lqs,537.2234380912744
G3_C4,de_lu,2025,quantile,mae_median,1728.4713921929224
G3_C4,de_lu,2025,quantile,cov50,63.18778538812785
G3_C4,de_lu,2025,quantile,cov95,97.63698630136986
G3_C4,de_lu,2025,ensemble,wis,1074.4468761825485
G3_C4,de_lu,2025,ensemble,lqs,537.2234380912744
G3_C4,de_lu,2025,ensemble,mae_median,1728.4713921929224
G3_C4,de_lu,2025,ensemble,cov50,63.18778538812785
G3_C4,de_lu,2025,ensemble,cov95,97.63698630136986
G3_C4,de_lu,2025,ensemble,crps,1312.1914180609201
G3_C4,de_lu,2025,ensemble,energy_score,14923.858239776644
G3_C4,de_lu,2026H1,point,rmse,3356.21797482566
G3_C4,de_lu,2026H1,point,r2,0.8821403315292367
G3_C4,de_lu,2026H1,point,mae,2159.313270903858
G3_C4,de_lu,2026H1,point,smape,4.0130344768823525
G3_C4,de_lu,2026H1,quantile,wis,1342.8138532386617
G3_C4,de_lu,2026H1,quantile,lqs,671.4069266193308
G3_C4,de_lu,2026H1,quantile,mae_median,2135.913729703331
G3_C4,de_lu,2026H1,quantile,cov50,61.78042763157895
G3_C4,de_lu,2026H1,quantile,cov95,96.43640350877193
G3_C4,de_lu,2026H1,ensemble,wis,1342.8138532386617
G3_C4,de_lu,2026H1,ensemble,lqs,671.4069266193308
G3_C4,de_lu,2026H1,ensemble,mae_median,2135.913729703331
G3_C4,de_lu,2026H1,ensemble,cov50,61.78042763157895
G3_C4,de_lu,2026H1,ensemble,cov95,96.43640350877193
G3_C4,de_lu,2026H1,ensemble,crps,1637.5827179001953
G3_C4,de_lu,2026H1,ensemble,energy_score,18240.154254884546
G3_C4,lu,2024,point,rmse,27.520356617795674
G3_C4,lu,2024,point,r2,0.9215856685964565
G3_C4,lu,2024,point,mae,17.213438643854627
G3_C4,lu,2024,point,smape,3.1066519127477608
G3_C4,lu,2024,quantile,wis,10.547563735200365
G3_C4,lu,2024,quantile,lqs,5.273781867600182
G3_C4,lu,2024,quantile,mae_median,16.7600018784153
G3_C4,lu,2024,quantile,cov50,49.302709471766846
G3_C4,lu,2024,quantile,cov95,94.62659380692168
G3_C4,lu,2024,ensemble,wis,10.547563735200365
G3_C4,lu,2024,ensemble,lqs,5.273781867600182
G3_C4,lu,2024,ensemble,mae_median,16.7600018784153
G3_C4,lu,2024,ensemble,cov50,49.302709471766846
G3_C4,lu,2024,ensemble,cov95,94.62659380692168
G3_C4,lu,2024,ensemble,crps,12.62957322515375
G3_C4,lu,2024,ensemble,energy_score,146.2410764526928
G3_C4,lu,2025,point,rmse,29.67680726051133
G3_C4,lu,2025,point,r2,0.90953861411955
G3_C4,lu,2025,point,mae,19.009559604669494
G3_C4,lu,2025,point,smape,3.492596599092805
G3_C4,lu,2025,quantile,wis,11.694609198416094
G3_C4,lu,2025,quantile,lqs,5.847304599208048
G3_C4,lu,2025,quantile,mae_median,18.793334902968038
G3_C4,lu,2025,quantile,cov50,50.37385844748859
G3_C4,lu,2025,quantile,cov95,94.17237442922375
G3_C4,lu,2025,ensemble,wis,11.694609198416094
G3_C4,lu,2025,ensemble,lqs,5.847304599208048
G3_C4,lu,2025,ensemble,mae_median,18.793334902968038
G3_C4,lu,2025,ensemble,cov50,50.37385844748859
G3_C4,lu,2025,ensemble,cov95,94.17237442922375
G3_C4,lu,2025,ensemble,crps,14.08684360779129
G3_C4,lu,2025,ensemble,energy_score,162.504360309036
G3_C4,lu,2026H1,point,rmse,39.166955172848795
G3_C4,lu,2026H1,point,r2,0.845977435972801
G3_C4,lu,2026H1,point,mae,24.89882883456362
G3_C4,lu,2026H1,point,smape,4.636888690364463
G3_C4,lu,2026H1,quantile,wis,15.252926055602385
G3_C4,lu,2026H1,quantile,lqs,7.626463027801192
G3_C4,lu,2026H1,quantile,mae_median,24.296706755413926
G3_C4,lu,2026H1,quantile,cov50,51.35690789473685
G3_C4,lu,2026H1,quantile,cov95,94.06524122807018
G3_C4,lu,2026H1,ensemble,wis,15.252926055602385
G3_C4,lu,2026H1,ensemble,lqs,7.626463027801192
G3_C4,lu,2026H1,ensemble,mae_median,24.296706755413926
G3_C4,lu,2026H1,ensemble,cov50,51.35690789473685
G3_C4,lu,2026H1,ensemble,cov95,94.06524122807018
G3_C4,lu,2026H1,ensemble,crps,18.411224543141863
G3_C4,lu,2026H1,ensemble,energy_score,213.6852707122225
G3_C4,tennet,2024,point,rmse,776.2945393846653
G3_C4,tennet,2024,point,r2,0.9231952228607548
G3_C4,tennet,2024,point,mae,494.5326916092029
G3_C4,tennet,2024,point,smape,3.147521171211507
G3_C4,tennet,2024,quantile,wis,301.87475478142073
G3_C4,tennet,2024,quantile,lqs,150.93737739071042
G3_C4,tennet,2024,quantile,mae_median,489.2376872723134
G3_C4,tennet,2024,quantile,cov50,49.81500455373406
G3_C4,tennet,2024,quantile,cov95,95.21004098360656
G3_C4,tennet,2024,ensemble,wis,301.87475478142073
G3_C4,tennet,2024,ensemble,lqs,150.93737739071042
G3_C4,tennet,2024,ensemble,mae_median,489.2376872723134
G3_C4,tennet,2024,ensemble,cov50,49.81500455373406
G3_C4,tennet,2024,ensemble,cov95,95.21004098360656
G3_C4,tennet,2024,ensemble,crps,363.4085118221545
G3_C4,tennet,2024,ensemble,energy_score,4228.778257101953
G3_C4,tennet,2025,point,rmse,815.6452932674338
G3_C4,tennet,2025,point,r2,0.9180240704339561
G3_C4,tennet,2025,point,mae,517.7239037304305
G3_C4,tennet,2025,point,smape,3.326101991472196
G3_C4,tennet,2025,quantile,wis,316.53345166095886
G3_C4,tennet,2025,quantile,lqs,158.26672583047946
G3_C4,tennet,2025,quantile,mae_median,512.9525357020548
G3_C4,tennet,2025,quantile,cov50,49.07248858447489
G3_C4,tennet,2025,quantile,cov95,93.67865296803653
G3_C4,tennet,2025,ensemble,wis,316.53345166095886
G3_C4,tennet,2025,ensemble,lqs,158.26672583047946
G3_C4,tennet,2025,ensemble,mae_median,512.9525357020548
G3_C4,tennet,2025,ensemble,cov50,49.07248858447489
G3_C4,tennet,2025,ensemble,cov95,93.67865296803653
G3_C4,tennet,2025,ensemble,crps,380.3195563055245
G3_C4,tennet,2025,ensemble,energy_score,4400.0894936833965
G3_C4,tennet,2026H1,point,rmse,1107.2999678033536
G3_C4,tennet,2026H1,point,r2,0.8684524898430938
G3_C4,tennet,2026H1,point,mae,721.202181867429
G3_C4,tennet,2026H1,point,smape,4.789774794155231
G3_C4,tennet,2026H1,quantile,wis,441.7060805235746
G3_C4,tennet,2026H1,quantile,lqs,220.85304026178727
G3_C4,tennet,2026H1,quantile,mae_median,713.4795271381579
G3_C4,tennet,2026H1,quantile,cov50,50.39747807017544
G3_C4,tennet,2026H1,quantile,cov95,93.61293859649122
G3_C4,tennet,2026H1,ensemble,wis,441.7060805235746
G3_C4,tennet,2026H1,ensemble,lqs,220.85304026178727
G3_C4,tennet,2026H1,ensemble,mae_median,713.4795271381579
G3_C4,tennet,2026H1,ensemble,cov50,50.39747807017544
G3_C4,tennet,2026H1,ensemble,cov95,93.61293859649122
G3_C4,tennet,2026H1,ensemble,crps,532.7854801630813
G3_C4,tennet,2026H1,ensemble,energy_score,6118.0553499087055
G3_C4,transnetbw,2024,point,rmse,420.171177449812
G3_C4,transnetbw,2024,point,r2,0.9059393995613234
G3_C4,transnetbw,2024,point,mae,252.09590678940063
G3_C4,transnetbw,2024,point,smape,3.985528963366701
G3_C4,transnetbw,2024,quantile,wis,154.9560175318761
G3_C4,transnetbw,2024,quantile,lqs,77.47800876593807
G3_C4,transnetbw,2024,quantile,mae_median,247.39387693533698
G3_C4,transnetbw,2024,quantile,cov50,50.30453096539163
G3_C4,transnetbw,2024,quantile,cov95,94.64936247723132
G3_C4,transnetbw,2024,ensemble,wis,154.9560175318761
G3_C4,transnetbw,2024,ensemble,lqs,77.47800876593807
G3_C4,transnetbw,2024,ensemble,mae_median,247.39387693533698
G3_C4,transnetbw,2024,ensemble,cov50,50.30453096539163
G3_C4,transnetbw,2024,ensemble,cov95,94.64936247723132
G3_C4,transnetbw,2024,ensemble,crps,185.6868862217018
G3_C4,transnetbw,2024,ensemble,energy_score,2159.8245223356116
G3_C4,transnetbw,2025,point,rmse,441.9619833032651
G3_C4,transnetbw,2025,point,r2,0.8971093058507096
G3_C4,transnetbw,2025,point,mae,266.3784975387312
G3_C4,transnetbw,2025,point,smape,4.2304784337969545
G3_C4,transnetbw,2025,quantile,wis,163.78524556678082
G3_C4,transnetbw,2025,quantile,lqs,81.89262278339041
G3_C4,transnetbw,2025,quantile,mae_median,263.2604231364155
G3_C4,transnetbw,2025,quantile,cov50,48.647260273972606
G3_C4,transnetbw,2025,quantile,cov95,93.57020547945206
G3_C4,transnetbw,2025,ensemble,wis,163.78524556678082
G3_C4,transnetbw,2025,ensemble,lqs,81.89262278339041
G3_C4,transnetbw,2025,ensemble,mae_median,263.2604231364155
G3_C4,transnetbw,2025,ensemble,cov50,48.647260273972606
G3_C4,transnetbw,2025,ensemble,cov95,93.57020547945206
G3_C4,transnetbw,2025,ensemble,crps,196.04370324402174
G3_C4,transnetbw,2025,ensemble,energy_score,2284.3895084950836
G3_C4,transnetbw,2026H1,point,rmse,549.6477289647183
G3_C4,transnetbw,2026H1,point,r2,0.8346376091766678
G3_C4,transnetbw,2026H1,point,mae,331.1684379242377
G3_C4,transnetbw,2026H1,point,smape,4.900014024617745
G3_C4,transnetbw,2026H1,quantile,wis,207.86546430921052
G3_C4,transnetbw,2026H1,quantile,lqs,103.93273215460529
G3_C4,transnetbw,2026H1,quantile,mae_median,328.4828730811403
G3_C4,transnetbw,2026H1,quantile,cov50,51.11019736842105
G3_C4,transnetbw,2026H1,quantile,cov95,93.14007675438597
G3_C4,transnetbw,2026H1,ensemble,wis,207.86546430921052
G3_C4,transnetbw,2026H1,ensemble,lqs,103.93273215460529
G3_C4,transnetbw,2026H1,ensemble,mae_median,328.4828730811403
G3_C4,transnetbw,2026H1,ensemble,cov50,51.11019736842105
G3_C4,transnetbw,2026H1,ensemble,cov95,93.14007675438597
G3_C4,transnetbw,2026H1,ensemble,crps,248.77231870039682
G3_C4,transnetbw,2026H1,ensemble,energy_score,2867.3508002637477
G3_C4,50hertz,overall,point,rmse,853.9819354315662
G3_C4,50hertz,overall,point,r2,0.8063889468730151
G3_C4,50hertz,overall,point,mae,649.9795571340937
G3_C4,50hertz,overall,point,smape,5.633174324617469
G3_C4,50hertz,overall,quantile,wis,383.35914899490376
G3_C4,50hertz,overall,quantile,lqs,191.6795744974519
G3_C4,50hertz,overall,quantile,mae_median,649.0176308748585
G3_C4,50hertz,overall,quantile,cov50,49.14826349565874
G3_C4,50hertz,overall,quantile,cov95,95.79558323895809
G3_C4,50hertz,overall,ensemble,wis,383.35914899490376
G3_C4,50hertz,overall,ensemble,lqs,191.6795744974519
G3_C4,50hertz,overall,ensemble,mae_median,649.0176308748585
G3_C4,50hertz,overall,ensemble,cov50,49.14826349565874
G3_C4,50hertz,overall,ensemble,cov95,95.79558323895809
G3_C4,50hertz,overall,ensemble,crps,469.53755113693273
G3_C4,50hertz,overall,ensemble,energy_score,5428.469699124495
G3_C4,amprion,overall,point,rmse,1130.9551531462237
G3_C4,amprion,overall,point,r2,0.8848013260693608
G3_C4,amprion,overall,point,mae,774.0520198255463
G3_C4,amprion,overall,point,smape,4.098012168144017
G3_C4,amprion,overall,quantile,wis,469.8899748364524
G3_C4,amprion,overall,quantile,lqs,234.94498741822622
G3_C4,amprion,overall,quantile,mae_median,768.3956058240138
G3_C4,amprion,overall,quantile,cov50,50.35390713476784
G3_C4,amprion,overall,quantile,cov95,94.7303227633069
G3_C4,amprion,overall,ensemble,wis,469.8899748364524
G3_C4,amprion,overall,ensemble,lqs,234.94498741822622
G3_C4,amprion,overall,ensemble,mae_median,768.3956058240138
G3_C4,amprion,overall,ensemble,cov50,50.35390713476784
G3_C4,amprion,overall,ensemble,cov95,94.7303227633069
G3_C4,amprion,overall,ensemble,crps,568.2976497363778
G3_C4,amprion,overall,ensemble,energy_score,6643.356771812077
G3_C4,de_lu,overall,point,rmse,2821.8003863456624
G3_C4,de_lu,overall,point,r2,0.9094636827751299
G3_C4,de_lu,overall,point,mae,1805.5620175429467
G3_C4,de_lu,overall,point,smape,3.413137445718296
G3_C4,de_lu,overall,quantile,wis,1119.0159246460532
G3_C4,de_lu,overall,quantile,lqs,559.5079623230267
G3_C4,de_lu,overall,quantile,mae_median,1786.5656062449393
G3_C4,de_lu,overall,quantile,cov50,62.21215553038883
G3_C4,de_lu,overall,quantile,cov95,97.42945451113629
G3_C4,de_lu,overall,ensemble,wis,1119.0159246460532
G3_C4,de_lu,overall,ensemble,lqs,559.5079623230267
G3_C4,de_lu,overall,ensemble,mae_median,1786.5656062449393
G3_C4,de_lu,overall,ensemble,cov50,62.21215553038883
G3_C4,de_lu,overall,ensemble,cov95,97.42945451113629
G3_C4,de_lu,overall,ensemble,crps,1362.8487312176478
G3_C4,de_lu,overall,ensemble,energy_score,15407.456509013477
G3_C4,lu,overall,point,rmse,30.69289101210484
G3_C4,lu,overall,point,r2,0.9034706581142988
G3_C4,lu,overall,point,mae,19.278855925491314
G3_C4,lu,overall,point,smape,3.529602989433695
G3_C4,lu,overall,quantile,wis,11.831693595647533
G3_C4,lu,overall,quantile,lqs,5.915846797823766
G3_C4,lu,overall,quantile,mae_median,18.897879222996885
G3_C4,lu,overall,quantile,cov50,50.09909399773499
G3_C4,lu,overall,quantile,cov95,94.34220460551151
G3_C4,lu,overall,ensemble,wis,11.831693595647533
G3_C4,lu,overall,ensemble,lqs,5.915846797823766
G3_C4,lu,overall,ensemble,mae_median,18.897879222996885
G3_C4,lu,overall,ensemble,cov50,50.09909399773499
G3_C4,lu,overall,ensemble,cov95,94.34220460551151
G3_C4,lu,overall,ensemble,crps,14.227211605671188
G3_C4,lu,overall,ensemble,energy_score,164.57359755689865
G3_C4,tennet,overall,point,rmse,857.8193791292807
G3_C4,tennet,overall,point,r2,0.9104455278918159
G3_C4,tennet,overall,point,mae,543.1380765961774
G3_C4,tennet,overall,point,smape,3.5040382154726593
G3_C4,tennet,overall,quantile,wis,332.00475010853154
G3_C4,tennet,overall,quantile,lqs,166.00237505426577
G3_C4,tennet,overall,quantile,mae_median,537.6416276307096
G3_C4,tennet,overall,quantile,cov50,49.60834277085693
G3_C4,tennet,overall,quantile,cov95,94.30209513023783
G3_C4,tennet,overall,ensemble,wis,332.00475010853154
G3_C4,tennet,overall,ensemble,lqs,166.00237505426577
G3_C4,tennet,overall,ensemble,mae_median,537.6416276307096
G3_C4,tennet,overall,ensemble,cov50,49.60834277085693
G3_C4,tennet,overall,ensemble,cov95,94.30209513023783
G3_C4,tennet,overall,ensemble,crps,399.5555451452021
G3_C4,tennet,overall,ensemble,energy_score,4624.813046976079
G3_C4,transnetbw,overall,point,rmse,453.78956853213504
G3_C4,transnetbw,overall,point,r2,0.8922389422842827
G3_C4,transnetbw,overall,point,mae,271.61138850627594
G3_C4,transnetbw,overall,point,smape,4.244201993963758
G3_C4,transnetbw,overall,quantile,wis,167.71355336754436
G3_C4,transnetbw,overall,quantile,lqs,83.85677668377218
G3_C4,transnetbw,overall,quantile,mae_median,267.91122322928464
G3_C4,transnetbw,overall,quantile,cov50,49.758163457908644
G3_C4,transnetbw,overall,quantile,cov95,93.94346923367308
G3_C4,transnetbw,overall,ensemble,wis,167.71355336754436
G3_C4,transnetbw,overall,ensemble,lqs,83.85677668377218
G3_C4,transnetbw,overall,ensemble,mae_median,267.91122322928464
G3_C4,transnetbw,overall,ensemble,cov50,49.758163457908644
G3_C4,transnetbw,overall,ensemble,cov95,93.94346923367308
G3_C4,transnetbw,overall,ensemble,crps,200.827570196683
G3_C4,transnetbw,overall,ensemble,energy_score,2333.1090231207577
G3_C5,50hertz,2024,point,rmse,744.6211332933896
G3_C5,50hertz,2024,point,r2,0.8406223915745152
G3_C5,50hertz,2024,point,mae,578.6619026070127
G3_C5,50hertz,2024,point,smape,5.057214575473642
G3_C5,50hertz,2024,quantile,wis,338.5673201844262
G3_C5,50hertz,2024,quantile,lqs,169.28366009221315
G3_C5,50hertz,2024,quantile,mae_median,579.5724945924409
G3_C5,50hertz,2024,quantile,cov50,50.44114298724954
G3_C5,50hertz,2024,quantile,cov95,97.49544626593807
G3_C5,50hertz,2024,ensemble,wis,338.5673201844262
G3_C5,50hertz,2024,ensemble,lqs,169.28366009221315
G3_C5,50hertz,2024,ensemble,mae_median,579.5724945924409
G3_C5,50hertz,2024,ensemble,cov50,50.44114298724954
G3_C5,50hertz,2024,ensemble,cov95,97.49544626593807
G3_C5,50hertz,2024,ensemble,crps,416.26783746099386
G3_C5,50hertz,2024,ensemble,energy_score,4863.820598762116
G3_C5,50hertz,2025,point,rmse,849.5869659552607
G3_C5,50hertz,2025,point,r2,0.7965023312691438
G3_C5,50hertz,2025,point,mae,666.6350172673407
G3_C5,50hertz,2025,point,smape,5.812543368428275
G3_C5,50hertz,2025,quantile,wis,391.26273997716896
G3_C5,50hertz,2025,quantile,lqs,195.63136998858448
G3_C5,50hertz,2025,quantile,mae_median,667.869055936073
G3_C5,50hertz,2025,quantile,cov50,50.35958904109589
G3_C5,50hertz,2025,quantile,cov95,97.5228310502283
G3_C5,50hertz,2025,ensemble,wis,391.26273997716896
G3_C5,50hertz,2025,ensemble,lqs,195.63136998858448
G3_C5,50hertz,2025,ensemble,mae_median,667.869055936073
G3_C5,50hertz,2025,ensemble,cov50,50.35958904109589
G3_C5,50hertz,2025,ensemble,cov95,97.5228310502283
G3_C5,50hertz,2025,ensemble,crps,480.79870966760376
G3_C5,50hertz,2025,ensemble,energy_score,5562.7052082434775
G3_C5,50hertz,2026H1,point,rmse,822.9058145301739
G3_C5,50hertz,2026H1,point,r2,0.8543023476531861
G3_C5,50hertz,2026H1,point,mae,614.8493455448518
G3_C5,50hertz,2026H1,point,smape,5.105072237563138
G3_C5,50hertz,2026H1,quantile,wis,367.9674228618422
G3_C5,50hertz,2026H1,quantile,lqs,183.98371143092106
G3_C5,50hertz,2026H1,quantile,mae_median,613.7158956962719
G3_C5,50hertz,2026H1,quantile,cov50,54.30372807017544
G3_C5,50hertz,2026H1,quantile,cov95,95.19599780701753
G3_C5,50hertz,2026H1,ensemble,wis,367.9674228618422
G3_C5,50hertz,2026H1,ensemble,lqs,183.98371143092106
G3_C5,50hertz,2026H1,ensemble,mae_median,613.7158956962719
G3_C5,50hertz,2026H1,ensemble,cov50,54.30372807017544
G3_C5,50hertz,2026H1,ensemble,cov95,95.19599780701753
G3_C5,50hertz,2026H1,ensemble,crps,452.02508015450337
G3_C5,50hertz,2026H1,ensemble,energy_score,5205.634502107762
G3_C5,amprion,2024,point,rmse,1022.3673754462233
G3_C5,amprion,2024,point,r2,0.904229579594588
G3_C5,amprion,2024,point,mae,711.7235390744914
G3_C5,amprion,2024,point,smape,3.8735515668140192
G3_C5,amprion,2024,quantile,wis,432.40122221491345
G3_C5,amprion,2024,quantile,lqs,216.20061110745672
G3_C5,amprion,2024,quantile,mae_median,704.9942633134108
G3_C5,amprion,2024,quantile,cov50,52.971311475409834
G3_C5,amprion,2024,quantile,cov95,94.90551001821494
G3_C5,amprion,2024,ensemble,wis,432.40122221491345
G3_C5,amprion,2024,ensemble,lqs,216.20061110745672
G3_C5,amprion,2024,ensemble,mae_median,704.9942633134108
G3_C5,amprion,2024,ensemble,cov50,52.971311475409834
G3_C5,amprion,2024,ensemble,cov95,94.90551001821494
G3_C5,amprion,2024,ensemble,crps,525.6834969603993
G3_C5,amprion,2024,ensemble,energy_score,6210.713996897576
G3_C5,amprion,2025,point,rmse,889.1978121177009
G3_C5,amprion,2025,point,r2,0.9250563809677936
G3_C5,amprion,2025,point,mae,641.5995179918733
G3_C5,amprion,2025,point,smape,3.3562562128239755
G3_C5,amprion,2025,quantile,wis,380.21028171917806
G3_C5,amprion,2025,quantile,lqs,190.10514085958906
G3_C5,amprion,2025,quantile,mae_median,638.9380284218037
G3_C5,amprion,2025,quantile,cov50,51.70376712328767
G3_C5,amprion,2025,quantile,cov95,96.90068493150686
G3_C5,amprion,2025,ensemble,wis,380.21028171917806
G3_C5,amprion,2025,ensemble,lqs,190.10514085958906
G3_C5,amprion,2025,ensemble,mae_median,638.9380284218037
G3_C5,amprion,2025,ensemble,cov50,51.70376712328767
G3_C5,amprion,2025,ensemble,cov95,96.90068493150686
G3_C5,amprion,2025,ensemble,crps,464.3503418605429
G3_C5,amprion,2025,ensemble,energy_score,5582.010283583622
G3_C5,amprion,2026H1,point,rmse,1010.4666051274052
G3_C5,amprion,2026H1,point,r2,0.9130397195581761
G3_C5,amprion,2026H1,point,mae,736.358258261115
G3_C5,amprion,2026H1,point,smape,3.7357478780115563
G3_C5,amprion,2026H1,quantile,wis,440.02461117283445
G3_C5,amprion,2026H1,quantile,lqs,220.0123055864172
G3_C5,amprion,2026H1,quantile,mae_median,739.4561687314966
G3_C5,amprion,2026H1,quantile,cov50,52.090186403508774
G3_C5,amprion,2026H1,quantile,cov95,95.99780701754386
G3_C5,amprion,2026H1,ensemble,wis,440.02461117283445
G3_C5,amprion,2026H1,ensemble,lqs,220.0123055864172
G3_C5,amprion,2026H1,ensemble,mae_median,739.4561687314966
G3_C5,amprion,2026H1,ensemble,cov50,52.090186403508774
G3_C5,amprion,2026H1,ensemble,cov95,95.99780701754386
G3_C5,amprion,2026H1,ensemble,crps,537.6382317095052
G3_C5,amprion,2026H1,ensemble,energy_score,6393.912584842913
G3_C5,de_lu,2024,point,rmse,2240.851290849561
G3_C5,de_lu,2024,point,r2,0.9410724717895422
G3_C5,de_lu,2024,point,mae,1496.5171763134867
G3_C5,de_lu,2024,point,smape,2.842736827283591
G3_C5,de_lu,2024,quantile,wis,930.5367301948771
G3_C5,de_lu,2024,quantile,lqs,465.2683650974385
G3_C5,de_lu,2024,quantile,mae_median,1484.4996196005238
G3_C5,de_lu,2024,quantile,cov50,65.48838797814209
G3_C5,de_lu,2024,quantile,cov95,98.37204007285975
G3_C5,de_lu,2024,ensemble,wis,930.5367301948771
G3_C5,de_lu,2024,ensemble,lqs,465.2683650974385
G3_C5,de_lu,2024,ensemble,mae_median,1484.4996196005238
G3_C5,de_lu,2024,ensemble,cov50,65.48838797814209
G3_C5,de_lu,2024,ensemble,cov95,98.37204007285975
G3_C5,de_lu,2024,ensemble,crps,1142.718303400334
G3_C5,de_lu,2024,ensemble,energy_score,13135.869870628732
G3_C5,de_lu,2025,point,rmse,2175.4535247186454
G3_C5,de_lu,2025,point,r2,0.9447417623917728
G3_C5,de_lu,2025,point,mae,1501.210923047945
G3_C5,de_lu,2025,point,smape,2.8307412439494386
G3_C5,de_lu,2025,quantile,wis,923.3859035320206
G3_C5,de_lu,2025,quantile,lqs,461.69295176601037
G3_C5,de_lu,2025,quantile,mae_median,1493.6955304132418
G3_C5,de_lu,2025,quantile,cov50,65.58504566210046
G3_C5,de_lu,2025,quantile,cov95,98.96689497716895
G3_C5,de_lu,2025,ensemble,wis,923.3859035320206
G3_C5,de_lu,2025,ensemble,lqs,461.69295176601037
G3_C5,de_lu,2025,ensemble,mae_median,1493.6955304132418
G3_C5,de_lu,2025,ensemble,cov50,65.58504566210046
G3_C5,de_lu,2025,ensemble,cov95,98.96689497716895
G3_C5,de_lu,2025,ensemble,crps,1134.6014414446504
G3_C5,de_lu,2025,ensemble,energy_score,13059.033740472656
G3_C5,de_lu,2026H1,point,rmse,2435.9199655581
G3_C5,de_lu,2026H1,point,r2,0.937914393614891
G3_C5,de_lu,2026H1,point,mae,1710.7403561350218
G3_C5,de_lu,2026H1,point,smape,3.1416293359557694
G3_C5,de_lu,2026H1,quantile,wis,1045.8654125033786
G3_C5,de_lu,2026H1,quantile,lqs,522.9327062516893
G3_C5,de_lu,2026H1,quantile,mae_median,1702.2190050747672
G3_C5,de_lu,2026H1,quantile,cov50,64.87801535087719
G3_C5,de_lu,2026H1,quantile,cov95,98.63623903508771
G3_C5,de_lu,2026H1,ensemble,wis,1045.8654125033786
G3_C5,de_lu,2026H1,ensemble,lqs,522.9327062516893
G3_C5,de_lu,2026H1,ensemble,mae_median,1702.2190050747672
G3_C5,de_lu,2026H1,ensemble,cov50,64.87801535087719
G3_C5,de_lu,2026H1,ensemble,cov95,98.63623903508771
G3_C5,de_lu,2026H1,ensemble,crps,1287.5556705215397
G3_C5,de_lu,2026H1,ensemble,energy_score,14711.9470616247
G3_C5,lu,2024,point,rmse,24.310047752776676
G3_C5,lu,2024,point,r2,0.938813029194544
G3_C5,lu,2024,point,mae,15.476196360807531
G3_C5,lu,2024,point,smape,2.7943977813783225
G3_C5,lu,2024,quantile,wis,9.465678449453552
G3_C5,lu,2024,quantile,lqs,4.732839224726776
G3_C5,lu,2024,quantile,mae_median,15.267047928051
G3_C5,lu,2024,quantile,cov50,52.30248178506375
G3_C5,lu,2024,quantile,cov95,95.5231102003643
G3_C5,lu,2024,ensemble,wis,9.465678449453552
G3_C5,lu,2024,ensemble,lqs,4.732839224726776
G3_C5,lu,2024,ensemble,mae_median,15.267047928051
G3_C5,lu,2024,ensemble,cov50,52.30248178506375
G3_C5,lu,2024,ensemble,cov95,95.5231102003643
G3_C5,lu,2024,ensemble,crps,11.426652547767741
G3_C5,lu,2024,ensemble,energy_score,133.9029857384016
G3_C5,lu,2025,point,rmse,26.45273511892432
G3_C5,lu,2025,point,r2,0.9281262919753861
G3_C5,lu,2025,point,mae,17.63283492199391
G3_C5,lu,2025,point,smape,3.249307242054938
G3_C5,lu,2025,quantile,wis,10.652697275970318
G3_C5,lu,2025,quantile,lqs,5.326348637985161
G3_C5,lu,2025,quantile,mae_median,17.449979138127855
G3_C5,lu,2025,quantile,cov50,51.66666666666667
G3_C5,lu,2025,quantile,cov95,95.86472602739727
G3_C5,lu,2025,ensemble,wis,10.652697275970318
G3_C5,lu,2025,ensemble,lqs,5.326348637985161
G3_C5,lu,2025,ensemble,mae_median,17.449979138127855
G3_C5,lu,2025,ensemble,cov50,51.66666666666667
G3_C5,lu,2025,ensemble,cov95,95.86472602739727
G3_C5,lu,2025,ensemble,crps,12.938694577560858
G3_C5,lu,2025,ensemble,energy_score,150.27688344963215
G3_C5,lu,2026H1,point,rmse,36.01544759012833
G3_C5,lu,2026H1,point,r2,0.8697666056879879
G3_C5,lu,2026H1,point,mae,22.744104038765535
G3_C5,lu,2026H1,point,smape,4.241685989261362
G3_C5,lu,2026H1,quantile,wis,13.891143484772478
G3_C5,lu,2026H1,quantile,lqs,6.94557174238624
G3_C5,lu,2026H1,quantile,mae_median,22.861988004728616
G3_C5,lu,2026H1,quantile,cov50,50.97313596491229
G3_C5,lu,2026H1,quantile,cov95,95.18229166666666
G3_C5,lu,2026H1,ensemble,wis,13.891143484772478
G3_C5,lu,2026H1,ensemble,lqs,6.94557174238624
G3_C5,lu,2026H1,ensemble,mae_median,22.861988004728616
G3_C5,lu,2026H1,ensemble,cov50,50.97313596491229
G3_C5,lu,2026H1,ensemble,cov95,95.18229166666666
G3_C5,lu,2026H1,ensemble,crps,16.87022446210625
G3_C5,lu,2026H1,ensemble,energy_score,197.26714822990988
G3_C5,tennet,2024,point,rmse,657.4042816887542
G3_C5,tennet,2024,point,r2,0.94491920151167
G3_C5,tennet,2024,point,mae,436.76204660529964
G3_C5,tennet,2024,point,smape,2.7757821292605147
G3_C5,tennet,2024,quantile,wis,263.2398085154827
G3_C5,tennet,2024,quantile,lqs,131.61990425774135
G3_C5,tennet,2024,quantile,mae_median,435.30504439890706
G3_C5,tennet,2024,quantile,cov50,49.8719262295082
G3_C5,tennet,2024,quantile,cov95,95.68818306010928
G3_C5,tennet,2024,ensemble,wis,263.2398085154827
G3_C5,tennet,2024,ensemble,lqs,131.61990425774135
G3_C5,tennet,2024,ensemble,mae_median,435.30504439890706
G3_C5,tennet,2024,ensemble,cov50,49.8719262295082
G3_C5,tennet,2024,ensemble,cov95,95.68818306010928
G3_C5,tennet,2024,ensemble,crps,318.99472804733614
G3_C5,tennet,2024,ensemble,energy_score,3778.9992628982964
G3_C5,tennet,2025,point,rmse,658.1467144743507
G3_C5,tennet,2025,point,r2,0.9466260780217091
G3_C5,tennet,2025,point,mae,445.4798324132963
G3_C5,tennet,2025,point,smape,2.837999163829981
G3_C5,tennet,2025,quantile,wis,267.2415961700913
G3_C5,tennet,2025,quantile,lqs,133.6207980850457
G3_C5,tennet,2025,quantile,mae_median,444.0062724600457
G3_C5,tennet,2025,quantile,cov50,49.68892694063927
G3_C5,tennet,2025,quantile,cov95,94.9343607305936
G3_C5,tennet,2025,ensemble,wis,267.2415961700913
G3_C5,tennet,2025,ensemble,lqs,133.6207980850457
G3_C5,tennet,2025,ensemble,mae_median,444.0062724600457
G3_C5,tennet,2025,ensemble,cov50,49.68892694063927
G3_C5,tennet,2025,ensemble,cov95,94.9343607305936
G3_C5,tennet,2025,ensemble,crps,324.3031896820867
G3_C5,tennet,2025,ensemble,energy_score,3820.8395498560635
G3_C5,tennet,2026H1,point,rmse,829.107347248324
G3_C5,tennet,2026H1,point,r2,0.9262480367888474
G3_C5,tennet,2026H1,point,mae,588.0159199235068
G3_C5,tennet,2026H1,point,smape,3.860951959345546
G3_C5,tennet,2026H1,quantile,wis,349.5751740542763
G3_C5,tennet,2026H1,quantile,lqs,174.78758702713816
G3_C5,tennet,2026H1,quantile,mae_median,585.6113617050439
G3_C5,tennet,2026H1,quantile,cov50,51.35005482456141
G3_C5,tennet,2026H1,quantile,cov95,95.56606359649122
G3_C5,tennet,2026H1,ensemble,wis,349.5751740542763
G3_C5,tennet,2026H1,ensemble,lqs,174.78758702713816
G3_C5,tennet,2026H1,ensemble,mae_median,585.6113617050439
G3_C5,tennet,2026H1,ensemble,cov50,51.35005482456141
G3_C5,tennet,2026H1,ensemble,cov95,95.56606359649122
G3_C5,tennet,2026H1,ensemble,crps,426.9315757744435
G3_C5,tennet,2026H1,ensemble,energy_score,5069.769656871926
G3_C5,transnetbw,2024,point,rmse,355.45665125900183
G3_C5,transnetbw,2024,point,r2,0.9326824159109524
G3_C5,transnetbw,2024,point,mae,222.05303145871278
G3_C5,transnetbw,2024,point,smape,3.5038462358965967
G3_C5,transnetbw,2024,quantile,wis,135.72950853825137
G3_C5,transnetbw,2024,quantile,lqs,67.86475426912568
G3_C5,transnetbw,2024,quantile,mae_median,218.3313444899818
G3_C5,transnetbw,2024,quantile,cov50,50.62898451730419
G3_C5,transnetbw,2024,quantile,cov95,95.3125
G3_C5,transnetbw,2024,ensemble,wis,135.72950853825137
G3_C5,transnetbw,2024,ensemble,lqs,67.86475426912568
G3_C5,transnetbw,2024,ensemble,mae_median,218.3313444899818
G3_C5,transnetbw,2024,ensemble,cov50,50.62898451730419
G3_C5,transnetbw,2024,ensemble,cov95,95.3125
G3_C5,transnetbw,2024,ensemble,crps,163.28036653170676
G3_C5,transnetbw,2024,ensemble,energy_score,1937.452841194865
G3_C5,transnetbw,2025,point,rmse,354.1345990256598
G3_C5,transnetbw,2025,point,r2,0.9339393277949235
G3_C5,transnetbw,2025,point,mae,226.22511250964882
G3_C5,transnetbw,2025,point,smape,3.563289194312809
G3_C5,transnetbw,2025,quantile,wis,136.83572482363013
G3_C5,transnetbw,2025,quantile,lqs,68.41786241181508
G3_C5,transnetbw,2025,quantile,mae_median,224.06561972317348
G3_C5,transnetbw,2025,quantile,cov50,50.522260273972606
G3_C5,transnetbw,2025,quantile,cov95,95.31963470319634
G3_C5,transnetbw,2025,ensemble,wis,136.83572482363013
G3_C5,transnetbw,2025,ensemble,lqs,68.41786241181508
G3_C5,transnetbw,2025,ensemble,mae_median,224.06561972317348
G3_C5,transnetbw,2025,ensemble,cov50,50.522260273972606
G3_C5,transnetbw,2025,ensemble,cov95,95.31963470319634
G3_C5,transnetbw,2025,ensemble,crps,165.3042088370984
G3_C5,transnetbw,2025,ensemble,energy_score,1963.9106801102519
G3_C5,transnetbw,2026H1,point,rmse,420.67320923104916
G3_C5,transnetbw,2026H1,point,r2,0.9031370757096865
G3_C5,transnetbw,2026H1,point,mae,271.78559948047206
G3_C5,transnetbw,2026H1,point,smape,3.9558526721033127
G3_C5,transnetbw,2026H1,quantile,wis,163.51653867872804
G3_C5,transnetbw,2026H1,quantile,lqs,81.75826933936403
G3_C5,transnetbw,2026H1,quantile,mae_median,272.53156058114035
G3_C5,transnetbw,2026H1,quantile,cov50,51.80921052631579
G3_C5,transnetbw,2026H1,quantile,cov95,95.76480263157895
G3_C5,transnetbw,2026H1,ensemble,wis,163.51653867872804
G3_C5,transnetbw,2026H1,ensemble,lqs,81.75826933936403
G3_C5,transnetbw,2026H1,ensemble,mae_median,272.53156058114035
G3_C5,transnetbw,2026H1,ensemble,cov50,51.80921052631579
G3_C5,transnetbw,2026H1,ensemble,cov95,95.76480263157895
G3_C5,transnetbw,2026H1,ensemble,crps,199.44870849805565
G3_C5,transnetbw,2026H1,ensemble,energy_score,2379.0994079606476
G3_C5,50hertz,overall,point,rmse,802.9668308783181
G3_C5,50hertz,overall,point,r2,0.8288298659847501
G3_C5,50hertz,overall,point,mae,621.256102128611
G3_C5,50hertz,overall,point,smape,5.377678192762481
G3_C5,50hertz,overall,quantile,wis,365.41063143167236
G3_C5,50hertz,overall,quantile,lqs,182.70531571583615
G3_C5,50hertz,overall,quantile,mae_median,621.9485329369572
G3_C5,50hertz,overall,quantile,cov50,51.07233861834655
G3_C5,50hertz,overall,quantile,cov95,97.11093808984522
G3_C5,50hertz,overall,ensemble,wis,365.41063143167236
G3_C5,50hertz,overall,ensemble,lqs,182.70531571583615
G3_C5,50hertz,overall,ensemble,mae_median,621.9485329369572
G3_C5,50hertz,overall,ensemble,cov50,51.07233861834655
G3_C5,50hertz,overall,ensemble,cov95,97.11093808984522
G3_C5,50hertz,overall,ensemble,crps,449.0978139557006
G3_C5,50hertz,overall,ensemble,energy_score,5211.554002804285
G3_C5,amprion,overall,point,rmse,967.3902039894241
G3_C5,amprion,overall,point,r2,0.9157130996470987
G3_C5,amprion,overall,point,mae,686.9774571053082
G3_C5,amprion,overall,point,smape,3.6359989451783004
G3_C5,amprion,overall,quantile,wis,412.13968409561625
G3_C5,amprion,overall,quantile,lqs,206.06984204780815
G3_C5,amprion,overall,quantile,mae_median,683.6213118843197
G3_C5,amprion,overall,quantile,cov50,52.295677614194034
G3_C5,amprion,overall,quantile,cov95,95.91827104567761
G3_C5,amprion,overall,ensemble,wis,412.13968409561625
G3_C5,amprion,overall,ensemble,lqs,206.06984204780815
G3_C5,amprion,overall,ensemble,mae_median,683.6213118843197
G3_C5,amprion,overall,ensemble,cov50,52.295677614194034
G3_C5,amprion,overall,ensemble,cov95,95.91827104567761
G3_C5,amprion,overall,ensemble,crps,502.3885004376547
G3_C5,amprion,overall,ensemble,energy_score,5982.366692263486
G3_C5,de_lu,overall,point,rmse,2249.2377764450184
G3_C5,de_lu,overall,point,r2,0.9424770718428088
G3_C5,de_lu,overall,point,mae,1535.3338704142236
G3_C5,de_lu,overall,point,smape,2.889229775642827
G3_C5,de_lu,overall,quantile,wis,947.4335682231327
G3_C5,de_lu,overall,quantile,lqs,473.71678411156626
G3_C5,de_lu,overall,quantile,mae_median,1525.7791824982894
G3_C5,de_lu,overall,quantile,cov50,65.42327293318233
G3_C5,de_lu,overall,quantile,cov95,98.6634107210268
G3_C5,de_lu,overall,ensemble,wis,947.4335682231327
G3_C5,de_lu,overall,ensemble,lqs,473.71678411156626
G3_C5,de_lu,overall,ensemble,mae_median,1525.7791824982894
G3_C5,de_lu,overall,ensemble,cov50,65.42327293318233
G3_C5,de_lu,overall,ensemble,cov95,98.6634107210268
G3_C5,de_lu,overall,ensemble,crps,1164.2954553693019
G3_C5,de_lu,overall,ensemble,energy_score,13375.415222298514
G3_C5,lu,overall,point,rmse,27.522603154592368
G3_C5,lu,overall,point,r2,0.9223819429751009
G3_C5,lu,overall,point,mae,17.618772852180857
G3_C5,lu,overall,point,smape,3.2315775783717386
G3_C5,lu,overall,quantile,wis,10.718150201488768
G3_C5,lu,overall,quantile,lqs,5.359075100744384
G3_C5,lu,overall,quantile,mae_median,17.476788339526706
G3_C5,lu,overall,quantile,cov50,51.810824839562095
G3_C5,lu,overall,quantile,cov95,95.60565307663269
G3_C5,lu,overall,ensemble,wis,10.718150201488768
G3_C5,lu,overall,ensemble,lqs,5.359075100744384
G3_C5,lu,overall,ensemble,mae_median,17.476788339526706
G3_C5,lu,overall,ensemble,cov50,51.810824839562095
G3_C5,lu,overall,ensemble,cov95,95.60565307663269
G3_C5,lu,overall,ensemble,crps,12.988734395846947
G3_C5,lu,overall,ensemble,energy_score,151.57889215211438
G3_C5,tennet,overall,point,rmse,690.3050109994344
G3_C5,tennet,overall,point,r2,0.9420067264957304
G3_C5,tennet,overall,point,mae,466.40256819565786
G3_C5,tennet,overall,point,smape,2.98830198406321
G3_C5,tennet,overall,quantile,wis,279.7558085787089
G3_C5,tennet,overall,quantile,lqs,139.8779042893545
G3_C5,tennet,overall,quantile,mae_median,464.7756089208192
G3_C5,tennet,overall,quantile,cov50,50.050726689316726
G3_C5,tennet,overall,quantile,cov95,95.35555870139676
G3_C5,tennet,overall,ensemble,wis,279.7558085787089
G3_C5,tennet,overall,ensemble,lqs,139.8779042893545
G3_C5,tennet,overall,ensemble,mae_median,464.7756089208192
G3_C5,tennet,overall,ensemble,cov50,50.050726689316726
G3_C5,tennet,overall,ensemble,cov95,95.35555870139676
G3_C5,tennet,overall,ensemble,crps,339.76934792412465
G3_C5,tennet,overall,ensemble,energy_score,4018.488282857047
G3_C5,transnetbw,overall,point,rmse,366.9806492036359
G3_C5,transnetbw,overall,point,r2,0.929524338968152
G3_C5,transnetbw,overall,point,mae,232.33860328532555
G3_C5,transnetbw,overall,point,smape,3.6062263696738768
G3_C5,transnetbw,overall,quantile,wis,140.97004933724992
G3_C5,transnetbw,overall,quantile,lqs,70.48502466862496
G3_C5,transnetbw,overall,quantile,mae_median,230.03173328496604
G3_C5,transnetbw,overall,quantile,cov50,50.78803322008305
G3_C5,transnetbw,overall,quantile,cov95,95.39330879577199
G3_C5,transnetbw,overall,ensemble,wis,140.97004933724992
G3_C5,transnetbw,overall,ensemble,lqs,70.48502466862496
G3_C5,transnetbw,overall,ensemble,mae_median,230.03173328496604
G3_C5,transnetbw,overall,ensemble,cov50,50.78803322008305
G3_C5,transnetbw,overall,ensemble,cov95,95.39330879577199
G3_C5,transnetbw,overall,ensemble,crps,170.34298308929792
G3_C5,transnetbw,overall,ensemble,energy_score,2024.414777041428
G3_C6,50hertz,2024,point,rmse,774.5059448612399
G3_C6,50hertz,2024,point,r2,0.8275726708731359
G3_C6,50hertz,2024,point,mae,610.1120402761514
G3_C6,50hertz,2024,point,smape,5.3466927841690275
G3_C6,50hertz,2024,quantile,wis,353.59008589480874
G3_C6,50hertz,2024,quantile,lqs,176.79504294740437
G3_C6,50hertz,2024,quantile,mae_median,608.313236281876
G3_C6,50hertz,2024,quantile,cov50,46.40255009107468
G3_C6,50hertz,2024,quantile,cov95,96.37978142076503
G3_C6,50hertz,2024,ensemble,wis,353.59008589480874
G3_C6,50hertz,2024,ensemble,lqs,176.79504294740437
G3_C6,50hertz,2024,ensemble,mae_median,608.313236281876
G3_C6,50hertz,2024,ensemble,cov50,46.40255009107468
G3_C6,50hertz,2024,ensemble,cov95,96.37978142076503
G3_C6,50hertz,2024,ensemble,crps,433.7564381738959
G3_C6,50hertz,2024,ensemble,energy_score,5073.448230398917
G3_C6,50hertz,2025,point,rmse,884.7268348054702
G3_C6,50hertz,2025,point,r2,0.7793204160177585
G3_C6,50hertz,2025,point,mae,710.8910504049793
G3_C6,50hertz,2025,point,smape,6.187541875627941
G3_C6,50hertz,2025,quantile,wis,409.95440061643836
G3_C6,50hertz,2025,quantile,lqs,204.9772003082192
G3_C6,50hertz,2025,quantile,mae_median,710.5718746004566
G3_C6,50hertz,2025,quantile,cov50,45.39383561643835
G3_C6,50hertz,2025,quantile,cov95,97.30308219178082
G3_C6,50hertz,2025,ensemble,wis,409.95440061643836
G3_C6,50hertz,2025,ensemble,lqs,204.9772003082192
G3_C6,50hertz,2025,ensemble,mae_median,710.5718746004566
G3_C6,50hertz,2025,ensemble,cov50,45.39383561643835
G3_C6,50hertz,2025,ensemble,cov95,97.30308219178082
G3_C6,50hertz,2025,ensemble,crps,503.40148959142255
G3_C6,50hertz,2025,ensemble,energy_score,5816.692643973919
G3_C6,50hertz,2026H1,point,rmse,845.7949772668352
G3_C6,50hertz,2026H1,point,r2,0.8460844510845631
G3_C6,50hertz,2026H1,point,mae,637.2144807396095
G3_C6,50hertz,2026H1,point,smape,5.248704000186022
G3_C6,50hertz,2026H1,quantile,wis,383.1058739035088
G3_C6,50hertz,2026H1,quantile,lqs,191.55293695175436
G3_C6,50hertz,2026H1,quantile,mae_median,642.0731677631579
G3_C6,50hertz,2026H1,quantile,cov50,54.74917763157895
G3_C6,50hertz,2026H1,quantile,cov95,96.38843201754386
G3_C6,50hertz,2026H1,ensemble,wis,383.1058739035088
G3_C6,50hertz,2026H1,ensemble,lqs,191.55293695175436
G3_C6,50hertz,2026H1,ensemble,mae_median,642.0731677631579
G3_C6,50hertz,2026H1,ensemble,cov50,54.74917763157895
G3_C6,50hertz,2026H1,ensemble,cov95,96.38843201754386
G3_C6,50hertz,2026H1,ensemble,crps,470.7175028186165
G3_C6,50hertz,2026H1,ensemble,energy_score,5413.109205242255
G3_C6,amprion,2024,point,rmse,1028.2241012777972
G3_C6,amprion,2024,point,r2,0.9031291773410852
G3_C6,amprion,2024,point,mae,724.7529134123351
G3_C6,amprion,2024,point,smape,3.9439275584307385
G3_C6,amprion,2024,quantile,wis,436.8411526236111
G3_C6,amprion,2024,quantile,lqs,218.42057631180555
G3_C6,amprion,2024,quantile,mae_median,717.1827255458787
G3_C6,amprion,2024,quantile,cov50,50.7172131147541
G3_C6,amprion,2024,quantile,cov95,94.28790983606558
G3_C6,amprion,2024,ensemble,wis,436.8411526236111
G3_C6,amprion,2024,ensemble,lqs,218.42057631180555
G3_C6,amprion,2024,ensemble,mae_median,717.1827255458787
G3_C6,amprion,2024,ensemble,cov50,50.7172131147541
G3_C6,amprion,2024,ensemble,cov95,94.28790983606558
G3_C6,amprion,2024,ensemble,crps,530.4741235112256
G3_C6,amprion,2024,ensemble,energy_score,6257.1434234002845
G3_C6,amprion,2025,point,rmse,880.0322108046017
G3_C6,amprion,2025,point,r2,0.9265934138312996
G3_C6,amprion,2025,point,mae,650.2726299883942
G3_C6,amprion,2025,point,smape,3.3911323738665504
G3_C6,amprion,2025,quantile,wis,384.7289442462329
G3_C6,amprion,2025,quantile,lqs,192.36447212311646
G3_C6,amprion,2025,quantile,mae_median,645.9916252283106
G3_C6,amprion,2025,quantile,cov50,51.38127853881278
G3_C6,amprion,2025,quantile,cov95,96.90639269406392
G3_C6,amprion,2025,ensemble,wis,384.7289442462329
G3_C6,amprion,2025,ensemble,lqs,192.36447212311646
G3_C6,amprion,2025,ensemble,mae_median,645.9916252283106
G3_C6,amprion,2025,ensemble,cov50,51.38127853881278
G3_C6,amprion,2025,ensemble,cov95,96.90639269406392
G3_C6,amprion,2025,ensemble,crps,470.2710048670597
G3_C6,amprion,2025,ensemble,energy_score,5668.186940391767
G3_C6,amprion,2026H1,point,rmse,1022.311156936855
G3_C6,amprion,2026H1,point,r2,0.9109890979263241
G3_C6,amprion,2026H1,point,mae,764.550848038945
G3_C6,amprion,2026H1,point,smape,3.836035893458868
G3_C6,amprion,2026H1,quantile,wis,454.703925787966
G3_C6,amprion,2026H1,quantile,lqs,227.351962893983
G3_C6,amprion,2026H1,quantile,mae_median,766.976500459841
G3_C6,amprion,2026H1,quantile,cov50,52.39172149122807
G3_C6,amprion,2026H1,quantile,cov95,96.10060307017544
G3_C6,amprion,2026H1,ensemble,wis,454.703925787966
G3_C6,amprion,2026H1,ensemble,lqs,227.351962893983
G3_C6,amprion,2026H1,ensemble,mae_median,766.976500459841
G3_C6,amprion,2026H1,ensemble,cov50,52.39172149122807
G3_C6,amprion,2026H1,ensemble,cov95,96.10060307017544
G3_C6,amprion,2026H1,ensemble,crps,556.3563148691841
G3_C6,amprion,2026H1,ensemble,energy_score,6588.134688874769
G3_C6,de_lu,2024,point,rmse,2339.313691388902
G3_C6,de_lu,2024,point,r2,0.9357801810683477
G3_C6,de_lu,2024,point,mae,1632.7942192847763
G3_C6,de_lu,2024,point,smape,3.1034544788252347
G3_C6,de_lu,2024,quantile,wis,985.7864950226323
G3_C6,de_lu,2024,quantile,lqs,492.8932475113161
G3_C6,de_lu,2024,quantile,mae_median,1615.2322140105873
G3_C6,de_lu,2024,quantile,cov50,60.558970856102
G3_C6,de_lu,2024,quantile,cov95,98.61395719489981
G3_C6,de_lu,2024,ensemble,wis,985.7864950226323
G3_C6,de_lu,2024,ensemble,lqs,492.8932475113161
G3_C6,de_lu,2024,ensemble,mae_median,1615.2322140105873
G3_C6,de_lu,2024,ensemble,cov50,60.558970856102
G3_C6,de_lu,2024,ensemble,cov95,98.61395719489981
G3_C6,de_lu,2024,ensemble,crps,1210.5108590290886
G3_C6,de_lu,2024,ensemble,energy_score,13968.773226282896
G3_C6,de_lu,2025,point,rmse,2259.605996075151
G3_C6,de_lu,2025,point,r2,0.9403839980835988
G3_C6,de_lu,2025,point,mae,1645.329349755572
G3_C6,de_lu,2025,point,smape,3.087314463444357
G3_C6,de_lu,2025,quantile,wis,997.6353053547659
G3_C6,de_lu,2025,quantile,lqs,498.8176526773831
G3_C6,de_lu,2025,quantile,mae_median,1634.9836166341327
G3_C6,de_lu,2025,quantile,cov50,62.18036529680365
G3_C6,de_lu,2025,quantile,cov95,99.1837899543379
G3_C6,de_lu,2025,ensemble,wis,997.6353053547659
G3_C6,de_lu,2025,ensemble,lqs,498.8176526773831
G3_C6,de_lu,2025,ensemble,mae_median,1634.9836166341327
G3_C6,de_lu,2025,ensemble,cov50,62.18036529680365
G3_C6,de_lu,2025,ensemble,cov95,99.1837899543379
G3_C6,de_lu,2025,ensemble,crps,1226.7300737775863
G3_C6,de_lu,2025,ensemble,energy_score,14251.282602374005
G3_C6,de_lu,2026H1,point,rmse,2552.0555404494744
G3_C6,de_lu,2026H1,point,r2,0.9318532512710745
G3_C6,de_lu,2026H1,point,mae,1862.1603369887503
G3_C6,de_lu,2026H1,point,smape,3.369303715214167
G3_C6,de_lu,2026H1,quantile,wis,1140.9193595353433
G3_C6,de_lu,2026H1,quantile,lqs,570.4596797676717
G3_C6,de_lu,2026H1,quantile,mae_median,1873.7720743661594
G3_C6,de_lu,2026H1,quantile,cov50,65.26178728070175
G3_C6,de_lu,2026H1,quantile,cov95,98.78700657894737
G3_C6,de_lu,2026H1,ensemble,wis,1140.9193595353433
G3_C6,de_lu,2026H1,ensemble,lqs,570.4596797676717
G3_C6,de_lu,2026H1,ensemble,mae_median,1873.7720743661594
G3_C6,de_lu,2026H1,ensemble,cov50,65.26178728070175
G3_C6,de_lu,2026H1,ensemble,cov95,98.78700657894737
G3_C6,de_lu,2026H1,ensemble,crps,1408.9706021943957
G3_C6,de_lu,2026H1,ensemble,energy_score,16240.64848952473
G3_C6,lu,2024,point,rmse,25.412978123042826
G3_C6,lu,2024,point,r2,0.9331350607529972
G3_C6,lu,2024,point,mae,16.817395399644372
G3_C6,lu,2024,point,smape,3.039945924674509
G3_C6,lu,2024,quantile,wis,10.217723187044625
G3_C6,lu,2024,quantile,lqs,5.108861593522313
G3_C6,lu,2024,quantile,mae_median,16.578882570582877
G3_C6,lu,2024,quantile,cov50,50.341530054644814
G3_C6,lu,2024,quantile,cov95,95.82479508196722
G3_C6,lu,2024,ensemble,wis,10.217723187044625
G3_C6,lu,2024,ensemble,lqs,5.108861593522313
G3_C6,lu,2024,ensemble,mae_median,16.578882570582877
G3_C6,lu,2024,ensemble,cov50,50.341530054644814
G3_C6,lu,2024,ensemble,cov95,95.82479508196722
G3_C6,lu,2024,ensemble,crps,12.321713125983544
G3_C6,lu,2024,ensemble,energy_score,142.99341659068844
G3_C6,lu,2025,point,rmse,27.4729772121116
G3_C6,lu,2025,point,r2,0.922475256769303
G3_C6,lu,2025,point,mae,18.826837119482498
G3_C6,lu,2025,point,smape,3.4459163233827463
G3_C6,lu,2025,quantile,wis,11.334605421660957
G3_C6,lu,2025,quantile,lqs,5.66730271083048
G3_C6,lu,2025,quantile,mae_median,18.543788156392697
G3_C6,lu,2025,quantile,cov50,50.18550228310502
G3_C6,lu,2025,quantile,cov95,96.15296803652969
G3_C6,lu,2025,ensemble,wis,11.334605421660957
G3_C6,lu,2025,ensemble,lqs,5.66730271083048
G3_C6,lu,2025,ensemble,mae_median,18.543788156392697
G3_C6,lu,2025,ensemble,cov50,50.18550228310502
G3_C6,lu,2025,ensemble,cov95,96.15296803652969
G3_C6,lu,2025,ensemble,crps,13.746606701120326
G3_C6,lu,2025,ensemble,energy_score,159.9259203131677
G3_C6,lu,2026H1,point,rmse,37.361336103954756
G3_C6,lu,2026H1,point,r2,0.8598511544012017
G3_C6,lu,2026H1,point,mae,23.913784621288734
G3_C6,lu,2026H1,point,smape,4.439481806043519
G3_C6,lu,2026H1,quantile,wis,14.539892846417986
G3_C6,lu,2026H1,quantile,lqs,7.269946423208992
G3_C6,lu,2026H1,quantile,mae_median,23.830941131373358
G3_C6,lu,2026H1,quantile,cov50,50.644188596491226
G3_C6,lu,2026H1,quantile,cov95,95.42214912280701
G3_C6,lu,2026H1,ensemble,wis,14.539892846417986
G3_C6,lu,2026H1,ensemble,lqs,7.269946423208992
G3_C6,lu,2026H1,ensemble,mae_median,23.830941131373358
G3_C6,lu,2026H1,ensemble,cov50,50.644188596491226
G3_C6,lu,2026H1,ensemble,cov95,95.42214912280701
G3_C6,lu,2026H1,ensemble,crps,17.65180023813086
G3_C6,lu,2026H1,ensemble,energy_score,204.52695345891908
G3_C6,tennet,2024,point,rmse,695.4928216853043
G3_C6,tennet,2024,point,r2,0.9383517894928166
G3_C6,tennet,2024,point,mae,481.9889545927661
G3_C6,tennet,2024,point,smape,3.063280335547796
G3_C6,tennet,2024,quantile,wis,286.05918283242255
G3_C6,tennet,2024,quantile,lqs,143.0295914162113
G3_C6,tennet,2024,quantile,mae_median,479.0112727686704
G3_C6,tennet,2024,quantile,cov50,49.68408469945355
G3_C6,tennet,2024,quantile,cov95,96.17770947176685
G3_C6,tennet,2024,ensemble,wis,286.05918283242255
G3_C6,tennet,2024,ensemble,lqs,143.0295914162113
G3_C6,tennet,2024,ensemble,mae_median,479.0112727686704
G3_C6,tennet,2024,ensemble,cov50,49.68408469945355
G3_C6,tennet,2024,ensemble,cov95,96.17770947176685
G3_C6,tennet,2024,ensemble,crps,348.85597000214784
G3_C6,tennet,2024,ensemble,energy_score,4131.943069290437
G3_C6,tennet,2025,point,rmse,695.1322138002755
G3_C6,tennet,2025,point,r2,0.9404586727583689
G3_C6,tennet,2025,point,mae,500.7632861396499
G3_C6,tennet,2025,point,smape,3.1838291161524976
G3_C6,tennet,2025,quantile,wis,297.3873059760274
G3_C6,tennet,2025,quantile,lqs,148.69365298801372
G3_C6,tennet,2025,quantile,mae_median,499.3006822203197
G3_C6,tennet,2025,quantile,cov50,51.05308219178082
G3_C6,tennet,2025,quantile,cov95,96.53824200913242
G3_C6,tennet,2025,ensemble,wis,297.3873059760274
G3_C6,tennet,2025,ensemble,lqs,148.69365298801372
G3_C6,tennet,2025,ensemble,mae_median,499.3006822203197
G3_C6,tennet,2025,ensemble,cov50,51.05308219178082
G3_C6,tennet,2025,ensemble,cov95,96.53824200913242
G3_C6,tennet,2025,ensemble,crps,363.3150974863195
G3_C6,tennet,2025,ensemble,energy_score,4316.888934165146
G3_C6,tennet,2026H1,point,rmse,930.8382962273889
G3_C6,tennet,2026H1,point,r2,0.9070390521903474
G3_C6,tennet,2026H1,point,mae,681.5962982390872
G3_C6,tennet,2026H1,point,smape,4.403429476228891
G3_C6,tennet,2026H1,quantile,wis,409.444881935307
G3_C6,tennet,2026H1,quantile,lqs,204.7224409676535
G3_C6,tennet,2026H1,quantile,mae_median,684.7750307017544
G3_C6,tennet,2026H1,quantile,cov50,52.02850877192983
G3_C6,tennet,2026H1,quantile,cov95,95.29879385964912
G3_C6,tennet,2026H1,ensemble,wis,409.444881935307
G3_C6,tennet,2026H1,ensemble,lqs,204.7224409676535
G3_C6,tennet,2026H1,ensemble,mae_median,684.7750307017544
G3_C6,tennet,2026H1,ensemble,cov50,52.02850877192983
G3_C6,tennet,2026H1,ensemble,cov95,95.29879385964912
G3_C6,tennet,2026H1,ensemble,crps,500.6058809464758
G3_C6,tennet,2026H1,ensemble,energy_score,5948.468813539118
G3_C6,transnetbw,2024,point,rmse,378.39802472657664
G3_C6,transnetbw,2024,point,r2,0.9237125755866249
G3_C6,transnetbw,2024,point,mae,251.79082330427616
G3_C6,transnetbw,2024,point,smape,3.9529999243292626
G3_C6,transnetbw,2024,quantile,wis,150.69521886384334
G3_C6,transnetbw,2024,quantile,lqs,75.34760943192167
G3_C6,transnetbw,2024,quantile,mae_median,248.67431010928962
G3_C6,transnetbw,2024,quantile,cov50,49.82069672131148
G3_C6,transnetbw,2024,quantile,cov95,96.16347905282332
G3_C6,transnetbw,2024,ensemble,wis,150.69521886384334
G3_C6,transnetbw,2024,ensemble,lqs,75.34760943192167
G3_C6,transnetbw,2024,ensemble,mae_median,248.67431010928962
G3_C6,transnetbw,2024,ensemble,cov50,49.82069672131148
G3_C6,transnetbw,2024,ensemble,cov95,96.16347905282332
G3_C6,transnetbw,2024,ensemble,crps,183.0074042012069
G3_C6,transnetbw,2024,ensemble,energy_score,2161.672289560362
G3_C6,transnetbw,2025,point,rmse,398.4669798304353
G3_C6,transnetbw,2025,point,r2,0.9163644445026584
G3_C6,transnetbw,2025,point,mae,266.1005100025821
G3_C6,transnetbw,2025,point,smape,4.166930579570137
G3_C6,transnetbw,2025,quantile,wis,160.33387433162102
G3_C6,transnetbw,2025,quantile,lqs,80.1669371658105
G3_C6,transnetbw,2025,quantile,mae_median,266.1730585473744
G3_C6,transnetbw,2025,quantile,cov50,51.24429223744292
G3_C6,transnetbw,2025,quantile,cov95,96.30707762557078
G3_C6,transnetbw,2025,ensemble,wis,160.33387433162102
G3_C6,transnetbw,2025,ensemble,lqs,80.1669371658105
G3_C6,transnetbw,2025,ensemble,mae_median,266.1730585473744
G3_C6,transnetbw,2025,ensemble,cov50,51.24429223744292
G3_C6,transnetbw,2025,ensemble,cov95,96.30707762557078
G3_C6,transnetbw,2025,ensemble,crps,194.41231071259668
G3_C6,transnetbw,2025,ensemble,energy_score,2314.4623997512904
G3_C6,transnetbw,2026H1,point,rmse,425.65766469807977
G3_C6,transnetbw,2026H1,point,r2,0.9008280659357695
G3_C6,transnetbw,2026H1,point,mae,291.80907668259186
G3_C6,transnetbw,2026H1,point,smape,4.22049893438987
G3_C6,transnetbw,2026H1,quantile,wis,173.91068327850874
G3_C6,transnetbw,2026H1,quantile,lqs,86.9553416392544
G3_C6,transnetbw,2026H1,quantile,mae_median,290.3622044956141
G3_C6,transnetbw,2026H1,quantile,cov50,53.47450657894737
G3_C6,transnetbw,2026H1,quantile,cov95,96.83388157894737
G3_C6,transnetbw,2026H1,ensemble,wis,173.91068327850874
G3_C6,transnetbw,2026H1,ensemble,lqs,86.9553416392544
G3_C6,transnetbw,2026H1,ensemble,mae_median,290.3622044956141
G3_C6,transnetbw,2026H1,ensemble,cov50,53.47450657894737
G3_C6,transnetbw,2026H1,ensemble,cov95,96.83388157894737
G3_C6,transnetbw,2026H1,ensemble,crps,213.08260541078639
G3_C6,transnetbw,2026H1,ensemble,energy_score,2551.7397355771814
G3_C6,50hertz,overall,point,rmse,833.8705787927856
G3_C6,50hertz,overall,point,r2,0.8154006866332297
G3_C6,50hertz,overall,point,mae,656.4358337613924
G3_C6,50hertz,overall,point,smape,5.677401304233678
G3_C6,50hertz,overall,quantile,wis,381.96989863627783
G3_C6,50hertz,overall,quantile,lqs,190.98494931813894
G3_C6,50hertz,overall,quantile,mae_median,656.3946774726311
G3_C6,50hertz,overall,quantile,cov50,47.42237636844092
G3_C6,50hertz,overall,quantile,cov95,96.76292940732351
G3_C6,50hertz,overall,ensemble,wis,381.96989863627783
G3_C6,50hertz,overall,ensemble,lqs,190.98494931813894
G3_C6,50hertz,overall,ensemble,mae_median,656.3946774726311
G3_C6,50hertz,overall,ensemble,cov50,47.42237636844092
G3_C6,50hertz,overall,ensemble,cov95,96.76292940732351
G3_C6,50hertz,overall,ensemble,crps,468.9076562864607
G3_C6,50hertz,overall,ensemble,energy_score,5439.147753763655
G3_C6,amprion,overall,point,rmse,968.6399530823247
G3_C6,amprion,overall,point,r2,0.9154951823716219
G3_C6,amprion,overall,point,mae,700.8163138806322
G3_C6,amprion,overall,point,smape,3.696849670048345
G3_C6,amprion,overall,quantile,wis,418.37477149477627
G3_C6,amprion,overall,quantile,lqs,209.1873857473882
G3_C6,amprion,overall,quantile,mae_median,696.3264426138402
G3_C6,amprion,overall,quantile,cov50,51.27996413741034
G3_C6,amprion,overall,quantile,cov95,95.6823329558324
G3_C6,amprion,overall,ensemble,wis,418.37477149477627
G3_C6,amprion,overall,ensemble,lqs,209.1873857473882
G3_C6,amprion,overall,ensemble,mae_median,696.3264426138402
G3_C6,amprion,overall,ensemble,cov50,51.27996413741034
G3_C6,amprion,overall,ensemble,cov95,95.6823329558324
G3_C6,amprion,overall,ensemble,crps,510.0437212250298
G3_C6,amprion,overall,ensemble,energy_score,6070.667269441069
G3_C6,de_lu,overall,point,rmse,2345.206029019788
G3_C6,de_lu,overall,point,r2,0.9374636900607058
G3_C6,de_lu,overall,point,mae,1677.4589673174428
G3_C6,de_lu,overall,point,smape,3.142546186998618
G3_C6,de_lu,overall,quantile,wis,1017.3889991870271
G3_C6,de_lu,overall,quantile,lqs,508.6944995935137
G3_C6,de_lu,overall,quantile,mae_median,1667.901886413352
G3_C6,de_lu,overall,quantile,cov50,62.03874103435258
G3_C6,de_lu,overall,quantile,cov95,98.87929407323519
G3_C6,de_lu,overall,ensemble,wis,1017.3889991870271
G3_C6,de_lu,overall,ensemble,lqs,508.6944995935137
G3_C6,de_lu,overall,ensemble,mae_median,1667.901886413352
G3_C6,de_lu,overall,ensemble,cov50,62.03874103435258
G3_C6,de_lu,overall,ensemble,cov95,98.87929407323519
G3_C6,de_lu,overall,ensemble,crps,1251.378236542484
G3_C6,de_lu,overall,ensemble,energy_score,14476.633885723453
G3_C6,lu,overall,point,rmse,28.635070830804636
G3_C6,lu,overall,point,r2,0.915980464889491
G3_C6,lu,overall,point,mae,18.869600823688383
G3_C6,lu,overall,point,smape,3.448675992054573
G3_C6,lu,overall,quantile,wis,11.42342171916208
G3_C6,lu,overall,quantile,lqs,5.711710859581041
G3_C6,lu,overall,quantile,mae_median,18.639475367933656
G3_C6,lu,overall,quantile,cov50,50.32913363533409
G3_C6,lu,overall,quantile,cov95,95.89113816534541
G3_C6,lu,overall,ensemble,wis,11.42342171916208
G3_C6,lu,overall,ensemble,lqs,5.711710859581041
G3_C6,lu,overall,ensemble,mae_median,18.639475367933656
G3_C6,lu,overall,ensemble,cov50,50.32913363533409
G3_C6,lu,overall,ensemble,cov95,95.89113816534541
G3_C6,lu,overall,ensemble,crps,13.82823565822739
G3_C6,lu,overall,ensemble,energy_score,160.58510567639172
G3_C6,tennet,overall,point,rmse,741.208248838938
G3_C6,tennet,overall,point,r2,0.933138508615009
G3_C6,tennet,overall,point,mae,524.1100726548879
G3_C6,tennet,overall,point,smape,3.34380465525815
G3_C6,tennet,overall,quantile,wis,311.9814831846923
G3_C6,tennet,overall,quantile,lqs,155.99074159234618
G3_C6,tennet,overall,quantile,mae_median,522.8184365916383
G3_C6,tennet,overall,quantile,cov50,50.65354850887127
G3_C6,tennet,overall,quantile,cov95,96.17544356360891
G3_C6,tennet,overall,ensemble,wis,311.9814831846923
G3_C6,tennet,overall,ensemble,lqs,155.99074159234618
G3_C6,tennet,overall,ensemble,mae_median,522.8184365916383
G3_C6,tennet,overall,ensemble,cov50,50.65354850887127
G3_C6,tennet,overall,ensemble,cov95,96.17544356360891
G3_C6,tennet,overall,ensemble,crps,380.95514100470785
G3_C6,tennet,overall,ensemble,energy_score,4521.090468843176
G3_C6,transnetbw,overall,point,rmse,395.1847565543692
G3_C6,transnetbw,overall,point,r2,0.918275325924478
G3_C6,transnetbw,overall,point,mae,264.59468531830294
G3_C6,transnetbw,overall,point,smape,4.087478450594418
G3_C6,transnetbw,overall,quantile,wis,158.6758075804549
G3_C6,transnetbw,overall,quantile,lqs,79.33790379022746
G3_C6,transnetbw,overall,quantile,mae_median,263.08382667398075
G3_C6,transnetbw,overall,quantile,cov50,51.03812759531898
G3_C6,transnetbw,overall,quantile,cov95,96.33824084560212
G3_C6,transnetbw,overall,ensemble,wis,158.6758075804549
G3_C6,transnetbw,overall,ensemble,lqs,79.33790379022746
G3_C6,transnetbw,overall,ensemble,mae_median,263.08382667398075
G3_C6,transnetbw,overall,ensemble,cov50,51.03812759531898
G3_C6,transnetbw,overall,ensemble,cov95,96.33824084560212
G3_C6,transnetbw,overall,ensemble,crps,192.8989347340646
G3_C6,transnetbw,overall,ensemble,energy_score,2291.9765274020892
ENTSOE,50hertz,2024,point,rmse,1055.2072738549614
ENTSOE,50hertz,2024,point,r2,0.6799394535376773
ENTSOE,50hertz,2024,point,mae,829.2963775045536
ENTSOE,50hertz,2024,quantile,wis,829.2963775045536
ENTSOE,50hertz,2024,quantile,mae_median,829.2963775045536
ENTSOE,50hertz,2025,point,rmse,1208.1170736201968
ENTSOE,50hertz,2025,point,r2,0.5885076172199959
ENTSOE,50hertz,2025,point,mae,960.8390850790526
ENTSOE,50hertz,2025,quantile,wis,960.8390850790526
ENTSOE,50hertz,2025,quantile,mae_median,960.8390850790526
ENTSOE,50hertz,2026H1,point,rmse,1277.809975959468
ENTSOE,50hertz,2026H1,point,r2,0.639125601831763
ENTSOE,50hertz,2026H1,point,mae,983.8182725748377
ENTSOE,50hertz,2026H1,quantile,wis,983.8182725748377
ENTSOE,50hertz,2026H1,quantile,mae_median,983.8182725748377
ENTSOE,50hertz,overall,point,rmse,1164.3101950778305
ENTSOE,50hertz,overall,point,r2,0.6374636843062393
ENTSOE,50hertz,overall,point,mae,912.7572012109215
ENTSOE,50hertz,overall,quantile,wis,912.7572012109215
ENTSOE,50hertz,overall,quantile,mae_median,912.7572012109215
ENTSOE,tennet,2024,point,rmse,1154.0860080171342
ENTSOE,tennet,2024,point,r2,0.8302493201630582
ENTSOE,tennet,2024,point,mae,880.6425156534608
ENTSOE,tennet,2024,quantile,wis,880.6425156534608
ENTSOE,tennet,2024,quantile,mae_median,880.6425156534608
ENTSOE,tennet,2025,point,rmse,1092.1471391905723
ENTSOE,tennet,2025,point,r2,0.8530241480587948
ENTSOE,tennet,2025,point,mae,830.506901541096
ENTSOE,tennet,2025,quantile,wis,830.506901541096
ENTSOE,tennet,2025,quantile,mae_median,830.506901541096
ENTSOE,tennet,2026H1,point,rmse,1685.8015232012724
ENTSOE,tennet,2026H1,point,r2,0.6702870636469798
ENTSOE,tennet,2026H1,point,mae,1281.1434495615276
ENTSOE,tennet,2026H1,quantile,wis,1281.1434495615276
ENTSOE,tennet,2026H1,quantile,mae_median,1281.1434495615276
ENTSOE,tennet,overall,point,rmse,1257.0702646972604
ENTSOE,tennet,overall,point,r2,0.8052618241479659
ENTSOE,tennet,overall,point,mae,941.223523135764
ENTSOE,tennet,overall,quantile,wis,941.223523135764
ENTSOE,tennet,overall,quantile,mae_median,941.223523135764
ENTSOE,amprion,2024,point,rmse,1200.8521995753515
ENTSOE,amprion,2024,point,r2,0.8678714877437823
ENTSOE,amprion,2024,point,mae,929.4880843398223
ENTSOE,amprion,2024,quantile,wis,929.4880843398223
ENTSOE,amprion,2024,quantile,mae_median,929.4880843398223
ENTSOE,amprion,2025,point,rmse,898.4055757589906
ENTSOE,amprion,2025,point,r2,0.9234962422235119
ENTSOE,amprion,2025,point,mae,700.4699247802511
ENTSOE,amprion,2025,quantile,wis,700.4699247802511
ENTSOE,amprion,2025,quantile,mae_median,700.4699247802511
ENTSOE,amprion,2026H1,point,rmse,1023.9266071385923
ENTSOE,amprion,2026H1,point,r2,0.9060231732467244
ENTSOE,amprion,2026H1,point,mae,821.5236014408565
ENTSOE,amprion,2026H1,quantile,wis,821.5236014408565
ENTSOE,amprion,2026H1,quantile,mae_median,821.5236014408565
ENTSOE,amprion,overall,point,rmse,1053.419915326874
ENTSOE,amprion,overall,point,r2,0.8987647521337156
ENTSOE,amprion,overall,point,mae,816.4141153856955
ENTSOE,amprion,overall,quantile,wis,816.4141153856955
ENTSOE,amprion,overall,quantile,mae_median,816.4141153856955
ENTSOE,transnetbw,2024,point,rmse,477.5589279472177
ENTSOE,transnetbw,2024,point,r2,0.8784907980528086
ENTSOE,transnetbw,2024,point,mae,385.17392304189434
ENTSOE,transnetbw,2024,quantile,wis,385.17392304189434
ENTSOE,transnetbw,2024,quantile,mae_median,385.17392304189434
ENTSOE,transnetbw,2025,point,rmse,533.2238440467363
ENTSOE,transnetbw,2025,point,r2,0.8502298059701031
ENTSOE,transnetbw,2025,point,mae,446.7467229823059
ENTSOE,transnetbw,2025,quantile,wis,446.7467229823059
ENTSOE,transnetbw,2025,quantile,mae_median,446.7467229823059
ENTSOE,transnetbw,2026H1,point,rmse,444.75742798809904
ENTSOE,transnetbw,2026H1,point,r2,0.8894653692946602
ENTSOE,transnetbw,2026H1,point,mae,342.76602972834445
ENTSOE,transnetbw,2026H1,quantile,wis,342.76602972834445
ENTSOE,transnetbw,2026H1,quantile,mae_median,342.76602972834445
ENTSOE,transnetbw,overall,point,rmse,494.44832330568727
ENTSOE,transnetbw,overall,point,r2,0.8717554007008399
ENTSOE,transnetbw,overall,point,mae,401.2777665618055
ENTSOE,transnetbw,overall,quantile,wis,401.2777665618055
ENTSOE,transnetbw,overall,quantile,mae_median,401.2777665618055
ENTSOE,de_lu,2024,point,rmse,2570.4594216631217
ENTSOE,de_lu,2024,point,r2,0.9224497550204094
ENTSOE,de_lu,2024,point,mae,1979.5342832659685
ENTSOE,de_lu,2024,quantile,wis,1979.5342832659685
ENTSOE,de_lu,2024,quantile,mae_median,1979.5342832659685
ENTSOE,de_lu,2025,point,rmse,2480.3502015928157
ENTSOE,de_lu,2025,point,r2,0.9281670971903796
ENTSOE,de_lu,2025,point,mae,1947.352238425856
ENTSOE,de_lu,2025,quantile,wis,1947.352238425856
ENTSOE,de_lu,2025,quantile,mae_median,1947.352238425856
ENTSOE,de_lu,2026H1,point,rmse,2917.3180013698293
ENTSOE,de_lu,2026H1,point,r2,0.9056934589673238
ENTSOE,de_lu,2026H1,point,mae,2294.807741282942
ENTSOE,de_lu,2026H1,quantile,wis,2294.807741282942
ENTSOE,de_lu,2026H1,quantile,mae_median,2294.807741282942
ENTSOE,de_lu,overall,point,rmse,2609.3501866869183
ENTSOE,de_lu,overall,point,r2,0.921582357899728
ENTSOE,de_lu,overall,point,mae,2030.1313385923024
ENTSOE,de_lu,overall,quantile,wis,2030.1313385923024
ENTSOE,de_lu,overall,quantile,mae_median,2030.1313385923024
ENTSOE,lu,2024,point,rmse,19.88391814541634
ENTSOE,lu,2024,point,r2,0.9590652478612123
ENTSOE,lu,2024,point,mae,13.875339405670044
ENTSOE,lu,2024,quantile,wis,13.875339405670044
ENTSOE,lu,2024,quantile,mae_median,13.875339405670044
ENTSOE,lu,2025,point,rmse,37.39453237872925
ENTSOE,lu,2025,point,r2,0.8563700206391904
ENTSOE,lu,2025,point,mae,15.659738042237441
ENTSOE,lu,2025,quantile,wis,15.659738042237441
ENTSOE,lu,2025,quantile,mae_median,15.659738042237441
ENTSOE,lu,2026H1,point,rmse,28.318733136658253
ENTSOE,lu,2026H1,point,r2,0.9146972398682487
ENTSOE,lu,2026H1,point,mae,17.62640721654127
ENTSOE,lu,2026H1,quantile,wis,17.62640721654127
ENTSOE,lu,2026H1,quantile,mae_median,17.62640721654127
ENTSOE,lu,overall,point,rmse,29.61054618610354
ENTSOE,lu,overall,point,r2,0.9090800777200246
ENTSOE,lu,overall,point,mae,15.355618221178759
ENTSOE,lu,overall,quantile,wis,15.355618221178759
ENTSOE,lu,overall,quantile,mae_median,15.355618221178759
