run,config,refit_idx,step_idx,loss,grad_norm,learning_rate,epoch
v2,G1_C1,1,1,1.8667,3.7626078128814697,6.700000000000001e-06,0.33
v2,G1_C1,1,2,1.7865,3.671889066696167,3.366666666666667e-06,0.67
v2,G1_C1,1,3,1.8091,4.355307102203369,3.333333333333334e-08,1.0
v2,G1_C1,2,4,2.0465,2.5530812740325928,6.700000000000001e-06,0.33
v2,G1_C1,2,5,1.929,3.661259412765503,3.366666666666667e-06,0.67
v2,G1_C1,2,6,1.7553,3.517504930496216,3.333333333333334e-08,1.0
v2,G1_C1,3,7,1.9245,3.3112363815307617,6.700000000000001e-06,0.33
v2,G1_C1,3,8,2.041,3.7317142486572266,3.366666666666667e-06,0.67
v2,G1_C1,3,9,1.8047,7.724609851837158,3.333333333333334e-08,1.0
v2,G1_C1,4,10,2.0955,4.188372611999512,6.700000000000001e-06,0.33
v2,G1_C1,4,11,1.9498,3.0295894145965576,3.366666666666667e-06,0.67
v2,G1_C1,4,12,1.9104,2.4092023372650146,3.333333333333334e-08,1.0
v2,G1_C1,5,13,2.1235,3.332486391067505,6.700000000000001e-06,0.33
v2,G1_C1,5,14,2.0798,5.145839691162109,3.366666666666667e-06,0.67
v2,G1_C1,5,15,1.9214,3.7753829956054688,3.333333333333334e-08,1.0
v2,G1_C1,6,16,2.1371,6.262132167816162,6.700000000000001e-06,0.33
v2,G1_C1,6,17,2.0469,3.762098550796509,3.366666666666667e-06,0.67
v2,G1_C1,6,18,1.939,3.226266860961914,3.333333333333334e-08,1.0
v2,G1_C1,7,19,2.1681,4.5975823402404785,6.700000000000001e-06,0.33
v2,G1_C1,7,20,2.1182,4.058531761169434,3.366666666666667e-06,0.67
v2,G1_C1,7,21,2.1108,2.480397939682007,3.333333333333334e-08,1.0
v2,G1_C1,8,22,2.2936,2.4269797801971436,6.700000000000001e-06,0.33
v2,G1_C1,8,23,2.0951,5.157711982727051,3.366666666666667e-06,0.67
v2,G1_C1,8,24,2.0715,5.153992176055908,3.333333333333334e-08,1.0
v2,G1_C1,9,25,2.1848,4.613901615142822,6.700000000000001e-06,0.33
v2,G1_C1,9,26,2.1175,3.272775888442993,3.366666666666667e-06,0.67
v2,G1_C1,9,27,2.0936,2.9609482288360596,3.333333333333334e-08,1.0
v2,G1_C1,10,28,2.2404,4.618851661682129,6.700000000000001e-06,0.33
v2,G1_C1,10,29,2.1698,5.388534069061279,3.366666666666667e-06,0.67
v2,G1_C1,10,30,2.2004,3.3538436889648438,3.333333333333334e-08,1.0
v2,G1_C2.1,1,1,0.2524,1.1394028663635254,6.700000000000001e-06,0.33
v2,G1_C2.1,1,2,0.1976,0.8908994197845459,3.366666666666667e-06,0.67
v2,G1_C2.1,1,3,0.2339,0.8668649196624756,3.333333333333334e-08,1.0
v2,G1_C2.1,2,4,0.2562,1.4686440229415894,6.700000000000001e-06,0.33
v2,G1_C2.1,2,5,0.2666,1.2190653085708618,3.366666666666667e-06,0.67
v2,G1_C2.1,2,6,0.2661,0.5685219168663025,3.333333333333334e-08,1.0
v2,G1_C2.1,3,7,0.248,0.4093976318836212,6.700000000000001e-06,0.33
v2,G1_C2.1,3,8,0.2394,0.9580245614051819,3.366666666666667e-06,0.67
v2,G1_C2.1,3,9,0.2515,2.046757459640503,3.333333333333334e-08,1.0
v2,G1_C2.1,4,10,0.2443,1.1329357624053955,6.700000000000001e-06,0.33
v2,G1_C2.1,4,11,0.2679,0.4014275372028351,3.366666666666667e-06,0.67
v2,G1_C2.1,4,12,0.2719,1.8582619428634644,3.333333333333334e-08,1.0
v2,G1_C2.1,5,13,0.2778,1.0344125032424927,6.700000000000001e-06,0.33
v2,G1_C2.1,5,14,0.2549,0.5368958711624146,3.366666666666667e-06,0.67
v2,G1_C2.1,5,15,0.2565,2.400804042816162,3.333333333333334e-08,1.0
v2,G1_C2.1,6,16,0.2665,2.5104753971099854,6.700000000000001e-06,0.33
v2,G1_C2.1,6,17,0.2521,0.48688551783561707,3.366666666666667e-06,0.67
v2,G1_C2.1,6,18,0.285,5.038644790649414,3.333333333333334e-08,1.0
v2,G1_C2.1,7,19,0.266,1.1579736471176147,6.700000000000001e-06,0.33
v2,G1_C2.1,7,20,0.2767,4.113279342651367,3.366666666666667e-06,0.67
v2,G1_C2.1,7,21,0.2974,0.3141794502735138,3.333333333333334e-08,1.0
v2,G1_C2.1,8,22,0.3123,0.7158267498016357,6.700000000000001e-06,0.33
v2,G1_C2.1,8,23,0.2741,0.6403922438621521,3.366666666666667e-06,0.67
v2,G1_C2.1,8,24,0.2408,0.7169414758682251,3.333333333333334e-08,1.0
v2,G1_C2.1,9,25,0.3024,1.0933194160461426,6.700000000000001e-06,0.33
v2,G1_C2.1,9,26,0.2373,0.7058754563331604,3.366666666666667e-06,0.67
v2,G1_C2.1,9,27,0.2618,0.37233129143714905,3.333333333333334e-08,1.0
v2,G1_C2.1,10,28,0.3482,3.5016274452209473,6.700000000000001e-06,0.33
v2,G1_C2.1,10,29,0.3573,0.4107809066772461,3.366666666666667e-06,0.67
v2,G1_C2.1,10,30,0.2466,0.510237991809845,3.333333333333334e-08,1.0
v2,G1_C2.2,1,1,0.2364,1.0673894882202148,6.700000000000001e-06,0.33
v2,G1_C2.2,1,2,0.1991,1.1724317073822021,3.366666666666667e-06,0.67
v2,G1_C2.2,1,3,0.2175,0.8396891951560974,3.333333333333334e-08,1.0
v2,G1_C2.2,2,4,0.2428,1.4222946166992188,6.700000000000001e-06,0.33
v2,G1_C2.2,2,5,0.2622,1.1584351062774658,3.366666666666667e-06,0.67
v2,G1_C2.2,2,6,0.2651,0.7617299556732178,3.333333333333334e-08,1.0
v2,G1_C2.2,3,7,0.245,0.6568142175674438,6.700000000000001e-06,0.33
v2,G1_C2.2,3,8,0.2358,1.3710025548934937,3.366666666666667e-06,0.67
v2,G1_C2.2,3,9,0.2494,1.5043081045150757,3.333333333333334e-08,1.0
v2,G1_C2.2,4,10,0.2404,1.0090638399124146,6.700000000000001e-06,0.33
v2,G1_C2.2,4,11,0.2589,0.4410507380962372,3.366666666666667e-06,0.67
v2,G1_C2.2,4,12,0.2504,2.1751255989074707,3.333333333333334e-08,1.0
v2,G1_C2.2,5,13,0.266,0.9524269700050354,6.700000000000001e-06,0.33
v2,G1_C2.2,5,14,0.2518,0.7483814358711243,3.366666666666667e-06,0.67
v2,G1_C2.2,5,15,0.247,3.2225229740142822,3.333333333333334e-08,1.0
v2,G1_C2.2,6,16,0.2572,3.049684524536133,6.700000000000001e-06,0.33
v2,G1_C2.2,6,17,0.2477,0.4633525013923645,3.366666666666667e-06,0.67
v2,G1_C2.2,6,18,0.271,3.0534045696258545,3.333333333333334e-08,1.0
v2,G1_C2.2,7,19,0.2687,1.2145135402679443,6.700000000000001e-06,0.33
v2,G1_C2.2,7,20,0.2787,5.306399822235107,3.366666666666667e-06,0.67
v2,G1_C2.2,7,21,0.2998,0.6965433359146118,3.333333333333334e-08,1.0
v2,G1_C2.2,8,22,0.3157,0.7503122687339783,6.700000000000001e-06,0.33
v2,G1_C2.2,8,23,0.2562,0.826629102230072,3.366666666666667e-06,0.67
v2,G1_C2.2,8,24,0.2468,0.6349189877510071,3.333333333333334e-08,1.0
v2,G1_C2.2,9,25,0.2933,0.9690905213356018,6.700000000000001e-06,0.33
v2,G1_C2.2,9,26,0.2236,0.6021272540092468,3.366666666666667e-06,0.67
v2,G1_C2.2,9,27,0.2455,0.46007609367370605,3.333333333333334e-08,1.0
v2,G1_C2.2,10,28,0.3512,3.4065730571746826,6.700000000000001e-06,0.33
v2,G1_C2.2,10,29,0.3498,0.7138254642486572,3.366666666666667e-06,0.67
v2,G1_C2.2,10,30,0.2361,0.5366161465644836,3.333333333333334e-08,1.0
v2,G1_C2.3,1,1,0.0655,0.19549812376499176,6.700000000000001e-06,0.33
v2,G1_C2.3,1,2,0.0553,0.32738953828811646,3.366666666666667e-06,0.67
v2,G1_C2.3,1,3,0.0593,0.23638291656970978,3.333333333333334e-08,1.0
v2,G1_C2.3,2,4,0.0711,0.4077078402042389,6.700000000000001e-06,0.33
v2,G1_C2.3,2,5,0.075,0.3362162411212921,3.366666666666667e-06,0.67
v2,G1_C2.3,2,6,0.0735,0.1300547569990158,3.333333333333334e-08,1.0
v2,G1_C2.3,3,7,0.0704,0.1357164978981018,6.700000000000001e-06,0.33
v2,G1_C2.3,3,8,0.0642,0.2547045648097992,3.366666666666667e-06,0.67
v2,G1_C2.3,3,9,0.0726,0.24209047853946686,3.333333333333334e-08,1.0
v2,G1_C2.3,4,10,0.0738,0.1328233927488327,6.700000000000001e-06,0.33
v2,G1_C2.3,4,11,0.0757,0.12140797823667526,3.366666666666667e-06,0.67
v2,G1_C2.3,4,12,0.0707,0.49751177430152893,3.333333333333334e-08,1.0
v2,G1_C2.3,5,13,0.0769,0.18215090036392212,6.700000000000001e-06,0.33
v2,G1_C2.3,5,14,0.0709,0.2150326669216156,3.366666666666667e-06,0.67
v2,G1_C2.3,5,15,0.0705,0.604498028755188,3.333333333333334e-08,1.0
v2,G1_C2.3,6,16,0.0774,0.7756223678588867,6.700000000000001e-06,0.33
v2,G1_C2.3,6,17,0.073,0.3242737054824829,3.366666666666667e-06,0.67
v2,G1_C2.3,6,18,0.073,0.2263844907283783,3.333333333333334e-08,1.0
v2,G1_C2.3,7,19,0.0764,0.3209283649921417,6.700000000000001e-06,0.33
v2,G1_C2.3,7,20,0.0815,0.8859630823135376,3.366666666666667e-06,0.67
v2,G1_C2.3,7,21,0.0826,0.16053205728530884,3.333333333333334e-08,1.0
v2,G1_C2.3,8,22,0.0895,0.16219335794448853,6.700000000000001e-06,0.33
v2,G1_C2.3,8,23,0.0786,0.2072165459394455,3.366666666666667e-06,0.67
v2,G1_C2.3,8,24,0.0704,0.24607865512371063,3.333333333333334e-08,1.0
v2,G1_C2.3,9,25,0.0823,0.18323513865470886,6.700000000000001e-06,0.33
v2,G1_C2.3,9,26,0.0648,0.25675395131111145,3.366666666666667e-06,0.67
v2,G1_C2.3,9,27,0.0709,0.3448493182659149,3.333333333333334e-08,1.0
v2,G1_C2.3,10,28,0.0981,0.9363917708396912,6.700000000000001e-06,0.33
v2,G1_C2.3,10,29,0.0972,0.17934834957122803,3.366666666666667e-06,0.67
v2,G1_C2.3,10,30,0.0724,0.1638125777244568,3.333333333333334e-08,1.0
v2,G1_C3.1,1,1,3.4675,4.640300750732422,6.700000000000001e-06,0.33
v2,G1_C3.1,1,2,3.4524,9.143476486206055,3.366666666666667e-06,0.67
v2,G1_C3.1,1,3,3.3388,6.016781330108643,3.333333333333334e-08,1.0
v2,G1_C3.1,2,4,3.4854,7.4682536125183105,6.700000000000001e-06,0.33
v2,G1_C3.1,2,5,3.4136,6.1455078125,3.366666666666667e-06,0.67
v2,G1_C3.1,2,6,3.5187,4.9232916831970215,3.333333333333334e-08,1.0
v2,G1_C3.1,3,7,3.6843,18.40480613708496,6.700000000000001e-06,0.33
v2,G1_C3.1,3,8,3.3846,6.083626747131348,3.366666666666667e-06,0.67
v2,G1_C3.1,3,9,3.4643,3.0382556915283203,3.333333333333334e-08,1.0
v2,G1_C3.1,4,10,3.604,4.848381519317627,6.700000000000001e-06,0.33
v2,G1_C3.1,4,11,3.7614,5.9946722984313965,3.366666666666667e-06,0.67
v2,G1_C3.1,4,12,3.4264,10.038399696350098,3.333333333333334e-08,1.0
v2,G1_C3.1,5,13,3.6691,9.170056343078613,6.700000000000001e-06,0.33
v2,G1_C3.1,5,14,3.6136,4.528136253356934,3.366666666666667e-06,0.67
v2,G1_C3.1,5,15,3.6825,3.8286232948303223,3.333333333333334e-08,1.0
v2,G1_C3.1,6,16,3.5246,5.81295919418335,6.700000000000001e-06,0.33
v2,G1_C3.1,6,17,3.551,17.889474868774414,3.366666666666667e-06,0.67
v2,G1_C3.1,6,18,3.3909,9.980703353881836,3.333333333333334e-08,1.0
v2,G1_C3.1,7,19,3.3201,5.033809185028076,6.700000000000001e-06,0.33
v2,G1_C3.1,7,20,3.4653,13.251794815063477,3.366666666666667e-06,0.67
v2,G1_C3.1,7,21,3.3541,6.541306495666504,3.333333333333334e-08,1.0
v2,G1_C3.1,8,22,3.3741,4.287411212921143,6.700000000000001e-06,0.33
v2,G1_C3.1,8,23,3.4508,4.4282002449035645,3.366666666666667e-06,0.67
v2,G1_C3.1,8,24,3.2676,7.694240093231201,3.333333333333334e-08,1.0
v2,G1_C3.1,9,25,3.3535,4.644855976104736,6.700000000000001e-06,0.33
v2,G1_C3.1,9,26,3.4428,8.30334758758545,3.366666666666667e-06,0.67
v2,G1_C3.1,9,27,3.2362,5.267043113708496,3.333333333333334e-08,1.0
v2,G1_C3.1,10,28,3.5512,4.1836934089660645,6.700000000000001e-06,0.33
v2,G1_C3.1,10,29,3.2877,8.485345840454102,3.366666666666667e-06,0.67
v2,G1_C3.1,10,30,3.3967,5.780170440673828,3.333333333333334e-08,1.0
v2,G1_C3.2,1,1,1.7549,2.0196585655212402,6.700000000000001e-06,0.33
v2,G1_C3.2,1,2,1.7467,2.2057416439056396,3.366666666666667e-06,0.67
v2,G1_C3.2,1,3,1.7149,3.731759786605835,3.333333333333334e-08,1.0
v2,G1_C3.2,2,4,1.8526,7.078135967254639,6.700000000000001e-06,0.33
v2,G1_C3.2,2,5,1.8391,2.9200732707977295,3.366666666666667e-06,0.67
v2,G1_C3.2,2,6,1.814,2.422320604324341,3.333333333333334e-08,1.0
v2,G1_C3.2,3,7,1.8509,4.871325492858887,6.700000000000001e-06,0.33
v2,G1_C3.2,3,8,1.7567,2.2907965183258057,3.366666666666667e-06,0.67
v2,G1_C3.2,3,9,1.8463,3.8444387912750244,3.333333333333334e-08,1.0
v2,G1_C3.2,4,10,1.8512,5.3718767166137695,6.700000000000001e-06,0.33
v2,G1_C3.2,4,11,1.9719,4.363382339477539,3.366666666666667e-06,0.67
v2,G1_C3.2,4,12,1.8128,2.9613778591156006,3.333333333333334e-08,1.0
v2,G1_C3.2,5,13,1.9331,5.2367024421691895,6.700000000000001e-06,0.33
v2,G1_C3.2,5,14,1.8708,2.6559102535247803,3.366666666666667e-06,0.67
v2,G1_C3.2,5,15,1.8478,2.548921585083008,3.333333333333334e-08,1.0
v2,G1_C3.2,6,16,1.9039,3.60331654548645,6.700000000000001e-06,0.33
v2,G1_C3.2,6,17,1.8377,8.296258926391602,3.366666666666667e-06,0.67
v2,G1_C3.2,6,18,1.7648,3.8667924404144287,3.333333333333334e-08,1.0
v2,G1_C3.2,7,19,1.9479,3.942007064819336,6.700000000000001e-06,0.33
v2,G1_C3.2,7,20,1.8465,4.975164890289307,3.366666666666667e-06,0.67
v2,G1_C3.2,7,21,1.7846,5.557411193847656,3.333333333333334e-08,1.0
v2,G1_C3.2,8,22,1.8748,2.7657315731048584,6.700000000000001e-06,0.33
v2,G1_C3.2,8,23,1.9384,3.0547730922698975,3.366666666666667e-06,0.67
v2,G1_C3.2,8,24,1.8432,4.359678745269775,3.333333333333334e-08,1.0
v2,G1_C3.2,9,25,1.8822,2.987352132797241,6.700000000000001e-06,0.33
v2,G1_C3.2,9,26,1.9523,3.8707146644592285,3.366666666666667e-06,0.67
v2,G1_C3.2,9,27,1.8577,4.798055171966553,3.333333333333334e-08,1.0
v2,G1_C3.2,10,28,1.9301,2.2183332443237305,6.700000000000001e-06,0.33
v2,G1_C3.2,10,29,1.7865,5.355997562408447,3.366666666666667e-06,0.67
v2,G1_C3.2,10,30,1.8177,6.20490026473999,3.333333333333334e-08,1.0
v2,G1_C3.3,1,1,4.3688,8.597926139831543,6.700000000000001e-06,0.33
v2,G1_C3.3,1,2,4.4005,13.579307556152344,3.366666666666667e-06,0.67
v2,G1_C3.3,1,3,4.2747,7.05182409286499,3.333333333333334e-08,1.0
v2,G1_C3.3,2,4,4.505,9.982216835021973,6.700000000000001e-06,0.33
v2,G1_C3.3,2,5,4.5198,5.120616912841797,3.366666666666667e-06,0.67
v2,G1_C3.3,2,6,4.4248,10.04714298248291,3.333333333333334e-08,1.0
v2,G1_C3.3,3,7,4.5529,8.776288032531738,6.700000000000001e-06,0.33
v2,G1_C3.3,3,8,4.3208,8.5177001953125,3.366666666666667e-06,0.67
v2,G1_C3.3,3,9,4.2927,6.5682525634765625,3.333333333333334e-08,1.0
v2,G1_C3.3,4,10,4.5969,6.3410844802856445,6.700000000000001e-06,0.33
v2,G1_C3.3,4,11,4.9639,10.100083351135254,3.366666666666667e-06,0.67
v2,G1_C3.3,4,12,4.531,5.60182523727417,3.333333333333334e-08,1.0
v2,G1_C3.3,5,13,4.5744,10.512194633483887,6.700000000000001e-06,0.33
v2,G1_C3.3,5,14,4.7008,6.687859058380127,3.366666666666667e-06,0.67
v2,G1_C3.3,5,15,4.6881,4.7403669357299805,3.333333333333334e-08,1.0
v2,G1_C3.3,6,16,4.5835,7.04154634475708,6.700000000000001e-06,0.33
v2,G1_C3.3,6,17,4.5816,10.424734115600586,3.366666666666667e-06,0.67
v2,G1_C3.3,6,18,4.5475,10.521666526794434,3.333333333333334e-08,1.0
v2,G1_C3.3,7,19,4.5082,6.281968593597412,6.700000000000001e-06,0.33
v2,G1_C3.3,7,20,4.6885,9.089238166809082,3.366666666666667e-06,0.67
v2,G1_C3.3,7,21,4.3989,8.020508766174316,3.333333333333334e-08,1.0
v2,G1_C3.3,8,22,4.7499,5.690911769866943,6.700000000000001e-06,0.33
v2,G1_C3.3,8,23,4.8906,6.103988170623779,3.366666666666667e-06,0.67
v2,G1_C3.3,8,24,4.6088,9.648826599121094,3.333333333333334e-08,1.0
v2,G1_C3.3,9,25,4.5423,7.084752082824707,6.700000000000001e-06,0.33
v2,G1_C3.3,9,26,4.7604,10.835344314575195,3.366666666666667e-06,0.67
v2,G1_C3.3,9,27,4.6083,5.9042887687683105,3.333333333333334e-08,1.0
v2,G1_C3.3,10,28,4.7934,7.7342047691345215,6.700000000000001e-06,0.33
v2,G1_C3.3,10,29,4.8258,9.427608489990234,3.366666666666667e-06,0.67
v2,G1_C3.3,10,30,4.6859,11.31054973602295,3.333333333333334e-08,1.0
v2,G1_C3.4,1,1,3.7002,8.586348533630371,6.700000000000001e-06,0.33
v2,G1_C3.4,1,2,3.8471,10.359806060791016,3.366666666666667e-06,0.67
v2,G1_C3.4,1,3,3.7497,3.2705788612365723,3.333333333333334e-08,1.0
v2,G1_C3.4,2,4,4.0387,10.194327354431152,6.700000000000001e-06,0.33
v2,G1_C3.4,2,5,3.6621,7.230241298675537,3.366666666666667e-06,0.67
v2,G1_C3.4,2,6,3.8722,7.563677787780762,3.333333333333334e-08,1.0
v2,G1_C3.4,3,7,3.8888,10.999101638793945,6.700000000000001e-06,0.33
v2,G1_C3.4,3,8,4.0886,13.493438720703125,3.366666666666667e-06,0.67
v2,G1_C3.4,3,9,3.8437,4.8167009353637695,3.333333333333334e-08,1.0
v2,G1_C3.4,4,10,4.0518,5.7417168617248535,6.700000000000001e-06,0.33
v2,G1_C3.4,4,11,3.9465,8.222393989562988,3.366666666666667e-06,0.67
v2,G1_C3.4,4,12,4.1341,8.47314739227295,3.333333333333334e-08,1.0
v2,G1_C3.4,5,13,4.016,4.830995559692383,6.700000000000001e-06,0.33
v2,G1_C3.4,5,14,3.8921,6.222119331359863,3.366666666666667e-06,0.67
v2,G1_C3.4,5,15,4.0151,4.906477451324463,3.333333333333334e-08,1.0
v2,G1_C3.4,6,16,3.7659,4.482842445373535,6.700000000000001e-06,0.33
v2,G1_C3.4,6,17,3.8379,7.900635242462158,3.366666666666667e-06,0.67
v2,G1_C3.4,6,18,3.8875,7.680792808532715,3.333333333333334e-08,1.0
v2,G1_C3.4,7,19,3.6835,8.130030632019043,6.700000000000001e-06,0.33
v2,G1_C3.4,7,20,3.7382,4.244195938110352,3.366666666666667e-06,0.67
v2,G1_C3.4,7,21,3.7081,11.827506065368652,3.333333333333334e-08,1.0
v2,G1_C3.4,8,22,3.8957,4.308308124542236,6.700000000000001e-06,0.33
v2,G1_C3.4,8,23,3.7785,5.415225505828857,3.366666666666667e-06,0.67
v2,G1_C3.4,8,24,4.1042,4.866279125213623,3.333333333333334e-08,1.0
v2,G1_C3.4,9,25,3.6859,3.6900947093963623,6.700000000000001e-06,0.33
v2,G1_C3.4,9,26,3.8342,8.394596099853516,3.366666666666667e-06,0.67
v2,G1_C3.4,9,27,3.8827,8.443666458129883,3.333333333333334e-08,1.0
v2,G1_C3.4,10,28,3.893,6.756397724151611,6.700000000000001e-06,0.33
v2,G1_C3.4,10,29,3.8246,5.2931742668151855,3.366666666666667e-06,0.67
v2,G1_C3.4,10,30,3.8161,8.708395957946777,3.333333333333334e-08,1.0
v2,G1_C4,1,1,0.1691,0.7624013423919678,6.700000000000001e-06,0.33
v2,G1_C4,1,2,0.1404,0.8499873876571655,3.366666666666667e-06,0.67
v2,G1_C4,1,3,0.1598,0.5944421291351318,3.333333333333334e-08,1.0
v2,G1_C4,2,4,0.1736,1.0645109415054321,6.700000000000001e-06,0.33
v2,G1_C4,2,5,0.2021,0.9377908706665039,3.366666666666667e-06,0.67
v2,G1_C4,2,6,0.1953,0.4979044198989868,3.333333333333334e-08,1.0
v2,G1_C4,3,7,0.1782,0.76569664478302,6.700000000000001e-06,0.33
v2,G1_C4,3,8,0.1638,0.9420862793922424,3.366666666666667e-06,0.67
v2,G1_C4,3,9,0.1802,0.6808189749717712,3.333333333333334e-08,1.0
v2,G1_C4,4,10,0.1806,0.939062237739563,6.700000000000001e-06,0.33
v2,G1_C4,4,11,0.1862,0.34105828404426575,3.366666666666667e-06,0.67
v2,G1_C4,4,12,0.1842,1.0332362651824951,3.333333333333334e-08,1.0
v2,G1_C4,5,13,0.1901,0.8907383680343628,6.700000000000001e-06,0.33
v2,G1_C4,5,14,0.1806,0.3126397728919983,3.366666666666667e-06,0.67
v2,G1_C4,5,15,0.1817,0.947799026966095,3.333333333333334e-08,1.0
v2,G1_C4,6,16,0.1891,2.8155107498168945,6.700000000000001e-06,0.33
v2,G1_C4,6,17,0.1832,0.27423325181007385,3.366666666666667e-06,0.67
v2,G1_C4,6,18,0.1935,2.878814220428467,3.333333333333334e-08,1.0
v2,G1_C4,7,19,0.1881,0.8857359290122986,6.700000000000001e-06,0.33
v2,G1_C4,7,20,0.2066,3.9617321491241455,3.366666666666667e-06,0.67
v2,G1_C4,7,21,0.2182,0.2504546344280243,3.333333333333334e-08,1.0
v2,G1_C4,8,22,0.2357,0.685624897480011,6.700000000000001e-06,0.33
v2,G1_C4,8,23,0.1867,0.5758756995201111,3.366666666666667e-06,0.67
v2,G1_C4,8,24,0.1755,0.6136888265609741,3.333333333333334e-08,1.0
v2,G1_C4,9,25,0.2104,0.7306910753250122,6.700000000000001e-06,0.33
v2,G1_C4,9,26,0.1636,0.42014145851135254,3.366666666666667e-06,0.67
v2,G1_C4,9,27,0.1793,0.5377083420753479,3.333333333333334e-08,1.0
v2,G1_C4,10,28,0.2652,2.396404266357422,6.700000000000001e-06,0.33
v2,G1_C4,10,29,0.2554,1.0161800384521484,3.366666666666667e-06,0.67
v2,G1_C4,10,30,0.1821,0.4097868800163269,3.333333333333334e-08,1.0
v2,G2_C1__50hertz,1,1,3.4139,6.296722888946533,6.700000000000001e-06,0.33
v2,G2_C1__50hertz,1,2,3.2992,4.641915798187256,3.366666666666667e-06,0.67
v2,G2_C1__50hertz,1,3,3.2527,4.744955062866211,3.333333333333334e-08,1.0
v2,G2_C1__50hertz,2,4,3.5421,4.784095764160156,6.700000000000001e-06,0.33
v2,G2_C1__50hertz,2,5,3.3652,5.849541664123535,3.366666666666667e-06,0.67
v2,G2_C1__50hertz,2,6,3.2454,4.342584609985352,3.333333333333334e-08,1.0
v2,G2_C1__50hertz,3,7,3.4688,5.859062671661377,6.700000000000001e-06,0.33
v2,G2_C1__50hertz,3,8,3.4008,3.8961775302886963,3.366666666666667e-06,0.67
v2,G2_C1__50hertz,3,9,3.2895,3.965327262878418,3.333333333333334e-08,1.0
v2,G2_C1__50hertz,4,10,3.5775,5.314437389373779,6.700000000000001e-06,0.33
v2,G2_C1__50hertz,4,11,3.3927,3.816884994506836,3.366666666666667e-06,0.67
v2,G2_C1__50hertz,4,12,3.3872,3.425609588623047,3.333333333333334e-08,1.0
v2,G2_C1__50hertz,5,13,3.6131,3.316182851791382,6.700000000000001e-06,0.33
v2,G2_C1__50hertz,5,14,3.5506,6.071878433227539,3.366666666666667e-06,0.67
v2,G2_C1__50hertz,5,15,3.5145,4.2780680656433105,3.333333333333334e-08,1.0
v2,G2_C1__50hertz,6,16,3.8486,4.51015567779541,6.700000000000001e-06,0.33
v2,G2_C1__50hertz,6,17,3.7318,5.947097301483154,3.366666666666667e-06,0.67
v2,G2_C1__50hertz,6,18,3.6043,5.510242938995361,3.333333333333334e-08,1.0
v2,G2_C1__50hertz,7,19,3.9917,7.931035041809082,6.700000000000001e-06,0.33
v2,G2_C1__50hertz,7,20,3.8572,3.997621774673462,3.366666666666667e-06,0.67
v2,G2_C1__50hertz,7,21,3.916,4.365852355957031,3.333333333333334e-08,1.0
v2,G2_C1__50hertz,8,22,4.2476,4.230274677276611,6.700000000000001e-06,0.33
v2,G2_C1__50hertz,8,23,3.9729,6.29865837097168,3.366666666666667e-06,0.67
v2,G2_C1__50hertz,8,24,3.9317,3.0370917320251465,3.333333333333334e-08,1.0
v2,G2_C1__50hertz,9,25,4.3096,5.036776542663574,6.700000000000001e-06,0.33
v2,G2_C1__50hertz,9,26,4.1465,4.2404303550720215,3.366666666666667e-06,0.67
v2,G2_C1__50hertz,9,27,4.0159,5.4724907875061035,3.333333333333334e-08,1.0
v2,G2_C1__50hertz,10,28,4.2014,6.151710510253906,6.700000000000001e-06,0.33
v2,G2_C1__50hertz,10,29,4.0819,6.474127769470215,3.366666666666667e-06,0.67
v2,G2_C1__50hertz,10,30,4.0283,7.478151321411133,3.333333333333334e-08,1.0
v2,G2_C1__amprion,1,1,2.0766,4.14158821105957,6.700000000000001e-06,0.33
v2,G2_C1__amprion,1,2,2.053,1.8105705976486206,3.366666666666667e-06,0.67
v2,G2_C1__amprion,1,3,2.1055,2.8683767318725586,3.333333333333334e-08,1.0
v2,G2_C1__amprion,2,4,2.264,2.2543649673461914,6.700000000000001e-06,0.33
v2,G2_C1__amprion,2,5,2.1669,3.79927396774292,3.366666666666667e-06,0.67
v2,G2_C1__amprion,2,6,2.0383,2.7080070972442627,3.333333333333334e-08,1.0
v2,G2_C1__amprion,3,7,2.1788,2.3923349380493164,6.700000000000001e-06,0.33
v2,G2_C1__amprion,3,8,2.3461,2.679905414581299,3.366666666666667e-06,0.67
v2,G2_C1__amprion,3,9,2.1699,6.779868125915527,3.333333333333334e-08,1.0
v2,G2_C1__amprion,4,10,2.4805,4.224802017211914,6.700000000000001e-06,0.33
v2,G2_C1__amprion,4,11,2.3299,3.394899845123291,3.366666666666667e-06,0.67
v2,G2_C1__amprion,4,12,2.3413,2.1534876823425293,3.333333333333334e-08,1.0
v2,G2_C1__amprion,5,13,2.476,2.336760997772217,6.700000000000001e-06,0.33
v2,G2_C1__amprion,5,14,2.5382,7.79831600189209,3.366666666666667e-06,0.67
v2,G2_C1__amprion,5,15,2.3413,3.5828158855438232,3.333333333333334e-08,1.0
v2,G2_C1__amprion,6,16,2.5679,6.739747524261475,6.700000000000001e-06,0.33
v2,G2_C1__amprion,6,17,2.4503,2.522625207901001,3.366666666666667e-06,0.67
v2,G2_C1__amprion,6,18,2.4034,3.0442354679107666,3.333333333333334e-08,1.0
v2,G2_C1__amprion,7,19,2.4373,5.006892681121826,6.700000000000001e-06,0.33
v2,G2_C1__amprion,7,20,2.4463,3.2747786045074463,3.366666666666667e-06,0.67
v2,G2_C1__amprion,7,21,2.4151,1.8984373807907104,3.333333333333334e-08,1.0
v2,G2_C1__amprion,8,22,2.4782,2.166123628616333,6.700000000000001e-06,0.33
v2,G2_C1__amprion,8,23,2.3369,5.918234825134277,3.366666666666667e-06,0.67
v2,G2_C1__amprion,8,24,2.3862,8.491311073303223,3.333333333333334e-08,1.0
v2,G2_C1__amprion,9,25,2.3861,3.1466705799102783,6.700000000000001e-06,0.33
v2,G2_C1__amprion,9,26,2.3596,2.43826961517334,3.366666666666667e-06,0.67
v2,G2_C1__amprion,9,27,2.3448,2.325408697128296,3.333333333333334e-08,1.0
v2,G2_C1__amprion,10,28,2.4588,5.878563404083252,6.700000000000001e-06,0.33
v2,G2_C1__amprion,10,29,2.4354,3.339439868927002,3.366666666666667e-06,0.67
v2,G2_C1__amprion,10,30,2.4473,3.7340214252471924,3.333333333333334e-08,1.0
v2,G2_C1__lu,1,1,1.7843,6.872593879699707,6.700000000000001e-06,0.33
v2,G2_C1__lu,1,2,1.7309,5.3279876708984375,3.366666666666667e-06,0.67
v2,G2_C1__lu,1,3,1.7145,3.8720414638519287,3.333333333333334e-08,1.0
v2,G2_C1__lu,2,4,1.8229,2.478553533554077,6.700000000000001e-06,0.33
v2,G2_C1__lu,2,5,1.8705,3.55118989944458,3.366666666666667e-06,0.67
v2,G2_C1__lu,2,6,1.7014,2.1952333450317383,3.333333333333334e-08,1.0
v2,G2_C1__lu,3,7,1.7756,2.181441068649292,6.700000000000001e-06,0.33
v2,G2_C1__lu,3,8,1.8416,4.486545562744141,3.366666666666667e-06,0.67
v2,G2_C1__lu,3,9,1.6991,4.52203893661499,3.333333333333334e-08,1.0
v2,G2_C1__lu,4,10,1.835,3.1253225803375244,6.700000000000001e-06,0.33
v2,G2_C1__lu,4,11,1.6458,2.4591095447540283,3.366666666666667e-06,0.67
v2,G2_C1__lu,4,12,1.5671,5.717855930328369,3.333333333333334e-08,1.0
v2,G2_C1__lu,5,13,1.9109,2.433659553527832,6.700000000000001e-06,0.33
v2,G2_C1__lu,5,14,1.9343,5.225340843200684,3.366666666666667e-06,0.67
v2,G2_C1__lu,5,15,1.6587,2.975991725921631,3.333333333333334e-08,1.0
v2,G2_C1__lu,6,16,1.9002,5.113504409790039,6.700000000000001e-06,0.33
v2,G2_C1__lu,6,17,1.8202,3.5714144706726074,3.366666666666667e-06,0.67
v2,G2_C1__lu,6,18,1.6911,5.904383659362793,3.333333333333334e-08,1.0
v2,G2_C1__lu,7,19,2.0851,3.9677224159240723,6.700000000000001e-06,0.33
v2,G2_C1__lu,7,20,1.9852,3.2792012691497803,3.366666666666667e-06,0.67
v2,G2_C1__lu,7,21,1.977,1.7915698289871216,3.333333333333334e-08,1.0
v2,G2_C1__lu,8,22,2.266,1.86845862865448,6.700000000000001e-06,0.33
v2,G2_C1__lu,8,23,2.0688,3.424907684326172,3.366666666666667e-06,0.67
v2,G2_C1__lu,8,24,2.0741,6.2699432373046875,3.333333333333334e-08,1.0
v2,G2_C1__lu,9,25,2.1583,4.919416427612305,6.700000000000001e-06,0.33
v2,G2_C1__lu,9,26,2.08,2.3150691986083984,3.366666666666667e-06,0.67
v2,G2_C1__lu,9,27,2.0553,3.497014284133911,3.333333333333334e-08,1.0
v2,G2_C1__lu,10,28,2.3106,3.2864673137664795,6.700000000000001e-06,0.33
v2,G2_C1__lu,10,29,2.2217,4.138258457183838,3.366666666666667e-06,0.67
v2,G2_C1__lu,10,30,2.2245,2.926668643951416,3.333333333333334e-08,1.0
v2,G2_C1__tennet,1,1,1.9339,3.210644483566284,6.700000000000001e-06,0.33
v2,G2_C1__tennet,1,2,1.8637,2.980841875076294,3.366666666666667e-06,0.67
v2,G2_C1__tennet,1,3,1.9191,3.2121856212615967,3.333333333333334e-08,1.0
v2,G2_C1__tennet,2,4,2.0894,2.9523420333862305,6.700000000000001e-06,0.33
v2,G2_C1__tennet,2,5,1.9647,3.861328363418579,3.366666666666667e-06,0.67
v2,G2_C1__tennet,2,6,1.7913,2.809408664703369,3.333333333333334e-08,1.0
v2,G2_C1__tennet,3,7,1.9634,2.7645514011383057,6.700000000000001e-06,0.33
v2,G2_C1__tennet,3,8,2.0268,3.4222326278686523,3.366666666666667e-06,0.67
v2,G2_C1__tennet,3,9,1.8095,5.973383903503418,3.333333333333334e-08,1.0
v2,G2_C1__tennet,4,10,2.0594,3.2939226627349854,6.700000000000001e-06,0.33
v2,G2_C1__tennet,4,11,1.9265,2.8317387104034424,3.366666666666667e-06,0.67
v2,G2_C1__tennet,4,12,1.8503,1.7954803705215454,3.333333333333334e-08,1.0
v2,G2_C1__tennet,5,13,2.0666,3.78875994682312,6.700000000000001e-06,0.33
v2,G2_C1__tennet,5,14,1.9996,5.153576850891113,3.366666666666667e-06,0.67
v2,G2_C1__tennet,5,15,1.8627,2.9340524673461914,3.333333333333334e-08,1.0
v2,G2_C1__tennet,6,16,2.0859,5.940004348754883,6.700000000000001e-06,0.33
v2,G2_C1__tennet,6,17,1.9706,3.344393491744995,3.366666666666667e-06,0.67
v2,G2_C1__tennet,6,18,1.8942,3.288574457168579,3.333333333333334e-08,1.0
v2,G2_C1__tennet,7,19,2.1364,4.7571702003479,6.700000000000001e-06,0.33
v2,G2_C1__tennet,7,20,2.0709,4.245484828948975,3.366666666666667e-06,0.67
v2,G2_C1__tennet,7,21,2.0748,2.3166239261627197,3.333333333333334e-08,1.0
v2,G2_C1__tennet,8,22,2.2344,2.6227567195892334,6.700000000000001e-06,0.33
v2,G2_C1__tennet,8,23,2.0651,2.915609836578369,3.366666666666667e-06,0.67
v2,G2_C1__tennet,8,24,2.07,4.518401145935059,3.333333333333334e-08,1.0
v2,G2_C1__tennet,9,25,2.1769,4.935932159423828,6.700000000000001e-06,0.33
v2,G2_C1__tennet,9,26,2.1307,3.194610834121704,3.366666666666667e-06,0.67
v2,G2_C1__tennet,9,27,2.0237,3.2566637992858887,3.333333333333334e-08,1.0
v2,G2_C1__tennet,10,28,2.246,5.218926906585693,6.700000000000001e-06,0.33
v2,G2_C1__tennet,10,29,2.1547,3.9883763790130615,3.366666666666667e-06,0.67
v2,G2_C1__tennet,10,30,2.2124,3.8691186904907227,3.333333333333334e-08,1.0
v2,G2_C1__transnetbw,1,1,1.9688,6.26181173324585,6.700000000000001e-06,0.33
v2,G2_C1__transnetbw,1,2,1.9384,3.2591521739959717,3.366666666666667e-06,0.67
v2,G2_C1__transnetbw,1,3,1.9242,2.852385997772217,3.333333333333334e-08,1.0
v2,G2_C1__transnetbw,2,4,2.1678,3.3494346141815186,6.700000000000001e-06,0.33
v2,G2_C1__transnetbw,2,5,2.0268,4.790111064910889,3.366666666666667e-06,0.67
v2,G2_C1__transnetbw,2,6,1.8531,2.4777474403381348,3.333333333333334e-08,1.0
v2,G2_C1__transnetbw,3,7,2.0489,2.60585880279541,6.700000000000001e-06,0.33
v2,G2_C1__transnetbw,3,8,2.2047,4.595108509063721,3.366666666666667e-06,0.67
v2,G2_C1__transnetbw,3,9,1.927,3.022310972213745,3.333333333333334e-08,1.0
v2,G2_C1__transnetbw,4,10,2.1147,3.0350849628448486,6.700000000000001e-06,0.33
v2,G2_C1__transnetbw,4,11,2.0202,2.927652359008789,3.366666666666667e-06,0.67
v2,G2_C1__transnetbw,4,12,1.9964,2.1846110820770264,3.333333333333334e-08,1.0
v2,G2_C1__transnetbw,5,13,2.1603,3.4932994842529297,6.700000000000001e-06,0.33
v2,G2_C1__transnetbw,5,14,2.1033,5.313905239105225,3.366666666666667e-06,0.67
v2,G2_C1__transnetbw,5,15,1.9179,4.094688415527344,3.333333333333334e-08,1.0
v2,G2_C1__transnetbw,6,16,2.1266,7.655796527862549,6.700000000000001e-06,0.33
v2,G2_C1__transnetbw,6,17,2.0138,3.656365394592285,3.366666666666667e-06,0.67
v2,G2_C1__transnetbw,6,18,1.9707,3.4342386722564697,3.333333333333334e-08,1.0
v2,G2_C1__transnetbw,7,19,2.2369,5.8204193115234375,6.700000000000001e-06,0.33
v2,G2_C1__transnetbw,7,20,2.132,4.0638427734375,3.366666666666667e-06,0.67
v2,G2_C1__transnetbw,7,21,2.1069,2.528334379196167,3.333333333333334e-08,1.0
v2,G2_C1__transnetbw,8,22,2.2555,1.9703484773635864,6.700000000000001e-06,0.33
v2,G2_C1__transnetbw,8,23,2.137,2.593209981918335,3.366666666666667e-06,0.67
v2,G2_C1__transnetbw,8,24,2.0956,4.764897346496582,3.333333333333334e-08,1.0
v2,G2_C1__transnetbw,9,25,2.1991,3.7126071453094482,6.700000000000001e-06,0.33
v2,G2_C1__transnetbw,9,26,2.1916,2.92568302154541,3.366666666666667e-06,0.67
v2,G2_C1__transnetbw,9,27,2.1217,3.3487091064453125,3.333333333333334e-08,1.0
v2,G2_C1__transnetbw,10,28,2.3103,4.929438591003418,6.700000000000001e-06,0.33
v2,G2_C1__transnetbw,10,29,2.2033,7.751346588134766,3.366666666666667e-06,0.67
v2,G2_C1__transnetbw,10,30,2.3001,5.4816741943359375,3.333333333333334e-08,1.0
v2,G2_C2.1__50hertz,1,1,0.4143,2.1030290126800537,6.700000000000001e-06,0.33
v2,G2_C2.1__50hertz,1,2,0.4175,1.3316611051559448,3.366666666666667e-06,0.67
v2,G2_C2.1__50hertz,1,3,0.4184,1.8131967782974243,3.333333333333334e-08,1.0
v2,G2_C2.1__50hertz,2,4,0.4425,3.933354139328003,6.700000000000001e-06,0.33
v2,G2_C2.1__50hertz,2,5,0.4396,2.3003909587860107,3.366666666666667e-06,0.67
v2,G2_C2.1__50hertz,2,6,0.4711,1.395266056060791,3.333333333333334e-08,1.0
v2,G2_C2.1__50hertz,3,7,0.4628,2.2912075519561768,6.700000000000001e-06,0.33
v2,G2_C2.1__50hertz,3,8,0.4762,1.8694422245025635,3.366666666666667e-06,0.67
v2,G2_C2.1__50hertz,3,9,0.4577,4.473781108856201,3.333333333333334e-08,1.0
v2,G2_C2.1__50hertz,4,10,0.4488,1.2377877235412598,6.700000000000001e-06,0.33
v2,G2_C2.1__50hertz,4,11,0.4801,1.0879348516464233,3.366666666666667e-06,0.67
v2,G2_C2.1__50hertz,4,12,0.4634,0.9071098566055298,3.333333333333334e-08,1.0
v2,G2_C2.1__50hertz,5,13,0.4732,0.8116310834884644,6.700000000000001e-06,0.33
v2,G2_C2.1__50hertz,5,14,0.4498,1.0307263135910034,3.366666666666667e-06,0.67
v2,G2_C2.1__50hertz,5,15,0.4719,4.2454071044921875,3.333333333333334e-08,1.0
v2,G2_C2.1__50hertz,6,16,0.5047,3.90340518951416,6.700000000000001e-06,0.33
v2,G2_C2.1__50hertz,6,17,0.5148,0.7162789106369019,3.366666666666667e-06,0.67
v2,G2_C2.1__50hertz,6,18,0.4666,1.2593488693237305,3.333333333333334e-08,1.0
v2,G2_C2.1__50hertz,7,19,0.5197,2.957998514175415,6.700000000000001e-06,0.33
v2,G2_C2.1__50hertz,7,20,0.5028,5.23549747467041,3.366666666666667e-06,0.67
v2,G2_C2.1__50hertz,7,21,0.4925,2.135952949523926,3.333333333333334e-08,1.0
v2,G2_C2.1__50hertz,8,22,0.5359,2.5842418670654297,6.700000000000001e-06,0.33
v2,G2_C2.1__50hertz,8,23,0.5687,0.8948090672492981,3.366666666666667e-06,0.67
v2,G2_C2.1__50hertz,8,24,0.4984,1.8441076278686523,3.333333333333334e-08,1.0
v2,G2_C2.1__50hertz,9,25,0.5845,3.3009207248687744,6.700000000000001e-06,0.33
v2,G2_C2.1__50hertz,9,26,0.497,1.406702995300293,3.366666666666667e-06,0.67
v2,G2_C2.1__50hertz,9,27,0.5049,3.8322319984436035,3.333333333333334e-08,1.0
v2,G2_C2.1__50hertz,10,28,0.6127,5.255616664886475,6.700000000000001e-06,0.33
v2,G2_C2.1__50hertz,10,29,0.5566,1.6872953176498413,3.366666666666667e-06,0.67
v2,G2_C2.1__50hertz,10,30,0.4775,1.8131362199783325,3.333333333333334e-08,1.0
v2,G2_C2.1__amprion,1,1,0.2773,1.2623605728149414,6.700000000000001e-06,0.33
v2,G2_C2.1__amprion,1,2,0.2367,0.4959481656551361,3.366666666666667e-06,0.67
v2,G2_C2.1__amprion,1,3,0.2703,1.1066081523895264,3.333333333333334e-08,1.0
v2,G2_C2.1__amprion,2,4,0.2992,0.5360108017921448,6.700000000000001e-06,0.33
v2,G2_C2.1__amprion,2,5,0.2993,0.9946653246879578,3.366666666666667e-06,0.67
v2,G2_C2.1__amprion,2,6,0.2968,0.34831342101097107,3.333333333333334e-08,1.0
v2,G2_C2.1__amprion,3,7,0.2894,0.5841947197914124,6.700000000000001e-06,0.33
v2,G2_C2.1__amprion,3,8,0.2908,1.8843462467193604,3.366666666666667e-06,0.67
v2,G2_C2.1__amprion,3,9,0.2875,2.0631730556488037,3.333333333333334e-08,1.0
v2,G2_C2.1__amprion,4,10,0.3145,2.951387405395508,6.700000000000001e-06,0.33
v2,G2_C2.1__amprion,4,11,0.3208,0.6579599380493164,3.366666666666667e-06,0.67
v2,G2_C2.1__amprion,4,12,0.3232,5.909877300262451,3.333333333333334e-08,1.0
v2,G2_C2.1__amprion,5,13,0.3627,0.4775559604167938,6.700000000000001e-06,0.33
v2,G2_C2.1__amprion,5,14,0.3261,1.2888638973236084,3.366666666666667e-06,0.67
v2,G2_C2.1__amprion,5,15,0.3011,2.2654409408569336,3.333333333333334e-08,1.0
v2,G2_C2.1__amprion,6,16,0.3584,2.5476531982421875,6.700000000000001e-06,0.33
v2,G2_C2.1__amprion,6,17,0.331,0.8339142799377441,3.366666666666667e-06,0.67
v2,G2_C2.1__amprion,6,18,0.3543,1.5186940431594849,3.333333333333334e-08,1.0
v2,G2_C2.1__amprion,7,19,0.3368,0.44467800855636597,6.700000000000001e-06,0.33
v2,G2_C2.1__amprion,7,20,0.3264,3.8792223930358887,3.366666666666667e-06,0.67
v2,G2_C2.1__amprion,7,21,0.3483,1.46112060546875,3.333333333333334e-08,1.0
v2,G2_C2.1__amprion,8,22,0.3612,1.7004677057266235,6.700000000000001e-06,0.33
v2,G2_C2.1__amprion,8,23,0.2979,1.1714249849319458,3.366666666666667e-06,0.67
v2,G2_C2.1__amprion,8,24,0.2956,0.6988562941551208,3.333333333333334e-08,1.0
v2,G2_C2.1__amprion,9,25,0.3485,0.7499637007713318,6.700000000000001e-06,0.33
v2,G2_C2.1__amprion,9,26,0.3002,0.4742650091648102,3.366666666666667e-06,0.67
v2,G2_C2.1__amprion,9,27,0.3066,0.5516238808631897,3.333333333333334e-08,1.0
v2,G2_C2.1__amprion,10,28,0.3804,2.2670605182647705,6.700000000000001e-06,0.33
v2,G2_C2.1__amprion,10,29,0.3873,0.7092766761779785,3.366666666666667e-06,0.67
v2,G2_C2.1__amprion,10,30,0.2955,1.0282464027404785,3.333333333333334e-08,1.0
v2,G2_C2.1__lu,1,1,0.2125,0.4390181601047516,6.700000000000001e-06,0.33
v2,G2_C2.1__lu,1,2,0.1928,0.5485844612121582,3.366666666666667e-06,0.67
v2,G2_C2.1__lu,1,3,0.2022,0.3409038484096527,3.333333333333334e-08,1.0
v2,G2_C2.1__lu,2,4,0.1986,1.5159051418304443,6.700000000000001e-06,0.33
v2,G2_C2.1__lu,2,5,0.2038,1.3944915533065796,3.366666666666667e-06,0.67
v2,G2_C2.1__lu,2,6,0.2388,0.24632714688777924,3.333333333333334e-08,1.0
v2,G2_C2.1__lu,3,7,0.2255,0.8061648607254028,6.700000000000001e-06,0.33
v2,G2_C2.1__lu,3,8,0.1952,2.880014419555664,3.366666666666667e-06,0.67
v2,G2_C2.1__lu,3,9,0.2154,0.9853035807609558,3.333333333333334e-08,1.0
v2,G2_C2.1__lu,4,10,0.2226,0.5650845766067505,6.700000000000001e-06,0.33
v2,G2_C2.1__lu,4,11,0.2418,1.0021693706512451,3.366666666666667e-06,0.67
v2,G2_C2.1__lu,4,12,0.2286,1.4338493347167969,3.333333333333334e-08,1.0
v2,G2_C2.1__lu,5,13,0.2573,1.0027211904525757,6.700000000000001e-06,0.33
v2,G2_C2.1__lu,5,14,0.2233,0.7754673957824707,3.366666666666667e-06,0.67
v2,G2_C2.1__lu,5,15,0.2214,2.5182383060455322,3.333333333333334e-08,1.0
v2,G2_C2.1__lu,6,16,0.2205,2.746212959289551,6.700000000000001e-06,0.33
v2,G2_C2.1__lu,6,17,0.2333,0.5161287784576416,3.366666666666667e-06,0.67
v2,G2_C2.1__lu,6,18,0.2749,3.9388649463653564,3.333333333333334e-08,1.0
v2,G2_C2.1__lu,7,19,0.2569,0.45328742265701294,6.700000000000001e-06,0.33
v2,G2_C2.1__lu,7,20,0.2553,0.9201394319534302,3.366666666666667e-06,0.67
v2,G2_C2.1__lu,7,21,0.2647,0.48965343832969666,3.333333333333334e-08,1.0
v2,G2_C2.1__lu,8,22,0.3019,2.160099983215332,6.700000000000001e-06,0.33
v2,G2_C2.1__lu,8,23,0.3446,0.5246384739875793,3.366666666666667e-06,0.67
v2,G2_C2.1__lu,8,24,0.2711,0.9093235731124878,3.333333333333334e-08,1.0
v2,G2_C2.1__lu,9,25,0.2932,0.6740144491195679,6.700000000000001e-06,0.33
v2,G2_C2.1__lu,9,26,0.2752,1.0427206754684448,3.366666666666667e-06,0.67
v2,G2_C2.1__lu,9,27,0.2591,0.495132714509964,3.333333333333334e-08,1.0
v2,G2_C2.1__lu,10,28,0.3298,2.94916033744812,6.700000000000001e-06,0.33
v2,G2_C2.1__lu,10,29,0.3747,0.6104622483253479,3.366666666666667e-06,0.67
v2,G2_C2.1__lu,10,30,0.2794,1.1394420862197876,3.333333333333334e-08,1.0
v2,G2_C2.1__tennet,1,1,0.2606,0.43698957562446594,6.700000000000001e-06,0.33
v2,G2_C2.1__tennet,1,2,0.2263,1.1273983716964722,3.366666666666667e-06,0.67
v2,G2_C2.1__tennet,1,3,0.2402,1.2040714025497437,3.333333333333334e-08,1.0
v2,G2_C2.1__tennet,2,4,0.2635,1.3089734315872192,6.700000000000001e-06,0.33
v2,G2_C2.1__tennet,2,5,0.2731,1.5097326040267944,3.366666666666667e-06,0.67
v2,G2_C2.1__tennet,2,6,0.2744,0.6369255781173706,3.333333333333334e-08,1.0
v2,G2_C2.1__tennet,3,7,0.2494,0.5288017392158508,6.700000000000001e-06,0.33
v2,G2_C2.1__tennet,3,8,0.2343,1.2492650747299194,3.366666666666667e-06,0.67
v2,G2_C2.1__tennet,3,9,0.2499,0.5623739957809448,3.333333333333334e-08,1.0
v2,G2_C2.1__tennet,4,10,0.2395,0.8268506526947021,6.700000000000001e-06,0.33
v2,G2_C2.1__tennet,4,11,0.2569,0.4181922972202301,3.366666666666667e-06,0.67
v2,G2_C2.1__tennet,4,12,0.2682,1.1237393617630005,3.333333333333334e-08,1.0
v2,G2_C2.1__tennet,5,13,0.2448,0.31914854049682617,6.700000000000001e-06,0.33
v2,G2_C2.1__tennet,5,14,0.2487,0.26094064116477966,3.366666666666667e-06,0.67
v2,G2_C2.1__tennet,5,15,0.2416,1.0263862609863281,3.333333333333334e-08,1.0
v2,G2_C2.1__tennet,6,16,0.2529,3.2598752975463867,6.700000000000001e-06,0.33
v2,G2_C2.1__tennet,6,17,0.2536,0.5937261581420898,3.366666666666667e-06,0.67
v2,G2_C2.1__tennet,6,18,0.2646,1.2492469549179077,3.333333333333334e-08,1.0
v2,G2_C2.1__tennet,7,19,0.2429,0.44112706184387207,6.700000000000001e-06,0.33
v2,G2_C2.1__tennet,7,20,0.2673,4.227108001708984,3.366666666666667e-06,0.67
v2,G2_C2.1__tennet,7,21,0.3015,0.36057353019714355,3.333333333333334e-08,1.0
v2,G2_C2.1__tennet,8,22,0.288,0.5802991390228271,6.700000000000001e-06,0.33
v2,G2_C2.1__tennet,8,23,0.2628,0.6618884205818176,3.366666666666667e-06,0.67
v2,G2_C2.1__tennet,8,24,0.2387,0.48376908898353577,3.333333333333334e-08,1.0
v2,G2_C2.1__tennet,9,25,0.2795,0.7085394859313965,6.700000000000001e-06,0.33
v2,G2_C2.1__tennet,9,26,0.2254,0.9095312356948853,3.366666666666667e-06,0.67
v2,G2_C2.1__tennet,9,27,0.2451,1.1691553592681885,3.333333333333334e-08,1.0
v2,G2_C2.1__tennet,10,28,0.3397,2.832134485244751,6.700000000000001e-06,0.33
v2,G2_C2.1__tennet,10,29,0.3375,0.8479464650154114,3.366666666666667e-06,0.67
v2,G2_C2.1__tennet,10,30,0.2437,0.8506059646606445,3.333333333333334e-08,1.0
v2,G2_C2.1__transnetbw,1,1,0.2382,0.6780467629432678,6.700000000000001e-06,0.33
v2,G2_C2.1__transnetbw,1,2,0.1981,0.9600087404251099,3.366666666666667e-06,0.67
v2,G2_C2.1__transnetbw,1,3,0.2389,0.5400642156600952,3.333333333333334e-08,1.0
v2,G2_C2.1__transnetbw,2,4,0.2801,2.0066020488739014,6.700000000000001e-06,0.33
v2,G2_C2.1__transnetbw,2,5,0.2957,1.2414519786834717,3.366666666666667e-06,0.67
v2,G2_C2.1__transnetbw,2,6,0.2721,0.5855973362922668,3.333333333333334e-08,1.0
v2,G2_C2.1__transnetbw,3,7,0.2523,1.070294976234436,6.700000000000001e-06,0.33
v2,G2_C2.1__transnetbw,3,8,0.2249,1.2411019802093506,3.366666666666667e-06,0.67
v2,G2_C2.1__transnetbw,3,9,0.2486,0.783597469329834,3.333333333333334e-08,1.0
v2,G2_C2.1__transnetbw,4,10,0.2403,0.3828563392162323,6.700000000000001e-06,0.33
v2,G2_C2.1__transnetbw,4,11,0.2573,0.5092580914497375,3.366666666666667e-06,0.67
v2,G2_C2.1__transnetbw,4,12,0.2429,1.0616888999938965,3.333333333333334e-08,1.0
v2,G2_C2.1__transnetbw,5,13,0.2585,0.554185688495636,6.700000000000001e-06,0.33
v2,G2_C2.1__transnetbw,5,14,0.2325,0.23611317574977875,3.366666666666667e-06,0.67
v2,G2_C2.1__transnetbw,5,15,0.2478,1.2088494300842285,3.333333333333334e-08,1.0
v2,G2_C2.1__transnetbw,6,16,0.2357,2.7746026515960693,6.700000000000001e-06,0.33
v2,G2_C2.1__transnetbw,6,17,0.2477,0.47198978066444397,3.366666666666667e-06,0.67
v2,G2_C2.1__transnetbw,6,18,0.26,1.616066575050354,3.333333333333334e-08,1.0
v2,G2_C2.1__transnetbw,7,19,0.2353,1.1044809818267822,6.700000000000001e-06,0.33
v2,G2_C2.1__transnetbw,7,20,0.2712,2.7592551708221436,3.366666666666667e-06,0.67
v2,G2_C2.1__transnetbw,7,21,0.3176,1.2648242712020874,3.333333333333334e-08,1.0
v2,G2_C2.1__transnetbw,8,22,0.2809,2.5244572162628174,6.700000000000001e-06,0.33
v2,G2_C2.1__transnetbw,8,23,0.2623,0.6939055919647217,3.366666666666667e-06,0.67
v2,G2_C2.1__transnetbw,8,24,0.2369,1.0094119310379028,3.333333333333334e-08,1.0
v2,G2_C2.1__transnetbw,9,25,0.2774,0.378873735666275,6.700000000000001e-06,0.33
v2,G2_C2.1__transnetbw,9,26,0.2007,0.5677673816680908,3.366666666666667e-06,0.67
v2,G2_C2.1__transnetbw,9,27,0.2334,1.105455756187439,3.333333333333334e-08,1.0
v2,G2_C2.1__transnetbw,10,28,0.3303,2.239243507385254,6.700000000000001e-06,0.33
v2,G2_C2.1__transnetbw,10,29,0.3589,1.3544325828552246,3.366666666666667e-06,0.67
v2,G2_C2.1__transnetbw,10,30,0.245,0.9913995862007141,3.333333333333334e-08,1.0
v2,G2_C2.2__50hertz,1,1,0.4004,2.4893455505371094,6.700000000000001e-06,0.33
v2,G2_C2.2__50hertz,1,2,0.403,1.055357575416565,3.366666666666667e-06,0.67
v2,G2_C2.2__50hertz,1,3,0.3988,1.0893317461013794,3.333333333333334e-08,1.0
v2,G2_C2.2__50hertz,2,4,0.4267,3.840116262435913,6.700000000000001e-06,0.33
v2,G2_C2.2__50hertz,2,5,0.4354,1.911012887954712,3.366666666666667e-06,0.67
v2,G2_C2.2__50hertz,2,6,0.4539,1.5374361276626587,3.333333333333334e-08,1.0
v2,G2_C2.2__50hertz,3,7,0.4429,3.0917811393737793,6.700000000000001e-06,0.33
v2,G2_C2.2__50hertz,3,8,0.4523,2.1322197914123535,3.366666666666667e-06,0.67
v2,G2_C2.2__50hertz,3,9,0.4471,3.123353958129883,3.333333333333334e-08,1.0
v2,G2_C2.2__50hertz,4,10,0.4342,1.2104511260986328,6.700000000000001e-06,0.33
v2,G2_C2.2__50hertz,4,11,0.4606,0.8005074262619019,3.366666666666667e-06,0.67
v2,G2_C2.2__50hertz,4,12,0.4633,2.653499126434326,3.333333333333334e-08,1.0
v2,G2_C2.2__50hertz,5,13,0.4611,0.7742191553115845,6.700000000000001e-06,0.33
v2,G2_C2.2__50hertz,5,14,0.4373,1.5367122888565063,3.366666666666667e-06,0.67
v2,G2_C2.2__50hertz,5,15,0.4693,3.352447986602783,3.333333333333334e-08,1.0
v2,G2_C2.2__50hertz,6,16,0.4963,4.147234916687012,6.700000000000001e-06,0.33
v2,G2_C2.2__50hertz,6,17,0.4923,1.6044906377792358,3.366666666666667e-06,0.67
v2,G2_C2.2__50hertz,6,18,0.4352,2.7060678005218506,3.333333333333334e-08,1.0
v2,G2_C2.2__50hertz,7,19,0.5159,3.0519859790802,6.700000000000001e-06,0.33
v2,G2_C2.2__50hertz,7,20,0.4939,5.57710075378418,3.366666666666667e-06,0.67
v2,G2_C2.2__50hertz,7,21,0.4946,2.12556529045105,3.333333333333334e-08,1.0
v2,G2_C2.2__50hertz,8,22,0.5372,2.320206880569458,6.700000000000001e-06,0.33
v2,G2_C2.2__50hertz,8,23,0.5629,2.097571849822998,3.366666666666667e-06,0.67
v2,G2_C2.2__50hertz,8,24,0.4831,1.9398186206817627,3.333333333333334e-08,1.0
v2,G2_C2.2__50hertz,9,25,0.5851,2.9372901916503906,6.700000000000001e-06,0.33
v2,G2_C2.2__50hertz,9,26,0.4743,1.980045199394226,3.366666666666667e-06,0.67
v2,G2_C2.2__50hertz,9,27,0.4875,2.5313785076141357,3.333333333333334e-08,1.0
v2,G2_C2.2__50hertz,10,28,0.5762,5.756430149078369,6.700000000000001e-06,0.33
v2,G2_C2.2__50hertz,10,29,0.5443,1.8378602266311646,3.366666666666667e-06,0.67
v2,G2_C2.2__50hertz,10,30,0.4698,1.5917788743972778,3.333333333333334e-08,1.0
v2,G2_C2.2__amprion,1,1,0.2736,1.744338035583496,6.700000000000001e-06,0.33
v2,G2_C2.2__amprion,1,2,0.2362,0.900853157043457,3.366666666666667e-06,0.67
v2,G2_C2.2__amprion,1,3,0.2656,0.7057865262031555,3.333333333333334e-08,1.0
v2,G2_C2.2__amprion,2,4,0.2871,0.5347016453742981,6.700000000000001e-06,0.33
v2,G2_C2.2__amprion,2,5,0.295,0.7146409749984741,3.366666666666667e-06,0.67
v2,G2_C2.2__amprion,2,6,0.3003,0.593286395072937,3.333333333333334e-08,1.0
v2,G2_C2.2__amprion,3,7,0.2862,0.6599482893943787,6.700000000000001e-06,0.33
v2,G2_C2.2__amprion,3,8,0.2903,1.5512596368789673,3.366666666666667e-06,0.67
v2,G2_C2.2__amprion,3,9,0.2925,2.251350164413452,3.333333333333334e-08,1.0
v2,G2_C2.2__amprion,4,10,0.311,2.3190104961395264,6.700000000000001e-06,0.33
v2,G2_C2.2__amprion,4,11,0.3168,0.4944832921028137,3.366666666666667e-06,0.67
v2,G2_C2.2__amprion,4,12,0.3054,3.269104242324829,3.333333333333334e-08,1.0
v2,G2_C2.2__amprion,5,13,0.355,0.47678372263908386,6.700000000000001e-06,0.33
v2,G2_C2.2__amprion,5,14,0.32,1.2310431003570557,3.366666666666667e-06,0.67
v2,G2_C2.2__amprion,5,15,0.3043,2.0865375995635986,3.333333333333334e-08,1.0
v2,G2_C2.2__amprion,6,16,0.347,3.115400791168213,6.700000000000001e-06,0.33
v2,G2_C2.2__amprion,6,17,0.3311,1.0053343772888184,3.366666666666667e-06,0.67
v2,G2_C2.2__amprion,6,18,0.3433,1.032123327255249,3.333333333333334e-08,1.0
v2,G2_C2.2__amprion,7,19,0.3421,0.44650447368621826,6.700000000000001e-06,0.33
v2,G2_C2.2__amprion,7,20,0.3285,4.383625507354736,3.366666666666667e-06,0.67
v2,G2_C2.2__amprion,7,21,0.3486,0.6930260062217712,3.333333333333334e-08,1.0
v2,G2_C2.2__amprion,8,22,0.3639,1.4700905084609985,6.700000000000001e-06,0.33
v2,G2_C2.2__amprion,8,23,0.2945,1.2940900325775146,3.366666666666667e-06,0.67
v2,G2_C2.2__amprion,8,24,0.2989,0.5537937879562378,3.333333333333334e-08,1.0
v2,G2_C2.2__amprion,9,25,0.3367,0.6608796715736389,6.700000000000001e-06,0.33
v2,G2_C2.2__amprion,9,26,0.2795,0.5845825672149658,3.366666666666667e-06,0.67
v2,G2_C2.2__amprion,9,27,0.2957,1.0066059827804565,3.333333333333334e-08,1.0
v2,G2_C2.2__amprion,10,28,0.3794,2.1501059532165527,6.700000000000001e-06,0.33
v2,G2_C2.2__amprion,10,29,0.3939,0.6245329976081848,3.366666666666667e-06,0.67
v2,G2_C2.2__amprion,10,30,0.2938,0.8642476797103882,3.333333333333334e-08,1.0
v2,G2_C2.2__lu,1,1,0.2124,0.4654327630996704,6.700000000000001e-06,0.33
v2,G2_C2.2__lu,1,2,0.1924,0.564918577671051,3.366666666666667e-06,0.67
v2,G2_C2.2__lu,1,3,0.2018,0.3506409227848053,3.333333333333334e-08,1.0
v2,G2_C2.2__lu,2,4,0.1986,1.5159051418304443,6.700000000000001e-06,0.33
v2,G2_C2.2__lu,2,5,0.2038,1.3944915533065796,3.366666666666667e-06,0.67
v2,G2_C2.2__lu,2,6,0.2388,0.24632714688777924,3.333333333333334e-08,1.0
v2,G2_C2.2__lu,3,7,0.2255,0.8061648607254028,6.700000000000001e-06,0.33
v2,G2_C2.2__lu,3,8,0.1952,2.880014419555664,3.366666666666667e-06,0.67
v2,G2_C2.2__lu,3,9,0.2154,0.9853035807609558,3.333333333333334e-08,1.0
v2,G2_C2.2__lu,4,10,0.2226,0.5650845766067505,6.700000000000001e-06,0.33
v2,G2_C2.2__lu,4,11,0.2418,1.0021693706512451,3.366666666666667e-06,0.67
v2,G2_C2.2__lu,4,12,0.2286,1.4338493347167969,3.333333333333334e-08,1.0
v2,G2_C2.2__lu,5,13,0.2573,1.0027211904525757,6.700000000000001e-06,0.33
v2,G2_C2.2__lu,5,14,0.2233,0.7754673957824707,3.366666666666667e-06,0.67
v2,G2_C2.2__lu,5,15,0.2214,2.5182383060455322,3.333333333333334e-08,1.0
v2,G2_C2.2__lu,6,16,0.2205,2.746212959289551,6.700000000000001e-06,0.33
v2,G2_C2.2__lu,6,17,0.2333,0.5161287784576416,3.366666666666667e-06,0.67
v2,G2_C2.2__lu,6,18,0.2749,3.9388649463653564,3.333333333333334e-08,1.0
v2,G2_C2.2__lu,7,19,0.2569,0.45328742265701294,6.700000000000001e-06,0.33
v2,G2_C2.2__lu,7,20,0.2553,0.9201394319534302,3.366666666666667e-06,0.67
v2,G2_C2.2__lu,7,21,0.2647,0.48965343832969666,3.333333333333334e-08,1.0
v2,G2_C2.2__lu,8,22,0.3019,2.160099983215332,6.700000000000001e-06,0.33
v2,G2_C2.2__lu,8,23,0.3446,0.5246384739875793,3.366666666666667e-06,0.67
v2,G2_C2.2__lu,8,24,0.2711,0.9093235731124878,3.333333333333334e-08,1.0
v2,G2_C2.2__lu,9,25,0.2932,0.6740144491195679,6.700000000000001e-06,0.33
v2,G2_C2.2__lu,9,26,0.2752,1.0427206754684448,3.366666666666667e-06,0.67
v2,G2_C2.2__lu,9,27,0.2591,0.495132714509964,3.333333333333334e-08,1.0
v2,G2_C2.2__lu,10,28,0.3298,2.94916033744812,6.700000000000001e-06,0.33
v2,G2_C2.2__lu,10,29,0.3747,0.6104622483253479,3.366666666666667e-06,0.67
v2,G2_C2.2__lu,10,30,0.2794,1.1394420862197876,3.333333333333334e-08,1.0
v2,G2_C2.2__tennet,1,1,0.2401,0.43832239508628845,6.700000000000001e-06,0.33
v2,G2_C2.2__tennet,1,2,0.221,0.6750520467758179,3.366666666666667e-06,0.67
v2,G2_C2.2__tennet,1,3,0.2255,1.137500286102295,3.333333333333334e-08,1.0
v2,G2_C2.2__tennet,2,4,0.2606,1.48629891872406,6.700000000000001e-06,0.33
v2,G2_C2.2__tennet,2,5,0.2697,1.371622085571289,3.366666666666667e-06,0.67
v2,G2_C2.2__tennet,2,6,0.2634,0.7707324028015137,3.333333333333334e-08,1.0
v2,G2_C2.2__tennet,3,7,0.2475,0.44827839732170105,6.700000000000001e-06,0.33
v2,G2_C2.2__tennet,3,8,0.2291,1.948907494544983,3.366666666666667e-06,0.67
v2,G2_C2.2__tennet,3,9,0.2619,1.3461862802505493,3.333333333333334e-08,1.0
v2,G2_C2.2__tennet,4,10,0.2242,0.9897378087043762,6.700000000000001e-06,0.33
v2,G2_C2.2__tennet,4,11,0.2549,0.4365520477294922,3.366666666666667e-06,0.67
v2,G2_C2.2__tennet,4,12,0.2524,1.7265338897705078,3.333333333333334e-08,1.0
v2,G2_C2.2__tennet,5,13,0.2422,0.36996540427207947,6.700000000000001e-06,0.33
v2,G2_C2.2__tennet,5,14,0.2417,0.46198421716690063,3.366666666666667e-06,0.67
v2,G2_C2.2__tennet,5,15,0.2278,0.8627542853355408,3.333333333333334e-08,1.0
v2,G2_C2.2__tennet,6,16,0.2435,3.686635732650757,6.700000000000001e-06,0.33
v2,G2_C2.2__tennet,6,17,0.2386,0.5802369117736816,3.366666666666667e-06,0.67
v2,G2_C2.2__tennet,6,18,0.2611,8.377963066101074,3.333333333333334e-08,1.0
v2,G2_C2.2__tennet,7,19,0.2412,0.421539843082428,6.700000000000001e-06,0.33
v2,G2_C2.2__tennet,7,20,0.2624,5.450132369995117,3.366666666666667e-06,0.67
v2,G2_C2.2__tennet,7,21,0.2886,0.671295702457428,3.333333333333334e-08,1.0
v2,G2_C2.2__tennet,8,22,0.2926,0.6829550266265869,6.700000000000001e-06,0.33
v2,G2_C2.2__tennet,8,23,0.2417,0.6365362405776978,3.366666666666667e-06,0.67
v2,G2_C2.2__tennet,8,24,0.2239,0.2507183253765106,3.333333333333334e-08,1.0
v2,G2_C2.2__tennet,9,25,0.268,0.644010603427887,6.700000000000001e-06,0.33
v2,G2_C2.2__tennet,9,26,0.2047,0.7458587884902954,3.366666666666667e-06,0.67
v2,G2_C2.2__tennet,9,27,0.2221,1.2105728387832642,3.333333333333334e-08,1.0
v2,G2_C2.2__tennet,10,28,0.3444,3.0222465991973877,6.700000000000001e-06,0.33
v2,G2_C2.2__tennet,10,29,0.3194,0.9783304333686829,3.366666666666667e-06,0.67
v2,G2_C2.2__tennet,10,30,0.229,0.6829731464385986,3.333333333333334e-08,1.0
v2,G2_C2.2__transnetbw,1,1,0.2426,0.48819395899772644,6.700000000000001e-06,0.33
v2,G2_C2.2__transnetbw,1,2,0.1981,1.3426733016967773,3.366666666666667e-06,0.67
v2,G2_C2.2__transnetbw,1,3,0.2341,0.6515316367149353,3.333333333333334e-08,1.0
v2,G2_C2.2__transnetbw,2,4,0.2768,1.5753265619277954,6.700000000000001e-06,0.33
v2,G2_C2.2__transnetbw,2,5,0.2894,0.8251517415046692,3.366666666666667e-06,0.67
v2,G2_C2.2__transnetbw,2,6,0.2771,0.38259172439575195,3.333333333333334e-08,1.0
v2,G2_C2.2__transnetbw,3,7,0.2548,1.4812849760055542,6.700000000000001e-06,0.33
v2,G2_C2.2__transnetbw,3,8,0.2256,1.3320955038070679,3.366666666666667e-06,0.67
v2,G2_C2.2__transnetbw,3,9,0.2499,1.238110065460205,3.333333333333334e-08,1.0
v2,G2_C2.2__transnetbw,4,10,0.236,0.505046010017395,6.700000000000001e-06,0.33
v2,G2_C2.2__transnetbw,4,11,0.2493,0.6574897170066833,3.366666666666667e-06,0.67
v2,G2_C2.2__transnetbw,4,12,0.2256,1.0968214273452759,3.333333333333334e-08,1.0
v2,G2_C2.2__transnetbw,5,13,0.2613,0.36422455310821533,6.700000000000001e-06,0.33
v2,G2_C2.2__transnetbw,5,14,0.2267,0.23530472815036774,3.366666666666667e-06,0.67
v2,G2_C2.2__transnetbw,5,15,0.2358,0.7253313064575195,3.333333333333334e-08,1.0
v2,G2_C2.2__transnetbw,6,16,0.2292,2.837912082672119,6.700000000000001e-06,0.33
v2,G2_C2.2__transnetbw,6,17,0.2361,0.4555903673171997,3.366666666666667e-06,0.67
v2,G2_C2.2__transnetbw,6,18,0.2615,2.8025896549224854,3.333333333333334e-08,1.0
v2,G2_C2.2__transnetbw,7,19,0.2318,1.3872255086898804,6.700000000000001e-06,0.33
v2,G2_C2.2__transnetbw,7,20,0.2638,4.965635776519775,3.366666666666667e-06,0.67
v2,G2_C2.2__transnetbw,7,21,0.2998,1.2998816967010498,3.333333333333334e-08,1.0
v2,G2_C2.2__transnetbw,8,22,0.2786,1.9860115051269531,6.700000000000001e-06,0.33
v2,G2_C2.2__transnetbw,8,23,0.2464,0.7610821723937988,3.366666666666667e-06,0.67
v2,G2_C2.2__transnetbw,8,24,0.2234,1.1518604755401611,3.333333333333334e-08,1.0
v2,G2_C2.2__transnetbw,9,25,0.283,0.44633948802948,6.700000000000001e-06,0.33
v2,G2_C2.2__transnetbw,9,26,0.1959,0.5383949875831604,3.366666666666667e-06,0.67
v2,G2_C2.2__transnetbw,9,27,0.228,0.9562230706214905,3.333333333333334e-08,1.0
v2,G2_C2.2__transnetbw,10,28,0.3203,2.868170976638794,6.700000000000001e-06,0.33
v2,G2_C2.2__transnetbw,10,29,0.3471,0.37781232595443726,3.366666666666667e-06,0.67
v2,G2_C2.2__transnetbw,10,30,0.2401,0.9461222290992737,3.333333333333334e-08,1.0
v2,G2_C2.3__50hertz,1,1,0.1097,0.8202509880065918,6.700000000000001e-06,0.33
v2,G2_C2.3__50hertz,1,2,0.1116,0.3722383975982666,3.366666666666667e-06,0.67
v2,G2_C2.3__50hertz,1,3,0.1095,0.6354860067367554,3.333333333333334e-08,1.0
v2,G2_C2.3__50hertz,2,4,0.12,1.0182825326919556,6.700000000000001e-06,0.33
v2,G2_C2.3__50hertz,2,5,0.1166,0.3939361572265625,3.366666666666667e-06,0.67
v2,G2_C2.3__50hertz,2,6,0.1223,0.40417975187301636,3.333333333333334e-08,1.0
v2,G2_C2.3__50hertz,3,7,0.1188,0.6981398463249207,6.700000000000001e-06,0.33
v2,G2_C2.3__50hertz,3,8,0.1285,0.2509831190109253,3.366666666666667e-06,0.67
v2,G2_C2.3__50hertz,3,9,0.121,0.623712420463562,3.333333333333334e-08,1.0
v2,G2_C2.3__50hertz,4,10,0.126,0.5604674220085144,6.700000000000001e-06,0.33
v2,G2_C2.3__50hertz,4,11,0.1289,0.17119939625263214,3.366666666666667e-06,0.67
v2,G2_C2.3__50hertz,4,12,0.1255,0.7226132750511169,3.333333333333334e-08,1.0
v2,G2_C2.3__50hertz,5,13,0.1345,0.2580088973045349,6.700000000000001e-06,0.33
v2,G2_C2.3__50hertz,5,14,0.1211,0.22568698227405548,3.366666666666667e-06,0.67
v2,G2_C2.3__50hertz,5,15,0.1245,0.8938629627227783,3.333333333333334e-08,1.0
v2,G2_C2.3__50hertz,6,16,0.1425,1.3053257465362549,6.700000000000001e-06,0.33
v2,G2_C2.3__50hertz,6,17,0.1357,0.7304259538650513,3.366666666666667e-06,0.67
v2,G2_C2.3__50hertz,6,18,0.1278,0.9806318283081055,3.333333333333334e-08,1.0
v2,G2_C2.3__50hertz,7,19,0.1435,0.7543851137161255,6.700000000000001e-06,0.33
v2,G2_C2.3__50hertz,7,20,0.1418,1.325201153755188,3.366666666666667e-06,0.67
v2,G2_C2.3__50hertz,7,21,0.1361,0.37773406505584717,3.333333333333334e-08,1.0
v2,G2_C2.3__50hertz,8,22,0.1503,0.5716025233268738,6.700000000000001e-06,0.33
v2,G2_C2.3__50hertz,8,23,0.1519,0.6488866209983826,3.366666666666667e-06,0.67
v2,G2_C2.3__50hertz,8,24,0.132,0.47859904170036316,3.333333333333334e-08,1.0
v2,G2_C2.3__50hertz,9,25,0.15,0.6670841574668884,6.700000000000001e-06,0.33
v2,G2_C2.3__50hertz,9,26,0.13,0.3106660544872284,3.366666666666667e-06,0.67
v2,G2_C2.3__50hertz,9,27,0.1279,0.42801716923713684,3.333333333333334e-08,1.0
v2,G2_C2.3__50hertz,10,28,0.1571,1.5599753856658936,6.700000000000001e-06,0.33
v2,G2_C2.3__50hertz,10,29,0.149,0.5992504358291626,3.366666666666667e-06,0.67
v2,G2_C2.3__50hertz,10,30,0.1312,0.4369830787181854,3.333333333333334e-08,1.0
v2,G2_C2.3__amprion,1,1,0.0785,0.4757404327392578,6.700000000000001e-06,0.33
v2,G2_C2.3__amprion,1,2,0.069,0.36671653389930725,3.366666666666667e-06,0.67
v2,G2_C2.3__amprion,1,3,0.0772,0.3579654395580292,3.333333333333334e-08,1.0
v2,G2_C2.3__amprion,2,4,0.0816,0.23617136478424072,6.700000000000001e-06,0.33
v2,G2_C2.3__amprion,2,5,0.0862,0.16419509053230286,3.366666666666667e-06,0.67
v2,G2_C2.3__amprion,2,6,0.0819,0.10100540518760681,3.333333333333334e-08,1.0
v2,G2_C2.3__amprion,3,7,0.0831,0.15370267629623413,6.700000000000001e-06,0.33
v2,G2_C2.3__amprion,3,8,0.0814,0.40011364221572876,3.366666666666667e-06,0.67
v2,G2_C2.3__amprion,3,9,0.0849,0.632416844367981,3.333333333333334e-08,1.0
v2,G2_C2.3__amprion,4,10,0.0958,0.5228661894798279,6.700000000000001e-06,0.33
v2,G2_C2.3__amprion,4,11,0.093,0.16072796285152435,3.366666666666667e-06,0.67
v2,G2_C2.3__amprion,4,12,0.0872,0.5496653914451599,3.333333333333334e-08,1.0
v2,G2_C2.3__amprion,5,13,0.1032,0.22533057630062103,6.700000000000001e-06,0.33
v2,G2_C2.3__amprion,5,14,0.0908,0.34648990631103516,3.366666666666667e-06,0.67
v2,G2_C2.3__amprion,5,15,0.0846,0.4627961814403534,3.333333333333334e-08,1.0
v2,G2_C2.3__amprion,6,16,0.1014,0.7544443607330322,6.700000000000001e-06,0.33
v2,G2_C2.3__amprion,6,17,0.0937,0.2784736454486847,3.366666666666667e-06,0.67
v2,G2_C2.3__amprion,6,18,0.0984,0.4540131986141205,3.333333333333334e-08,1.0
v2,G2_C2.3__amprion,7,19,0.0979,0.13207969069480896,6.700000000000001e-06,0.33
v2,G2_C2.3__amprion,7,20,0.0938,0.6887514591217041,3.366666666666667e-06,0.67
v2,G2_C2.3__amprion,7,21,0.0978,0.15341128408908844,3.333333333333334e-08,1.0
v2,G2_C2.3__amprion,8,22,0.1012,0.33331498503685,6.700000000000001e-06,0.33
v2,G2_C2.3__amprion,8,23,0.0846,0.46135255694389343,3.366666666666667e-06,0.67
v2,G2_C2.3__amprion,8,24,0.0804,0.21152426302433014,3.333333333333334e-08,1.0
v2,G2_C2.3__amprion,9,25,0.0972,0.22492842376232147,6.700000000000001e-06,0.33
v2,G2_C2.3__amprion,9,26,0.0811,0.31777116656303406,3.366666666666667e-06,0.67
v2,G2_C2.3__amprion,9,27,0.0837,0.3009606599807739,3.333333333333334e-08,1.0
v2,G2_C2.3__amprion,10,28,0.1065,0.7413628101348877,6.700000000000001e-06,0.33
v2,G2_C2.3__amprion,10,29,0.1126,0.129179447889328,3.366666666666667e-06,0.67
v2,G2_C2.3__amprion,10,30,0.087,0.2712538242340088,3.333333333333334e-08,1.0
v2,G2_C2.3__lu,1,1,0.2125,0.4554040729999542,6.700000000000001e-06,0.33
v2,G2_C2.3__lu,1,2,0.1927,0.5586215853691101,3.366666666666667e-06,0.67
v2,G2_C2.3__lu,1,3,0.202,0.35218021273612976,3.333333333333334e-08,1.0
v2,G2_C2.3__lu,2,4,0.1986,1.5159051418304443,6.700000000000001e-06,0.33
v2,G2_C2.3__lu,2,5,0.2038,1.3944915533065796,3.366666666666667e-06,0.67
v2,G2_C2.3__lu,2,6,0.2388,0.24632714688777924,3.333333333333334e-08,1.0
v2,G2_C2.3__lu,3,7,0.2255,0.8061648607254028,6.700000000000001e-06,0.33
v2,G2_C2.3__lu,3,8,0.1952,2.880014419555664,3.366666666666667e-06,0.67
v2,G2_C2.3__lu,3,9,0.2154,0.9853035807609558,3.333333333333334e-08,1.0
v2,G2_C2.3__lu,4,10,0.2226,0.5650845766067505,6.700000000000001e-06,0.33
v2,G2_C2.3__lu,4,11,0.2418,1.0021693706512451,3.366666666666667e-06,0.67
v2,G2_C2.3__lu,4,12,0.2286,1.4338493347167969,3.333333333333334e-08,1.0
v2,G2_C2.3__lu,5,13,0.2573,1.0027211904525757,6.700000000000001e-06,0.33
v2,G2_C2.3__lu,5,14,0.2233,0.7754673957824707,3.366666666666667e-06,0.67
v2,G2_C2.3__lu,5,15,0.2214,2.5182383060455322,3.333333333333334e-08,1.0
v2,G2_C2.3__lu,6,16,0.2205,2.746212959289551,6.700000000000001e-06,0.33
v2,G2_C2.3__lu,6,17,0.2333,0.5161287784576416,3.366666666666667e-06,0.67
v2,G2_C2.3__lu,6,18,0.2749,3.9388649463653564,3.333333333333334e-08,1.0
v2,G2_C2.3__lu,7,19,0.2569,0.45328742265701294,6.700000000000001e-06,0.33
v2,G2_C2.3__lu,7,20,0.2553,0.9201394319534302,3.366666666666667e-06,0.67
v2,G2_C2.3__lu,7,21,0.2647,0.48965343832969666,3.333333333333334e-08,1.0
v2,G2_C2.3__lu,8,22,0.3019,2.160099983215332,6.700000000000001e-06,0.33
v2,G2_C2.3__lu,8,23,0.3446,0.5246384739875793,3.366666666666667e-06,0.67
v2,G2_C2.3__lu,8,24,0.2711,0.9093235731124878,3.333333333333334e-08,1.0
v2,G2_C2.3__lu,9,25,0.2932,0.6740144491195679,6.700000000000001e-06,0.33
v2,G2_C2.3__lu,9,26,0.2752,1.0427206754684448,3.366666666666667e-06,0.67
v2,G2_C2.3__lu,9,27,0.2591,0.495132714509964,3.333333333333334e-08,1.0
v2,G2_C2.3__lu,10,28,0.3298,2.94916033744812,6.700000000000001e-06,0.33
v2,G2_C2.3__lu,10,29,0.3747,0.6104622483253479,3.366666666666667e-06,0.67
v2,G2_C2.3__lu,10,30,0.2794,1.1394420862197876,3.333333333333334e-08,1.0
v2,G2_C2.3__tennet,1,1,0.0691,0.11514946818351746,6.700000000000001e-06,0.33
v2,G2_C2.3__tennet,1,2,0.0606,0.21531611680984497,3.366666666666667e-06,0.67
v2,G2_C2.3__tennet,1,3,0.0676,0.40875697135925293,3.333333333333334e-08,1.0
v2,G2_C2.3__tennet,2,4,0.0755,0.35554224252700806,6.700000000000001e-06,0.33
v2,G2_C2.3__tennet,2,5,0.0804,0.33434736728668213,3.366666666666667e-06,0.67
v2,G2_C2.3__tennet,2,6,0.0756,0.15892358124256134,3.333333333333334e-08,1.0
v2,G2_C2.3__tennet,3,7,0.0704,0.11445868760347366,6.700000000000001e-06,0.33
v2,G2_C2.3__tennet,3,8,0.0651,0.9304792284965515,3.366666666666667e-06,0.67
v2,G2_C2.3__tennet,3,9,0.0722,0.2609407305717468,3.333333333333334e-08,1.0
v2,G2_C2.3__tennet,4,10,0.0712,0.23260946571826935,6.700000000000001e-06,0.33
v2,G2_C2.3__tennet,4,11,0.0761,0.1309698522090912,3.366666666666667e-06,0.67
v2,G2_C2.3__tennet,4,12,0.072,0.3718228042125702,3.333333333333334e-08,1.0
v2,G2_C2.3__tennet,5,13,0.0705,0.08528081327676773,6.700000000000001e-06,0.33
v2,G2_C2.3__tennet,5,14,0.0701,0.08657355606555939,3.366666666666667e-06,0.67
v2,G2_C2.3__tennet,5,15,0.0646,0.28036901354789734,3.333333333333334e-08,1.0
v2,G2_C2.3__tennet,6,16,0.0719,1.008564829826355,6.700000000000001e-06,0.33
v2,G2_C2.3__tennet,6,17,0.0684,0.24621760845184326,3.366666666666667e-06,0.67
v2,G2_C2.3__tennet,6,18,0.0707,0.4427773654460907,3.333333333333334e-08,1.0
v2,G2_C2.3__tennet,7,19,0.068,0.25131678581237793,6.700000000000001e-06,0.33
v2,G2_C2.3__tennet,7,20,0.0747,0.7781191468238831,3.366666666666667e-06,0.67
v2,G2_C2.3__tennet,7,21,0.0783,0.245334655046463,3.333333333333334e-08,1.0
v2,G2_C2.3__tennet,8,22,0.0795,0.1500607430934906,6.700000000000001e-06,0.33
v2,G2_C2.3__tennet,8,23,0.0715,0.17232689261436462,3.366666666666667e-06,0.67
v2,G2_C2.3__tennet,8,24,0.061,0.15823717415332794,3.333333333333334e-08,1.0
v2,G2_C2.3__tennet,9,25,0.0789,0.17859868705272675,6.700000000000001e-06,0.33
v2,G2_C2.3__tennet,9,26,0.0612,0.22567889094352722,3.366666666666667e-06,0.67
v2,G2_C2.3__tennet,9,27,0.0675,0.5322051048278809,3.333333333333334e-08,1.0
v2,G2_C2.3__tennet,10,28,0.0933,0.8825064897537231,6.700000000000001e-06,0.33
v2,G2_C2.3__tennet,10,29,0.0914,0.30591151118278503,3.366666666666667e-06,0.67
v2,G2_C2.3__tennet,10,30,0.0689,0.23371979594230652,3.333333333333334e-08,1.0
v2,G2_C2.3__transnetbw,1,1,0.0665,0.10617691278457642,6.700000000000001e-06,0.33
v2,G2_C2.3__transnetbw,1,2,0.0567,0.2611510753631592,3.366666666666667e-06,0.67
v2,G2_C2.3__transnetbw,1,3,0.0668,0.1312398612499237,3.333333333333334e-08,1.0
v2,G2_C2.3__transnetbw,2,4,0.0801,0.49712449312210083,6.700000000000001e-06,0.33
v2,G2_C2.3__transnetbw,2,5,0.0828,0.2867960035800934,3.366666666666667e-06,0.67
v2,G2_C2.3__transnetbw,2,6,0.078,0.18101251125335693,3.333333333333334e-08,1.0
v2,G2_C2.3__transnetbw,3,7,0.0753,0.37888285517692566,6.700000000000001e-06,0.33
v2,G2_C2.3__transnetbw,3,8,0.0657,0.3229082226753235,3.366666666666667e-06,0.67
v2,G2_C2.3__transnetbw,3,9,0.0723,0.18357762694358826,3.333333333333334e-08,1.0
v2,G2_C2.3__transnetbw,4,10,0.074,0.14591926336288452,6.700000000000001e-06,0.33
v2,G2_C2.3__transnetbw,4,11,0.0742,0.15793150663375854,3.366666666666667e-06,0.67
v2,G2_C2.3__transnetbw,4,12,0.0696,0.38720348477363586,3.333333333333334e-08,1.0
v2,G2_C2.3__transnetbw,5,13,0.0773,0.11048288643360138,6.700000000000001e-06,0.33
v2,G2_C2.3__transnetbw,5,14,0.0661,0.10656433552503586,3.366666666666667e-06,0.67
v2,G2_C2.3__transnetbw,5,15,0.0694,0.35832640528678894,3.333333333333334e-08,1.0
v2,G2_C2.3__transnetbw,6,16,0.0694,1.0106656551361084,6.700000000000001e-06,0.33
v2,G2_C2.3__transnetbw,6,17,0.0687,0.12506486475467682,3.366666666666667e-06,0.67
v2,G2_C2.3__transnetbw,6,18,0.074,0.3771969974040985,3.333333333333334e-08,1.0
v2,G2_C2.3__transnetbw,7,19,0.0703,0.3756049573421478,6.700000000000001e-06,0.33
v2,G2_C2.3__transnetbw,7,20,0.0786,0.768403947353363,3.366666666666667e-06,0.67
v2,G2_C2.3__transnetbw,7,21,0.0862,0.39024990797042847,3.333333333333334e-08,1.0
v2,G2_C2.3__transnetbw,8,22,0.0805,0.45728716254234314,6.700000000000001e-06,0.33
v2,G2_C2.3__transnetbw,8,23,0.0687,0.30539777874946594,3.366666666666667e-06,0.67
v2,G2_C2.3__transnetbw,8,24,0.0612,0.22736044228076935,3.333333333333334e-08,1.0
v2,G2_C2.3__transnetbw,9,25,0.0813,0.1773044466972351,6.700000000000001e-06,0.33
v2,G2_C2.3__transnetbw,9,26,0.0598,0.17348404228687286,3.366666666666667e-06,0.67
v2,G2_C2.3__transnetbw,9,27,0.0674,0.30349257588386536,3.333333333333334e-08,1.0
v2,G2_C2.3__transnetbw,10,28,0.0907,0.9589829444885254,6.700000000000001e-06,0.33
v2,G2_C2.3__transnetbw,10,29,0.0995,0.1577100306749344,3.366666666666667e-06,0.67
v2,G2_C2.3__transnetbw,10,30,0.07,0.316604882478714,3.333333333333334e-08,1.0
v2,G2_C3.1__50hertz,1,1,4.306,6.942824840545654,6.700000000000001e-06,0.33
v2,G2_C3.1__50hertz,1,2,4.2086,9.737403869628906,3.366666666666667e-06,0.67
v2,G2_C3.1__50hertz,1,3,4.0876,9.07525634765625,3.333333333333334e-08,1.0
v2,G2_C3.1__50hertz,2,4,4.2506,6.76089334487915,6.700000000000001e-06,0.33
v2,G2_C3.1__50hertz,2,5,4.157,9.983787536621094,3.366666666666667e-06,0.67
v2,G2_C3.1__50hertz,2,6,4.244,5.842393398284912,3.333333333333334e-08,1.0
v2,G2_C3.1__50hertz,3,7,4.5642,19.12815284729004,6.700000000000001e-06,0.33
v2,G2_C3.1__50hertz,3,8,4.1347,7.135776996612549,3.366666666666667e-06,0.67
v2,G2_C3.1__50hertz,3,9,4.178,3.4680488109588623,3.333333333333334e-08,1.0
v2,G2_C3.1__50hertz,4,10,4.427,6.64241886138916,6.700000000000001e-06,0.33
v2,G2_C3.1__50hertz,4,11,4.5091,8.232674598693848,3.366666666666667e-06,0.67
v2,G2_C3.1__50hertz,4,12,4.2265,11.506769180297852,3.333333333333334e-08,1.0
v2,G2_C3.1__50hertz,5,13,4.4881,7.784049034118652,6.700000000000001e-06,0.33
v2,G2_C3.1__50hertz,5,14,4.372,5.100917816162109,3.366666666666667e-06,0.67
v2,G2_C3.1__50hertz,5,15,4.4725,4.684943675994873,3.333333333333334e-08,1.0
v2,G2_C3.1__50hertz,6,16,4.4178,6.806796550750732,6.700000000000001e-06,0.33
v2,G2_C3.1__50hertz,6,17,4.4084,15.469998359680176,3.366666666666667e-06,0.67
v2,G2_C3.1__50hertz,6,18,4.3137,7.421376705169678,3.333333333333334e-08,1.0
v2,G2_C3.1__50hertz,7,19,4.217,5.840611934661865,6.700000000000001e-06,0.33
v2,G2_C3.1__50hertz,7,20,4.3898,15.195043563842773,3.366666666666667e-06,0.67
v2,G2_C3.1__50hertz,7,21,4.2564,13.954131126403809,3.333333333333334e-08,1.0
v2,G2_C3.1__50hertz,8,22,4.4346,4.999660968780518,6.700000000000001e-06,0.33
v2,G2_C3.1__50hertz,8,23,4.4142,5.571199417114258,3.366666666666667e-06,0.67
v2,G2_C3.1__50hertz,8,24,4.2092,9.31050968170166,3.333333333333334e-08,1.0
v2,G2_C3.1__50hertz,9,25,4.4698,5.796667575836182,6.700000000000001e-06,0.33
v2,G2_C3.1__50hertz,9,26,4.5085,8.99817943572998,3.366666666666667e-06,0.67
v2,G2_C3.1__50hertz,9,27,4.2363,5.596855640411377,3.333333333333334e-08,1.0
v2,G2_C3.1__50hertz,10,28,4.5389,5.132561206817627,6.700000000000001e-06,0.33
v2,G2_C3.1__50hertz,10,29,4.3149,8.116073608398438,3.366666666666667e-06,0.67
v2,G2_C3.1__50hertz,10,30,4.3511,6.273030757904053,3.333333333333334e-08,1.0
v2,G2_C3.1__amprion,1,1,3.6276,4.7630510330200195,6.700000000000001e-06,0.33
v2,G2_C3.1__amprion,1,2,3.5452,9.92894458770752,3.366666666666667e-06,0.67
v2,G2_C3.1__amprion,1,3,3.4761,5.755631923675537,3.333333333333334e-08,1.0
v2,G2_C3.1__amprion,2,4,3.5964,7.170263767242432,6.700000000000001e-06,0.33
v2,G2_C3.1__amprion,2,5,3.5478,6.165311813354492,3.366666666666667e-06,0.67
v2,G2_C3.1__amprion,2,6,3.6507,4.7051005363464355,3.333333333333334e-08,1.0
v2,G2_C3.1__amprion,3,7,3.8595,17.94832992553711,6.700000000000001e-06,0.33
v2,G2_C3.1__amprion,3,8,3.5225,6.592308044433594,3.366666666666667e-06,0.67
v2,G2_C3.1__amprion,3,9,3.6129,3.161872386932373,3.333333333333334e-08,1.0
v2,G2_C3.1__amprion,4,10,3.831,4.636340141296387,6.700000000000001e-06,0.33
v2,G2_C3.1__amprion,4,11,3.9927,5.671644687652588,3.366666666666667e-06,0.67
v2,G2_C3.1__amprion,4,12,3.6575,10.964343070983887,3.333333333333334e-08,1.0
v2,G2_C3.1__amprion,5,13,3.9007,9.316997528076172,6.700000000000001e-06,0.33
v2,G2_C3.1__amprion,5,14,3.7907,4.2955427169799805,3.366666666666667e-06,0.67
v2,G2_C3.1__amprion,5,15,3.9252,3.9951539039611816,3.333333333333334e-08,1.0
v2,G2_C3.1__amprion,6,16,3.7859,5.387015342712402,6.700000000000001e-06,0.33
v2,G2_C3.1__amprion,6,17,3.7862,16.63819122314453,3.366666666666667e-06,0.67
v2,G2_C3.1__amprion,6,18,3.6149,8.48133373260498,3.333333333333334e-08,1.0
v2,G2_C3.1__amprion,7,19,3.4907,5.099386692047119,6.700000000000001e-06,0.33
v2,G2_C3.1__amprion,7,20,3.6198,13.142459869384766,3.366666666666667e-06,0.67
v2,G2_C3.1__amprion,7,21,3.5154,5.436792373657227,3.333333333333334e-08,1.0
v2,G2_C3.1__amprion,8,22,3.5122,4.164249420166016,6.700000000000001e-06,0.33
v2,G2_C3.1__amprion,8,23,3.5672,3.8585758209228516,3.366666666666667e-06,0.67
v2,G2_C3.1__amprion,8,24,3.4075,7.138095855712891,3.333333333333334e-08,1.0
v2,G2_C3.1__amprion,9,25,3.4878,4.699727535247803,6.700000000000001e-06,0.33
v2,G2_C3.1__amprion,9,26,3.5783,7.886984825134277,3.366666666666667e-06,0.67
v2,G2_C3.1__amprion,9,27,3.3757,4.845539093017578,3.333333333333334e-08,1.0
v2,G2_C3.1__amprion,10,28,3.6865,4.040655136108398,6.700000000000001e-06,0.33
v2,G2_C3.1__amprion,10,29,3.3989,8.584698677062988,3.366666666666667e-06,0.67
v2,G2_C3.1__amprion,10,30,3.5179,5.744149208068848,3.333333333333334e-08,1.0
v2,G2_C3.1__lu,1,1,3.4295,5.308632850646973,6.700000000000001e-06,0.33
v2,G2_C3.1__lu,1,2,3.4364,8.697524070739746,3.366666666666667e-06,0.67
v2,G2_C3.1__lu,1,3,3.3068,7.955168724060059,3.333333333333334e-08,1.0
v2,G2_C3.1__lu,2,4,3.3801,6.032304286956787,6.700000000000001e-06,0.33
v2,G2_C3.1__lu,2,5,3.3265,6.139956951141357,3.366666666666667e-06,0.67
v2,G2_C3.1__lu,2,6,3.4775,4.5032477378845215,3.333333333333334e-08,1.0
v2,G2_C3.1__lu,3,7,3.655,16.087665557861328,6.700000000000001e-06,0.33
v2,G2_C3.1__lu,3,8,3.3461,5.657232761383057,3.366666666666667e-06,0.67
v2,G2_C3.1__lu,3,9,3.4275,4.090646266937256,3.333333333333334e-08,1.0
v2,G2_C3.1__lu,4,10,3.5373,4.181400775909424,6.700000000000001e-06,0.33
v2,G2_C3.1__lu,4,11,3.6524,6.215097427368164,3.366666666666667e-06,0.67
v2,G2_C3.1__lu,4,12,3.3297,10.872786521911621,3.333333333333334e-08,1.0
v2,G2_C3.1__lu,5,13,3.6002,10.40119743347168,6.700000000000001e-06,0.33
v2,G2_C3.1__lu,5,14,3.5129,4.867490291595459,3.366666666666667e-06,0.67
v2,G2_C3.1__lu,5,15,3.6465,3.9208927154541016,3.333333333333334e-08,1.0
v2,G2_C3.1__lu,6,16,3.423,7.563712120056152,6.700000000000001e-06,0.33
v2,G2_C3.1__lu,6,17,3.4175,17.791624069213867,3.366666666666667e-06,0.67
v2,G2_C3.1__lu,6,18,3.3002,8.464298248291016,3.333333333333334e-08,1.0
v2,G2_C3.1__lu,7,19,3.2505,5.344876289367676,6.700000000000001e-06,0.33
v2,G2_C3.1__lu,7,20,3.4624,12.984074592590332,3.366666666666667e-06,0.67
v2,G2_C3.1__lu,7,21,3.3088,5.989943504333496,3.333333333333334e-08,1.0
v2,G2_C3.1__lu,8,22,3.4589,6.823645114898682,6.700000000000001e-06,0.33
v2,G2_C3.1__lu,8,23,3.4465,4.493513584136963,3.366666666666667e-06,0.67
v2,G2_C3.1__lu,8,24,3.2168,5.81835412979126,3.333333333333334e-08,1.0
v2,G2_C3.1__lu,9,25,3.3721,5.055159568786621,6.700000000000001e-06,0.33
v2,G2_C3.1__lu,9,26,3.4545,7.551281452178955,3.366666666666667e-06,0.67
v2,G2_C3.1__lu,9,27,3.24,4.020289897918701,3.333333333333334e-08,1.0
v2,G2_C3.1__lu,10,28,3.6625,4.0242438316345215,6.700000000000001e-06,0.33
v2,G2_C3.1__lu,10,29,3.2902,7.775778770446777,3.366666666666667e-06,0.67
v2,G2_C3.1__lu,10,30,3.4506,6.267898082733154,3.333333333333334e-08,1.0
v2,G2_C3.1__tennet,1,1,3.5337,4.566445827484131,6.700000000000001e-06,0.33
v2,G2_C3.1__tennet,1,2,3.4769,9.48539924621582,3.366666666666667e-06,0.67
v2,G2_C3.1__tennet,1,3,3.3598,5.890961170196533,3.333333333333334e-08,1.0
v2,G2_C3.1__tennet,2,4,3.559,7.504039764404297,6.700000000000001e-06,0.33
v2,G2_C3.1__tennet,2,5,3.4284,8.105303764343262,3.366666666666667e-06,0.67
v2,G2_C3.1__tennet,2,6,3.5163,5.284846782684326,3.333333333333334e-08,1.0
v2,G2_C3.1__tennet,3,7,3.7071,17.222257614135742,6.700000000000001e-06,0.33
v2,G2_C3.1__tennet,3,8,3.3805,6.062543869018555,3.366666666666667e-06,0.67
v2,G2_C3.1__tennet,3,9,3.4604,2.91780424118042,3.333333333333334e-08,1.0
v2,G2_C3.1__tennet,4,10,3.6074,4.5083136558532715,6.700000000000001e-06,0.33
v2,G2_C3.1__tennet,4,11,3.7431,5.824499607086182,3.366666666666667e-06,0.67
v2,G2_C3.1__tennet,4,12,3.4353,9.131935119628906,3.333333333333334e-08,1.0
v2,G2_C3.1__tennet,5,13,3.637,9.706433296203613,6.700000000000001e-06,0.33
v2,G2_C3.1__tennet,5,14,3.6021,4.385303497314453,3.366666666666667e-06,0.67
v2,G2_C3.1__tennet,5,15,3.6643,4.094833850860596,3.333333333333334e-08,1.0
v2,G2_C3.1__tennet,6,16,3.4797,6.050407409667969,6.700000000000001e-06,0.33
v2,G2_C3.1__tennet,6,17,3.5185,16.8505859375,3.366666666666667e-06,0.67
v2,G2_C3.1__tennet,6,18,3.34,10.007133483886719,3.333333333333334e-08,1.0
v2,G2_C3.1__tennet,7,19,3.2973,4.903840065002441,6.700000000000001e-06,0.33
v2,G2_C3.1__tennet,7,20,3.4254,12.589264869689941,3.366666666666667e-06,0.67
v2,G2_C3.1__tennet,7,21,3.3272,6.511262893676758,3.333333333333334e-08,1.0
v2,G2_C3.1__tennet,8,22,3.3332,3.8622028827667236,6.700000000000001e-06,0.33
v2,G2_C3.1__tennet,8,23,3.4015,4.291780471801758,3.366666666666667e-06,0.67
v2,G2_C3.1__tennet,8,24,3.2495,6.784106254577637,3.333333333333334e-08,1.0
v2,G2_C3.1__tennet,9,25,3.3246,4.654201030731201,6.700000000000001e-06,0.33
v2,G2_C3.1__tennet,9,26,3.426,8.857295036315918,3.366666666666667e-06,0.67
v2,G2_C3.1__tennet,9,27,3.2342,4.186276912689209,3.333333333333334e-08,1.0
v2,G2_C3.1__tennet,10,28,3.5272,4.26707124710083,6.700000000000001e-06,0.33
v2,G2_C3.1__tennet,10,29,3.2867,8.359344482421875,3.366666666666667e-06,0.67
v2,G2_C3.1__tennet,10,30,3.3798,5.01048469543457,3.333333333333334e-08,1.0
v2,G2_C3.1__transnetbw,1,1,3.5215,4.423839569091797,6.700000000000001e-06,0.33
v2,G2_C3.1__transnetbw,1,2,3.5136,8.754475593566895,3.366666666666667e-06,0.67
v2,G2_C3.1__transnetbw,1,3,3.3907,7.059512615203857,3.333333333333334e-08,1.0
v2,G2_C3.1__transnetbw,2,4,3.5414,5.176695823669434,6.700000000000001e-06,0.33
v2,G2_C3.1__transnetbw,2,5,3.4537,7.077419281005859,3.366666666666667e-06,0.67
v2,G2_C3.1__transnetbw,2,6,3.5557,4.597188472747803,3.333333333333334e-08,1.0
v2,G2_C3.1__transnetbw,3,7,3.7598,17.52670669555664,6.700000000000001e-06,0.33
v2,G2_C3.1__transnetbw,3,8,3.448,6.673929214477539,3.366666666666667e-06,0.67
v2,G2_C3.1__transnetbw,3,9,3.5656,2.5573172569274902,3.333333333333334e-08,1.0
v2,G2_C3.1__transnetbw,4,10,3.628,4.281073093414307,6.700000000000001e-06,0.33
v2,G2_C3.1__transnetbw,4,11,3.7416,5.68535852432251,3.366666666666667e-06,0.67
v2,G2_C3.1__transnetbw,4,12,3.4881,9.998697280883789,3.333333333333334e-08,1.0
v2,G2_C3.1__transnetbw,5,13,3.7007,9.839588165283203,6.700000000000001e-06,0.33
v2,G2_C3.1__transnetbw,5,14,3.6332,5.367552757263184,3.366666666666667e-06,0.67
v2,G2_C3.1__transnetbw,5,15,3.7137,3.674044132232666,3.333333333333334e-08,1.0
v2,G2_C3.1__transnetbw,6,16,3.5071,6.81572151184082,6.700000000000001e-06,0.33
v2,G2_C3.1__transnetbw,6,17,3.5768,20.39046859741211,3.366666666666667e-06,0.67
v2,G2_C3.1__transnetbw,6,18,3.3512,9.412284851074219,3.333333333333334e-08,1.0
v2,G2_C3.1__transnetbw,7,19,3.3827,5.249607086181641,6.700000000000001e-06,0.33
v2,G2_C3.1__transnetbw,7,20,3.4956,12.08251953125,3.366666666666667e-06,0.67
v2,G2_C3.1__transnetbw,7,21,3.3496,5.160952568054199,3.333333333333334e-08,1.0
v2,G2_C3.1__transnetbw,8,22,3.4058,4.346675872802734,6.700000000000001e-06,0.33
v2,G2_C3.1__transnetbw,8,23,3.4295,3.504418134689331,3.366666666666667e-06,0.67
v2,G2_C3.1__transnetbw,8,24,3.2647,7.8384690284729,3.333333333333334e-08,1.0
v2,G2_C3.1__transnetbw,9,25,3.3751,5.144751071929932,6.700000000000001e-06,0.33
v2,G2_C3.1__transnetbw,9,26,3.4536,7.204306602478027,3.366666666666667e-06,0.67
v2,G2_C3.1__transnetbw,9,27,3.2658,4.287006855010986,3.333333333333334e-08,1.0
v2,G2_C3.1__transnetbw,10,28,3.6048,4.807499408721924,6.700000000000001e-06,0.33
v2,G2_C3.1__transnetbw,10,29,3.311,8.329541206359863,3.366666666666667e-06,0.67
v2,G2_C3.1__transnetbw,10,30,3.4128,6.152885437011719,3.333333333333334e-08,1.0
v2,G2_C3.2__50hertz,1,1,2.7786,5.0873637199401855,6.700000000000001e-06,0.33
v2,G2_C3.2__50hertz,1,2,2.6556,2.6187379360198975,3.366666666666667e-06,0.67
v2,G2_C3.2__50hertz,1,3,2.5709,8.16763687133789,3.333333333333334e-08,1.0
v2,G2_C3.2__50hertz,2,4,2.8156,6.467593669891357,6.700000000000001e-06,0.33
v2,G2_C3.2__50hertz,2,5,2.7184,6.133364677429199,3.366666666666667e-06,0.67
v2,G2_C3.2__50hertz,2,6,2.6466,2.7040786743164062,3.333333333333334e-08,1.0
v2,G2_C3.2__50hertz,3,7,2.8577,7.427195072174072,6.700000000000001e-06,0.33
v2,G2_C3.2__50hertz,3,8,2.5718,3.6123592853546143,3.366666666666667e-06,0.67
v2,G2_C3.2__50hertz,3,9,2.6107,3.7201709747314453,3.333333333333334e-08,1.0
v2,G2_C3.2__50hertz,4,10,2.7465,8.08012866973877,6.700000000000001e-06,0.33
v2,G2_C3.2__50hertz,4,11,2.7591,7.800466537475586,3.366666666666667e-06,0.67
v2,G2_C3.2__50hertz,4,12,2.7056,5.8881096839904785,3.333333333333334e-08,1.0
v2,G2_C3.2__50hertz,5,13,2.8738,3.9533591270446777,6.700000000000001e-06,0.33
v2,G2_C3.2__50hertz,5,14,2.7079,2.9077837467193604,3.366666666666667e-06,0.67
v2,G2_C3.2__50hertz,5,15,2.7281,3.826022148132324,3.333333333333334e-08,1.0
v2,G2_C3.2__50hertz,6,16,2.9658,6.593688488006592,6.700000000000001e-06,0.33
v2,G2_C3.2__50hertz,6,17,2.8377,5.359694480895996,3.366666666666667e-06,0.67
v2,G2_C3.2__50hertz,6,18,2.7743,3.5835232734680176,3.333333333333334e-08,1.0
v2,G2_C3.2__50hertz,7,19,3.028,5.1919050216674805,6.700000000000001e-06,0.33
v2,G2_C3.2__50hertz,7,20,2.9607,8.267175674438477,3.366666666666667e-06,0.67
v2,G2_C3.2__50hertz,7,21,2.906,11.284910202026367,3.333333333333334e-08,1.0
v2,G2_C3.2__50hertz,8,22,3.1819,5.009387969970703,6.700000000000001e-06,0.33
v2,G2_C3.2__50hertz,8,23,3.2153,8.042820930480957,3.366666666666667e-06,0.67
v2,G2_C3.2__50hertz,8,24,3.0371,5.733366966247559,3.333333333333334e-08,1.0
v2,G2_C3.2__50hertz,9,25,3.2219,7.145125389099121,6.700000000000001e-06,0.33
v2,G2_C3.2__50hertz,9,26,3.2133,5.152441501617432,3.366666666666667e-06,0.67
v2,G2_C3.2__50hertz,9,27,3.0617,4.821256637573242,3.333333333333334e-08,1.0
v2,G2_C3.2__50hertz,10,28,3.1826,3.6390700340270996,6.700000000000001e-06,0.33
v2,G2_C3.2__50hertz,10,29,2.9986,5.456296443939209,3.366666666666667e-06,0.67
v2,G2_C3.2__50hertz,10,30,2.9675,5.329517364501953,3.333333333333334e-08,1.0
v2,G2_C3.2__amprion,1,1,2.0594,1.9606826305389404,6.700000000000001e-06,0.33
v2,G2_C3.2__amprion,1,2,1.9666,2.6346254348754883,3.366666666666667e-06,0.67
v2,G2_C3.2__amprion,1,3,1.9659,4.394601821899414,3.333333333333334e-08,1.0
v2,G2_C3.2__amprion,2,4,2.1016,6.397676467895508,6.700000000000001e-06,0.33
v2,G2_C3.2__amprion,2,5,2.0795,2.713315010070801,3.366666666666667e-06,0.67
v2,G2_C3.2__amprion,2,6,2.0889,2.6095898151397705,3.333333333333334e-08,1.0
v2,G2_C3.2__amprion,3,7,2.1778,3.73325777053833,6.700000000000001e-06,0.33
v2,G2_C3.2__amprion,3,8,2.0203,2.5057129859924316,3.366666666666667e-06,0.67
v2,G2_C3.2__amprion,3,9,2.1098,2.8530027866363525,3.333333333333334e-08,1.0
v2,G2_C3.2__amprion,4,10,2.2777,5.2477707862854,6.700000000000001e-06,0.33
v2,G2_C3.2__amprion,4,11,2.3159,2.823207139968872,3.366666666666667e-06,0.67
v2,G2_C3.2__amprion,4,12,2.1721,2.445868730545044,3.333333333333334e-08,1.0
v2,G2_C3.2__amprion,5,13,2.2831,4.816563606262207,6.700000000000001e-06,0.33
v2,G2_C3.2__amprion,5,14,2.2376,2.6842737197875977,3.366666666666667e-06,0.67
v2,G2_C3.2__amprion,5,15,2.2334,4.009317398071289,3.333333333333334e-08,1.0
v2,G2_C3.2__amprion,6,16,2.2774,2.752368211746216,6.700000000000001e-06,0.33
v2,G2_C3.2__amprion,6,17,2.1561,6.352202892303467,3.366666666666667e-06,0.67
v2,G2_C3.2__amprion,6,18,2.119,4.496107578277588,3.333333333333334e-08,1.0
v2,G2_C3.2__amprion,7,19,2.246,4.82665491104126,6.700000000000001e-06,0.33
v2,G2_C3.2__amprion,7,20,2.076,4.957433700561523,3.366666666666667e-06,0.67
v2,G2_C3.2__amprion,7,21,2.0301,3.4802775382995605,3.333333333333334e-08,1.0
v2,G2_C3.2__amprion,8,22,2.1013,2.976850748062134,6.700000000000001e-06,0.33
v2,G2_C3.2__amprion,8,23,2.1572,2.5899815559387207,3.366666666666667e-06,0.67
v2,G2_C3.2__amprion,8,24,2.0626,2.9614179134368896,3.333333333333334e-08,1.0
v2,G2_C3.2__amprion,9,25,2.1046,2.842083215713501,6.700000000000001e-06,0.33
v2,G2_C3.2__amprion,9,26,2.1954,2.5562217235565186,3.366666666666667e-06,0.67
v2,G2_C3.2__amprion,9,27,2.1206,3.9968507289886475,3.333333333333334e-08,1.0
v2,G2_C3.2__amprion,10,28,2.1564,2.404845714569092,6.700000000000001e-06,0.33
v2,G2_C3.2__amprion,10,29,1.9796,4.782179355621338,3.366666666666667e-06,0.67
v2,G2_C3.2__amprion,10,30,2.0567,6.331718444824219,3.333333333333334e-08,1.0
v2,G2_C3.2__lu,1,1,1.7845,7.018956661224365,6.700000000000001e-06,0.33
v2,G2_C3.2__lu,1,2,1.731,5.202581882476807,3.366666666666667e-06,0.67
v2,G2_C3.2__lu,1,3,1.7148,3.789813756942749,3.333333333333334e-08,1.0
v2,G2_C3.2__lu,2,4,1.8229,2.478553533554077,6.700000000000001e-06,0.33
v2,G2_C3.2__lu,2,5,1.8705,3.55118989944458,3.366666666666667e-06,0.67
v2,G2_C3.2__lu,2,6,1.7014,2.1952333450317383,3.333333333333334e-08,1.0
v2,G2_C3.2__lu,3,7,1.7756,2.181441068649292,6.700000000000001e-06,0.33
v2,G2_C3.2__lu,3,8,1.8416,4.486545562744141,3.366666666666667e-06,0.67
v2,G2_C3.2__lu,3,9,1.6991,4.52203893661499,3.333333333333334e-08,1.0
v2,G2_C3.2__lu,4,10,1.835,3.1253225803375244,6.700000000000001e-06,0.33
v2,G2_C3.2__lu,4,11,1.6458,2.4591095447540283,3.366666666666667e-06,0.67
v2,G2_C3.2__lu,4,12,1.5671,5.717855930328369,3.333333333333334e-08,1.0
v2,G2_C3.2__lu,5,13,1.9109,2.433659553527832,6.700000000000001e-06,0.33
v2,G2_C3.2__lu,5,14,1.9343,5.225340843200684,3.366666666666667e-06,0.67
v2,G2_C3.2__lu,5,15,1.6587,2.975991725921631,3.333333333333334e-08,1.0
v2,G2_C3.2__lu,6,16,1.9002,5.113504409790039,6.700000000000001e-06,0.33
v2,G2_C3.2__lu,6,17,1.8202,3.5714144706726074,3.366666666666667e-06,0.67
v2,G2_C3.2__lu,6,18,1.6911,5.904383659362793,3.333333333333334e-08,1.0
v2,G2_C3.2__lu,7,19,2.0851,3.9677224159240723,6.700000000000001e-06,0.33
v2,G2_C3.2__lu,7,20,1.9852,3.2792012691497803,3.366666666666667e-06,0.67
v2,G2_C3.2__lu,7,21,1.977,1.7915698289871216,3.333333333333334e-08,1.0
v2,G2_C3.2__lu,8,22,2.266,1.86845862865448,6.700000000000001e-06,0.33
v2,G2_C3.2__lu,8,23,2.0688,3.424907684326172,3.366666666666667e-06,0.67
v2,G2_C3.2__lu,8,24,2.0741,6.2699432373046875,3.333333333333334e-08,1.0
v2,G2_C3.2__lu,9,25,2.1583,4.919416427612305,6.700000000000001e-06,0.33
v2,G2_C3.2__lu,9,26,2.08,2.3150691986083984,3.366666666666667e-06,0.67
v2,G2_C3.2__lu,9,27,2.0553,3.497014284133911,3.333333333333334e-08,1.0
v2,G2_C3.2__lu,10,28,2.3106,3.2864673137664795,6.700000000000001e-06,0.33
v2,G2_C3.2__lu,10,29,2.2217,4.138258457183838,3.366666666666667e-06,0.67
v2,G2_C3.2__lu,10,30,2.2245,2.926668643951416,3.333333333333334e-08,1.0
v2,G2_C3.2__tennet,1,1,1.8559,1.81613028049469,6.700000000000001e-06,0.33
v2,G2_C3.2__tennet,1,2,1.8278,2.7884955406188965,3.366666666666667e-06,0.67
v2,G2_C3.2__tennet,1,3,1.813,3.3457858562469482,3.333333333333334e-08,1.0
v2,G2_C3.2__tennet,2,4,2.0079,7.627554893493652,6.700000000000001e-06,0.33
v2,G2_C3.2__tennet,2,5,1.9268,5.556106090545654,3.366666666666667e-06,0.67
v2,G2_C3.2__tennet,2,6,1.9111,2.8537471294403076,3.333333333333334e-08,1.0
v2,G2_C3.2__tennet,3,7,1.9824,5.665262699127197,6.700000000000001e-06,0.33
v2,G2_C3.2__tennet,3,8,1.8548,2.145040512084961,3.366666666666667e-06,0.67
v2,G2_C3.2__tennet,3,9,1.9193,3.801396608352661,3.333333333333334e-08,1.0
v2,G2_C3.2__tennet,4,10,1.916,5.165337562561035,6.700000000000001e-06,0.33
v2,G2_C3.2__tennet,4,11,2.0168,3.310288429260254,3.366666666666667e-06,0.67
v2,G2_C3.2__tennet,4,12,1.8597,2.757775068283081,3.333333333333334e-08,1.0
v2,G2_C3.2__tennet,5,13,1.9763,4.449975490570068,6.700000000000001e-06,0.33
v2,G2_C3.2__tennet,5,14,1.9313,2.2531323432922363,3.366666666666667e-06,0.67
v2,G2_C3.2__tennet,5,15,1.8906,2.533226251602173,3.333333333333334e-08,1.0
v2,G2_C3.2__tennet,6,16,1.9523,3.9596762657165527,6.700000000000001e-06,0.33
v2,G2_C3.2__tennet,6,17,1.8692,6.664201259613037,3.366666666666667e-06,0.67
v2,G2_C3.2__tennet,6,18,1.8008,3.9815399646759033,3.333333333333334e-08,1.0
v2,G2_C3.2__tennet,7,19,2.0008,3.5507404804229736,6.700000000000001e-06,0.33
v2,G2_C3.2__tennet,7,20,1.9004,4.27061653137207,3.366666666666667e-06,0.67
v2,G2_C3.2__tennet,7,21,1.8294,6.098188877105713,3.333333333333334e-08,1.0
v2,G2_C3.2__tennet,8,22,1.9343,2.240741014480591,6.700000000000001e-06,0.33
v2,G2_C3.2__tennet,8,23,1.9806,2.6601450443267822,3.366666666666667e-06,0.67
v2,G2_C3.2__tennet,8,24,1.8996,3.9933393001556396,3.333333333333334e-08,1.0
v2,G2_C3.2__tennet,9,25,1.9076,3.742506742477417,6.700000000000001e-06,0.33
v2,G2_C3.2__tennet,9,26,1.9953,3.704589366912842,3.366666666666667e-06,0.67
v2,G2_C3.2__tennet,9,27,1.9142,4.684730052947998,3.333333333333334e-08,1.0
v2,G2_C3.2__tennet,10,28,1.9851,2.92703914642334,6.700000000000001e-06,0.33
v2,G2_C3.2__tennet,10,29,1.8705,4.075931549072266,3.366666666666667e-06,0.67
v2,G2_C3.2__tennet,10,30,1.8762,5.888212203979492,3.333333333333334e-08,1.0
v2,G2_C3.2__transnetbw,1,1,2.0188,2.090825080871582,6.700000000000001e-06,0.33
v2,G2_C3.2__transnetbw,1,2,2.0273,2.358922243118286,3.366666666666667e-06,0.67
v2,G2_C3.2__transnetbw,1,3,1.945,4.4326171875,3.333333333333334e-08,1.0
v2,G2_C3.2__transnetbw,2,4,2.1829,7.524929523468018,6.700000000000001e-06,0.33
v2,G2_C3.2__transnetbw,2,5,2.0927,4.186580181121826,3.366666666666667e-06,0.67
v2,G2_C3.2__transnetbw,2,6,2.1475,3.423732280731201,3.333333333333334e-08,1.0
v2,G2_C3.2__transnetbw,3,7,2.2204,4.391009330749512,6.700000000000001e-06,0.33
v2,G2_C3.2__transnetbw,3,8,2.1258,2.94795823097229,3.366666666666667e-06,0.67
v2,G2_C3.2__transnetbw,3,9,2.2458,2.708580493927002,3.333333333333334e-08,1.0
v2,G2_C3.2__transnetbw,4,10,2.2176,7.87088680267334,6.700000000000001e-06,0.33
v2,G2_C3.2__transnetbw,4,11,2.2857,4.405600070953369,3.366666666666667e-06,0.67
v2,G2_C3.2__transnetbw,4,12,2.1469,3.035649299621582,3.333333333333334e-08,1.0
v2,G2_C3.2__transnetbw,5,13,2.3028,5.426083087921143,6.700000000000001e-06,0.33
v2,G2_C3.2__transnetbw,5,14,2.21,3.0697052478790283,3.366666666666667e-06,0.67
v2,G2_C3.2__transnetbw,5,15,2.183,2.565101146697998,3.333333333333334e-08,1.0
v2,G2_C3.2__transnetbw,6,16,2.1785,5.85779333114624,6.700000000000001e-06,0.33
v2,G2_C3.2__transnetbw,6,17,2.171,12.822400093078613,3.366666666666667e-06,0.67
v2,G2_C3.2__transnetbw,6,18,2.0391,5.236703872680664,3.333333333333334e-08,1.0
v2,G2_C3.2__transnetbw,7,19,2.2827,5.4511332511901855,6.700000000000001e-06,0.33
v2,G2_C3.2__transnetbw,7,20,2.1495,3.8314764499664307,3.366666666666667e-06,0.67
v2,G2_C3.2__transnetbw,7,21,2.0397,5.615639686584473,3.333333333333334e-08,1.0
v2,G2_C3.2__transnetbw,8,22,2.2176,2.873366594314575,6.700000000000001e-06,0.33
v2,G2_C3.2__transnetbw,8,23,2.1712,2.0848870277404785,3.366666666666667e-06,0.67
v2,G2_C3.2__transnetbw,8,24,2.1042,4.271904468536377,3.333333333333334e-08,1.0
v2,G2_C3.2__transnetbw,9,25,2.1687,3.350137710571289,6.700000000000001e-06,0.33
v2,G2_C3.2__transnetbw,9,26,2.2463,2.52129864692688,3.366666666666667e-06,0.67
v2,G2_C3.2__transnetbw,9,27,2.1467,4.575484752655029,3.333333333333334e-08,1.0
v2,G2_C3.2__transnetbw,10,28,2.2598,2.3985655307769775,6.700000000000001e-06,0.33
v2,G2_C3.2__transnetbw,10,29,2.017,4.5461883544921875,3.366666666666667e-06,0.67
v2,G2_C3.2__transnetbw,10,30,2.1044,6.996514320373535,3.333333333333334e-08,1.0
v2,G2_C3.3__50hertz,1,1,5.4268,10.609500885009766,6.700000000000001e-06,0.33
v2,G2_C3.3__50hertz,1,2,5.3145,15.863784790039062,3.366666666666667e-06,0.67
v2,G2_C3.3__50hertz,1,3,5.1894,9.731329917907715,3.333333333333334e-08,1.0
v2,G2_C3.3__50hertz,2,4,5.4487,9.709521293640137,6.700000000000001e-06,0.33
v2,G2_C3.3__50hertz,2,5,5.281,7.323304176330566,3.366666666666667e-06,0.67
v2,G2_C3.3__50hertz,2,6,5.347,11.238654136657715,3.333333333333334e-08,1.0
v2,G2_C3.3__50hertz,3,7,5.3557,8.087740898132324,6.700000000000001e-06,0.33
v2,G2_C3.3__50hertz,3,8,5.1353,9.717095375061035,3.366666666666667e-06,0.67
v2,G2_C3.3__50hertz,3,9,5.2112,6.015450477600098,3.333333333333334e-08,1.0
v2,G2_C3.3__50hertz,4,10,5.4634,7.249912738800049,6.700000000000001e-06,0.33
v2,G2_C3.3__50hertz,4,11,5.7422,10.025754928588867,3.366666666666667e-06,0.67
v2,G2_C3.3__50hertz,4,12,5.3812,9.517328262329102,3.333333333333334e-08,1.0
v2,G2_C3.3__50hertz,5,13,5.4349,8.106260299682617,6.700000000000001e-06,0.33
v2,G2_C3.3__50hertz,5,14,5.4293,8.019768714904785,3.366666666666667e-06,0.67
v2,G2_C3.3__50hertz,5,15,5.5053,6.4521307945251465,3.333333333333334e-08,1.0
v2,G2_C3.3__50hertz,6,16,5.4836,9.465582847595215,6.700000000000001e-06,0.33
v2,G2_C3.3__50hertz,6,17,5.6225,8.833322525024414,3.366666666666667e-06,0.67
v2,G2_C3.3__50hertz,6,18,5.4475,5.974687099456787,3.333333333333334e-08,1.0
v2,G2_C3.3__50hertz,7,19,5.6566,10.177140235900879,6.700000000000001e-06,0.33
v2,G2_C3.3__50hertz,7,20,5.7269,8.213257789611816,3.366666666666667e-06,0.67
v2,G2_C3.3__50hertz,7,21,5.5559,12.821141242980957,3.333333333333334e-08,1.0
v2,G2_C3.3__50hertz,8,22,5.8241,5.437503337860107,6.700000000000001e-06,0.33
v2,G2_C3.3__50hertz,8,23,5.8551,6.092210292816162,3.366666666666667e-06,0.67
v2,G2_C3.3__50hertz,8,24,5.5522,11.520796775817871,3.333333333333334e-08,1.0
v2,G2_C3.3__50hertz,9,25,5.7538,10.41886043548584,6.700000000000001e-06,0.33
v2,G2_C3.3__50hertz,9,26,5.8322,16.12359046936035,3.366666666666667e-06,0.67
v2,G2_C3.3__50hertz,9,27,5.6924,10.91380500793457,3.333333333333334e-08,1.0
v2,G2_C3.3__50hertz,10,28,5.9324,8.450377464294434,6.700000000000001e-06,0.33
v2,G2_C3.3__50hertz,10,29,5.9365,8.954201698303223,3.366666666666667e-06,0.67
v2,G2_C3.3__50hertz,10,30,5.7603,9.18922233581543,3.333333333333334e-08,1.0
v2,G2_C3.3__amprion,1,1,4.546,8.615736961364746,6.700000000000001e-06,0.33
v2,G2_C3.3__amprion,1,2,4.4985,10.924839973449707,3.366666666666667e-06,0.67
v2,G2_C3.3__amprion,1,3,4.4573,8.18460750579834,3.333333333333334e-08,1.0
v2,G2_C3.3__amprion,2,4,4.7483,8.644063949584961,6.700000000000001e-06,0.33
v2,G2_C3.3__amprion,2,5,4.8268,6.242763042449951,3.366666666666667e-06,0.67
v2,G2_C3.3__amprion,2,6,4.7296,7.100981712341309,3.333333333333334e-08,1.0
v2,G2_C3.3__amprion,3,7,4.8035,5.0864152908325195,6.700000000000001e-06,0.33
v2,G2_C3.3__amprion,3,8,4.5677,6.17758846282959,3.366666666666667e-06,0.67
v2,G2_C3.3__amprion,3,9,4.5402,4.623013973236084,3.333333333333334e-08,1.0
v2,G2_C3.3__amprion,4,10,4.942,8.085760116577148,6.700000000000001e-06,0.33
v2,G2_C3.3__amprion,4,11,5.1706,7.677343368530273,3.366666666666667e-06,0.67
v2,G2_C3.3__amprion,4,12,4.8486,5.546994209289551,3.333333333333334e-08,1.0
v2,G2_C3.3__amprion,5,13,4.8914,11.62118148803711,6.700000000000001e-06,0.33
v2,G2_C3.3__amprion,5,14,4.7579,8.706087112426758,3.366666666666667e-06,0.67
v2,G2_C3.3__amprion,5,15,4.902,8.067813873291016,3.333333333333334e-08,1.0
v2,G2_C3.3__amprion,6,16,4.8194,7.645686626434326,6.700000000000001e-06,0.33
v2,G2_C3.3__amprion,6,17,4.7468,9.885736465454102,3.366666666666667e-06,0.67
v2,G2_C3.3__amprion,6,18,4.6665,5.9179863929748535,3.333333333333334e-08,1.0
v2,G2_C3.3__amprion,7,19,4.7345,5.87563419342041,6.700000000000001e-06,0.33
v2,G2_C3.3__amprion,7,20,4.9265,11.620059967041016,3.366666666666667e-06,0.67
v2,G2_C3.3__amprion,7,21,4.466,7.201267242431641,3.333333333333334e-08,1.0
v2,G2_C3.3__amprion,8,22,4.5706,4.656589031219482,6.700000000000001e-06,0.33
v2,G2_C3.3__amprion,8,23,4.9277,8.963541030883789,3.366666666666667e-06,0.67
v2,G2_C3.3__amprion,8,24,4.8338,7.426796913146973,3.333333333333334e-08,1.0
v2,G2_C3.3__amprion,9,25,4.596,5.860477924346924,6.700000000000001e-06,0.33
v2,G2_C3.3__amprion,9,26,4.8034,9.406366348266602,3.366666666666667e-06,0.67
v2,G2_C3.3__amprion,9,27,4.7507,6.195674419403076,3.333333333333334e-08,1.0
v2,G2_C3.3__amprion,10,28,4.7387,5.724170684814453,6.700000000000001e-06,0.33
v2,G2_C3.3__amprion,10,29,4.6364,12.359001159667969,3.366666666666667e-06,0.67
v2,G2_C3.3__amprion,10,30,4.6301,7.625026226043701,3.333333333333334e-08,1.0
v2,G2_C3.3__lu,1,1,1.7848,6.6914567947387695,6.700000000000001e-06,0.33
v2,G2_C3.3__lu,1,2,1.7317,5.142557621002197,3.366666666666667e-06,0.67
v2,G2_C3.3__lu,1,3,1.7152,3.7722692489624023,3.333333333333334e-08,1.0
v2,G2_C3.3__lu,2,4,1.8229,2.478553533554077,6.700000000000001e-06,0.33
v2,G2_C3.3__lu,2,5,1.8705,3.55118989944458,3.366666666666667e-06,0.67
v2,G2_C3.3__lu,2,6,1.7014,2.1952333450317383,3.333333333333334e-08,1.0
v2,G2_C3.3__lu,3,7,1.7756,2.181441068649292,6.700000000000001e-06,0.33
v2,G2_C3.3__lu,3,8,1.8416,4.486545562744141,3.366666666666667e-06,0.67
v2,G2_C3.3__lu,3,9,1.6991,4.52203893661499,3.333333333333334e-08,1.0
v2,G2_C3.3__lu,4,10,1.835,3.1253225803375244,6.700000000000001e-06,0.33
v2,G2_C3.3__lu,4,11,1.6458,2.4591095447540283,3.366666666666667e-06,0.67
v2,G2_C3.3__lu,4,12,1.5671,5.717855930328369,3.333333333333334e-08,1.0
v2,G2_C3.3__lu,5,13,1.9109,2.433659553527832,6.700000000000001e-06,0.33
v2,G2_C3.3__lu,5,14,1.9343,5.225340843200684,3.366666666666667e-06,0.67
v2,G2_C3.3__lu,5,15,1.6587,2.975991725921631,3.333333333333334e-08,1.0
v2,G2_C3.3__lu,6,16,1.9002,5.113504409790039,6.700000000000001e-06,0.33
v2,G2_C3.3__lu,6,17,1.8202,3.5714144706726074,3.366666666666667e-06,0.67
v2,G2_C3.3__lu,6,18,1.6911,5.904383659362793,3.333333333333334e-08,1.0
v2,G2_C3.3__lu,7,19,2.0851,3.9677224159240723,6.700000000000001e-06,0.33
v2,G2_C3.3__lu,7,20,1.9852,3.2792012691497803,3.366666666666667e-06,0.67
v2,G2_C3.3__lu,7,21,1.977,1.7915698289871216,3.333333333333334e-08,1.0
v2,G2_C3.3__lu,8,22,2.266,1.86845862865448,6.700000000000001e-06,0.33
v2,G2_C3.3__lu,8,23,2.0688,3.424907684326172,3.366666666666667e-06,0.67
v2,G2_C3.3__lu,8,24,2.0741,6.2699432373046875,3.333333333333334e-08,1.0
v2,G2_C3.3__lu,9,25,2.1583,4.919416427612305,6.700000000000001e-06,0.33
v2,G2_C3.3__lu,9,26,2.08,2.3150691986083984,3.366666666666667e-06,0.67
v2,G2_C3.3__lu,9,27,2.0553,3.497014284133911,3.333333333333334e-08,1.0
v2,G2_C3.3__lu,10,28,2.3106,3.2864673137664795,6.700000000000001e-06,0.33
v2,G2_C3.3__lu,10,29,2.2217,4.138258457183838,3.366666666666667e-06,0.67
v2,G2_C3.3__lu,10,30,2.2245,2.926668643951416,3.333333333333334e-08,1.0
v2,G2_C3.3__tennet,1,1,4.6593,5.250110626220703,6.700000000000001e-06,0.33
v2,G2_C3.3__tennet,1,2,4.6545,10.87454891204834,3.366666666666667e-06,0.67
v2,G2_C3.3__tennet,1,3,4.5313,6.725055694580078,3.333333333333334e-08,1.0
v2,G2_C3.3__tennet,2,4,4.8187,9.405752182006836,6.700000000000001e-06,0.33
v2,G2_C3.3__tennet,2,5,4.7415,6.186208724975586,3.366666666666667e-06,0.67
v2,G2_C3.3__tennet,2,6,4.6719,8.306075096130371,3.333333333333334e-08,1.0
v2,G2_C3.3__tennet,3,7,4.8789,6.618872165679932,6.700000000000001e-06,0.33
v2,G2_C3.3__tennet,3,8,4.6171,6.2731428146362305,3.366666666666667e-06,0.67
v2,G2_C3.3__tennet,3,9,4.5325,6.889601230621338,3.333333333333334e-08,1.0
v2,G2_C3.3__tennet,4,10,4.7637,6.011227130889893,6.700000000000001e-06,0.33
v2,G2_C3.3__tennet,4,11,5.1874,8.263731956481934,3.366666666666667e-06,0.67
v2,G2_C3.3__tennet,4,12,4.7601,5.055616855621338,3.333333333333334e-08,1.0
v2,G2_C3.3__tennet,5,13,4.7547,8.859761238098145,6.700000000000001e-06,0.33
v2,G2_C3.3__tennet,5,14,4.9635,5.791040897369385,3.366666666666667e-06,0.67
v2,G2_C3.3__tennet,5,15,4.8518,5.493276119232178,3.333333333333334e-08,1.0
v2,G2_C3.3__tennet,6,16,4.8097,8.79326343536377,6.700000000000001e-06,0.33
v2,G2_C3.3__tennet,6,17,4.7322,10.193910598754883,3.366666666666667e-06,0.67
v2,G2_C3.3__tennet,6,18,4.697,5.608633041381836,3.333333333333334e-08,1.0
v2,G2_C3.3__tennet,7,19,4.6014,5.5752763748168945,6.700000000000001e-06,0.33
v2,G2_C3.3__tennet,7,20,4.7282,7.74660587310791,3.366666666666667e-06,0.67
v2,G2_C3.3__tennet,7,21,4.5782,7.865968704223633,3.333333333333334e-08,1.0
v2,G2_C3.3__tennet,8,22,4.9366,6.973710060119629,6.700000000000001e-06,0.33
v2,G2_C3.3__tennet,8,23,5.1172,5.706445217132568,3.366666666666667e-06,0.67
v2,G2_C3.3__tennet,8,24,4.8122,7.165063858032227,3.333333333333334e-08,1.0
v2,G2_C3.3__tennet,9,25,4.754,7.157947540283203,6.700000000000001e-06,0.33
v2,G2_C3.3__tennet,9,26,4.9331,10.787795066833496,3.366666666666667e-06,0.67
v2,G2_C3.3__tennet,9,27,4.8295,4.3927226066589355,3.333333333333334e-08,1.0
v2,G2_C3.3__tennet,10,28,4.9808,8.075403213500977,6.700000000000001e-06,0.33
v2,G2_C3.3__tennet,10,29,5.1155,7.867788314819336,3.366666666666667e-06,0.67
v2,G2_C3.3__tennet,10,30,4.9335,10.913664817810059,3.333333333333334e-08,1.0
v2,G2_C3.3__transnetbw,1,1,4.5083,4.532048225402832,6.700000000000001e-06,0.33
v2,G2_C3.3__transnetbw,1,2,4.5653,10.804717063903809,3.366666666666667e-06,0.67
v2,G2_C3.3__transnetbw,1,3,4.5147,10.000926971435547,3.333333333333334e-08,1.0
v2,G2_C3.3__transnetbw,2,4,4.7814,4.908705711364746,6.700000000000001e-06,0.33
v2,G2_C3.3__transnetbw,2,5,4.7999,4.863064765930176,3.366666666666667e-06,0.67
v2,G2_C3.3__transnetbw,2,6,4.6745,7.023989200592041,3.333333333333334e-08,1.0
v2,G2_C3.3__transnetbw,3,7,4.9541,6.990088939666748,6.700000000000001e-06,0.33
v2,G2_C3.3__transnetbw,3,8,4.7069,5.092097759246826,3.366666666666667e-06,0.67
v2,G2_C3.3__transnetbw,3,9,4.8486,12.657505989074707,3.333333333333334e-08,1.0
v2,G2_C3.3__transnetbw,4,10,4.8416,4.535406112670898,6.700000000000001e-06,0.33
v2,G2_C3.3__transnetbw,4,11,5.021,6.926596164703369,3.366666666666667e-06,0.67
v2,G2_C3.3__transnetbw,4,12,4.8072,5.95695686340332,3.333333333333334e-08,1.0
v2,G2_C3.3__transnetbw,5,13,4.7305,9.008213996887207,6.700000000000001e-06,0.33
v2,G2_C3.3__transnetbw,5,14,4.5577,7.855381011962891,3.366666666666667e-06,0.67
v2,G2_C3.3__transnetbw,5,15,4.6471,5.83573055267334,3.333333333333334e-08,1.0
v2,G2_C3.3__transnetbw,6,16,4.7414,9.502406120300293,6.700000000000001e-06,0.33
v2,G2_C3.3__transnetbw,6,17,4.6255,12.952813148498535,3.366666666666667e-06,0.67
v2,G2_C3.3__transnetbw,6,18,4.3741,4.900778293609619,3.333333333333334e-08,1.0
v2,G2_C3.3__transnetbw,7,19,4.8653,6.686501502990723,6.700000000000001e-06,0.33
v2,G2_C3.3__transnetbw,7,20,4.8163,10.008331298828125,3.366666666666667e-06,0.67
v2,G2_C3.3__transnetbw,7,21,4.5272,5.3485517501831055,3.333333333333334e-08,1.0
v2,G2_C3.3__transnetbw,8,22,4.5463,5.420474052429199,6.700000000000001e-06,0.33
v2,G2_C3.3__transnetbw,8,23,4.9237,8.4880952835083,3.366666666666667e-06,0.67
v2,G2_C3.3__transnetbw,8,24,4.7346,6.703804969787598,3.333333333333334e-08,1.0
v2,G2_C3.3__transnetbw,9,25,4.5466,7.360990047454834,6.700000000000001e-06,0.33
v2,G2_C3.3__transnetbw,9,26,4.7134,6.814016342163086,3.366666666666667e-06,0.67
v2,G2_C3.3__transnetbw,9,27,4.5013,5.303488254547119,3.333333333333334e-08,1.0
v2,G2_C3.3__transnetbw,10,28,4.5385,4.118719577789307,6.700000000000001e-06,0.33
v2,G2_C3.3__transnetbw,10,29,4.5506,10.833185195922852,3.366666666666667e-06,0.67
v2,G2_C3.3__transnetbw,10,30,4.4559,10.272933959960938,3.333333333333334e-08,1.0
v2,G2_C3.4__50hertz,1,1,4.3391,9.584543228149414,6.700000000000001e-06,0.33
v2,G2_C3.4__50hertz,1,2,4.4846,9.113038063049316,3.366666666666667e-06,0.67
v2,G2_C3.4__50hertz,1,3,4.298,5.1132426261901855,3.333333333333334e-08,1.0
v2,G2_C3.4__50hertz,2,4,4.5553,15.43883228302002,6.700000000000001e-06,0.33
v2,G2_C3.4__50hertz,2,5,4.2499,8.426780700683594,3.366666666666667e-06,0.67
v2,G2_C3.4__50hertz,2,6,4.3612,5.04080057144165,3.333333333333334e-08,1.0
v2,G2_C3.4__50hertz,3,7,4.4343,14.566380500793457,6.700000000000001e-06,0.33
v2,G2_C3.4__50hertz,3,8,4.5238,13.268630981445312,3.366666666666667e-06,0.67
v2,G2_C3.4__50hertz,3,9,4.2461,4.181977272033691,3.333333333333334e-08,1.0
v2,G2_C3.4__50hertz,4,10,4.5755,4.332301616668701,6.700000000000001e-06,0.33
v2,G2_C3.4__50hertz,4,11,4.4413,7.970174312591553,3.366666666666667e-06,0.67
v2,G2_C3.4__50hertz,4,12,4.6301,9.012518882751465,3.333333333333334e-08,1.0
v2,G2_C3.4__50hertz,5,13,4.5281,3.7187116146087646,6.700000000000001e-06,0.33
v2,G2_C3.4__50hertz,5,14,4.4223,5.335681438446045,3.366666666666667e-06,0.67
v2,G2_C3.4__50hertz,5,15,4.4958,5.875889301300049,3.333333333333334e-08,1.0
v2,G2_C3.4__50hertz,6,16,4.3547,2.9342448711395264,6.700000000000001e-06,0.33
v2,G2_C3.4__50hertz,6,17,4.3261,7.315427303314209,3.366666666666667e-06,0.67
v2,G2_C3.4__50hertz,6,18,4.6165,6.890758991241455,3.333333333333334e-08,1.0
v2,G2_C3.4__50hertz,7,19,4.3455,5.828921318054199,6.700000000000001e-06,0.33
v2,G2_C3.4__50hertz,7,20,4.3759,4.829345226287842,3.366666666666667e-06,0.67
v2,G2_C3.4__50hertz,7,21,4.4261,8.54209041595459,3.333333333333334e-08,1.0
v2,G2_C3.4__50hertz,8,22,4.5853,5.304224491119385,6.700000000000001e-06,0.33
v2,G2_C3.4__50hertz,8,23,4.3931,4.329141139984131,3.366666666666667e-06,0.67
v2,G2_C3.4__50hertz,8,24,4.7339,6.200128555297852,3.333333333333334e-08,1.0
v2,G2_C3.4__50hertz,9,25,4.4371,3.8611152172088623,6.700000000000001e-06,0.33
v2,G2_C3.4__50hertz,9,26,4.4725,13.730944633483887,3.366666666666667e-06,0.67
v2,G2_C3.4__50hertz,9,27,4.5179,8.131778717041016,3.333333333333334e-08,1.0
v2,G2_C3.4__50hertz,10,28,4.6374,4.92092752456665,6.700000000000001e-06,0.33
v2,G2_C3.4__50hertz,10,29,4.5234,5.959938049316406,3.366666666666667e-06,0.67
v2,G2_C3.4__50hertz,10,30,4.5458,11.473258018493652,3.333333333333334e-08,1.0
v2,G2_C3.4__amprion,1,1,3.934,10.488913536071777,6.700000000000001e-06,0.33
v2,G2_C3.4__amprion,1,2,3.9984,7.2302961349487305,3.366666666666667e-06,0.67
v2,G2_C3.4__amprion,1,3,3.8579,3.2996976375579834,3.333333333333334e-08,1.0
v2,G2_C3.4__amprion,2,4,4.2428,9.025075912475586,6.700000000000001e-06,0.33
v2,G2_C3.4__amprion,2,5,3.8663,7.349456310272217,3.366666666666667e-06,0.67
v2,G2_C3.4__amprion,2,6,4.0638,5.558104038238525,3.333333333333334e-08,1.0
v2,G2_C3.4__amprion,3,7,4.1322,5.912202835083008,6.700000000000001e-06,0.33
v2,G2_C3.4__amprion,3,8,4.2565,10.475690841674805,3.366666666666667e-06,0.67
v2,G2_C3.4__amprion,3,9,4.0739,4.408623695373535,3.333333333333334e-08,1.0
v2,G2_C3.4__amprion,4,10,4.2905,5.429687023162842,6.700000000000001e-06,0.33
v2,G2_C3.4__amprion,4,11,4.2226,8.078875541687012,3.366666666666667e-06,0.67
v2,G2_C3.4__amprion,4,12,4.2963,9.436145782470703,3.333333333333334e-08,1.0
v2,G2_C3.4__amprion,5,13,4.3645,8.583514213562012,6.700000000000001e-06,0.33
v2,G2_C3.4__amprion,5,14,4.0411,7.696877479553223,3.366666666666667e-06,0.67
v2,G2_C3.4__amprion,5,15,4.0761,6.154187202453613,3.333333333333334e-08,1.0
v2,G2_C3.4__amprion,6,16,4.0255,11.886964797973633,6.700000000000001e-06,0.33
v2,G2_C3.4__amprion,6,17,4.0052,8.369141578674316,3.366666666666667e-06,0.67
v2,G2_C3.4__amprion,6,18,4.0321,9.452682495117188,3.333333333333334e-08,1.0
v2,G2_C3.4__amprion,7,19,3.903,6.787293434143066,6.700000000000001e-06,0.33
v2,G2_C3.4__amprion,7,20,3.9482,4.327212333679199,3.366666666666667e-06,0.67
v2,G2_C3.4__amprion,7,21,3.975,10.038043022155762,3.333333333333334e-08,1.0
v2,G2_C3.4__amprion,8,22,3.8691,3.3435347080230713,6.700000000000001e-06,0.33
v2,G2_C3.4__amprion,8,23,3.7295,3.59065318107605,3.366666666666667e-06,0.67
v2,G2_C3.4__amprion,8,24,4.1529,3.9135608673095703,3.333333333333334e-08,1.0
v2,G2_C3.4__amprion,9,25,3.7814,2.99104905128479,6.700000000000001e-06,0.33
v2,G2_C3.4__amprion,9,26,3.8698,6.038825511932373,3.366666666666667e-06,0.67
v2,G2_C3.4__amprion,9,27,3.9621,6.787750720977783,3.333333333333334e-08,1.0
v2,G2_C3.4__amprion,10,28,3.9823,7.893666744232178,6.700000000000001e-06,0.33
v2,G2_C3.4__amprion,10,29,3.79,4.5726847648620605,3.366666666666667e-06,0.67
v2,G2_C3.4__amprion,10,30,3.7069,9.17153263092041,3.333333333333334e-08,1.0
v2,G2_C3.4__lu,1,1,3.4307,5.1867241859436035,6.700000000000001e-06,0.33
v2,G2_C3.4__lu,1,2,3.4394,8.369148254394531,3.366666666666667e-06,0.67
v2,G2_C3.4__lu,1,3,3.3094,7.633602619171143,3.333333333333334e-08,1.0
v2,G2_C3.4__lu,2,4,3.3801,6.032304286956787,6.700000000000001e-06,0.33
v2,G2_C3.4__lu,2,5,3.3265,6.139956951141357,3.366666666666667e-06,0.67
v2,G2_C3.4__lu,2,6,3.4775,4.5032477378845215,3.333333333333334e-08,1.0
v2,G2_C3.4__lu,3,7,3.655,16.087665557861328,6.700000000000001e-06,0.33
v2,G2_C3.4__lu,3,8,3.3461,5.657232761383057,3.366666666666667e-06,0.67
v2,G2_C3.4__lu,3,9,3.4275,4.090646266937256,3.333333333333334e-08,1.0
v2,G2_C3.4__lu,4,10,3.5373,4.181400775909424,6.700000000000001e-06,0.33
v2,G2_C3.4__lu,4,11,3.6524,6.215097427368164,3.366666666666667e-06,0.67
v2,G2_C3.4__lu,4,12,3.3297,10.872786521911621,3.333333333333334e-08,1.0
v2,G2_C3.4__lu,5,13,3.6002,10.40119743347168,6.700000000000001e-06,0.33
v2,G2_C3.4__lu,5,14,3.5129,4.867490291595459,3.366666666666667e-06,0.67
v2,G2_C3.4__lu,5,15,3.6465,3.9208927154541016,3.333333333333334e-08,1.0
v2,G2_C3.4__lu,6,16,3.423,7.563712120056152,6.700000000000001e-06,0.33
v2,G2_C3.4__lu,6,17,3.4175,17.791624069213867,3.366666666666667e-06,0.67
v2,G2_C3.4__lu,6,18,3.3002,8.464298248291016,3.333333333333334e-08,1.0
v2,G2_C3.4__lu,7,19,3.2505,5.344876289367676,6.700000000000001e-06,0.33
v2,G2_C3.4__lu,7,20,3.4624,12.984074592590332,3.366666666666667e-06,0.67
v2,G2_C3.4__lu,7,21,3.3088,5.989943504333496,3.333333333333334e-08,1.0
v2,G2_C3.4__lu,8,22,3.4589,6.823645114898682,6.700000000000001e-06,0.33
v2,G2_C3.4__lu,8,23,3.4465,4.493513584136963,3.366666666666667e-06,0.67
v2,G2_C3.4__lu,8,24,3.2168,5.81835412979126,3.333333333333334e-08,1.0
v2,G2_C3.4__lu,9,25,3.3721,5.055159568786621,6.700000000000001e-06,0.33
v2,G2_C3.4__lu,9,26,3.4545,7.551281452178955,3.366666666666667e-06,0.67
v2,G2_C3.4__lu,9,27,3.24,4.020289897918701,3.333333333333334e-08,1.0
v2,G2_C3.4__lu,10,28,3.6625,4.0242438316345215,6.700000000000001e-06,0.33
v2,G2_C3.4__lu,10,29,3.2902,7.775778770446777,3.366666666666667e-06,0.67
v2,G2_C3.4__lu,10,30,3.4506,6.267898082733154,3.333333333333334e-08,1.0
v2,G2_C3.4__tennet,1,1,3.9485,8.771662712097168,6.700000000000001e-06,0.33
v2,G2_C3.4__tennet,1,2,3.99,8.172996520996094,3.366666666666667e-06,0.67
v2,G2_C3.4__tennet,1,3,3.9397,3.554823875427246,3.333333333333334e-08,1.0
v2,G2_C3.4__tennet,2,4,4.2353,9.02723503112793,6.700000000000001e-06,0.33
v2,G2_C3.4__tennet,2,5,3.8982,5.423463344573975,3.366666666666667e-06,0.67
v2,G2_C3.4__tennet,2,6,4.0618,7.411000728607178,3.333333333333334e-08,1.0
v2,G2_C3.4__tennet,3,7,4.0817,10.152180671691895,6.700000000000001e-06,0.33
v2,G2_C3.4__tennet,3,8,4.3542,12.584546089172363,3.366666666666667e-06,0.67
v2,G2_C3.4__tennet,3,9,4.0166,7.076560974121094,3.333333333333334e-08,1.0
v2,G2_C3.4__tennet,4,10,4.1295,3.873934268951416,6.700000000000001e-06,0.33
v2,G2_C3.4__tennet,4,11,4.0891,7.72169303894043,3.366666666666667e-06,0.67
v2,G2_C3.4__tennet,4,12,4.3538,9.291648864746094,3.333333333333334e-08,1.0
v2,G2_C3.4__tennet,5,13,4.1482,4.888790130615234,6.700000000000001e-06,0.33
v2,G2_C3.4__tennet,5,14,4.1059,6.595303535461426,3.366666666666667e-06,0.67
v2,G2_C3.4__tennet,5,15,4.2227,6.3679890632629395,3.333333333333334e-08,1.0
v2,G2_C3.4__tennet,6,16,3.8945,5.297519683837891,6.700000000000001e-06,0.33
v2,G2_C3.4__tennet,6,17,4.0438,8.070355415344238,3.366666666666667e-06,0.67
v2,G2_C3.4__tennet,6,18,4.0161,8.09239387512207,3.333333333333334e-08,1.0
v2,G2_C3.4__tennet,7,19,3.7729,6.344879150390625,6.700000000000001e-06,0.33
v2,G2_C3.4__tennet,7,20,3.8361,4.449422359466553,3.366666666666667e-06,0.67
v2,G2_C3.4__tennet,7,21,3.786,10.94770336151123,3.333333333333334e-08,1.0
v2,G2_C3.4__tennet,8,22,3.9814,3.919987916946411,6.700000000000001e-06,0.33
v2,G2_C3.4__tennet,8,23,4.0104,5.683309078216553,3.366666666666667e-06,0.67
v2,G2_C3.4__tennet,8,24,4.2594,4.209156513214111,3.333333333333334e-08,1.0
v2,G2_C3.4__tennet,9,25,3.8107,3.8711259365081787,6.700000000000001e-06,0.33
v2,G2_C3.4__tennet,9,26,4.0082,9.280448913574219,3.366666666666667e-06,0.67
v2,G2_C3.4__tennet,9,27,3.9704,10.233034133911133,3.333333333333334e-08,1.0
v2,G2_C3.4__tennet,10,28,4.0501,5.370474338531494,6.700000000000001e-06,0.33
v2,G2_C3.4__tennet,10,29,3.9612,5.859330654144287,3.366666666666667e-06,0.67
v2,G2_C3.4__tennet,10,30,3.9269,8.250039100646973,3.333333333333334e-08,1.0
v2,G2_C3.4__transnetbw,1,1,3.9658,8.647619247436523,6.700000000000001e-06,0.33
v2,G2_C3.4__transnetbw,1,2,4.039,5.702341556549072,3.366666666666667e-06,0.67
v2,G2_C3.4__transnetbw,1,3,3.9025,3.4381918907165527,3.333333333333334e-08,1.0
v2,G2_C3.4__transnetbw,2,4,4.3721,6.308736324310303,6.700000000000001e-06,0.33
v2,G2_C3.4__transnetbw,2,5,3.9276,5.899002552032471,3.366666666666667e-06,0.67
v2,G2_C3.4__transnetbw,2,6,4.1648,6.366625785827637,3.333333333333334e-08,1.0
v2,G2_C3.4__transnetbw,3,7,4.2574,7.536594867706299,6.700000000000001e-06,0.33
v2,G2_C3.4__transnetbw,3,8,4.4467,14.529035568237305,3.366666666666667e-06,0.67
v2,G2_C3.4__transnetbw,3,9,4.1816,7.52498722076416,3.333333333333334e-08,1.0
v2,G2_C3.4__transnetbw,4,10,4.3768,3.769310712814331,6.700000000000001e-06,0.33
v2,G2_C3.4__transnetbw,4,11,4.1879,8.603070259094238,3.366666666666667e-06,0.67
v2,G2_C3.4__transnetbw,4,12,4.3171,9.935431480407715,3.333333333333334e-08,1.0
v2,G2_C3.4__transnetbw,5,13,4.3814,7.435198783874512,6.700000000000001e-06,0.33
v2,G2_C3.4__transnetbw,5,14,4.0965,7.862201690673828,3.366666666666667e-06,0.67
v2,G2_C3.4__transnetbw,5,15,4.134,6.21703577041626,3.333333333333334e-08,1.0
v2,G2_C3.4__transnetbw,6,16,4.1016,5.878537654876709,6.700000000000001e-06,0.33
v2,G2_C3.4__transnetbw,6,17,4.0803,9.685770988464355,3.366666666666667e-06,0.67
v2,G2_C3.4__transnetbw,6,18,4.1498,5.703236103057861,3.333333333333334e-08,1.0
v2,G2_C3.4__transnetbw,7,19,4.0028,5.972149848937988,6.700000000000001e-06,0.33
v2,G2_C3.4__transnetbw,7,20,4.1638,5.1828203201293945,3.366666666666667e-06,0.67
v2,G2_C3.4__transnetbw,7,21,3.9919,8.962183952331543,3.333333333333334e-08,1.0
v2,G2_C3.4__transnetbw,8,22,3.9651,5.75687837600708,6.700000000000001e-06,0.33
v2,G2_C3.4__transnetbw,8,23,3.901,5.23898458480835,3.366666666666667e-06,0.67
v2,G2_C3.4__transnetbw,8,24,4.2395,5.555155277252197,3.333333333333334e-08,1.0
v2,G2_C3.4__transnetbw,9,25,4.0112,2.817254066467285,6.700000000000001e-06,0.33
v2,G2_C3.4__transnetbw,9,26,3.9133,7.681382179260254,3.366666666666667e-06,0.67
v2,G2_C3.4__transnetbw,9,27,4.0262,5.8808369636535645,3.333333333333334e-08,1.0
v2,G2_C3.4__transnetbw,10,28,4.0664,3.9306728839874268,6.700000000000001e-06,0.33
v2,G2_C3.4__transnetbw,10,29,3.7819,4.690445423126221,3.366666666666667e-06,0.67
v2,G2_C3.4__transnetbw,10,30,3.72,5.62612247467041,3.333333333333334e-08,1.0
v2,G2_C4__50hertz,1,1,0.2894,0.7679716348648071,6.700000000000001e-06,0.33
v2,G2_C4__50hertz,1,2,0.292,1.329176664352417,3.366666666666667e-06,0.67
v2,G2_C4__50hertz,1,3,0.2861,0.9207786321640015,3.333333333333334e-08,1.0
v2,G2_C4__50hertz,2,4,0.3,2.726438522338867,6.700000000000001e-06,0.33
v2,G2_C4__50hertz,2,5,0.3159,1.7785412073135376,3.366666666666667e-06,0.67
v2,G2_C4__50hertz,2,6,0.3315,0.7707909345626831,3.333333333333334e-08,1.0
v2,G2_C4__50hertz,3,7,0.3199,2.8884472846984863,6.700000000000001e-06,0.33
v2,G2_C4__50hertz,3,8,0.3221,1.134615182876587,3.366666666666667e-06,0.67
v2,G2_C4__50hertz,3,9,0.3238,3.42370867729187,3.333333333333334e-08,1.0
v2,G2_C4__50hertz,4,10,0.3209,0.8829208612442017,6.700000000000001e-06,0.33
v2,G2_C4__50hertz,4,11,0.3277,0.6707324385643005,3.366666666666667e-06,0.67
v2,G2_C4__50hertz,4,12,0.3338,0.9749868512153625,3.333333333333334e-08,1.0
v2,G2_C4__50hertz,5,13,0.3356,0.8216933608055115,6.700000000000001e-06,0.33
v2,G2_C4__50hertz,5,14,0.3122,0.8830403685569763,3.366666666666667e-06,0.67
v2,G2_C4__50hertz,5,15,0.3274,1.7645217180252075,3.333333333333334e-08,1.0
v2,G2_C4__50hertz,6,16,0.3482,3.2096145153045654,6.700000000000001e-06,0.33
v2,G2_C4__50hertz,6,17,0.3611,0.4676428735256195,3.366666666666667e-06,0.67
v2,G2_C4__50hertz,6,18,0.3129,1.1767467260360718,3.333333333333334e-08,1.0
v2,G2_C4__50hertz,7,19,0.3579,1.8306740522384644,6.700000000000001e-06,0.33
v2,G2_C4__50hertz,7,20,0.364,3.328193426132202,3.366666666666667e-06,0.67
v2,G2_C4__50hertz,7,21,0.3517,1.6510130167007446,3.333333333333334e-08,1.0
v2,G2_C4__50hertz,8,22,0.3922,1.5202264785766602,6.700000000000001e-06,0.33
v2,G2_C4__50hertz,8,23,0.396,1.7125085592269897,3.366666666666667e-06,0.67
v2,G2_C4__50hertz,8,24,0.3515,1.4141228199005127,3.333333333333334e-08,1.0
v2,G2_C4__50hertz,9,25,0.408,2.3054418563842773,6.700000000000001e-06,0.33
v2,G2_C4__50hertz,9,26,0.3321,1.484850525856018,3.366666666666667e-06,0.67
v2,G2_C4__50hertz,9,27,0.3526,1.3956962823867798,3.333333333333334e-08,1.0
v2,G2_C4__50hertz,10,28,0.4138,3.652208089828491,6.700000000000001e-06,0.33
v2,G2_C4__50hertz,10,29,0.3924,1.415114402770996,3.366666666666667e-06,0.67
v2,G2_C4__50hertz,10,30,0.3429,0.877159833908081,3.333333333333334e-08,1.0
v2,G2_C4__amprion,1,1,0.2043,1.276471734046936,6.700000000000001e-06,0.33
v2,G2_C4__amprion,1,2,0.171,0.5205147862434387,3.366666666666667e-06,0.67
v2,G2_C4__amprion,1,3,0.1977,0.7482802271842957,3.333333333333334e-08,1.0
v2,G2_C4__amprion,2,4,0.2071,0.42694607377052307,6.700000000000001e-06,0.33
v2,G2_C4__amprion,2,5,0.2288,0.4045240581035614,3.366666666666667e-06,0.67
v2,G2_C4__amprion,2,6,0.2222,0.29285508394241333,3.333333333333334e-08,1.0
v2,G2_C4__amprion,3,7,0.2103,0.4050501585006714,6.700000000000001e-06,0.33
v2,G2_C4__amprion,3,8,0.2078,0.9062673449516296,3.366666666666667e-06,0.67
v2,G2_C4__amprion,3,9,0.2184,1.508778691291809,3.333333333333334e-08,1.0
v2,G2_C4__amprion,4,10,0.229,1.1490743160247803,6.700000000000001e-06,0.33
v2,G2_C4__amprion,4,11,0.2317,0.36412930488586426,3.366666666666667e-06,0.67
v2,G2_C4__amprion,4,12,0.221,1.0232993364334106,3.333333333333334e-08,1.0
v2,G2_C4__amprion,5,13,0.2511,0.477699875831604,6.700000000000001e-06,0.33
v2,G2_C4__amprion,5,14,0.2367,0.7307870984077454,3.366666666666667e-06,0.67
v2,G2_C4__amprion,5,15,0.2198,1.059370517730713,3.333333333333334e-08,1.0
v2,G2_C4__amprion,6,16,0.253,2.168308973312378,6.700000000000001e-06,0.33
v2,G2_C4__amprion,6,17,0.2514,0.5903931260108948,3.366666666666667e-06,0.67
v2,G2_C4__amprion,6,18,0.2445,0.6323364973068237,3.333333333333334e-08,1.0
v2,G2_C4__amprion,7,19,0.2498,0.31943878531455994,6.700000000000001e-06,0.33
v2,G2_C4__amprion,7,20,0.2373,3.0876097679138184,3.366666666666667e-06,0.67
v2,G2_C4__amprion,7,21,0.2538,0.4271223545074463,3.333333333333334e-08,1.0
v2,G2_C4__amprion,8,22,0.2669,0.9903478026390076,6.700000000000001e-06,0.33
v2,G2_C4__amprion,8,23,0.2187,0.8916537761688232,3.366666666666667e-06,0.67
v2,G2_C4__amprion,8,24,0.2188,0.6028249263763428,3.333333333333334e-08,1.0
v2,G2_C4__amprion,9,25,0.2389,0.4833451509475708,6.700000000000001e-06,0.33
v2,G2_C4__amprion,9,26,0.2023,0.6887144446372986,3.366666666666667e-06,0.67
v2,G2_C4__amprion,9,27,0.221,0.5062520503997803,3.333333333333334e-08,1.0
v2,G2_C4__amprion,10,28,0.2726,2.3698110580444336,6.700000000000001e-06,0.33
v2,G2_C4__amprion,10,29,0.2834,0.4230903387069702,3.366666666666667e-06,0.67
v2,G2_C4__amprion,10,30,0.2203,0.4649077355861664,3.333333333333334e-08,1.0
v2,G2_C4__lu,1,1,0.1924,0.4368930459022522,6.700000000000001e-06,0.33
v2,G2_C4__lu,1,2,0.167,0.43069472908973694,3.366666666666667e-06,0.67
v2,G2_C4__lu,1,3,0.1767,0.31559258699417114,3.333333333333334e-08,1.0
v2,G2_C4__lu,2,4,0.1902,1.4814307689666748,6.700000000000001e-06,0.33
v2,G2_C4__lu,2,5,0.189,1.3295003175735474,3.366666666666667e-06,0.67
v2,G2_C4__lu,2,6,0.2146,0.24035125970840454,3.333333333333334e-08,1.0
v2,G2_C4__lu,3,7,0.2073,0.7014621496200562,6.700000000000001e-06,0.33
v2,G2_C4__lu,3,8,0.1674,1.0679298639297485,3.366666666666667e-06,0.67
v2,G2_C4__lu,3,9,0.1982,1.6808156967163086,3.333333333333334e-08,1.0
v2,G2_C4__lu,4,10,0.2002,0.5270060300827026,6.700000000000001e-06,0.33
v2,G2_C4__lu,4,11,0.2075,0.8355129957199097,3.366666666666667e-06,0.67
v2,G2_C4__lu,4,12,0.2014,1.4697102308273315,3.333333333333334e-08,1.0
v2,G2_C4__lu,5,13,0.2249,0.7444299459457397,6.700000000000001e-06,0.33
v2,G2_C4__lu,5,14,0.1998,0.44366368651390076,3.366666666666667e-06,0.67
v2,G2_C4__lu,5,15,0.1944,1.4434012174606323,3.333333333333334e-08,1.0
v2,G2_C4__lu,6,16,0.1979,2.8387558460235596,6.700000000000001e-06,0.33
v2,G2_C4__lu,6,17,0.201,0.47363778948783875,3.366666666666667e-06,0.67
v2,G2_C4__lu,6,18,0.2381,2.1378817558288574,3.333333333333334e-08,1.0
v2,G2_C4__lu,7,19,0.22,0.43303555250167847,6.700000000000001e-06,0.33
v2,G2_C4__lu,7,20,0.2324,0.8906453251838684,3.366666666666667e-06,0.67
v2,G2_C4__lu,7,21,0.2273,0.5523409843444824,3.333333333333334e-08,1.0
v2,G2_C4__lu,8,22,0.2729,1.7126574516296387,6.700000000000001e-06,0.33
v2,G2_C4__lu,8,23,0.3052,0.3624759614467621,3.366666666666667e-06,0.67
v2,G2_C4__lu,8,24,0.2347,0.8109891414642334,3.333333333333334e-08,1.0
v2,G2_C4__lu,9,25,0.2582,0.46784961223602295,6.700000000000001e-06,0.33
v2,G2_C4__lu,9,26,0.2473,1.151130199432373,3.366666666666667e-06,0.67
v2,G2_C4__lu,9,27,0.2311,1.0206773281097412,3.333333333333334e-08,1.0
v2,G2_C4__lu,10,28,0.2969,2.8738114833831787,6.700000000000001e-06,0.33
v2,G2_C4__lu,10,29,0.3315,0.5401560068130493,3.366666666666667e-06,0.67
v2,G2_C4__lu,10,30,0.252,0.7181238532066345,3.333333333333334e-08,1.0
v2,G2_C4__tennet,1,1,0.1754,0.26519182324409485,6.700000000000001e-06,0.33
v2,G2_C4__tennet,1,2,0.1561,0.8456642031669617,3.366666666666667e-06,0.67
v2,G2_C4__tennet,1,3,0.1651,0.7916786074638367,3.333333333333334e-08,1.0
v2,G2_C4__tennet,2,4,0.1879,0.9224454164505005,6.700000000000001e-06,0.33
v2,G2_C4__tennet,2,5,0.1996,0.621457576751709,3.366666666666667e-06,0.67
v2,G2_C4__tennet,2,6,0.1926,0.582773745059967,3.333333333333334e-08,1.0
v2,G2_C4__tennet,3,7,0.1836,0.46451374888420105,6.700000000000001e-06,0.33
v2,G2_C4__tennet,3,8,0.1641,1.6798828840255737,3.366666666666667e-06,0.67
v2,G2_C4__tennet,3,9,0.187,1.4887803792953491,3.333333333333334e-08,1.0
v2,G2_C4__tennet,4,10,0.1677,1.335193395614624,6.700000000000001e-06,0.33
v2,G2_C4__tennet,4,11,0.1794,0.340133935213089,3.366666666666667e-06,0.67
v2,G2_C4__tennet,4,12,0.1748,0.9319270253181458,3.333333333333334e-08,1.0
v2,G2_C4__tennet,5,13,0.1751,0.3287055492401123,6.700000000000001e-06,0.33
v2,G2_C4__tennet,5,14,0.1752,0.212751105427742,3.366666666666667e-06,0.67
v2,G2_C4__tennet,5,15,0.165,0.8417924046516418,3.333333333333334e-08,1.0
v2,G2_C4__tennet,6,16,0.1743,3.026207208633423,6.700000000000001e-06,0.33
v2,G2_C4__tennet,6,17,0.1697,0.5050007700920105,3.366666666666667e-06,0.67
v2,G2_C4__tennet,6,18,0.1838,5.0938544273376465,3.333333333333334e-08,1.0
v2,G2_C4__tennet,7,19,0.1694,0.41083282232284546,6.700000000000001e-06,0.33
v2,G2_C4__tennet,7,20,0.1924,3.521031379699707,3.366666666666667e-06,0.67
v2,G2_C4__tennet,7,21,0.207,0.30563199520111084,3.333333333333334e-08,1.0
v2,G2_C4__tennet,8,22,0.2177,0.485652357339859,6.700000000000001e-06,0.33
v2,G2_C4__tennet,8,23,0.1759,0.5233402848243713,3.366666666666667e-06,0.67
v2,G2_C4__tennet,8,24,0.1604,0.4559175372123718,3.333333333333334e-08,1.0
v2,G2_C4__tennet,9,25,0.1896,0.16712471842765808,6.700000000000001e-06,0.33
v2,G2_C4__tennet,9,26,0.1491,0.5001083016395569,3.366666666666667e-06,0.67
v2,G2_C4__tennet,9,27,0.162,1.336971402168274,3.333333333333334e-08,1.0
v2,G2_C4__tennet,10,28,0.2592,2.169019937515259,6.700000000000001e-06,0.33
v2,G2_C4__tennet,10,29,0.2351,1.1726752519607544,3.366666666666667e-06,0.67
v2,G2_C4__tennet,10,30,0.1744,0.6846230030059814,3.333333333333334e-08,1.0
v2,G2_C4__transnetbw,1,1,0.1749,0.3649488389492035,6.700000000000001e-06,0.33
v2,G2_C4__transnetbw,1,2,0.1411,0.9370139837265015,3.366666666666667e-06,0.67
v2,G2_C4__transnetbw,1,3,0.1711,0.3800896108150482,3.333333333333334e-08,1.0
v2,G2_C4__transnetbw,2,4,0.2032,0.8679543733596802,6.700000000000001e-06,0.33
v2,G2_C4__transnetbw,2,5,0.2092,0.552580714225769,3.366666666666667e-06,0.67
v2,G2_C4__transnetbw,2,6,0.2033,0.22997385263442993,3.333333333333334e-08,1.0
v2,G2_C4__transnetbw,3,7,0.1877,1.1210520267486572,6.700000000000001e-06,0.33
v2,G2_C4__transnetbw,3,8,0.1713,1.374585509300232,3.366666666666667e-06,0.67
v2,G2_C4__transnetbw,3,9,0.1849,1.106004238128662,3.333333333333334e-08,1.0
v2,G2_C4__transnetbw,4,10,0.1735,0.5910866856575012,6.700000000000001e-06,0.33
v2,G2_C4__transnetbw,4,11,0.1808,0.43890467286109924,3.366666666666667e-06,0.67
v2,G2_C4__transnetbw,4,12,0.1669,0.7520044445991516,3.333333333333334e-08,1.0
v2,G2_C4__transnetbw,5,13,0.1977,0.45926111936569214,6.700000000000001e-06,0.33
v2,G2_C4__transnetbw,5,14,0.1653,0.14012441039085388,3.366666666666667e-06,0.67
v2,G2_C4__transnetbw,5,15,0.1706,0.49080798029899597,3.333333333333334e-08,1.0
v2,G2_C4__transnetbw,6,16,0.1683,2.7881410121917725,6.700000000000001e-06,0.33
v2,G2_C4__transnetbw,6,17,0.168,0.22904816269874573,3.366666666666667e-06,0.67
v2,G2_C4__transnetbw,6,18,0.1916,2.140096664428711,3.333333333333334e-08,1.0
v2,G2_C4__transnetbw,7,19,0.1638,1.0048335790634155,6.700000000000001e-06,0.33
v2,G2_C4__transnetbw,7,20,0.2006,3.4531795978546143,3.366666666666667e-06,0.67
v2,G2_C4__transnetbw,7,21,0.2167,0.9102826118469238,3.333333333333334e-08,1.0
v2,G2_C4__transnetbw,8,22,0.2138,1.16562020778656,6.700000000000001e-06,0.33
v2,G2_C4__transnetbw,8,23,0.1745,0.41755399107933044,3.366666666666667e-06,0.67
v2,G2_C4__transnetbw,8,24,0.1662,0.4009772837162018,3.333333333333334e-08,1.0
v2,G2_C4__transnetbw,9,25,0.2085,0.3459457457065582,6.700000000000001e-06,0.33
v2,G2_C4__transnetbw,9,26,0.1504,0.5255987048149109,3.366666666666667e-06,0.67
v2,G2_C4__transnetbw,9,27,0.1779,0.4691031575202942,3.333333333333334e-08,1.0
v2,G2_C4__transnetbw,10,28,0.2443,1.9386780261993408,6.700000000000001e-06,0.33
v2,G2_C4__transnetbw,10,29,0.2577,0.5698350667953491,3.366666666666667e-06,0.67
v2,G2_C4__transnetbw,10,30,0.1755,1.1878960132598877,3.333333333333334e-08,1.0
v2,G2_C5__50hertz,1,1,0.1467,0.4481026232242584,6.700000000000001e-06,0.33
v2,G2_C5__50hertz,1,2,0.1445,0.3009047210216522,3.366666666666667e-06,0.67
v2,G2_C5__50hertz,1,3,0.1473,0.4211207330226898,3.333333333333334e-08,1.0
v2,G2_C5__50hertz,2,4,0.1516,1.177499771118164,6.700000000000001e-06,0.33
v2,G2_C5__50hertz,2,5,0.1447,0.9232513308525085,3.366666666666667e-06,0.67
v2,G2_C5__50hertz,2,6,0.1598,0.3699759542942047,3.333333333333334e-08,1.0
v2,G2_C5__50hertz,3,7,0.1542,0.9432690143585205,6.700000000000001e-06,0.33
v2,G2_C5__50hertz,3,8,0.1538,1.2875558137893677,3.366666666666667e-06,0.67
v2,G2_C5__50hertz,3,9,0.1525,1.1217337846755981,3.333333333333334e-08,1.0
v2,G2_C5__50hertz,4,10,0.1527,0.6379474997520447,6.700000000000001e-06,0.33
v2,G2_C5__50hertz,4,11,0.1604,0.2342214584350586,3.366666666666667e-06,0.67
v2,G2_C5__50hertz,4,12,0.1581,0.4077850580215454,3.333333333333334e-08,1.0
v2,G2_C5__50hertz,5,13,0.1569,0.2940816879272461,6.700000000000001e-06,0.33
v2,G2_C5__50hertz,5,14,0.1536,0.6415963768959045,3.366666666666667e-06,0.67
v2,G2_C5__50hertz,5,15,0.1582,1.1219666004180908,3.333333333333334e-08,1.0
v2,G2_C5__50hertz,6,16,0.1627,1.8008391857147217,6.700000000000001e-06,0.33
v2,G2_C5__50hertz,6,17,0.1716,0.23946930468082428,3.366666666666667e-06,0.67
v2,G2_C5__50hertz,6,18,0.1491,0.44722649455070496,3.333333333333334e-08,1.0
v2,G2_C5__50hertz,7,19,0.1758,0.8140773773193359,6.700000000000001e-06,0.33
v2,G2_C5__50hertz,7,20,0.176,1.525243878364563,3.366666666666667e-06,0.67
v2,G2_C5__50hertz,7,21,0.174,0.37251394987106323,3.333333333333334e-08,1.0
v2,G2_C5__50hertz,8,22,0.1853,0.6126272082328796,6.700000000000001e-06,0.33
v2,G2_C5__50hertz,8,23,0.1873,0.3052341639995575,3.366666666666667e-06,0.67
v2,G2_C5__50hertz,8,24,0.171,0.592993438243866,3.333333333333334e-08,1.0
v2,G2_C5__50hertz,9,25,0.1948,1.302866816520691,6.700000000000001e-06,0.33
v2,G2_C5__50hertz,9,26,0.1656,0.48202499747276306,3.366666666666667e-06,0.67
v2,G2_C5__50hertz,9,27,0.1748,0.9351779818534851,3.333333333333334e-08,1.0
v2,G2_C5__50hertz,10,28,0.2008,1.9677289724349976,6.700000000000001e-06,0.33
v2,G2_C5__50hertz,10,29,0.1853,0.6369858384132385,3.366666666666667e-06,0.67
v2,G2_C5__50hertz,10,30,0.1697,0.4889143109321594,3.333333333333334e-08,1.0
v2,G2_C5__amprion,1,1,0.0915,0.6833227276802063,6.700000000000001e-06,0.33
v2,G2_C5__amprion,1,2,0.0883,0.21208012104034424,3.366666666666667e-06,0.67
v2,G2_C5__amprion,1,3,0.0967,0.41220617294311523,3.333333333333334e-08,1.0
v2,G2_C5__amprion,2,4,0.0981,0.2284138947725296,6.700000000000001e-06,0.33
v2,G2_C5__amprion,2,5,0.1059,0.2508968710899353,3.366666666666667e-06,0.67
v2,G2_C5__amprion,2,6,0.1052,0.15366342663764954,3.333333333333334e-08,1.0
v2,G2_C5__amprion,3,7,0.1069,0.45677298307418823,6.700000000000001e-06,0.33
v2,G2_C5__amprion,3,8,0.1001,0.6905040144920349,3.366666666666667e-06,0.67
v2,G2_C5__amprion,3,9,0.0994,0.7509884238243103,3.333333333333334e-08,1.0
v2,G2_C5__amprion,4,10,0.1098,0.6967916488647461,6.700000000000001e-06,0.33
v2,G2_C5__amprion,4,11,0.1179,0.1975124180316925,3.366666666666667e-06,0.67
v2,G2_C5__amprion,4,12,0.1096,0.6798211336135864,3.333333333333334e-08,1.0
v2,G2_C5__amprion,5,13,0.112,0.32180196046829224,6.700000000000001e-06,0.33
v2,G2_C5__amprion,5,14,0.1114,0.4194963276386261,3.366666666666667e-06,0.67
v2,G2_C5__amprion,5,15,0.1039,1.050993800163269,3.333333333333334e-08,1.0
v2,G2_C5__amprion,6,16,0.1223,1.1964534521102905,6.700000000000001e-06,0.33
v2,G2_C5__amprion,6,17,0.1144,0.2236216962337494,3.366666666666667e-06,0.67
v2,G2_C5__amprion,6,18,0.106,0.6054820418357849,3.333333333333334e-08,1.0
v2,G2_C5__amprion,7,19,0.1217,0.17964117228984833,6.700000000000001e-06,0.33
v2,G2_C5__amprion,7,20,0.1123,0.540645956993103,3.366666666666667e-06,0.67
v2,G2_C5__amprion,7,21,0.1206,0.2199077606201172,3.333333333333334e-08,1.0
v2,G2_C5__amprion,8,22,0.1248,0.44135189056396484,6.700000000000001e-06,0.33
v2,G2_C5__amprion,8,23,0.1035,0.24081775546073914,3.366666666666667e-06,0.67
v2,G2_C5__amprion,8,24,0.0998,0.30760398507118225,3.333333333333334e-08,1.0
v2,G2_C5__amprion,9,25,0.1092,0.29329198598861694,6.700000000000001e-06,0.33
v2,G2_C5__amprion,9,26,0.0982,0.22372053563594818,3.366666666666667e-06,0.67
v2,G2_C5__amprion,9,27,0.1019,0.2673492431640625,3.333333333333334e-08,1.0
v2,G2_C5__amprion,10,28,0.1185,0.8858895897865295,6.700000000000001e-06,0.33
v2,G2_C5__amprion,10,29,0.1265,0.13551810383796692,3.366666666666667e-06,0.67
v2,G2_C5__amprion,10,30,0.1075,0.3272983729839325,3.333333333333334e-08,1.0
v2,G2_C5__lu,1,1,0.0787,0.6434299945831299,6.700000000000001e-06,0.33
v2,G2_C5__lu,1,2,0.0754,0.31951799988746643,3.366666666666667e-06,0.67
v2,G2_C5__lu,2,3,0.0788,0.6290656924247742,6.700000000000001e-06,0.33
v2,G2_C5__lu,2,4,0.0755,0.3068649470806122,3.366666666666667e-06,0.67
v2,G2_C5__lu,3,5,0.0788,0.6235938668251038,6.700000000000001e-06,0.33
v2,G2_C5__lu,3,6,0.0756,0.30391377210617065,3.366666666666667e-06,0.67
v2,G2_C5__lu,4,7,0.0793,0.6503957509994507,2.0100000000000002e-06,0.33
v2,G2_C5__lu,4,8,0.0763,0.2712579369544983,1.01e-06,0.67
v2,G2_C5__tennet,1,1,0.0814,0.1481160670518875,6.700000000000001e-06,0.33
v2,G2_C5__tennet,1,2,0.0785,0.19752292335033417,3.366666666666667e-06,0.67
v2,G2_C5__tennet,1,3,0.0844,0.3672976493835449,3.333333333333334e-08,1.0
v2,G2_C5__tennet,2,4,0.091,0.45375609397888184,6.700000000000001e-06,0.33
v2,G2_C5__tennet,2,5,0.0876,0.3899112641811371,3.366666666666667e-06,0.67
v2,G2_C5__tennet,2,6,0.093,0.23272797465324402,3.333333333333334e-08,1.0
v2,G2_C5__tennet,3,7,0.0837,0.3644726872444153,6.700000000000001e-06,0.33
v2,G2_C5__tennet,3,8,0.0737,0.4457201659679413,3.366666666666667e-06,0.67
v2,G2_C5__tennet,3,9,0.0848,0.4311235547065735,3.333333333333334e-08,1.0
v2,G2_C5__tennet,4,10,0.0754,0.2074158638715744,6.700000000000001e-06,0.33
v2,G2_C5__tennet,4,11,0.0876,0.2268807590007782,3.366666666666667e-06,0.67
v2,G2_C5__tennet,4,12,0.0802,0.2892034947872162,3.333333333333334e-08,1.0
v2,G2_C5__tennet,5,13,0.0745,0.13569054007530212,6.700000000000001e-06,0.33
v2,G2_C5__tennet,5,14,0.0798,0.10645611584186554,3.366666666666667e-06,0.67
v2,G2_C5__tennet,5,15,0.0758,0.430186927318573,3.333333333333334e-08,1.0
v2,G2_C5__tennet,6,16,0.0807,1.4404618740081787,6.700000000000001e-06,0.33
v2,G2_C5__tennet,6,17,0.0785,0.16563932597637177,3.366666666666667e-06,0.67
v2,G2_C5__tennet,6,18,0.077,0.8375047445297241,3.333333333333334e-08,1.0
v2,G2_C5__tennet,7,19,0.0795,0.18273350596427917,6.700000000000001e-06,0.33
v2,G2_C5__tennet,7,20,0.0875,0.6964535713195801,3.366666666666667e-06,0.67
v2,G2_C5__tennet,7,21,0.0919,0.1734851449728012,3.333333333333334e-08,1.0
v2,G2_C5__tennet,8,22,0.0957,0.1437867432832718,6.700000000000001e-06,0.33
v2,G2_C5__tennet,8,23,0.0765,0.2600458860397339,3.366666666666667e-06,0.67
v2,G2_C5__tennet,8,24,0.0712,0.11928954720497131,3.333333333333334e-08,1.0
v2,G2_C5__tennet,9,25,0.0812,0.11327312886714935,6.700000000000001e-06,0.33
v2,G2_C5__tennet,9,26,0.0698,0.2678796648979187,3.366666666666667e-06,0.67
v2,G2_C5__tennet,9,27,0.0746,0.4181551933288574,3.333333333333334e-08,1.0
v2,G2_C5__tennet,10,28,0.1043,1.2309436798095703,6.700000000000001e-06,0.33
v2,G2_C5__tennet,10,29,0.1007,0.5670038461685181,3.366666666666667e-06,0.67
v2,G2_C5__tennet,10,30,0.0825,0.36174046993255615,3.333333333333334e-08,1.0
v2,G2_C5__transnetbw,1,1,0.0732,0.19948850572109222,6.700000000000001e-06,0.33
v2,G2_C5__transnetbw,1,2,0.0693,0.21896293759346008,3.366666666666667e-06,0.67
v2,G2_C5__transnetbw,1,3,0.0859,0.2432987093925476,3.333333333333334e-08,1.0
v2,G2_C5__transnetbw,2,4,0.0911,0.5032833218574524,6.700000000000001e-06,0.33
v2,G2_C5__transnetbw,2,5,0.0908,0.19499850273132324,3.366666666666667e-06,0.67
v2,G2_C5__transnetbw,2,6,0.094,0.10533946007490158,3.333333333333334e-08,1.0
v2,G2_C5__transnetbw,3,7,0.0848,0.5158343315124512,6.700000000000001e-06,0.33
v2,G2_C5__transnetbw,3,8,0.0743,0.2807103395462036,3.366666666666667e-06,0.67
v2,G2_C5__transnetbw,3,9,0.0818,0.24830971658229828,3.333333333333334e-08,1.0
v2,G2_C5__transnetbw,4,10,0.0782,0.12867508828639984,6.700000000000001e-06,0.33
v2,G2_C5__transnetbw,4,11,0.0926,0.2137100249528885,3.366666666666667e-06,0.67
v2,G2_C5__transnetbw,4,12,0.0781,0.35580557584762573,3.333333333333334e-08,1.0
v2,G2_C5__transnetbw,5,13,0.0776,0.27357301115989685,6.700000000000001e-06,0.33
v2,G2_C5__transnetbw,5,14,0.0756,0.11226284503936768,3.366666666666667e-06,0.67
v2,G2_C5__transnetbw,5,15,0.0813,0.3732417821884155,3.333333333333334e-08,1.0
v2,G2_C5__transnetbw,6,16,0.0782,1.986391544342041,6.700000000000001e-06,0.33
v2,G2_C5__transnetbw,6,17,0.0803,0.20146846771240234,3.366666666666667e-06,0.67
v2,G2_C5__transnetbw,6,18,0.0756,0.7748501300811768,3.333333333333334e-08,1.0
v2,G2_C5__transnetbw,7,19,0.0809,0.4492509067058563,6.700000000000001e-06,0.33
v2,G2_C5__transnetbw,7,20,0.0886,0.9090266227722168,3.366666666666667e-06,0.67
v2,G2_C5__transnetbw,7,21,0.0991,0.15839004516601562,3.333333333333334e-08,1.0
v2,G2_C5__transnetbw,8,22,0.0968,0.5585772395133972,6.700000000000001e-06,0.33
v2,G2_C5__transnetbw,8,23,0.0832,0.2648946940898895,3.366666666666667e-06,0.67
v2,G2_C5__transnetbw,8,24,0.0747,0.2927119731903076,3.333333333333334e-08,1.0
v2,G2_C5__transnetbw,9,25,0.0877,0.281693696975708,6.700000000000001e-06,0.33
v2,G2_C5__transnetbw,9,26,0.0712,0.13788332045078278,3.366666666666667e-06,0.67
v2,G2_C5__transnetbw,9,27,0.0788,0.4305640459060669,3.333333333333334e-08,1.0
v2,G2_C5__transnetbw,10,28,0.1029,1.322962999343872,6.700000000000001e-06,0.33
v2,G2_C5__transnetbw,10,29,0.1172,0.3543148934841156,3.366666666666667e-06,0.67
v2,G2_C5__transnetbw,10,30,0.0853,0.5546032190322876,3.333333333333334e-08,1.0
v2,G3_C1,1,1,2.0774,2.107374906539917,6.700000000000001e-06,0.33
v2,G3_C1,1,2,2.1321,2.3525824546813965,3.366666666666667e-06,0.67
v2,G3_C1,1,3,2.1267,1.6447787284851074,3.333333333333334e-08,1.0
v2,G3_C1,2,4,2.3756,7.903738975524902,6.700000000000001e-06,0.33
v2,G3_C1,2,5,2.1889,10.628580093383789,3.366666666666667e-06,0.67
v2,G3_C1,2,6,2.3989,3.3585259914398193,3.333333333333334e-08,1.0
v2,G3_C1,3,7,2.1738,3.289451837539673,6.700000000000001e-06,0.33
v2,G3_C1,3,8,2.3707,3.15205454826355,3.366666666666667e-06,0.67
v2,G3_C1,3,9,2.0894,2.7775471210479736,3.333333333333334e-08,1.0
v2,G3_C1,4,10,2.3158,2.1642167568206787,6.700000000000001e-06,0.33
v2,G3_C1,4,11,2.1695,4.783291816711426,3.366666666666667e-06,0.67
v2,G3_C1,4,12,2.4433,24.72987174987793,3.333333333333334e-08,1.0
v2,G3_C1,5,13,2.3701,2.3117523193359375,6.700000000000001e-06,0.33
v2,G3_C1,5,14,2.4319,14.539936065673828,3.366666666666667e-06,0.67
v2,G3_C1,5,15,2.384,2.0413308143615723,3.333333333333334e-08,1.0
v2,G3_C1,6,16,2.3998,3.7050528526306152,6.700000000000001e-06,0.33
v2,G3_C1,6,17,2.5473,7.250209331512451,3.366666666666667e-06,0.67
v2,G3_C1,6,18,2.3992,2.409524917602539,3.333333333333334e-08,1.0
v2,G3_C1,7,19,2.4519,8.008955955505371,6.700000000000001e-06,0.33
v2,G3_C1,7,20,2.6027,4.48969030380249,3.366666666666667e-06,0.67
v2,G3_C1,7,21,2.4527,5.517027854919434,3.333333333333334e-08,1.0
v2,G3_C1,8,22,2.7205,2.4427430629730225,6.700000000000001e-06,0.33
v2,G3_C1,8,23,2.433,4.307490825653076,3.366666666666667e-06,0.67
v2,G3_C1,8,24,2.6359,4.371074676513672,3.333333333333334e-08,1.0
v2,G3_C1,9,25,2.5326,2.4348690509796143,6.700000000000001e-06,0.33
v2,G3_C1,9,26,2.3827,4.6551899909973145,3.366666666666667e-06,0.67
v2,G3_C1,9,27,2.6827,5.135905742645264,3.333333333333334e-08,1.0
v2,G3_C1,10,28,3.0099,2.9241535663604736,6.700000000000001e-06,0.33
v2,G3_C1,10,29,2.491,3.016108274459839,3.366666666666667e-06,0.67
v2,G3_C1,10,30,2.4211,3.5441277027130127,3.333333333333334e-08,1.0
v2,G3_C2.1,1,1,0.2733,0.4832461476325989,6.700000000000001e-06,0.33
v2,G3_C2.1,1,2,0.2446,1.0631476640701294,3.366666666666667e-06,0.67
v2,G3_C2.1,1,3,0.264,0.43480992317199707,3.333333333333334e-08,1.0
v2,G3_C2.1,2,4,0.288,1.407495141029358,6.700000000000001e-06,0.33
v2,G3_C2.1,2,5,0.2991,0.7127679586410522,3.366666666666667e-06,0.67
v2,G3_C2.1,2,6,0.3093,0.3913673162460327,3.333333333333334e-08,1.0
v2,G3_C2.1,3,7,0.3111,0.46299606561660767,6.700000000000001e-06,0.33
v2,G3_C2.1,3,8,0.271,0.5636482834815979,3.366666666666667e-06,0.67
v2,G3_C2.1,3,9,0.2835,0.7228875756263733,3.333333333333334e-08,1.0
v2,G3_C2.1,4,10,0.2996,0.5780330896377563,6.700000000000001e-06,0.33
v2,G3_C2.1,4,11,0.3019,0.3252924978733063,3.366666666666667e-06,0.67
v2,G3_C2.1,4,12,0.2927,0.850058376789093,3.333333333333334e-08,1.0
v2,G3_C2.1,5,13,0.3202,0.32841283082962036,6.700000000000001e-06,0.33
v2,G3_C2.1,5,14,0.2878,0.33761459589004517,3.366666666666667e-06,0.67
v2,G3_C2.1,5,15,0.2977,1.7362306118011475,3.333333333333334e-08,1.0
v2,G3_C2.1,6,16,0.302,2.628093957901001,6.700000000000001e-06,0.33
v2,G3_C2.1,6,17,0.2893,0.3369242548942566,3.366666666666667e-06,0.67
v2,G3_C2.1,6,18,0.306,0.44150468707084656,3.333333333333334e-08,1.0
v2,G3_C2.1,7,19,0.3117,0.6742916107177734,6.700000000000001e-06,0.33
v2,G3_C2.1,7,20,0.3243,2.581176519393921,3.366666666666667e-06,0.67
v2,G3_C2.1,7,21,0.3351,0.4330044090747833,3.333333333333334e-08,1.0
v2,G3_C2.1,8,22,0.3552,0.7774742245674133,6.700000000000001e-06,0.33
v2,G3_C2.1,8,23,0.3386,0.48711857199668884,3.366666666666667e-06,0.67
v2,G3_C2.1,8,24,0.2934,0.5541076064109802,3.333333333333334e-08,1.0
v2,G3_C2.1,9,25,0.3521,0.6101347208023071,6.700000000000001e-06,0.33
v2,G3_C2.1,9,26,0.3011,0.4242883324623108,3.366666666666667e-06,0.67
v2,G3_C2.1,9,27,0.3036,0.6439915299415588,3.333333333333334e-08,1.0
v2,G3_C2.1,10,28,0.3908,3.4321794509887695,6.700000000000001e-06,0.33
v2,G3_C2.1,10,29,0.3991,0.3403582274913788,3.366666666666667e-06,0.67
v2,G3_C2.1,10,30,0.3044,0.42745324969291687,3.333333333333334e-08,1.0
v2,G3_C2.2,1,1,0.2714,0.35780081152915955,6.700000000000001e-06,0.33
v2,G3_C2.2,1,2,0.2418,0.7519101500511169,3.366666666666667e-06,0.67
v2,G3_C2.2,1,3,0.2628,0.4585416913032532,3.333333333333334e-08,1.0
v2,G3_C2.2,2,4,0.2866,1.460923433303833,6.700000000000001e-06,0.33
v2,G3_C2.2,2,5,0.296,0.6541510224342346,3.366666666666667e-06,0.67
v2,G3_C2.2,2,6,0.3081,0.41794970631599426,3.333333333333334e-08,1.0
v2,G3_C2.2,3,7,0.3052,0.6719666123390198,6.700000000000001e-06,0.33
v2,G3_C2.2,3,8,0.2692,0.6562841534614563,3.366666666666667e-06,0.67
v2,G3_C2.2,3,9,0.2895,1.468796968460083,3.333333333333334e-08,1.0
v2,G3_C2.2,4,10,0.297,0.46569105982780457,6.700000000000001e-06,0.33
v2,G3_C2.2,4,11,0.3021,0.43738892674446106,3.366666666666667e-06,0.67
v2,G3_C2.2,4,12,0.291,0.6037091016769409,3.333333333333334e-08,1.0
v2,G3_C2.2,5,13,0.3136,0.40249764919281006,6.700000000000001e-06,0.33
v2,G3_C2.2,5,14,0.2849,0.37571588158607483,3.366666666666667e-06,0.67
v2,G3_C2.2,5,15,0.2973,1.6093379259109497,3.333333333333334e-08,1.0
v2,G3_C2.2,6,16,0.3122,3.0861010551452637,6.700000000000001e-06,0.33
v2,G3_C2.2,6,17,0.295,0.6698337197303772,3.366666666666667e-06,0.67
v2,G3_C2.2,6,18,0.3032,1.8991155624389648,3.333333333333334e-08,1.0
v2,G3_C2.2,7,19,0.3132,0.8376965522766113,6.700000000000001e-06,0.33
v2,G3_C2.2,7,20,0.3234,3.207976818084717,3.366666666666667e-06,0.67
v2,G3_C2.2,7,21,0.3317,0.41804805397987366,3.333333333333334e-08,1.0
v2,G3_C2.2,8,22,0.3512,0.9063805937767029,6.700000000000001e-06,0.33
v2,G3_C2.2,8,23,0.3355,0.5369870662689209,3.366666666666667e-06,0.67
v2,G3_C2.2,8,24,0.2883,0.5335487127304077,3.333333333333334e-08,1.0
v2,G3_C2.2,9,25,0.3412,0.5058572888374329,6.700000000000001e-06,0.33
v2,G3_C2.2,9,26,0.286,0.5135747790336609,3.366666666666667e-06,0.67
v2,G3_C2.2,9,27,0.2988,0.7967524528503418,3.333333333333334e-08,1.0
v2,G3_C2.2,10,28,0.3863,3.2465767860412598,6.700000000000001e-06,0.33
v2,G3_C2.2,10,29,0.3882,0.7245253324508667,3.366666666666667e-06,0.67
v2,G3_C2.2,10,30,0.2942,0.4990922212600708,3.333333333333334e-08,1.0
v2,G3_C2.3,3,1,0.0911,0.15562498569488525,3.4000000000000005e-06,0.67
v2,G3_C2.3,4,2,0.0956,0.39168334007263184,3.4000000000000005e-06,0.67
v2,G3_C2.3,5,3,0.1004,0.19460071623325348,3.4000000000000005e-06,0.67
v2,G3_C2.3,6,4,0.1019,0.1493944227695465,3.4000000000000005e-06,0.67
v2,G3_C2.3,7,5,0.1096,0.10454027354717255,3.4000000000000005e-06,0.67
v2,G3_C2.3,8,6,0.1031,0.8386378884315491,3.4000000000000005e-06,0.67
v2,G3_C2.3,9,7,0.1076,0.27686142921447754,3.4000000000000005e-06,0.67
v2,G3_C2.3,10,8,0.1185,0.27561497688293457,3.4000000000000005e-06,0.67
v2,G3_C2.3,11,9,0.1165,0.16299855709075928,3.4000000000000005e-06,0.67
v2,G3_C2.3,12,10,0.1262,0.9003108143806458,3.4000000000000005e-06,0.67
v2,G3_C3.1,1,1,3.6715,9.531570434570312,6.700000000000001e-06,0.33
v2,G3_C3.1,1,2,3.3893,4.25819730758667,3.366666666666667e-06,0.67
v2,G3_C3.1,1,3,3.43,19.247474670410156,3.333333333333334e-08,1.0
v2,G3_C3.1,2,4,3.7303,13.690613746643066,6.700000000000001e-06,0.33
v2,G3_C3.1,2,5,3.7028,4.056875705718994,3.366666666666667e-06,0.67
v2,G3_C3.1,2,6,3.6549,10.10756778717041,3.333333333333334e-08,1.0
v2,G3_C3.1,3,7,3.8324,5.096596717834473,6.700000000000001e-06,0.33
v2,G3_C3.1,3,8,3.4213,19.753000259399414,3.366666666666667e-06,0.67
v2,G3_C3.1,3,9,3.5962,9.697433471679688,3.333333333333334e-08,1.0
v2,G3_C3.1,4,10,3.706,3.5680127143859863,6.700000000000001e-06,0.33
v2,G3_C3.1,4,11,3.7397,3.064502716064453,3.366666666666667e-06,0.67
v2,G3_C3.1,4,12,3.7815,5.0838541984558105,3.333333333333334e-08,1.0
v2,G3_C3.1,5,13,3.9239,11.321070671081543,6.700000000000001e-06,0.33
v2,G3_C3.1,5,14,3.6942,5.090153694152832,3.366666666666667e-06,0.67
v2,G3_C3.1,5,15,3.5007,34.73451232910156,3.333333333333334e-08,1.0
v2,G3_C3.1,6,16,3.7374,9.175200462341309,6.700000000000001e-06,0.33
v2,G3_C3.1,6,17,3.5449,3.3484861850738525,3.366666666666667e-06,0.67
v2,G3_C3.1,6,18,3.7247,8.688653945922852,3.333333333333334e-08,1.0
v2,G3_C3.1,7,19,3.4307,4.720263481140137,6.700000000000001e-06,0.33
v2,G3_C3.1,7,20,3.3476,10.481165885925293,3.366666666666667e-06,0.67
v2,G3_C3.1,7,21,3.5752,4.050290584564209,3.333333333333334e-08,1.0
v2,G3_C3.1,8,22,3.7854,7.136771202087402,6.700000000000001e-06,0.33
v2,G3_C3.1,8,23,3.4524,4.446776866912842,3.366666666666667e-06,0.67
v2,G3_C3.1,8,24,3.4547,2.043109178543091,3.333333333333334e-08,1.0
v2,G3_C3.1,9,25,3.5679,3.1957240104675293,6.700000000000001e-06,0.33
v2,G3_C3.1,9,26,3.4363,4.330766201019287,3.366666666666667e-06,0.67
v2,G3_C3.1,9,27,3.4499,12.431981086730957,3.333333333333334e-08,1.0
v2,G3_C3.1,10,28,3.7609,6.590134143829346,6.700000000000001e-06,0.33
v2,G3_C3.1,10,29,3.9579,3.905412435531616,3.366666666666667e-06,0.67
v2,G3_C3.1,10,30,3.4951,4.453154563903809,3.333333333333334e-08,1.0
v2,G3_C3.2,1,1,2.0841,3.9723663330078125,6.700000000000001e-06,0.33
v2,G3_C3.2,1,2,1.9008,2.51005482673645,3.366666666666667e-06,0.67
v2,G3_C3.2,1,3,2.0604,2.6909139156341553,3.333333333333334e-08,1.0
v2,G3_C3.2,2,4,2.1727,6.275055885314941,6.700000000000001e-06,0.33
v2,G3_C3.2,2,5,2.2142,7.740683555603027,3.366666666666667e-06,0.67
v2,G3_C3.2,2,6,2.1222,3.3033459186553955,3.333333333333334e-08,1.0
v2,G3_C3.2,3,7,2.1356,2.1674134731292725,6.700000000000001e-06,0.33
v2,G3_C3.2,3,8,2.0343,3.9709906578063965,3.366666666666667e-06,0.67
v2,G3_C3.2,3,9,2.0549,3.197603940963745,3.333333333333334e-08,1.0
v2,G3_C3.2,4,10,2.1526,3.267366886138916,6.700000000000001e-06,0.33
v2,G3_C3.2,4,11,2.2141,4.1871795654296875,3.366666666666667e-06,0.67
v2,G3_C3.2,4,12,2.099,3.982426643371582,3.333333333333334e-08,1.0
v2,G3_C3.2,5,13,2.3304,3.8107922077178955,6.700000000000001e-06,0.33
v2,G3_C3.2,5,14,2.1076,1.291070580482483,3.366666666666667e-06,0.67
v2,G3_C3.2,5,15,2.1932,4.276484966278076,3.333333333333334e-08,1.0
v2,G3_C3.2,6,16,2.1222,9.107285499572754,6.700000000000001e-06,0.33
v2,G3_C3.2,6,17,2.1362,3.798348903656006,3.366666666666667e-06,0.67
v2,G3_C3.2,6,18,2.3101,4.89909029006958,3.333333333333334e-08,1.0
v2,G3_C3.2,7,19,2.2421,2.768705368041992,6.700000000000001e-06,0.33
v2,G3_C3.2,7,20,2.2638,14.74680233001709,3.366666666666667e-06,0.67
v2,G3_C3.2,7,21,2.3113,2.9088242053985596,3.333333333333334e-08,1.0
v2,G3_C3.2,8,22,2.4023,3.192497730255127,6.700000000000001e-06,0.33
v2,G3_C3.2,8,23,2.274,2.42509126663208,3.366666666666667e-06,0.67
v2,G3_C3.2,8,24,2.1093,1.8853356838226318,3.333333333333334e-08,1.0
v2,G3_C3.2,9,25,2.3601,3.525456666946411,6.700000000000001e-06,0.33
v2,G3_C3.2,9,26,2.1306,3.399080991744995,3.366666666666667e-06,0.67
v2,G3_C3.2,9,27,2.1651,3.039910316467285,3.333333333333334e-08,1.0
v2,G3_C3.2,10,28,2.4406,8.301876068115234,6.700000000000001e-06,0.33
v2,G3_C3.2,10,29,2.4962,2.326838731765747,3.366666666666667e-06,0.67
v2,G3_C3.2,10,30,2.1218,4.160421848297119,3.333333333333334e-08,1.0
v2,G3_C3.3,1,1,4.4072,11.468765258789062,6.700000000000001e-06,0.33
v2,G3_C3.3,1,2,4.2926,6.618922233581543,3.366666666666667e-06,0.67
v2,G3_C3.3,1,3,4.2673,11.651158332824707,3.333333333333334e-08,1.0
v2,G3_C3.3,2,4,4.8937,8.814942359924316,6.700000000000001e-06,0.33
v2,G3_C3.3,2,5,4.6607,5.769659996032715,3.366666666666667e-06,0.67
v2,G3_C3.3,2,6,4.4195,5.878523349761963,3.333333333333334e-08,1.0
v2,G3_C3.3,3,7,4.6528,11.871283531188965,6.700000000000001e-06,0.33
v2,G3_C3.3,3,8,4.3945,9.635855674743652,3.366666666666667e-06,0.67
v2,G3_C3.3,3,9,4.2985,6.573195457458496,3.333333333333334e-08,1.0
v2,G3_C3.3,4,10,4.6344,4.725253105163574,6.700000000000001e-06,0.33
v2,G3_C3.3,4,11,4.6336,5.075469017028809,3.366666666666667e-06,0.67
v2,G3_C3.3,4,12,4.6751,5.805219650268555,3.333333333333334e-08,1.0
v2,G3_C3.3,5,13,4.9203,18.93383026123047,6.700000000000001e-06,0.33
v2,G3_C3.3,5,14,4.446,12.600348472595215,3.366666666666667e-06,0.67
v2,G3_C3.3,5,15,4.2927,11.685311317443848,3.333333333333334e-08,1.0
v2,G3_C3.3,6,16,4.6054,18.927459716796875,6.700000000000001e-06,0.33
v2,G3_C3.3,6,17,4.4928,12.814584732055664,3.366666666666667e-06,0.67
v2,G3_C3.3,6,18,4.6231,14.199301719665527,3.333333333333334e-08,1.0
v2,G3_C3.3,7,19,4.5799,5.153279781341553,6.700000000000001e-06,0.33
v2,G3_C3.3,7,20,4.5024,12.28063678741455,3.366666666666667e-06,0.67
v2,G3_C3.3,7,21,4.6856,4.863043785095215,3.333333333333334e-08,1.0
v2,G3_C3.3,8,22,4.8746,9.629304885864258,6.700000000000001e-06,0.33
v2,G3_C3.3,8,23,4.5037,3.817436456680298,3.366666666666667e-06,0.67
v2,G3_C3.3,8,24,4.6182,6.666146755218506,3.333333333333334e-08,1.0
v2,G3_C3.3,9,25,4.6249,5.981627941131592,6.700000000000001e-06,0.33
v2,G3_C3.3,9,26,4.412,4.041697978973389,3.366666666666667e-06,0.67
v2,G3_C3.3,9,27,4.4359,6.985355854034424,3.333333333333334e-08,1.0
v2,G3_C3.3,10,28,4.8207,8.815528869628906,6.700000000000001e-06,0.33
v2,G3_C3.3,10,29,4.8506,4.912072658538818,3.366666666666667e-06,0.67
v2,G3_C3.3,10,30,4.631,2.7299575805664062,3.333333333333334e-08,1.0
v2,G3_C3.4,1,1,3.883,7.055199146270752,6.700000000000001e-06,0.33
v2,G3_C3.4,1,2,3.7993,3.663806676864624,3.366666666666667e-06,0.67
v2,G3_C3.4,1,3,3.8519,13.619364738464355,3.333333333333334e-08,1.0
v2,G3_C3.4,2,4,4.2354,9.674539566040039,6.700000000000001e-06,0.33
v2,G3_C3.4,2,5,4.0466,4.332080841064453,3.366666666666667e-06,0.67
v2,G3_C3.4,2,6,3.9558,5.470539093017578,3.333333333333334e-08,1.0
v2,G3_C3.4,3,7,4.1977,4.326343059539795,6.700000000000001e-06,0.33
v2,G3_C3.4,3,8,3.8716,13.414851188659668,3.366666666666667e-06,0.67
v2,G3_C3.4,3,9,3.8954,7.725631237030029,3.333333333333334e-08,1.0
v2,G3_C3.4,4,10,4.1538,2.3971009254455566,6.700000000000001e-06,0.33
v2,G3_C3.4,4,11,4.1268,4.2221808433532715,3.366666666666667e-06,0.67
v2,G3_C3.4,4,12,4.1222,5.211142063140869,3.333333333333334e-08,1.0
v2,G3_C3.4,5,13,4.31,12.290560722351074,6.700000000000001e-06,0.33
v2,G3_C3.4,5,14,3.9867,8.38188362121582,3.366666666666667e-06,0.67
v2,G3_C3.4,5,15,3.8017,15.130236625671387,3.333333333333334e-08,1.0
v2,G3_C3.4,6,16,3.9247,11.413588523864746,6.700000000000001e-06,0.33
v2,G3_C3.4,6,17,3.872,7.028048992156982,3.366666666666667e-06,0.67
v2,G3_C3.4,6,18,4.0296,9.974485397338867,3.333333333333334e-08,1.0
v2,G3_C3.4,7,19,3.8997,3.919132947921753,6.700000000000001e-06,0.33
v2,G3_C3.4,7,20,3.7413,7.767394542694092,3.366666666666667e-06,0.67
v2,G3_C3.4,7,21,3.9226,6.393035888671875,3.333333333333334e-08,1.0
v2,G3_C3.4,8,22,4.0409,6.790701389312744,6.700000000000001e-06,0.33
v2,G3_C3.4,8,23,3.791,2.5476019382476807,3.366666666666667e-06,0.67
v2,G3_C3.4,8,24,3.8997,4.492537975311279,3.333333333333334e-08,1.0
v2,G3_C3.4,9,25,3.8608,3.3329572677612305,6.700000000000001e-06,0.33
v2,G3_C3.4,9,26,3.7955,3.986969470977783,3.366666666666667e-06,0.67
v2,G3_C3.4,9,27,3.7796,7.588283538818359,3.333333333333334e-08,1.0
v2,G3_C3.4,10,28,3.9504,5.005960464477539,6.700000000000001e-06,0.33
v2,G3_C3.4,10,29,4.0504,2.442563056945801,3.366666666666667e-06,0.67
v2,G3_C3.4,10,30,3.8387,4.009732246398926,3.333333333333334e-08,1.0
v2,G3_C4,1,1,0.2087,0.233420267701149,6.700000000000001e-06,0.33
v2,G3_C4,2,2,0.2085,0.23890510201454163,6.700000000000001e-06,0.33
v2,G3_C4,3,3,0.2086,0.23518501222133636,6.700000000000001e-06,0.33
v2,G3_C4,4,4,0.2107,0.22367413341999054,2.0100000000000002e-06,0.33
v2,G3_C5,1,1,0.0937,0.16989514231681824,6.700000000000001e-06,0.33
v2,G3_C5,1,2,0.0916,0.2315688133239746,3.366666666666667e-06,0.67
v2,G3_C5,1,3,0.099,0.21079310774803162,3.333333333333334e-08,1.0
v2,G3_C5,2,4,0.1029,0.46288028359413147,6.700000000000001e-06,0.33
v2,G3_C5,2,5,0.1049,0.2624528408050537,3.366666666666667e-06,0.67
v2,G3_C5,2,6,0.1102,0.1431061029434204,3.333333333333334e-08,1.0
v2,G3_C5,3,7,0.1044,0.2752648591995239,6.700000000000001e-06,0.33
v2,G3_C5,3,8,0.0941,0.2340506762266159,3.366666666666667e-06,0.67
v2,G3_C5,3,9,0.0976,0.204216867685318,3.333333333333334e-08,1.0
v2,G3_C5,4,10,0.1026,0.11956921964883804,6.700000000000001e-06,0.33
v2,G3_C5,4,11,0.1093,0.16313855350017548,3.366666666666667e-06,0.67
v2,G3_C5,4,12,0.101,0.20807284116744995,3.333333333333334e-08,1.0
v2,G3_C5,5,13,0.1042,0.1570974439382553,6.700000000000001e-06,0.33
v2,G3_C5,5,14,0.1012,0.1681581437587738,3.366666666666667e-06,0.67
v2,G3_C5,5,15,0.1023,0.46536311507225037,3.333333333333334e-08,1.0
v2,G3_C5,6,16,0.1076,1.390568733215332,6.700000000000001e-06,0.33
v2,G3_C5,6,17,0.1043,0.1355147659778595,3.366666666666667e-06,0.67
v2,G3_C5,6,18,0.0987,0.1713305413722992,3.333333333333334e-08,1.0
v2,G3_C5,7,19,0.1118,0.24614447355270386,6.700000000000001e-06,0.33
v2,G3_C5,7,20,0.1135,0.5641480684280396,3.366666666666667e-06,0.67
v2,G3_C5,7,21,0.1156,0.14752379059791565,3.333333333333334e-08,1.0
v2,G3_C5,8,22,0.1226,0.22363413870334625,6.700000000000001e-06,0.33
v2,G3_C5,8,23,0.1186,0.13535235822200775,3.366666666666667e-06,0.67
v2,G3_C5,8,24,0.1031,0.1313326060771942,3.333333333333334e-08,1.0
v2,G3_C5,9,25,0.1155,0.3368832767009735,6.700000000000001e-06,0.33
v2,G3_C5,9,26,0.1021,0.19024212658405304,3.366666666666667e-06,0.67
v2,G3_C5,9,27,0.109,0.21333299577236176,3.333333333333334e-08,1.0
v2,G3_C5,10,28,0.1313,1.1808061599731445,6.700000000000001e-06,0.33
v2,G3_C5,10,29,0.1318,0.3110126256942749,3.366666666666667e-06,0.67
v2,G3_C5,10,30,0.11,0.16888798773288727,3.333333333333334e-08,1.0
